symbol,month,txdate,entry_date,mcap,value,value_od,value_10,pct_cap,pct_cap_od,n_tx,n_insiders,n_od,stake_inc,ceo_cfo,director_only,r3m,r6m,r12m,r3m_QQQ,r6m_QQQ,r12m_QQQ,r3m_IWM,r6m_IWM,r12m_IWM,r3m_SPY,r6m_SPY,r12m_SPY
DY,2014-01,2014-01-10,2014-01-14,944365523,419850.000000,419850.000000,0,0.044458,0.044458,1,1,1,0.950450,0,1,0.134356,0.070464,0.193866,-0.023491,0.099646,0.169614,-0.033914,-0.000509,0.025766,0.007393,0.083809,0.115061
CBZ,2014-01,2014-01-15,2014-01-16,429783440,1764.610416,1764.610416,0,0.000411,0.000411,2,2,2,0.000161,1,0,0.012387,-0.036036,-0.042793,-0.018412,0.080411,0.158317,-0.026959,-0.027060,0.016054,0.015194,0.071017,0.114793
ASRV,2014-01,2014-01-15,2014-01-22,58988040,1199.983680,1199.983680,0,0.002034,0.002034,2,2,2,0.002022,1,0,0.156951,0.085202,-0.008969,-0.016459,0.105237,0.189776,-0.025757,-0.013730,0.021447,0.021566,0.087737,0.140178
AUBN,2014-01,2014-01-24,2014-01-27,92787210,5484.750000,5484.750000,0,0.005911,0.005911,7,7,7,0.028333,0,0,-0.049969,-0.001234,-0.028994,0.013144,0.136856,0.199098,-0.004834,0.017654,0.075557,0.054504,0.121420,0.161293
TRST,2014-02,2014-02-04,2014-02-06,601659240,24993.060000,24993.060000,0,0.004154,0.004154,1,1,1,0.032482,0,0,0.046632,0.065285,0.145078,0.014713,0.108673,0.220960,-0.001824,0.021884,0.108239,0.062178,0.086312,0.180901
D,2014-02,2014-02-07,2014-02-10,38926488000,238874.400000,238874.400000,0,0.000614,0.000614,1,1,1,,0,1,0.020951,0.003451,0.158245,0.011346,0.097201,0.207262,0.015974,0.027187,0.091188,0.059041,0.086539,0.171432
CBZ,2014-02,2014-02-18,2014-02-18,436047100,1764.727328,1764.727328,0,0.000405,0.000405,2,2,2,0.000160,1,0,-0.068508,-0.054144,-0.011050,-0.018643,0.103643,0.205691,-0.051269,0.008052,0.072674,0.022444,0.086761,0.162870
ASRV,2014-02,2014-02-18,2014-02-24,59927340,699.992210,699.992210,0,0.001168,0.001168,1,1,1,0.001992,0,1,0.100877,0.030702,-0.065789,0.012979,0.109587,0.219787,-0.022686,-0.000101,0.066445,0.040320,0.092724,0.167957
TRST,2014-03,2014-03-11,2014-03-13,646996200,8812.810000,8812.810000,0,0.001362,0.001362,4,1,4,0.015925,0,1,-0.045519,0.032848,0.024402,0.033465,0.125710,0.193258,-0.011642,0.002609,0.061120,0.049793,0.091654,0.133316
INFU,2014-03,2014-03-13,2014-03-14,59985577,13900.000000,13900.000000,0,0.023172,0.023172,1,1,1,,1,0,-0.063380,0.038732,-0.070423,0.043516,0.127564,0.216835,-0.014092,-0.012193,0.062862,0.055949,0.088302,0.151671
AXGN,2014-03,2014-03-13,2014-03-17,56150320,5232.840000,5232.840000,0,0.009319,0.009319,2,1,2,0.006855,1,0,-0.125392,-0.260188,0.059561,0.035371,0.106976,0.208159,-0.013632,-0.027264,0.060995,0.047367,0.077774,0.137993
CBZ,2014-03,2014-03-17,2014-03-18,425447060,1999.798480,1999.798480,0,0.000470,0.000470,3,3,3,0.000711,1,0,-0.037778,-0.053333,0.001111,0.023502,0.103264,0.205431,-0.020987,-0.038639,0.054134,0.042820,0.078142,0.143459
HASI,2014-03,2014-03-14,2014-03-18,231718875,94130.950000,94130.950000,0,0.040623,0.040623,2,2,2,0.053860,1,0,0.010417,-0.003906,0.308594,0.023502,0.103264,0.205431,-0.020987,-0.038639,0.054134,0.042820,0.078142,0.143459
ASRV,2014-03,2014-03-17,2014-03-21,72326100,699.997973,699.997973,0,0.000968,0.000968,1,1,1,0.001624,0,1,-0.083636,-0.116364,-0.214545,0.045106,0.129140,0.230722,-0.000495,-0.032980,0.075072,0.057356,0.088179,0.149957
AUBN,2014-03,2014-03-28,2014-03-28,90164250,5605.600000,5605.600000,0,0.006217,0.006217,7,7,7,0.027553,0,0,-0.029721,0.014861,0.039628,0.079985,0.140637,0.239955,0.035473,-0.021325,0.106315,0.060686,0.076984,0.144693
CBZ,2014-04,2014-04-15,2014-04-15,424802400,2000.067357,2000.067357,0,0.000471,0.000471,3,3,3,0.000769,1,0,-0.017045,-0.047727,0.071591,0.126099,0.098810,0.282333,0.034577,-0.044170,0.153806,0.075856,0.028688,0.164788
ANGO,2014-04,2014-04-14,2014-04-16,486130840,13900.000000,13900.000000,0,0.002859,0.002859,1,1,1,0.038454,0,0,0.049392,0.130279,0.206156,0.115763,0.077345,0.263689,0.020649,-0.044947,0.140786,0.068599,0.011092,0.152383
ASRV,2014-04,2014-04-15,2014-04-21,68037900,699.982157,699.982157,0,0.001029,0.001029,1,1,1,0.001746,0,1,-0.076336,-0.118321,-0.106870,0.108550,0.092590,0.258391,0.006713,-0.035117,0.121256,0.060118,0.027070,0.142576
AUBN,2014-04,2014-04-29,2014-04-29,85974800,2841.600000,2841.600000,0,0.003305,0.003305,2,1,2,0.014616,0,1,0.029870,0.022078,0.096753,0.111434,0.155351,0.268804,0.022751,0.033074,0.127765,0.053999,0.066763,0.143540
AWRE,2014-04,2014-04-30,2014-05-01,125370200,143324.976000,0,143324.976000,0.114321,0.000000,4,1,0,0.003807,0,0,0.059259,0.059259,0.022222,0.086962,0.146944,0.258125,-0.002826,0.032974,0.104260,0.030147,0.068711,0.140816
CHTR,2014-05,2014-05-07,2014-05-07,13621594986,124473867.719000,0,124473867.719000,0.913798,0.000000,6,1,0,0.008917,0,0,0.102064,0.141843,0.311353,0.094917,0.177128,0.254130,0.018298,0.060426,0.120000,0.027211,0.087193,0.133569
INFU,2014-05,2014-05-07,2014-05-08,63116402,28000.000000,28000.000000,0,0.044362,0.044362,1,1,1,0.666667,1,0,-0.021583,0.255396,0.140288,0.092597,0.182015,0.271051,0.023751,0.075873,0.139925,0.022721,0.092719,0.149686
AIG,2014-05,2014-05-08,2014-05-09,75538336703,262947.000000,262947.000000,0,0.000348,0.000348,1,1,1,0.500000,0,1,0.005331,0.038081,0.142422,0.096300,0.176508,0.261277,0.024281,0.067732,0.130245,0.032952,0.092056,0.142465
AWRE,2014-05,2014-05-08,2014-05-09,123786100,152415.775000,0,152415.775000,0.123128,0.000000,6,1,0,0.005128,0,0,0.066998,0.064516,-0.024814,0.096300,0.176508,0.261277,0.024281,0.067732,0.130245,0.032952,0.092056,0.142465
EMR,2014-05,2014-05-08,2014-05-09,47020115999,701277.909000,701277.909000,0,0.001491,0.001491,2,2,2,0.326630,0,1,-0.058349,-0.020691,-0.090834,0.096300,0.176508,0.261277,0.024281,0.067732,0.130245,0.032952,0.092056,0.142465
ATEC,2014-05,2014-05-14,2014-05-19,128344989,80500.000000,80500.000000,0,0.062722,0.062722,3,2,3,0.100000,1,0,0.195652,0.000000,-0.007246,0.114321,0.171233,0.258780,0.042742,0.051735,0.142721,0.050658,0.093111,0.150866
CBZ,2014-05,2014-05-15,2014-05-19,408872310,1999.802634,1999.802634,0,0.000489,0.000489,3,3,3,0.000493,1,0,0.001172,0.024619,0.103165,0.114321,0.171233,0.258780,0.042742,0.051735,0.142721,0.050658,0.093111,0.150866
ASRV,2014-05,2014-05-15,2014-05-20,67474050,699.995572,699.995572,0,0.001037,0.001037,1,1,1,0.001745,0,1,-0.048000,-0.104000,-0.024000,0.124609,0.184227,0.264092,0.062527,0.074237,0.162548,0.062905,0.106415,0.157329
BWA,2014-05,2014-05-20,2014-05-21,11893898720,5328.300000,5328.300000,0,0.000045,0.000045,3,1,3,,0,0,0.053575,-0.054024,0.024434,0.114027,0.167760,0.258759,0.052699,0.057402,0.155425,0.056790,0.095387,0.151007
AXGN,2014-05,2014-05-20,2014-05-22,44176330,23900.200000,23900.200000,0,0.054102,0.054102,4,3,4,0.186047,1,0,0.057915,0.046332,0.166023,0.111440,0.167899,0.252096,0.044007,0.058183,0.138475,0.057302,0.094639,0.145459
FARM,2014-05,2014-05-22,2014-05-23,319403325,40166.900000,40166.900000,0,0.012576,0.012576,3,1,3,0.224266,0,1,0.115560,0.434364,0.215408,0.104993,0.161527,0.228585,0.032859,0.048033,0.115425,0.051456,0.096133,0.128607
HGBL,2014-05,2014-05-22,2014-05-27,10421790,7175.000000,7175.000000,0,0.068846,0.068846,4,1,4,1.000000,1,0,0.000000,-0.210526,-0.157895,0.096458,0.158105,0.233168,0.032291,0.046322,0.113174,0.051014,0.091697,0.132379
TRST,2014-05,2014-05-23,2014-05-28,628817350,25002.486000,25002.486000,0,0.003976,0.003976,1,1,1,0.005307,1,0,0.083333,0.095309,0.087824,0.100024,0.169132,0.234117,0.035155,0.055273,0.117909,0.051371,0.095293,0.131895
D,2014-05,2014-05-29,2014-05-30,39871788000,707643.553764,707643.553764,0,0.001775,0.001775,5,4,5,0.221395,0,0,0.027190,0.070019,0.058710,0.095640,0.166948,0.222838,0.036752,0.040801,0.115968,0.046623,0.085528,0.119587
AXGN,2014-06,2014-06-06,2014-06-10,44176330,50625.300000,50625.300000,0,0.114598,0.114598,9,3,9,0.472727,1,0,-0.098540,0.197080,0.200730,0.071150,0.135551,0.191784,-0.008938,0.019584,0.094406,0.023938,0.065594,0.099648
HGBL,2014-06,2014-06-11,2014-06-11,8450100,11100.000000,11100.000000,0,0.131359,0.131359,4,1,4,0.500000,1,0,0.300000,-0.200000,-0.166667,0.080284,0.117940,0.193724,0.001817,0.002826,0.102543,0.031335,0.052204,0.107055
ARES,2014-06,2014-06-11,2014-06-13,2241730300,189600.000000,189600.000000,0,0.008458,0.008458,1,1,1,2.533570,0,1,-0.022873,-0.078683,0.183898,0.080543,0.117955,0.185393,0.001926,-0.001014,0.100558,0.030639,0.044629,0.098247
CBZ,2014-06,2014-06-16,2014-06-17,410320500,1999.932675,1999.932675,0,0.000487,0.000487,3,3,3,0.000499,1,0,-0.016166,-0.042725,0.080831,0.077930,0.087091,0.193456,-0.018031,-0.024241,0.093659,0.033872,0.025419,0.102056
ASRV,2014-06,2014-06-16,2014-07-01,66346350,699.999888,699.999888,0,0.001055,0.001055,1,1,1,0.001750,0,1,-0.055556,-0.115079,-0.039683,0.043096,0.105604,0.149047,-0.082886,0.013082,0.057405,0.004656,0.064498,0.073934
BRTX,2014-06,2014-06-30,2014-07-02,9226080,25000.000000,25000.000000,0,0.270971,0.270971,1,1,1,,0,1,0.206278,0.552259,0.310797,0.024683,0.092388,0.147405,-0.092415,0.010878,0.053606,-0.009984,0.052834,0.071810
MERC,2014-06,2014-06-30,2014-07-02,673630524,7320783.360000,0,7320783.360000,1.086765,0.000000,15,1,0,0.130763,0,0,-0.123656,0.120968,0.279570,0.024683,0.092388,0.147405,-0.092415,0.010878,0.053606,-0.009984,0.052834,0.071810
DY,2014-07,2014-07-08,2014-07-08,1031531749,465762.450000,465762.450000,0,0.045153,0.045153,2,1,2,0.426061,0,1,-0.047415,0.143563,1.148502,0.026999,0.068195,0.137670,-0.078459,-0.002408,0.063108,-0.010595,0.028669,0.062761
CBZ,2014-07,2014-07-15,2014-07-17,419101150,1999.806340,1999.806340,0,0.000477,0.000477,3,3,3,0.000495,1,0,0.002336,-0.011682,0.161215,-0.027591,0.059703,0.213425,-0.038917,0.027605,0.133562,-0.043747,0.027373,0.107118
ASRV,2014-07,2014-07-15,2014-07-21,63903000,689.860000,689.860000,0,0.001080,0.001080,1,1,1,0.001771,0,1,-0.045455,-0.082645,0.020661,-0.014397,0.065014,0.199383,-0.041551,0.028111,0.109367,-0.031174,0.034397,0.094143
AUBN,2014-07,2014-07-23,2014-07-23,90127820,5544.000000,5544.000000,0,0.006151,0.006151,7,7,7,0.026814,0,0,-0.009214,-0.033170,0.130835,-0.006431,0.056972,0.166403,-0.048877,0.015039,0.090641,-0.025368,0.032880,0.078936
CROX,2014-07,2014-07-29,2014-07-31,1632223249,82093.000000,82093.000000,0,0.005030,0.005030,1,1,1,0.020334,0,0,-0.280403,-0.321361,-0.008822,0.055184,0.078966,0.190949,0.035902,0.070859,0.121142,0.037436,0.056882,0.111674
MERC,2014-07,2014-07-31,2014-08-04,638986668,1497656.000000,380000,1117656.000000,0.234380,0.059469,7,1,2,0.015557,0,0,0.265693,0.236496,0.229197,0.069505,0.076410,0.181243,0.044951,0.052478,0.108300,0.045480,0.052104,0.101180
D,2014-08,2014-08-06,2014-08-07,37849021000,972981.000000,972981.000000,0,0.002571,0.002571,1,1,1,1.822844,0,1,0.121120,0.217260,0.139288,0.081839,0.108033,0.183353,0.050913,0.085660,0.093114,0.068442,0.090083,0.109994
BRTX,2014-08,2014-08-01,2014-08-08,10526400,30000.000000,30000.000000,0,0.284998,0.284998,1,1,1,,0,1,0.247892,0.551433,0.686341,0.073162,0.093389,0.188280,0.042420,0.074132,0.095134,0.057219,0.074688,0.111210
AIG,2014-08,2014-08-11,2014-08-11,75077784044,249924.000000,249924.000000,0,0.000333,0.000333,1,1,1,,0,1,0.030045,-0.009765,0.207311,0.070665,0.083534,0.166150,0.037693,0.055510,0.075386,0.057494,0.066772,0.097949
ARCB,2014-08,2014-08-08,2014-08-12,872310619,16539.000000,16539.000000,0,0.001896,0.001896,1,1,1,0.102041,0,0,0.270375,0.149741,-0.031371,0.074491,0.100816,0.170709,0.045629,0.069688,0.080784,0.059976,0.079631,0.100803
CDXS,2014-08,2014-08-12,2014-08-14,81735831,133200.000000,133200.000000,0,0.162964,0.162964,1,1,1,0.463267,0,1,0.084906,0.580189,0.740566,0.064162,0.100260,0.152314,0.031850,0.070276,0.074078,0.047920,0.078158,0.090841
INSM,2014-08,2014-08-13,2014-08-14,577033380,1000001.250000,1000001.250000,0,0.173300,0.173300,1,1,1,0.518062,0,1,0.020030,0.239614,0.911721,0.064162,0.100260,0.152314,0.031850,0.070276,0.074078,0.047920,0.078158,0.090841
AXGN,2014-08,2014-08-12,2014-08-15,39822480,71210.000000,71210.000000,0,0.178819,0.178819,4,1,4,0.040445,0,1,0.125523,0.443515,0.652720,0.062394,0.104516,0.156437,0.032016,0.078855,0.087606,0.048431,0.082865,0.097238
AGM,2014-08,2014-08-18,2014-08-18,368887500,3271.500000,3271.500000,0,0.000887,0.000887,2,1,2,0.014045,0,1,-0.094542,-0.026214,-0.232918,0.051073,0.097005,0.141708,0.008624,0.066558,0.063312,0.040407,0.075545,0.084965
CBZ,2014-08,2014-08-15,2014-08-18,406503890,1999.894413,1999.894413,0,0.000492,0.000492,3,3,3,0.000501,1,0,0.023419,0.007026,0.148712,0.051073,0.097005,0.141708,0.008624,0.066558,0.063312,0.040407,0.075545,0.084965
CLAR,2014-08,2014-08-14,2014-08-18,259876200,20023.250000,20023.250000,0,0.007705,0.007705,1,1,1,0.401303,1,0,0.176036,-0.096154,-0.017751,0.051073,0.097005,0.141708,0.008624,0.066558,0.063312,0.040407,0.075545,0.084965
HASI,2014-08,2014-08-20,2014-08-21,313987006,165085.860000,165085.860000,0,0.052577,0.052577,2,2,2,0.058333,0,0,-0.041131,0.137532,0.356041,0.050799,0.095608,0.046584,0.013578,0.066369,0.012362,0.035314,0.063393,0.011219
ACRE,2014-08,2014-08-21,2014-08-25,352391908,123903.000000,123903.000000,0,0.035161,0.035161,2,1,2,1.216545,1,0,-0.026393,0.017595,0.102639,0.055617,0.098433,-0.002538,0.021982,0.065141,-0.039226,0.040076,0.065795,-0.046185
ASRV,2014-08,2014-08-15,2014-08-25,62775300,689.679940,689.679940,0,0.001099,0.001099,1,1,1,0.001800,0,1,-0.059574,-0.089362,0.008511,0.055617,0.098433,-0.002538,0.021982,0.065141,-0.039226,0.040076,0.065795,-0.046185
HGBL,2014-08,2014-08-22,2014-08-25,10703460,4625.000000,4625.000000,0,0.043210,0.043210,2,1,2,0.166667,1,0,-0.210526,0.000000,-0.263158,0.055617,0.098433,-0.002538,0.021982,0.065141,-0.039226,0.040076,0.065795,-0.046185
INFU,2014-08,2014-08-27,2014-08-27,62390578,127336.140000,127336.140000,0,0.204095,0.204095,7,1,7,0.293549,1,0,0.010676,-0.056940,0.021352,0.062824,0.095228,0.072964,0.019435,0.060809,-0.003807,0.041776,0.067672,0.014719
ATEC,2014-08,2014-08-29,2014-09-16,151929348,48000.000000,48000.000000,0,0.031594,0.031594,1,1,1,0.231875,0,0,-0.284153,-0.213115,-0.732696,0.008499,0.082009,0.089183,-0.006325,0.087728,0.036111,-0.008175,0.048014,0.018242
CBZ,2014-09,2014-09-15,2014-09-16,409895460,1999.932501,1999.932501,0,0.000488,0.000488,3,3,3,0.000503,1,0,-0.026995,0.061033,0.173709,0.008499,0.082009,0.089183,-0.006325,0.087728,0.036111,-0.008175,0.048014,0.018242
HGBL,2014-09,2014-09-16,2014-09-18,11548470,102788.500000,102788.500000,0,0.890062,0.890062,4,3,4,0.245000,1,0,-0.355556,-0.066667,-0.488889,0.042113,0.084445,0.064428,0.030539,0.088988,0.016382,0.029392,0.048724,-0.007333
INVE,2014-09,2014-09-16,2014-09-18,126345000,199965,199965,0,0.158269,0.158269,4,4,4,5.928826,1,0,-0.095364,-0.378808,-0.696689,0.042113,0.084445,0.064428,0.030539,0.088988,0.016382,0.029392,0.048724,-0.007333
ASRV,2014-09,2014-09-15,2014-09-22,61083750,689.639983,689.639983,0,0.001129,0.001129,1,1,1,0.001798,0,1,-0.054622,-0.092437,-0.008403,0.059766,0.100199,0.062307,0.068246,0.127558,0.026384,0.047558,0.065041,-0.006602
GLBZ,2014-09,2014-09-23,2014-09-23,34465162,1300,1300,0,0.003772,0.003772,2,1,2,,0,1,-0.008353,0.069212,0.145585,0.058934,0.099258,0.066024,0.079690,0.137884,0.033029,0.054961,0.065105,-0.002521
MERC,2014-09,2014-09-22,2014-09-24,634495798,1587879.000000,0,1587879.000000,0.250258,0.000000,8,1,0,0.022878,0,0,0.329771,0.480916,0.056489,0.048553,0.062692,0.050855,0.073047,0.100582,0.021924,0.046910,0.041359,-0.013786
ADES,2014-10,2014-10-02,2014-10-06,454000500,7863750.000000,7863750.000000,0,1.732102,1.732102,1,1,1,0.218235,0,1,0.062295,-0.361311,-0.765246,0.039321,0.088472,0.083445,0.083414,0.159439,0.049256,0.033366,0.069400,0.028033
CBZ,2014-10,2014-10-15,2014-10-16,415327910,1999.879236,1999.879236,0,0.000482,0.000482,3,3,3,0.000508,1,0,-0.013986,0.089744,0.291375,0.089771,0.180377,0.190629,0.069215,0.181190,0.085628,0.074374,0.140710,0.113391
ASRV,2014-10,2014-10-15,2014-10-22,58640400,688.959960,688.959960,0,0.001175,0.001175,1,1,1,0.001912,0,1,-0.047210,0.000000,0.055794,0.063813,0.134211,0.150676,0.067201,0.161645,0.067628,0.059764,0.104050,0.086740
AUBN,2014-10,2014-10-23,2014-10-23,87432000,5592,5592,0,0.006396,0.006396,7,7,7,0.027650,0,0,-0.010672,0.060264,0.155053,0.067457,0.121714,0.165343,0.069914,0.146546,0.059311,0.063136,0.094111,0.086055
CROX,2014-10,2014-10-31,2014-11-04,944912000,231055.000000,231055.000000,0,0.024453,0.024453,2,2,2,0.112089,0,0,-0.060923,0.161880,-0.056571,0.019540,0.066501,0.146929,0.029950,0.050452,0.035578,0.024399,0.049343,0.067385
D,2014-11,2014-11-05,2014-11-06,43335956000,700904.452475,700904.452475,0,0.001617,0.001617,3,2,3,0.225806,0,1,0.085753,-0.012829,-0.038037,0.024212,0.062090,0.140966,0.033064,0.051643,0.037359,0.020254,0.038471,0.054830
CRWS,2014-11,2014-11-13,2014-11-17,74331360,35750.000000,35750.000000,0,0.048095,0.048095,1,1,1,0.053106,0,1,0.156863,0.153595,0.222222,0.043700,0.075917,0.094949,0.057439,0.087919,0.004225,0.033774,0.053133,0.025733
ATEC,2014-11,2014-11-10,2014-11-18,139530046,29028.400000,29028.400000,0,0.020804,0.020804,2,1,2,0.067357,0,0,-0.035714,-0.021429,-0.842857,0.035989,0.066807,0.107757,0.051305,0.080208,0.015302,0.027835,0.046787,0.036008
CBZ,2014-11,2014-11-17,2014-11-18,423566620,823.543188,823.543188,0,0.000194,0.000194,2,2,2,0.000483,0,0,-0.003476,0.090382,0.201622,0.035989,0.066807,0.107757,0.051305,0.080208,0.015302,0.027835,0.046787,0.036008
HGBL,2014-11,2014-11-17,2014-11-19,8450700,5000.000000,5000.000000,0,0.059167,0.059167,1,1,1,0.266667,1,0,0.333333,0.066667,-0.366667,0.042197,0.072307,0.113550,0.063890,0.093914,0.022038,0.029600,0.047692,0.036778
CDXS,2014-11,2014-11-18,2014-11-20,90806350,93800.000000,93800.000000,0,0.103297,0.103297,2,1,2,0.105533,0,1,0.495833,0.716667,0.558333,0.042643,0.073148,0.116213,0.052084,0.080576,0.017195,0.027121,0.048973,0.038787
ASRV,2014-11,2014-11-18,2014-11-24,58264500,3778.083251,3778.083251,0,0.006484,0.006484,2,2,2,0.027330,1,0,-0.031674,0.108597,0.081448,0.040560,0.049550,0.101296,0.042230,0.051702,0.016280,0.024728,0.026784,0.030543
HRI,2014-11,2014-11-24,2014-11-24,2068641066,2150612.000000,2150612.000000,0,0.103963,0.103963,2,2,2,0.238846,1,0,-0.053445,-0.157334,-0.340339,0.040560,0.049550,0.101296,0.042230,0.051702,0.016280,0.024728,0.026784,0.030543
CROX,2014-11,2014-11-21,2014-11-25,1035520000,215293.200000,215293.200000,0,0.020791,0.020791,2,2,2,1.095530,0,1,-0.196621,0.176651,-0.142089,0.039766,0.047907,0.100511,0.042891,0.050976,0.023467,0.028390,0.027508,0.031153
HASI,2014-11,2014-11-21,2014-11-25,336317868,19042.280000,19042.280000,0,0.005662,0.005662,2,2,2,0.015748,1,0,0.212401,0.484169,0.292876,0.039766,0.047907,0.100511,0.042891,0.050976,0.023467,0.028390,0.027508,0.031153
AUBN,2014-12,2014-12-01,2014-12-01,87140560,2005.200000,2005.200000,0,0.002301,0.002301,1,1,1,0.001900,0,0,0.054786,0.054786,0.200252,0.047505,0.059929,0.110566,0.078942,0.089278,0.058269,0.036031,0.038575,0.044669
INFU,2014-11,2014-11-26,2014-12-01,63306053,54400.000000,54400.000000,0,0.085932,0.085932,2,1,2,0.140481,1,0,-0.015038,0.199248,0.090226,0.047505,0.059929,0.110566,0.078942,0.089278,0.058269,0.036031,0.038575,0.044669
ARI,2014-12,2014-12-02,2014-12-03,827715827,292250.000000,292250.000000,0,0.035308,0.035308,1,1,1,1.349788,0,1,0.077966,0.084746,0.142373,0.032593,0.053560,0.078783,0.046415,0.078746,0.007339,0.016865,0.029630,0.009077
AGM,2014-12,2014-12-03,2014-12-04,318958200,58606.000000,58606.000000,0,0.018374,0.018374,1,1,1,0.306044,0,1,0.107213,0.082510,0.091403,0.034895,0.046111,0.104476,0.054509,0.073044,0.022322,0.019111,0.022042,0.029898
ARES,2014-12,2014-12-05,2014-12-08,2327035396,30049.560000,30049.560000,0,0.001291,0.001291,1,1,1,0.456043,0,1,0.167805,0.162927,-0.143415,0.033361,0.040264,0.107300,0.051082,0.081330,0.006510,0.014082,0.019149,0.021918
HASI,2014-12,2014-12-09,2014-12-10,346765613,13605.000000,13605.000000,0,0.003923,0.003923,1,1,1,0.118203,1,0,0.343124,0.499332,0.308411,0.021290,0.066307,0.109522,0.050423,0.096719,0.003422,0.012164,0.048715,0.033855
AXGN,2014-12,2014-12-10,2014-12-11,55725000,30600.000000,30600.000000,0,0.054913,0.054913,1,1,1,,1,0,-0.024169,-0.051360,0.504532,0.023087,0.062724,0.078853,0.063653,0.095028,-0.022855,0.019913,0.046861,0.008704
CROX,2014-12,2014-12-10,2014-12-12,1002351000,252000.000000,252000.000000,0,0.025141,0.025141,1,1,1,4.545455,0,1,-0.021434,0.254740,-0.120363,0.029841,0.065651,0.098902,0.072856,0.105226,-0.017960,0.030299,0.055872,0.030481
CBZ,2014-12,2014-12-15,2014-12-16,401758269,823.602500,823.602500,0,0.000205,0.000205,2,2,2,0.000511,0,0,0.090470,0.136309,0.250905,0.072890,0.094779,0.152238,0.094651,0.122472,0.023304,0.056653,0.073015,0.072461
HGBL,2014-12,2014-12-15,2014-12-16,6478870,324900.000000,324900.000000,0,5.014763,5.014763,6,6,6,0.610002,1,0,0.826087,0.173913,-0.130435,0.072890,0.094779,0.152238,0.094651,0.122472,0.023304,0.056653,0.073015,0.072461
INFU,2014-12,2014-12-16,2014-12-16,61299876,50892.820000,50892.820000,0,0.083023,0.083023,3,1,3,0.106481,1,0,-0.043636,0.178182,0.054545,0.072890,0.094779,0.152238,0.094651,0.122472,0.023304,0.056653,0.073015,0.072461
ATEC,2014-12,2014-12-10,2014-12-17,127738774,2926.300000,2926.300000,0,0.002291,0.002291,1,1,1,0.011508,0,0,0.069231,0.092308,-0.838462,0.064065,0.078254,0.115232,0.070404,0.087234,-0.018024,0.048745,0.054054,0.035775
HRI,2014-12,2014-12-15,2014-12-17,1825771056,56244361.680000,0,56244361.680000,3.080581,0.000000,1,1,0,0.053423,0,0,0.025742,-0.040501,-0.323837,0.064065,0.078254,0.115232,0.070404,0.087234,-0.018024,0.048745,0.054054,0.035775
HEI,2014-12,2014-12-18,2014-12-19,3874736414,1789853.217600,1551061.218000,238791.999600,0.046193,0.040030,21,11,19,1.647385,1,0,0.032933,0.015437,-0.124185,0.042742,0.058209,0.075243,0.063534,0.082526,-0.042193,0.023331,0.030307,-0.003341
AUBN,2015-01,2015-01-08,2015-01-08,86229810,5717.700800,5717.700800,0,0.006631,0.006631,7,7,7,0.028401,0,0,0.064943,0.158890,0.254098,0.041157,0.031131,0.016990,0.056370,0.038882,-0.112446,0.019050,0.004410,-0.048683
CBZ,2015-01,2015-01-15,2015-01-15,407315160,823.303250,823.303250,0,0.000202,0.000202,2,2,2,0.000496,0,0,0.105201,0.171395,0.134752,0.083142,0.128432,0.022098,0.104726,0.107958,-0.115431,0.061743,0.076708,-0.036803
ASRV,2014-12,2014-12-31,2015-01-23,59003630,1344.340229,1344.340229,0,0.002278,0.002278,4,3,4,0.005232,1,0,0.059361,0.127854,0.041096,0.062631,0.070473,-0.009619,0.068827,0.036819,-0.148650,0.037151,0.024275,-0.065619
FARM,2015-02,2015-02-09,2015-02-11,375186500,152080.800000,152080.800000,0,0.040535,0.040535,3,3,3,0.732735,0,0,0.029614,0.011588,0.117597,0.033191,0.059619,-0.069192,0.028544,0.011845,-0.194854,0.019423,0.019014,-0.098052
CMS,2015-02,2015-02-11,2015-02-12,9774636000,71411.400000,71411.400000,0,0.000731,0.000731,1,1,1,0.204478,0,1,-0.053259,0.007154,0.139905,0.036203,0.045768,-0.065926,0.027743,-0.002880,-0.188826,0.020282,0.008113,-0.088254
ASRV,2015-01,2015-01-27,2015-02-23,55610450,80813.519800,80813.519800,0,0.145321,0.145321,6,4,6,0.224741,1,0,0.144860,0.112150,0.051402,0.008640,-0.088507,-0.054450,0.009088,-0.091073,-0.166525,0.002006,-0.094406,-0.070618
BRTX,2015-02,2015-02-20,2015-02-24,16704000,300000000000,0,300000000000,1795977.011494,0.000000,1,1,0,0.321027,0,0,-0.156250,-0.119792,-0.572917,0.007830,-0.092652,-0.046175,0.007753,-0.099177,-0.159592,-0.000857,-0.107625,-0.069044
D,2015-02,2015-02-23,2015-02-24,43445810000,3232348.501445,3232348.501445,0,0.007440,0.007440,5,4,5,3.586131,0,1,-0.025991,-0.034581,-0.002423,0.007830,-0.092652,-0.046175,0.007753,-0.099177,-0.159592,-0.000857,-0.107625,-0.069044
CBZ,2015-02,2015-02-25,2015-02-25,434276920,90183.553264,90183.553264,0,0.020766,0.020766,3,3,3,0.847961,0,0,0.021064,0.044346,0.166297,0.026668,-0.044581,-0.034417,0.018982,-0.077344,-0.152800,0.009496,-0.072536,-0.056919
NEE,2015-02,2015-02-24,2015-02-25,47553103440,99977.366000,99977.366000,0,0.000210,0.000210,1,1,1,0.717557,0,1,-0.020844,-0.004690,0.151120,0.026668,-0.044581,-0.034417,0.018982,-0.077344,-0.152800,0.009496,-0.072536,-0.056919
CROX,2015-03,2015-03-04,2015-03-06,896544000,228064.000000,228064.000000,0,0.025438,0.025438,2,2,2,0.019091,1,0,0.322496,0.218805,-0.122144,0.019892,-0.044555,-0.012484,0.038093,-0.061639,-0.088247,0.015403,-0.063186,-0.013361
OGE,2015-03,2015-03-04,2015-03-06,6328140000,31700.000000,31700.000000,0,0.000501,0.000501,1,1,1,,0,1,-0.043125,-0.142060,-0.134957,0.019892,-0.044555,-0.012484,0.038093,-0.061639,-0.088247,0.015403,-0.063186,-0.013361
D,2015-03,2015-03-10,2015-03-10,40717954000,1294831.160500,1294831.160500,0,0.003180,0.003180,4,1,4,0.174396,0,1,-0.026150,0.010507,0.081251,0.024131,-0.001856,0.001547,0.037598,-0.033259,-0.099296,0.021439,-0.027876,-0.007264
ARI,2015-03,2015-03-10,2015-03-11,830194018,83840.000000,83840.000000,0,0.010099,0.010099,2,1,2,0.070646,0,1,0.039474,0.009868,0.046053,0.044078,-0.007364,0.005704,0.044074,-0.050302,-0.112101,0.036112,-0.038598,-0.004085
ASRV,2015-02,2015-02-27,2015-03-16,55421940,95863.639287,95863.639287,0,0.172971,0.172971,9,6,9,0.263019,1,0,0.101382,0.082949,0.055300,0.016553,-0.008992,0.009502,0.020874,-0.063658,-0.126093,0.006965,-0.051483,-0.010680
CBZ,2015-03,2015-03-16,2015-03-16,432832540,44774.590711,44774.590711,0,0.010345,0.010345,3,3,3,0.423980,0,0,0.046719,0.116796,0.119021,0.016553,-0.008992,0.009502,0.020874,-0.063658,-0.126093,0.006965,-0.051483,-0.010680
HASI,2015-03,2015-03-16,2015-03-18,475477161,2330.900000,2330.900000,0,0.000490,0.000490,1,1,1,0.029748,0,0,0.122388,0.087562,0.124378,0.013335,-0.003132,0.006364,0.015722,-0.055075,-0.115918,0.005062,-0.039922,-0.007593
ASRV,2015-03,2015-03-16,2015-03-20,56364490,688.449732,688.449732,0,0.001221,0.001221,1,1,1,0.001970,0,1,0.107477,0.116822,0.042056,0.014833,-0.024754,0.003909,0.017857,-0.074834,-0.119477,0.006817,-0.061694,-0.006473
FIVE,2015-04,2015-04-01,2015-04-02,1976485414,108033.000000,108033.000000,0,0.005466,0.005466,1,1,1,0.228781,1,0,0.097744,-0.052910,0.151768,0.029281,-0.023073,0.061148,-0.002783,-0.119284,-0.095631,0.009108,-0.059902,0.023762
AUBN,2015-04,2015-04-08,2015-04-08,91512160,5871.968500,5871.968500,0,0.006417,0.006417,7,7,7,0.027616,0,0,0.063642,0.073659,0.130819,-0.002958,-0.004895,0.033860,-0.023590,-0.081091,-0.121268,-0.011822,-0.031525,0.001565
CBZ,2015-04,2015-04-15,2015-04-17,466445520,823.577568,823.577568,0,0.000177,0.000177,2,2,2,0.000241,0,0,0.089912,0.214912,0.121711,0.073869,0.024623,0.060429,0.014960,-0.065787,-0.076194,0.026778,-0.012578,0.027763
ASRV,2015-04,2015-04-15,2015-04-21,61103160,689.539812,689.539812,0,0.001128,0.001128,1,1,1,0.001780,0,1,0.055556,0.047009,-0.042735,0.056568,0.005838,0.034927,-0.003961,-0.073416,-0.082074,0.015181,-0.021162,0.023864
AIG,2015-05,2015-05-05,2015-05-05,77091127228,248188.640000,248188.640000,0,0.000322,0.000322,1,1,1,0.906780,0,1,0.076888,0.058290,-0.037650,0.039073,0.075311,-0.011843,0.014351,-0.013682,-0.070608,0.007212,0.020252,0.002366
ACRE,2015-05,2015-05-12,2015-05-13,331358598,144975.500000,144975.500000,0,0.043752,0.043752,2,1,2,1.500000,1,0,0.122807,0.140351,0.052632,0.025579,0.052467,-0.009063,-0.016236,-0.036813,-0.085803,-0.000402,-0.000861,0.004591
CROX,2015-05,2015-05-14,2015-05-15,1346909998,296602.000000,296602.000000,0,0.022021,0.022021,2,2,2,0.018733,1,0,-0.048132,-0.405953,-0.410386,0.010720,0.007047,-0.014690,-0.022442,-0.070881,-0.088928,-0.009418,-0.036991,-0.005844
HASI,2015-05,2015-05-15,2015-05-18,752611550,33213.118900,33213.118900,0,0.004413,0.004413,2,2,2,0.026163,1,0,-0.037833,-0.162511,0.041273,0.014725,0.017097,-0.031327,-0.023116,-0.073324,-0.113454,-0.006900,-0.025283,-0.018100
CBZ,2015-05,2015-05-15,2015-05-19,462488400,823.426128,823.426128,0,0.000178,0.000178,2,2,2,0.000192,0,0,0.042508,0.078640,0.086079,0.010685,0.018797,-0.026810,-0.029719,-0.075734,-0.107675,-0.009505,-0.025743,-0.017539
FARM,2015-05,2015-05-19,2015-05-20,390143520,23997.000000,23997.000000,0,0.006151,0.006151,1,1,1,0.093119,0,1,-0.063519,0.211868,0.151275,0.003362,0.037769,-0.032430,-0.041493,-0.061824,-0.116440,-0.016646,-0.009569,-0.020213
MAC,2015-05,2015-05-19,2015-05-20,13166678069,502874003.570000,0,502874003.570000,3.819293,0.000000,9,1,0,0.064063,0,1,-0.005445,0.028811,-0.035390,0.003362,0.037769,-0.032430,-0.041493,-0.061824,-0.116440,-0.016646,-0.009569,-0.020213
NOG,2015-05,2015-05-19,2015-05-20,407500800,1212905.000000,1212905.000000,0,0.297645,0.297645,2,1,2,0.054536,0,0,-0.288584,-0.217236,-0.331769,0.003362,0.037769,-0.032430,-0.041493,-0.061824,-0.116440,-0.016646,-0.009569,-0.020213
ATEC,2015-05,2015-05-20,2015-05-22,142930932,47500.000000,47500.000000,0,0.033233,0.033233,3,2,3,0.161114,0,0,-0.575980,-0.830882,-0.852941,-0.070986,0.041154,-0.027173,-0.071641,-0.054544,-0.097751,-0.066606,-0.007300,-0.015902
AXGN,2015-05,2015-05-27,2015-05-29,76030400,10493.250000,10493.250000,0,0.013801,0.013801,3,1,3,0.011472,1,0,0.594771,0.797386,0.816993,-0.038051,0.043586,0.013441,-0.062716,-0.027531,-0.058236,-0.051547,0.002569,0.015070
BRTX,2015-05,2015-05-27,2015-05-29,22582800,11250933.500000,50000.000000,11200933.500000,49.820808,0.221407,2,2,1,3.629302,0,0,-0.062500,-0.517045,-0.546591,-0.038051,0.043586,0.013441,-0.062716,-0.027531,-0.058236,-0.051547,0.002569,0.015070
ASRV,2015-05,2015-05-29,2015-06-01,63177650,2916.936583,2916.936583,0,0.004617,0.004617,4,2,4,0.002681,0,1,-0.008230,0.008230,-0.024691,-0.053191,0.037431,0.010047,-0.069123,-0.034887,-0.061215,-0.061183,-0.003646,0.012988
HGBL,2015-05,2015-05-28,2015-06-01,8743240,234000.000000,234000.000000,0,2.676353,2.676353,5,5,5,2.641868,1,0,0.000000,-0.531250,-0.418687,-0.053191,0.037431,0.010047,-0.069123,-0.034887,-0.061215,-0.061183,-0.003646,0.012988
AAME,2015-05,2015-05-29,2015-06-02,78177400,125285.780000,0,125285.780000,0.160258,0.000000,3,1,0,0.019308,0,1,-0.074586,0.223757,-0.055249,-0.079842,0.051087,0.013340,-0.097493,-0.030362,-0.056732,-0.088276,0.006900,0.016138
AXGN,2015-06,2015-06-03,2015-06-05,77276800,35453.000000,35453.000000,0,0.045878,0.045878,5,2,5,0.228856,0,0,0.506329,0.677215,0.844937,-0.063190,0.058314,0.021495,-0.096072,-0.054121,-0.051632,-0.077396,0.009423,0.029074
ARL,2015-06,2015-06-05,2015-06-08,77603350,36043.750000,36043.750000,0,0.046446,0.046446,1,1,1,0.000740,0,1,0.418838,-0.030060,0.222445,-0.026943,0.064341,0.029356,-0.071137,-0.064005,-0.044461,-0.048390,0.009481,0.037058
INFU,2015-05,2015-05-29,2015-06-11,70949313,58838.000000,58838.000000,0,0.082930,0.082930,8,3,8,0.600000,1,0,-0.116719,-0.063091,-0.100946,-0.040274,0.039083,0.004265,-0.088429,-0.087331,-0.067649,-0.070050,-0.017370,0.013839
ATOS,2015-06,2015-06-12,2015-06-15,35160966,7020.000000,7020.000000,0,0.019965,0.019965,1,1,1,1.350000,0,1,-0.273438,-0.726562,-0.773438,-0.025128,0.036386,0.009046,-0.082804,-0.108594,-0.074790,-0.058044,-0.019828,0.016197
AAME,2015-06,2015-06-15,2015-06-16,76737290,35600.000000,0,35600.000000,0.046392,0.000000,1,1,0,0.012289,0,1,-0.055718,0.296188,0.000000,-0.018994,0.037089,0.000700,-0.079020,-0.102067,-0.080666,-0.051479,-0.014962,0.009230
CBZ,2015-06,2015-06-15,2015-06-17,465456240,823.452080,823.452080,0,0.000177,0.000177,2,2,2,0.000196,0,0,0.068376,0.107906,0.129274,-0.016250,0.049546,0.000897,-0.069701,-0.087012,-0.079410,-0.044757,-0.002118,0.010646
ASRV,2015-06,2015-06-15,2015-06-22,61857520,11043.549850,11043.549850,0,0.017853,0.017853,2,2,2,0.077916,1,0,0.021186,0.012712,-0.016949,-0.043035,0.008627,-0.018135,-0.098967,-0.121329,-0.093130,-0.067984,-0.037586,0.005038
HGBL,2015-06,2015-06-22,2015-06-23,7897120,1050.000000,1050.000000,0,0.013296,0.013296,1,1,1,0.041667,1,0,0.500000,0.050000,0.100000,-0.058086,0.014497,-0.021256,-0.114447,-0.115164,-0.098584,-0.080722,-0.029472,0.002715
INFU,2015-06,2015-06-23,2015-06-23,73858907,165392.010000,39433.440000,125958.570000,0.223930,0.053390,10,3,4,0.625000,1,0,-0.175758,-0.112121,-0.160606,-0.058086,0.014497,-0.021256,-0.114447,-0.115164,-0.098584,-0.080722,-0.029472,0.002715
MERC,2015-06,2015-06-19,2015-06-23,903474729,4209000.000000,2104500.000000,2104500.000000,0.465868,0.232934,2,1,1,0.066210,0,0,-0.239334,-0.339230,-0.407908,-0.058086,0.014497,-0.021256,-0.114447,-0.115164,-0.098584,-0.080722,-0.029472,0.002715
ARL,2015-07,2015-07-06,2015-07-06,73693051,65512.500000,0,65512.500000,0.088899,0.000000,2,2,0,0.000672,0,0,0.477895,0.160000,0.385263,-0.018136,0.022267,0.008463,-0.082062,-0.104578,-0.071827,-0.034929,-0.016652,0.030055
DY,2015-07,2015-07-02,2015-07-07,2152275597,160350.000000,160350.000000,0,0.007450,0.007450,1,1,1,0.042370,0,1,0.118252,0.082867,0.366097,-0.025128,0.017992,0.014273,-0.089312,-0.103625,-0.066078,-0.044225,-0.021161,0.029753
AUBN,2015-07,2015-07-15,2015-07-16,96721650,5824.044000,5824.044000,0,0.006021,0.006021,7,7,7,0.024045,0,0,0.004970,0.096632,0.101049,-0.035870,-0.065245,0.009889,-0.082399,-0.188497,-0.037371,-0.041864,-0.085819,0.038701
CBZ,2015-07,2015-07-15,2015-07-17,512186400,823.465152,823.465152,0,0.000161,0.000161,2,2,2,0.000185,0,0,0.114688,-0.034205,0.082495,-0.045858,-0.107385,0.001815,-0.079557,-0.198114,-0.031493,-0.038329,-0.106181,0.040587
ASRV,2015-07,2015-07-15,2015-07-27,62833770,689.749840,689.749840,0,0.001098,0.001098,1,1,1,0.001684,0,1,-0.004049,-0.076923,-0.060729,0.026692,-0.067074,0.044223,-0.043063,-0.172061,0.017664,0.006206,-0.082420,0.070878
FLNT,2015-07,2015-07-29,2015-07-30,157126200,443831.350000,119005.350000,324826.000000,0.282468,0.075739,9,5,6,4.000000,1,0,-0.422967,-0.540670,-0.504306,0.018106,-0.084915,0.039504,-0.049802,-0.178968,0.005649,-0.004267,-0.092962,0.052227
INFU,2015-07,2015-07-31,2015-07-31,70489385,84293.450000,0,84293.450000,0.119583,0.000000,6,1,0,0.004532,0,0,-0.133758,-0.108280,-0.038217,0.014734,-0.064754,0.046239,-0.059270,-0.156648,0.001030,-0.007066,-0.069402,0.052934
EMR,2015-08,2015-08-07,2015-08-10,32200193147,197620.000000,197620.000000,0,0.000614,0.000614,1,1,1,0.075003,0,1,-0.024632,-0.040696,0.128782,0.020329,-0.129268,0.059625,-0.025634,-0.199089,0.025064,-0.006664,-0.109592,0.058612
TRST,2015-08,2015-08-10,2015-08-12,585172500,118432.300000,118432.300000,0,0.020239,0.020239,2,2,2,0.097610,1,0,0.060162,-0.086451,0.183013,0.026218,-0.120287,0.071583,-0.020917,-0.195548,0.033391,-0.000459,-0.103227,0.069296
ARL,2015-08,2015-08-05,2015-08-13,103943800,32893.750000,0,32893.750000,0.031646,0.000000,1,1,0,0.000675,0,0,-0.172519,-0.349618,-0.111450,0.017801,-0.120181,0.073958,-0.036488,-0.201598,0.037932,-0.013221,-0.113813,0.069667
CBZ,2015-08,2015-08-17,2015-08-17,511151680,813.827036,813.827036,0,0.000159,0.000159,2,2,2,0.000180,0,0,0.033401,0.066802,0.146761,0.002337,-0.095540,0.062135,-0.051396,-0.181259,0.022149,-0.018510,-0.088734,0.057410
HASI,2015-08,2015-08-13,2015-08-17,707060754,362706.075000,362706.075000,0,0.051298,0.051298,3,3,3,1.285087,0,0,-0.129580,-0.059875,0.253798,0.002337,-0.095540,0.062135,-0.051396,-0.181259,0.022149,-0.018510,-0.088734,0.057410
HRI,2015-08,2015-08-14,2015-08-17,1542988841,3938559.000000,3938559.000000,0,0.255255,0.255255,5,4,5,1.187648,1,0,-0.182967,-0.567762,-0.414933,0.002337,-0.095540,0.062135,-0.051396,-0.181259,0.022149,-0.018510,-0.088734,0.057410
ATEC,2015-08,2015-08-12,2015-08-24,67568757,119228.800000,119228.800000,0,0.176456,0.176456,8,6,8,0.994036,1,0,-0.596491,-0.657895,-0.456140,0.162129,0.054668,0.207318,0.064993,-0.074471,0.140298,0.109058,0.039433,0.180581
CDXS,2015-08,2015-08-24,2015-08-25,145944890,117837.000000,117837.000000,0,0.080741,0.080741,2,1,2,0.079921,0,1,0.126471,0.214706,0.252941,0.165505,0.041266,0.204005,0.081024,-0.075987,0.139589,0.123743,0.038494,0.188561
CROX,2015-08,2015-08-24,2015-08-25,992648000,219683.000000,219683.000000,0,0.022131,0.022131,2,2,2,0.127262,1,0,-0.176737,-0.300604,-0.339124,0.165505,0.041266,0.204005,0.081024,-0.075987,0.139589,0.123743,0.038494,0.188561
INFU,2015-08,2015-08-24,2015-08-25,62199025,115585.000000,38542.800000,77042.200000,0.185831,0.061967,14,3,5,0.036092,1,0,0.063433,0.179104,0.011194,0.165505,0.041266,0.204005,0.081024,-0.075987,0.139589,0.123743,0.038494,0.188561
ARI,2015-08,2015-08-24,2015-08-26,965715823,949169.540000,949169.540000,0,0.098287,0.098287,3,1,3,0.225919,0,1,0.085987,0.060510,0.108280,0.110596,0.000843,0.144407,0.062436,-0.090174,0.113613,0.082033,0.004626,0.143774
AGM,2015-08,2015-08-25,2015-08-27,253423440,4889.790000,4889.790000,0,0.001929,0.001929,2,1,2,0.019216,0,1,0.282452,0.401442,0.744591,0.084643,-0.014381,0.117720,0.047868,-0.097848,0.091915,0.057121,-0.007704,0.114060
BDCO,2015-08,2015-08-25,2015-08-27,49655559,6563.220000,0,6563.220000,0.013217,0.000000,4,1,0,2.718310,1,0,0.361386,0.163366,-0.492574,0.084643,-0.014381,0.117720,0.047868,-0.097848,0.091915,0.057121,-0.007704,0.114060
GLPI,2015-08,2015-08-25,2015-08-27,3537169770,445960.000000,445960.000000,0,0.012608,0.012608,2,2,2,0.283106,0,1,-0.099870,-0.143969,0.168612,0.084643,-0.014381,0.117720,0.047868,-0.097848,0.091915,0.057121,-0.007704,0.114060
FLNT,2015-08,2015-08-27,2015-08-28,98636160,314327.000000,31392.000000,282935.000000,0.318673,0.031826,9,2,2,0.186567,0,0,0.180741,-0.231111,-0.266667,0.084866,-0.015411,0.119490,0.037539,-0.101165,0.086727,0.057057,-0.010051,0.119470
ED,2015-08,2015-08-31,2015-09-04,18426339000,2315.648100,2315.648100,0,0.000013,0.000013,1,1,1,0.002757,1,0,0.032111,0.196741,0.301462,0.129700,0.040047,0.166454,0.046410,-0.038760,0.121583,0.094102,0.052376,0.161923
HGBL,2015-09,2015-09-03,2015-09-04,8393100,20070.000000,20070.000000,0,0.239125,0.239125,2,1,2,0.521061,0,0,-0.500000,-0.336667,0.500000,0.129700,0.040047,0.166454,0.046410,-0.038760,0.121583,0.094102,0.052376,0.161923
ARL,2015-09,2015-09-04,2015-09-08,101756326,35145.250000,0,35145.250000,0.034539,0.000000,1,1,0,0.000677,0,0,-0.329096,-0.392655,-0.194915,0.093915,-0.002996,0.135138,0.002094,-0.072996,0.103410,0.053706,0.016221,0.133414
AVNS,2015-09,2015-09-04,2015-09-08,1441779690,340600.000000,340600.000000,0,0.023624,0.023624,2,2,2,0.142769,1,0,0.046110,-0.135767,0.181876,0.093915,-0.002996,0.135138,0.002094,-0.072996,0.103410,0.053706,0.016221,0.133414
NEE,2015-09,2015-09-04,2015-09-08,43102880828,379200.000000,379200.000000,0,0.000880,0.000880,3,1,3,0.221976,0,1,0.031816,0.207899,0.327482,0.093915,-0.002996,0.135138,0.002094,-0.072996,0.103410,0.053706,0.016221,0.133414
CDXS,2015-09,2015-09-11,2015-09-15,146342560,34711.000000,34711.000000,0,0.023719,0.023719,1,1,1,0.035683,0,1,0.118310,0.045070,0.163380,0.057169,0.006828,0.099868,-0.025025,-0.077061,0.056703,0.038499,0.030158,0.097365
CBZ,2015-09,2015-09-15,2015-09-16,516842640,823.521643,823.521643,0,0.000159,0.000159,2,2,2,0.000184,0,0,0.037000,0.022000,0.108000,0.066883,0.010134,0.110762,-0.018608,-0.078468,0.060156,0.044638,0.027142,0.098742
GLBZ,2015-09,2015-09-15,2015-09-16,32835129,11900.000000,11900.000000,0,0.036242,0.036242,1,1,1,0.003524,0,1,-0.001222,-0.099022,-0.127139,0.066883,0.010134,0.110762,-0.018608,-0.078468,0.060156,0.044638,0.027142,0.098742
AAME,2015-09,2015-09-17,2015-09-18,69179040,52500.000000,0,52500.000000,0.075890,0.000000,1,1,0,0.017991,0,1,0.273775,0.178674,-0.123919,0.045730,0.025383,0.120954,-0.033827,-0.045966,0.076808,0.029487,0.057387,0.115446
ASRV,2015-09,2015-09-15,2015-09-21,60946870,7154.699765,7154.699765,0,0.011739,0.011739,3,3,3,0.023317,1,0,-0.008299,-0.074689,0.029046,0.053985,0.026122,0.119443,-0.024818,-0.046546,0.074155,0.032615,0.053386,0.109748
ASRV,2015-08,2015-08-17,2015-09-21,62079010,2945.698562,2945.698562,0,0.004745,0.004745,3,1,3,0.002798,0,1,-0.008299,-0.074689,0.029046,0.053985,0.026122,0.119443,-0.024818,-0.046546,0.074155,0.032615,0.053386,0.109748
HEI,2015-09,2015-09-21,2015-09-23,3412495312,1249512.720000,1109932.120000,139580.600000,0.036616,0.032526,20,11,18,4.769231,1,0,0.111431,0.232730,0.437500,0.084277,0.035540,0.155980,0.014819,-0.048112,0.125761,0.070508,0.061387,0.146009
FIVE,2015-09,2015-09-29,2015-10-01,1797289122,3333312.000000,3333312.000000,0,0.185463,0.185463,3,2,3,0.310308,1,0,-0.056160,0.215525,0.184652,0.097649,0.074772,0.174433,0.037599,0.022328,0.157346,0.067445,0.081605,0.150043
FLNT,2015-09,2015-09-30,2015-10-01,203263200,31118.610000,18997.200000,12121.410000,0.015310,0.009346,4,4,3,2.278689,1,0,0.048571,-0.171429,-0.272857,0.097649,0.074772,0.174433,0.037599,0.022328,0.157346,0.067445,0.081605,0.150043
ED,2015-09,2015-09-30,2015-10-05,19600420000,132095.700000,132095.700000,0,0.000674,0.000674,12,11,12,0.586568,1,0,-0.029572,0.169167,0.126549,0.041149,0.048435,0.134531,-0.024529,-0.019968,0.104906,0.018938,0.050803,0.105032
PTN,2015-10,2015-10-02,2015-10-05,6254343000,16340.000000,16340.000000,0,0.000261,0.000261,2,1,2,0.047083,0,1,-0.139241,-0.316456,-0.253165,0.041149,0.048435,0.134531,-0.024529,-0.019968,0.104906,0.018938,0.050803,0.105032
ARL,2015-10,2015-10-06,2015-10-06,106563600,35291.550000,0,35291.550000,0.033118,0.000000,1,1,0,0.000679,0,0,-0.220798,-0.293447,0.086895,0.044231,0.043200,0.144035,-0.015716,-0.024492,0.119094,0.024131,0.043919,0.113719
CBZ,2015-10,2015-10-15,2015-10-16,576793440,823.527385,823.527385,0,0.000143,0.000143,2,2,2,0.000143,0,0,-0.133574,-0.077617,0.001805,-0.064484,0.029538,0.092620,-0.128804,-0.018600,0.058484,-0.070556,0.033576,0.067328
AUBN,2015-10,2015-10-19,2015-10-20,96539500,5862.913800,5862.913800,0,0.006073,0.006073,7,7,7,0.023481,0,0,0.090011,0.040615,0.076290,-0.062944,0.028020,0.101571,-0.140968,-0.010836,0.068496,-0.068558,0.045001,0.077723
ASRV,2015-10,2015-10-15,2015-10-21,61896880,689.249694,689.249694,0,0.001114,0.001114,1,1,1,0.001752,0,1,-0.077551,-0.085714,0.004082,-0.060109,0.035240,0.107028,-0.124066,0.005956,0.081870,-0.074777,0.052492,0.082402
INFU,2015-10,2015-10-30,2015-11-03,61245211,100131.460000,0,100131.460000,0.163493,0.000000,11,1,0,0.005051,0,0,0.060932,0.197133,-0.032258,-0.109009,-0.075120,0.012708,-0.148996,-0.049956,-0.008245,-0.093367,-0.011989,0.015495
ED,2015-10,2015-10-31,2015-11-05,19277900000,18387.653200,18387.653200,0,0.000095,0.000095,9,8,9,0.025053,1,0,0.106226,0.179871,0.171837,-0.111174,-0.078992,0.001793,-0.144880,-0.061773,-0.006982,-0.082841,-0.013741,0.013797
ARL,2015-11,2015-11-05,2015-11-09,83490000,71941.500000,0,71941.500000,0.086168,0.000000,2,1,0,0.000682,0,0,-0.204380,-0.153285,0.217153,-0.146616,-0.062059,0.042803,-0.178018,-0.049011,0.024847,-0.103618,0.000516,0.051150
CMS,2015-11,2015-11-06,2015-11-09,9450240000,102495.000000,102495.000000,0,0.001085,0.001085,1,1,1,0.196066,0,1,0.167334,0.222178,0.257406,-0.146616,-0.062059,0.042803,-0.178018,-0.049011,0.024847,-0.103618,0.000516,0.051150
FARM,2015-11,2015-11-10,2015-11-12,481405837,14735.000000,14735.000000,0,0.003061,0.003061,1,1,1,0.069070,0,1,-0.093630,0.010094,0.171250,-0.135569,-0.049183,0.045125,-0.171363,-0.032274,0.125899,-0.101940,0.019689,0.079338
AAME,2015-11,2015-11-11,2015-11-13,98864434,48400.000000,0,48400.000000,0.048956,0.000000,1,1,0,0.011782,0,1,-0.086560,-0.173121,-0.209567,-0.104869,-0.033708,0.055293,-0.149557,-0.031703,0.149960,-0.073053,0.022269,0.092435
CAR,2015-11,2015-11-12,2015-11-16,4038705000,406500.000000,406500.000000,0,0.010065,0.010065,1,1,1,,0,1,-0.305062,-0.369997,0.006891,-0.097649,-0.035464,0.054800,-0.136899,-0.027839,0.143684,-0.071549,0.016828,0.084431
CROX,2015-11,2015-11-12,2015-11-16,683048376,394517.500000,394517.500000,0,0.057758,0.057758,3,3,3,0.225790,1,0,-0.044990,-0.048057,-0.143149,-0.097649,-0.035464,0.054800,-0.136899,-0.027839,0.143684,-0.071549,0.016828,0.084431
CBZ,2015-11,2015-11-16,2015-11-18,527693640,823.528710,823.528710,0,0.000156,0.000156,2,2,2,0.000148,0,0,0.016393,-0.014465,0.166827,-0.095179,-0.062786,0.047923,-0.134555,-0.050630,0.135540,-0.070428,-0.007317,0.071800
INFU,2015-11,2015-11-19,2015-11-20,63947206,118960.890000,22557.640000,96403.250000,0.186030,0.035275,16,2,4,0.033584,1,0,0.062500,0.131944,-0.322917,-0.109598,-0.064397,0.046998,-0.136314,-0.044619,0.144275,-0.077243,-0.007297,0.074450
ASRV,2015-11,2015-11-16,2015-11-23,61519459,689.599856,689.599856,0,0.001121,0.001121,1,1,1,0.001697,0,1,-0.037815,-0.029412,0.113445,-0.092470,-0.062879,0.053300,-0.130954,-0.050367,0.149046,-0.062778,-0.007533,0.077788
CLAR,2015-11,2015-11-20,2015-11-23,147812080,105551.880000,105551.880000,0,0.071410,0.071410,3,2,3,1.473292,1,0,-0.088452,-0.108108,0.302211,-0.092470,-0.062879,0.053300,-0.130954,-0.050367,0.149046,-0.062778,-0.007533,0.077788
AAP,2015-11,2015-11-23,2015-11-24,11914029060,200244.000000,200244.000000,0,0.001681,0.001681,1,1,1,,0,1,-0.095513,-0.084173,0.049729,-0.106597,-0.043284,0.049929,-0.145243,-0.037864,0.147864,-0.075862,0.004047,0.076945
ARES,2015-11,2015-11-30,2015-12-01,1695477921,6306959.828000,6306959.828000,0,0.371987,0.371987,24,5,24,0.466672,0,0,-0.141280,0.026490,0.280353,-0.078500,-0.036006,0.031776,-0.120847,-0.033707,0.115005,-0.054086,0.007079,0.068585
MERC,2015-10,2015-10-22,2015-12-02,678957179,358613.040000,0,358613.040000,0.052818,0.000000,1,1,0,0.013901,0,0,-0.135402,-0.105783,-0.031030,-0.072550,-0.029985,0.020148,-0.102217,-0.016649,0.121576,-0.039998,0.019627,0.075647
PTN,2015-11,2015-11-19,2015-12-03,5472550125,1305.000000,1305.000000,0,0.000024,0.000024,1,1,1,0.117647,0,1,-0.289855,-0.289855,-0.173913,-0.058308,-0.011258,0.039835,-0.077287,0.007876,0.140199,-0.022574,0.037198,0.091458
ED,2015-11,2015-11-30,2015-12-04,18222380000,18125.167200,18125.167200,0,0.000099,0.000099,9,8,9,0.025480,1,0,0.159508,0.234966,0.163687,-0.079361,-0.038270,0.024071,-0.081392,-0.008090,0.148260,-0.038138,0.014344,0.077015
NEE,2015-12,2015-12-03,2015-12-04,44458840000,96573.800000,96573.800000,0,0.000217,0.000217,1,1,1,0.526316,0,1,0.173305,0.259957,0.207212,-0.079361,-0.038270,0.024071,-0.081392,-0.008090,0.148260,-0.038138,0.014344,0.077015
PTN,2015-12,2015-12-04,2015-12-07,5394370837,1652.000000,1652.000000,0,0.000031,0.000031,1,1,1,0.131579,0,1,-0.246154,-0.215385,-0.123077,-0.080948,-0.030415,0.031170,-0.057298,0.017912,0.178328,-0.031499,0.025714,0.087051
HRI,2015-12,2015-12-07,2015-12-08,1208405680,167724427.940000,0,167724427.940000,13.879811,0.000000,1,1,0,0.227006,0,0,-0.252536,-0.167912,0.023492,-0.088591,-0.032962,0.044107,-0.074933,0.026570,0.196437,-0.035574,0.034248,0.108683
ARL,2015-12,2015-12-04,2015-12-09,72408600,35584.150000,0,35584.150000,0.049144,0.000000,1,1,0,0.000684,0,0,-0.025263,0.290526,0.248421,-0.068661,-0.016398,0.062044,-0.059777,0.045788,0.229043,-0.023244,0.045790,0.120112
CBZ,2015-12,2015-12-15,2015-12-15,531311519,823.528009,823.528009,0,0.000155,0.000155,2,2,2,0.000154,0,0,-0.021401,0.030156,0.313230,-0.047619,-0.032292,0.082321,-0.053371,0.023121,0.217865,-0.008031,0.026014,0.125415
NOG,2015-12,2015-12-11,2015-12-15,262960899,6127338.669000,0,6127338.669000,2.330133,0.000000,5,1,0,0.085415,0,0,-0.024549,0.096022,-0.236482,-0.047619,-0.032292,0.082321,-0.053371,0.023121,0.217865,-0.008031,0.026014,0.125415
ARES,2015-12,2015-12-15,2015-12-16,1525568620,921992.525600,921992.525600,0,0.060436,0.060436,10,6,10,0.366999,1,0,0.088485,0.087273,0.295758,-0.053191,-0.049202,0.068199,-0.060995,0.008427,0.208467,-0.016748,0.009751,0.113737
FIVE,2015-12,2015-12-15,2015-12-16,1642955702,151098.000000,151098.000000,0,0.009197,0.009197,1,1,1,0.128413,1,0,0.279473,0.467074,0.288146,-0.053191,-0.049202,0.068199,-0.060995,0.008427,0.208467,-0.016748,0.009751,0.113737
TRST,2015-12,2015-12-15,2015-12-16,598201400,59984.870000,59984.870000,0,0.010028,0.010028,2,2,2,0.093891,0,0,-0.078021,0.011893,0.415319,-0.053191,-0.049202,0.068199,-0.060995,0.008427,0.208467,-0.016748,0.009751,0.113737
BRTX,2015-12,2015-12-07,2015-12-17,17283200,25000,25000,0,0.144649,0.144649,1,1,1,0.625000,0,1,-0.046512,-0.151163,-0.255814,-0.039807,-0.032289,0.079904,-0.036305,0.019268,0.219349,0.004834,0.028482,0.128779
ASRV,2015-12,2015-12-15,2015-12-21,62274300,689.549850,689.549850,0,0.001107,0.001107,1,1,1,0.001700,0,1,-0.066946,-0.016736,0.154812,-0.026436,-0.029546,0.097580,-0.022281,0.034035,0.247547,0.020115,0.041348,0.146747
HGBL,2015-12,2015-12-21,2015-12-21,4814060,27334.000000,27334.000000,0,0.567795,0.567795,2,2,2,0.206792,1,0,-0.117647,0.347059,1.741176,-0.026436,-0.029546,0.097580,-0.022281,0.034035,0.247547,0.020115,0.041348,0.146747
ARL,2016-01,2016-01-05,2016-01-06,84461722,35730.450000,0,35730.450000,0.042304,0.000000,1,1,0,0.000686,0,0,-0.062963,0.214815,0.001852,0.025222,0.005981,0.128801,0.017793,0.058012,0.273847,0.043611,0.065446,0.163167
ED,2015-12,2015-12-31,2016-01-07,18876099000,40535.084400,40535.084400,0,0.000215,0.000215,11,10,11,0.036213,1,0,0.166886,0.240009,0.167106,0.043223,0.041577,0.175466,0.031588,0.089355,0.303981,0.056418,0.090954,0.195966
CBZ,2016-01,2016-01-15,2016-01-19,495091200,823.532446,823.532446,0,0.000166,0.000166,2,2,2,0.000166,0,0,0.067708,0.139583,0.364583,0.097074,0.115762,0.230884,0.151487,0.218146,0.386414,0.121917,0.161463,0.231599
ATOS,2016-01,2016-01-19,2016-01-21,7147980,20000.000000,0,20000.000000,0.279799,0.000000,2,2,0,0.011714,1,0,-0.034483,-0.034483,-0.682759,0.100492,0.128532,0.235659,0.145316,0.217974,0.379577,0.125167,0.170468,0.240612
AUBN,2016-01,2016-01-22,2016-01-22,100765380,6018.751500,6018.751500,0,0.005973,0.005973,13,7,13,0.013405,0,0,-0.017736,0.047470,0.166406,0.053250,0.101300,0.201768,0.129116,0.197903,0.341114,0.102540,0.152098,0.212489
ASRV,2016-01,2016-01-15,2016-01-25,58540400,689.049900,689.049900,0,0.001177,0.001177,1,1,1,0.001777,0,1,-0.030702,0.008772,0.293860,0.069151,0.118032,0.228146,0.146581,0.223273,0.392573,0.117446,0.166561,0.238938
FLNT,2016-01,2016-01-28,2016-01-29,131846400,537090.850000,372866.850000,164224.000000,0.407361,0.282804,13,6,10,1.666667,1,0,0.067347,0.057143,-0.214286,0.018242,0.112769,0.211961,0.095814,0.185966,0.324525,0.070598,0.132439,0.199853
NOG,2016-01,2016-01-29,2016-02-01,200805000,6327516.845400,0,6327516.845400,3.151075,0.000000,10,1,0,0.036709,0,0,0.791615,0.159885,0.172626,0.025119,0.115671,0.206326,0.110640,0.192393,0.339839,0.079505,0.131876,0.200172
ED,2016-01,2016-01-31,2016-02-03,20379843000,18112.203200,18112.203200,0,0.000089,0.000089,9,8,9,0.022862,1,0,0.073686,0.121401,0.077713,0.036416,0.140992,0.246417,0.105874,0.209813,0.363388,0.077195,0.141803,0.216208
INSM,2016-02,2016-02-01,2016-02-03,837557320,667000.000000,667000.000000,0,0.079636,0.079636,1,1,1,1.064464,1,0,-0.138521,-0.085603,0.213230,0.036416,0.140992,0.246417,0.105874,0.209813,0.363388,0.077195,0.141803,0.216208
ARL,2016-02,2016-02-05,2016-02-08,65744580,35883.400000,0,35883.400000,0.054580,0.000000,1,1,0,0.000689,0,0,0.064220,0.545872,0.623853,0.099084,0.214142,0.321604,0.156946,0.278450,0.424135,0.116172,0.188204,0.261195
CHTR,2016-02,2016-02-09,2016-02-11,16681461523,163840.000000,163840.000000,0,0.000982,0.000982,1,1,1,0.340483,0,1,0.341190,0.617627,1.034476,0.099933,0.219875,0.333892,0.167852,0.298686,0.477632,0.135435,0.208082,0.293183
ATOS,2016-02,2016-02-16,2016-02-17,19656945,15900.000000,0,15900.000000,0.080887,0.000000,2,2,0,0.003474,1,0,-0.606061,-0.636364,-0.846465,0.035801,0.150469,0.274929,0.096972,0.225586,0.407466,0.067893,0.143903,0.243035
CBZ,2016-02,2016-02-16,2016-02-17,543568880,823.542906,823.542906,0,0.000152,0.000152,2,2,2,0.000149,0,0,-0.030361,0.073055,0.266603,0.035801,0.150469,0.274929,0.096972,0.225586,0.407466,0.067893,0.143903,0.243035
AUBN,2016-02,2016-02-17,2016-02-18,92860070,2155.510000,2155.510000,0,0.002321,0.002321,1,1,1,0.018639,0,1,0.174501,0.196827,0.388367,0.042284,0.163915,0.295133,0.093435,0.240508,0.413312,0.068540,0.151158,0.250077
ASRV,2016-02,2016-02-16,2016-02-19,57785040,688.849992,688.849992,0,0.001192,0.001192,1,1,1,0.001807,0,1,-0.004464,0.044643,0.290179,0.050765,0.160365,0.297791,0.106168,0.234297,0.417274,0.075802,0.150059,0.258170
MERC,2016-02,2016-02-18,2016-02-19,527013477,7044000.000000,797000.000000,6247000.000000,1.336588,0.151230,3,1,1,0.044863,0,0,0.156827,0.099631,0.701107,0.050765,0.160365,0.297791,0.106168,0.234297,0.417274,0.075802,0.150059,0.258170
GLPI,2016-02,2016-02-25,2016-02-26,2957609850,1114750.000000,1114750.000000,0,0.037691,0.037691,2,2,2,0.212540,0,1,0.297888,0.358974,0.335596,0.067933,0.135448,0.274966,0.113991,0.202836,0.377756,0.083171,0.125304,0.241428
NOG,2016-02,2016-02-25,2016-02-26,171597000,7243709.038500,0,7243709.038500,4.221349,0.000000,18,1,0,0.017004,0,0,0.508496,0.124469,0.026763,0.067933,0.135448,0.274966,0.113991,0.202836,0.377756,0.083171,0.125304,0.241428
GLBZ,2016-02,2016-02-26,2016-02-29,29309913,10575.000000,10575.000000,0,0.036080,0.036080,1,1,1,,0,0,-0.018470,-0.010554,0.189974,0.079709,0.147310,0.282510,0.122844,0.214421,0.362524,0.089650,0.139776,0.247871
CAR,2016-02,2016-02-29,2016-03-01,2467245280,976600.000000,976600.000000,0,0.039583,0.039583,2,2,2,44.444444,0,1,0.126482,0.349407,0.292095,0.046113,0.107937,0.256172,0.099118,0.190938,0.358131,0.064663,0.111843,0.236319
ED,2016-02,2016-02-29,2016-03-03,20561937000,18073.099000,18073.099000,0,0.000088,0.000088,9,8,9,0.009832,1,0,0.052014,0.079134,0.115361,0.049964,0.111372,0.254113,0.092296,0.161012,0.314234,0.061153,0.099448,0.219023
ARL,2016-03,2016-03-04,2016-03-04,64509939,36029.700000,0,36029.700000,0.055851,0.000000,1,1,0,0.000691,0,0,0.277512,0.346890,0.681818,0.044633,0.114595,0.250843,0.079796,0.165747,0.298069,0.054563,0.100781,0.211445
HRI,2016-03,2016-03-03,2016-03-04,849857528,24712.750000,24712.750000,0,0.002908,0.002908,1,1,1,0.265477,0,1,-0.040168,0.099895,0.495983,0.044633,0.114595,0.250843,0.079796,0.165747,0.298069,0.054563,0.100781,0.211445
HASI,2016-03,2016-03-08,2016-03-08,662960321,281656.770400,281656.770400,0,0.042485,0.042485,4,3,4,0.217850,1,0,0.200378,0.419660,0.125709,0.061036,0.137927,0.269223,0.109725,0.182874,0.298731,0.072398,0.115382,0.217911
CMS,2016-03,2016-03-08,2016-03-09,11311496000,40742.000000,40742.000000,0,0.000360,0.000360,1,1,1,0.214087,0,1,0.055463,0.062813,0.101570,0.056116,0.131281,0.262047,0.112277,0.184309,0.287060,0.070676,0.109882,0.213457
ATOS,2016-03,2016-03-09,2016-03-10,13223763,11100.000000,0,11100.000000,0.083940,0.000000,2,2,0,0.003462,1,0,-0.030303,-0.557576,-0.696970,0.055997,0.126431,0.269259,0.114169,0.191648,0.303334,0.068299,0.106402,0.216727
AUBN,2016-03,2016-03-09,2016-03-10,97705260,1083.596000,1083.596000,0,0.001109,0.001109,1,1,1,0.008818,0,1,0.084267,0.084267,0.245867,0.055997,0.126431,0.269259,0.114169,0.191648,0.303334,0.068299,0.106402,0.216727
CROX,2016-03,2016-03-11,2016-03-15,707482160,192964.390500,192964.390500,0,0.027275,0.027275,2,2,2,0.143321,1,0,0.074611,-0.123316,-0.320207,0.016093,0.087247,0.252530,0.080805,0.144717,0.316441,0.034321,0.065591,0.207216
CBZ,2016-03,2016-03-15,2016-03-16,518814320,699.999712,699.999712,0,0.000135,0.000135,2,2,2,0.000132,1,0,0.032290,0.075342,0.384540,0.004213,0.082765,0.243178,0.073932,0.136859,0.308868,0.026950,0.059150,0.197982
ASRV,2016-03,2016-03-15,2016-03-18,58729240,3768.999838,3768.999838,0,0.006418,0.006418,2,2,2,0.022651,1,0,0.045872,0.133028,0.270642,-0.005612,0.097915,0.240128,0.043696,0.121285,0.276150,0.015704,0.054677,0.182333
BRTX,2016-03,2016-03-18,2016-03-22,16301200,1150000,150000,1000000,7.054695,0.920178,2,2,1,2.000000,0,1,-0.113253,-0.180723,0.024096,-0.003085,0.087688,0.221161,0.056829,0.127891,0.245840,0.024228,0.054052,0.168907
HGBL,2016-03,2016-03-28,2016-03-28,4389439.890000,40450.000000,40450.000000,0,0.921530,0.921530,5,4,5,0.333333,1,0,0.419355,2.032258,2.354839,-0.043199,0.101065,0.241511,0.012635,0.157571,0.284561,-0.012832,0.064971,0.181734
FLNT,2016-03,2016-03-28,2016-03-29,132945120,170555.000000,70955.000000,99600.000000,0.128290,0.053372,6,2,5,0.051370,0,0,-0.097804,0.003992,-0.091816,-0.037575,0.094433,0.227628,0.000620,0.131005,0.253952,-0.004200,0.061788,0.172017
FLNT,2016-02,2016-02-25,2016-03-29,132121080,187419.250000,187419.250000,0,0.141854,0.141854,5,2,5,0.300000,0,0,-0.097804,0.003992,-0.091816,-0.037575,0.094433,0.227628,0.000620,0.131005,0.253952,-0.004200,0.061788,0.172017
ARES,2016-03,2016-03-31,2016-04-04,1884686332,1080925.000000,0,1080925.000000,0.057353,0.000000,1,1,0,,0,1,-0.053862,0.227642,0.342480,-0.020358,0.083782,0.217481,0.031751,0.133002,0.251939,0.015734,0.056986,0.165294
ATOS,2016-04,2016-04-01,2016-04-04,12421728,495.000000,495.000000,0,0.003985,0.003985,1,1,1,0.159574,0,1,0.000000,-0.504762,-0.819048,-0.020358,0.083782,0.217481,0.031751,0.133002,0.251939,0.015734,0.056986,0.165294
ARL,2016-04,2016-04-05,2016-04-06,76949440,36182.650000,0,36182.650000,0.047021,0.000000,1,1,0,0.000694,0,0,0.296443,0.507905,0.577075,-0.018767,0.078958,0.205270,0.039516,0.134375,0.249509,0.020923,0.055336,0.164066
ARES,2016-04,2016-04-05,2016-04-07,1819823750,2163011.958200,0,2163011.958200,0.118858,0.000000,3,1,0,0.640000,0,1,0.017764,0.330199,0.380355,-0.001578,0.094012,0.222156,0.055998,0.148805,0.266149,0.032691,0.068912,0.177053
ED,2016-03,2016-03-31,2016-04-07,22917042000,47876.065600,47876.065600,0,0.000209,0.000209,12,10,12,0.015673,1,0,0.062665,-0.030862,0.052691,-0.001578,0.094012,0.222156,0.055998,0.148805,0.266149,0.032691,0.068912,0.177053
CBZ,2016-04,2016-04-15,2016-04-18,531756820,823.528528,823.528528,0,0.000155,0.000155,2,2,2,0.000157,1,0,0.051808,0.085044,0.383187,0.014512,0.055728,0.192337,0.064072,0.070408,0.212633,0.039589,0.025434,0.140762
AUBN,2016-04,2016-04-20,2016-04-20,97695640,6082.724900,6082.724900,0,0.006226,0.006226,13,7,13,0.013123,0,0,0.064034,0.046425,0.280683,0.028010,0.070609,0.210562,0.063221,0.078575,0.229503,0.038585,0.030329,0.143218
ASRV,2016-04,2016-04-15,2016-04-22,56691000,688.649984,688.649984,0,0.001215,0.001215,1,1,1,0.001824,0,1,0.045249,0.095023,0.339367,0.045621,0.089760,0.243606,0.060921,0.069709,0.236093,0.044949,0.034502,0.158338
ED,2016-04,2016-04-30,2016-05-05,22312860000,18146.469900,18146.469900,0,0.000081,0.000081,9,8,9,0.009255,1,0,0.052014,-0.005107,0.085114,0.104314,0.091608,0.323086,0.099432,0.051576,0.279897,0.061255,0.029016,0.193552
ARL,2016-05,2016-05-05,2016-05-06,74468751,36335.600000,0,36335.600000,0.048793,0.000000,1,1,0,0.000696,0,0,0.333333,0.285996,0.445759,0.109061,0.081949,0.318928,0.108816,0.052199,0.267057,0.066082,0.024207,0.189009
AUBN,2016-05,2016-05-06,2016-05-06,100574400,1414.740000,1414.740000,0,0.001407,0.001407,1,1,1,0.011073,0,1,0.038362,0.010886,0.268533,0.109061,0.081949,0.318928,0.108816,0.052199,0.267057,0.066082,0.024207,0.189009
MERC,2016-04,2016-04-22,2016-05-09,630770841,74211.475000,74211.475000,0,0.011765,0.011765,1,1,1,0.000468,0,1,-0.065495,-0.035144,0.309904,0.104685,0.104584,0.319748,0.105020,0.074795,0.262910,0.064535,0.045908,0.186898
HASI,2016-05,2016-05-09,2016-05-10,769835330,408.000000,408.000000,0,0.000053,0.000053,1,1,1,0.026667,1,0,0.160423,0.035831,0.120521,0.092240,0.096752,0.302587,0.095253,0.066951,0.258065,0.052080,0.037702,0.174469
PR,2016-05,2016-05-11,2016-05-13,625000000,102900.000000,102900.000000,0,0.016464,0.016464,1,1,1,,1,0,0.222603,0.434932,0.647260,0.113831,0.103223,0.331293,0.120570,0.171188,0.283235,0.072441,0.067831,0.197787
CBZ,2016-05,2016-05-16,2016-05-16,531756820,823.528904,823.528904,0,0.000155,0.000155,2,2,2,0.000133,1,0,0.115460,0.159491,0.521526,0.104765,0.078574,0.320338,0.117520,0.172739,0.267679,0.065057,0.058209,0.185014
FARM,2016-05,2016-05-13,2016-05-17,478821587,58160.000000,58160.000000,0,0.012146,0.012146,2,2,2,0.200000,0,1,0.112718,0.203189,0.175380,0.112630,0.107529,0.303203,0.126304,0.195453,0.253442,0.069470,0.076498,0.174885
HRI,2016-05,2016-05-16,2016-05-17,653730000,1323702.100000,1323702.100000,0,0.202485,0.202485,4,3,4,0.606061,1,0,0.269085,0.532265,0.456769,0.112630,0.107529,0.303203,0.126304,0.195453,0.253442,0.069470,0.076498,0.174885
CAR,2016-05,2016-05-17,2016-05-18,2437644000,49894.000000,49894.000000,0,0.002047,0.002047,1,1,1,0.021247,0,0,0.392354,0.482495,-0.176258,0.110704,0.110095,0.309851,0.117244,0.189147,0.251401,0.071178,0.074172,0.179269
BRTX,2016-05,2016-05-18,2016-05-19,16576000,50000,50000,0,0.301641,0.301641,1,1,1,0.333333,0,1,-0.187500,-0.200000,-0.075000,0.116697,0.123953,0.322297,0.134505,0.205732,0.267545,0.077319,0.083444,0.191101
GLPI,2016-05,2016-05-17,2016-05-19,6129713800,13436.000000,13436.000000,0,0.000219,0.000219,1,1,1,,0,1,0.090106,-0.041225,0.191991,0.116697,0.123953,0.322297,0.134505,0.205732,0.267545,0.077319,0.083444,0.191101
HGBL,2016-05,2016-05-19,2016-05-20,4404945,57350.000000,57350.000000,0,1.301946,1.301946,6,4,6,0.176471,1,0,0.736842,1.105263,1.210526,0.104306,0.107540,0.318880,0.115832,0.192161,0.255118,0.069025,0.074251,0.189618
ASRV,2016-05,2016-05-16,2016-05-23,57446880,688.699760,688.699760,0,0.001199,0.001199,1,1,1,0.001773,0,1,0.017316,0.116883,0.303030,0.106568,0.120534,0.321931,0.119670,0.199073,0.260659,0.070443,0.083841,0.193905
FLNT,2016-05,2016-05-24,2016-05-25,245228400,12841310.500000,2223783.500000,10617527.000000,5.236470,0.906821,6,4,3,0.439705,0,0,-0.054902,-0.323529,0.009804,0.072006,0.089539,0.303586,0.089286,0.186096,0.229635,0.046349,0.065407,0.179025
ARES,2016-05,2016-05-24,2016-05-26,1704784455,9379647.021000,0,9379647.021000,0.550195,0.000000,4,1,0,0.414203,0,1,0.280874,0.295082,0.406557,0.067184,0.089972,0.302131,0.092699,0.191222,0.230692,0.045321,0.069053,0.178467
AAP,2016-05,2016-05-31,2016-05-31,11318931840,85179970.000000,85179970.000000,0,0.752544,0.752544,8,1,8,0.191068,0,1,0.018741,0.104682,-0.129993,0.059099,0.083480,0.293544,0.083540,0.159548,0.203548,0.044314,0.063604,0.174334
BKE,2016-05,2016-05-24,2016-05-31,1127628080,4706.000000,4706.000000,0,0.000417,0.000417,1,1,1,0.005290,0,1,0.071507,0.051705,-0.264026,0.059099,0.083480,0.293544,0.083540,0.159548,0.203548,0.044314,0.063604,0.174334
GLBZ,2016-06,2016-06-01,2016-06-01,29042671,1509.120000,1509.120000,0,0.005196,0.005196,1,1,1,0.007689,0,1,0.012146,0.052632,0.105263,0.057923,0.070210,0.298391,0.070283,0.146176,0.218525,0.039172,0.058870,0.181211
GLBZ,2016-05,2016-05-27,2016-06-01,29681276,10314.280000,10314.280000,0,0.034750,0.034750,4,1,4,0.044678,0,1,0.012146,0.052632,0.105263,0.057923,0.070210,0.298391,0.070283,0.146176,0.218525,0.039172,0.058870,0.181211
ARES,2016-06,2016-06-03,2016-06-03,1737827657,3986269.000900,0,3986269.000900,0.229382,0.000000,2,1,0,0.098919,0,1,0.297009,0.217949,0.338675,0.066973,0.056609,0.316386,0.079599,0.138070,0.216785,0.043827,0.055443,0.184231
ARL,2016-06,2016-06-03,2016-06-03,82844760,36481.900000,0,36481.900000,0.044036,0.000000,1,1,0,0.000698,0,0,0.054307,0.104869,0.685393,0.066973,0.056609,0.316386,0.079599,0.138070,0.216785,0.043827,0.055443,0.184231
ED,2016-05,2016-05-31,2016-06-06,21912066000,18080.915100,18080.915100,0,0.000083,0.000083,9,8,9,0.009259,1,0,0.025297,-0.053804,0.124976,0.069752,0.060984,0.306478,0.069026,0.145246,0.202605,0.041709,0.056449,0.174484
HRI,2016-06,2016-06-02,2016-06-06,873621000,3029146.760000,550043.000000,2479103.760000,0.346735,0.062961,3,3,2,1.639344,0,0,0.077759,0.296095,0.153141,0.069752,0.060984,0.306478,0.069026,0.145246,0.202605,0.041709,0.056449,0.174484
AAP,2016-06,2016-06-09,2016-06-10,11535245280,77865821.136000,77865821.136000,0,0.675025,0.675025,7,2,7,0.229421,1,0,0.000000,0.148401,-0.142846,0.051758,0.102529,0.290992,0.050368,0.201473,0.236721,0.020559,0.089316,0.182339
CAAS,2016-06,2016-06-02,2016-06-16,133797877,12600.000000,12600.000000,0,0.009417,0.009417,1,1,1,,0,1,0.093333,0.730000,0.340000,0.091733,0.120120,0.295219,0.071336,0.198488,0.242662,0.038509,0.099672,0.194303
CBZ,2016-06,2016-06-15,2016-06-16,548927050,823.528440,823.528440,0,0.000150,0.000150,2,2,2,0.000131,1,0,0.048250,0.286660,0.433302,0.091733,0.120120,0.295219,0.071336,0.198488,0.242662,0.038509,0.099672,0.194303
ASRV,2016-06,2016-06-15,2016-06-21,59714520,689.049692,689.049692,0,0.001154,0.001154,1,1,1,0.001704,0,1,0.068966,0.189655,0.331897,0.091054,0.127496,0.322684,0.067241,0.208754,0.230343,0.029119,0.098113,0.189299
FLNT,2016-06,2016-06-28,2016-06-29,217339680,225860.000000,59860.000000,166000.000000,0.103920,0.027542,9,4,4,0.001931,0,0,0.118280,-0.225806,0.053763,0.119334,0.133771,0.307622,0.113680,0.213024,0.269460,0.053567,0.097705,0.191547
ED,2016-06,2016-06-30,2016-07-06,24493980000,42779.298500,42779.298500,0,0.000175,0.000175,11,10,11,0.014782,1,0,-0.103352,-0.081466,0.003821,0.099594,0.115747,0.271331,0.091253,0.218032,0.238830,0.033708,0.092558,0.170670
ARL,2016-07,2016-07-05,2016-07-08,101963680,36634.850000,0,36634.850000,0.035929,0.000000,1,1,0,0.000701,0,0,0.174046,-0.158779,0.277863,0.076773,0.111414,0.270020,0.054639,0.169837,0.214674,0.016341,0.080159,0.162913
CBZ,2016-07,2016-07-15,2016-07-18,571757280,823.528734,823.528734,0,0.000144,0.000144,2,2,2,0.000127,1,0,0.031599,0.222119,0.426580,0.040626,0.096986,0.284951,0.005955,0.128651,0.198412,-0.013616,0.056960,0.158240
ARDX,2016-07,2016-07-18,2016-07-20,111888463,160000035.300000,0,160000035.300000,142.999583,0.000000,24,11,0,0.401527,0,0,0.346774,0.423387,-0.443548,0.041438,0.090445,0.283917,0.014441,0.130722,0.209344,-0.007949,0.055970,0.161367
ASRV,2016-07,2016-07-15,2016-07-22,57263970,688.649984,688.649984,0,0.001203,0.001203,1,1,1,0.001768,0,1,0.047619,0.294372,0.285714,0.042214,0.090377,0.286996,0.008284,0.124259,0.202297,-0.009997,0.055174,0.159254
AUBN,2016-07,2016-07-26,2016-07-27,104437040,6095.948500,6095.948500,0,0.005837,0.005837,13,7,13,0.012853,0,0,-0.018509,0.145573,0.348674,0.035688,0.100599,0.269296,-0.008888,0.140438,0.191617,-0.007862,0.071893,0.164877
ED,2016-07,2016-07-31,2016-08-04,24384360000,18087.387200,18087.387200,0,0.000074,0.000074,9,8,9,0.008285,1,0,-0.054297,-0.037576,0.070119,-0.011506,0.089357,0.254709,-0.043527,0.125881,0.179374,-0.030379,0.064066,0.166486
ARL,2016-08,2016-08-05,2016-08-08,104752960,36787.800000,0,36787.800000,0.035119,0.000000,1,1,0,0.000703,0,0,-0.016320,0.023739,0.252226,-0.000092,0.084552,0.249793,-0.027353,0.118869,0.161428,-0.017498,0.061430,0.156994
ATNI,2016-08,2016-08-10,2016-08-10,1058985840,121965.440000,121965.440000,0,0.011517,0.011517,3,2,3,0.029824,0,0,0.038053,0.172880,-0.069152,0.011320,0.090558,0.221793,0.011382,0.118854,0.137513,-0.000755,0.064836,0.142780
HRI,2016-08,2016-08-12,2016-08-16,923429000,49410.000000,49410.000000,0,0.005351,0.005351,1,1,1,,0,1,0.207378,0.512795,0.151878,-0.004585,0.104071,0.245370,0.061395,0.141495,0.138717,0.006571,0.083971,0.155984
CBZ,2016-08,2016-08-15,2016-08-17,600187200,588.234390,588.234390,0,0.000098,0.000098,1,1,1,0.000097,1,0,0.074271,0.175950,0.304156,-0.000549,0.108548,0.217646,0.064357,0.151653,0.121192,0.002796,0.087576,0.135853
ASRV,2016-08,2016-08-15,2016-08-19,59531850,689.099756,689.099756,0,0.001158,0.001158,1,1,1,0.001694,0,1,0.115385,0.264957,0.243590,0.002929,0.112942,0.215175,0.068406,0.139301,0.112197,0.004888,0.087505,0.134024
CHTR,2016-08,2016-08-18,2016-08-19,69126016833,255000,255000,0,0.000369,0.000369,1,1,1,1.003009,0,1,0.039861,0.292602,0.569291,0.002929,0.112942,0.215175,0.068406,0.139301,0.112197,0.004888,0.087505,0.134024
FLNT,2016-08,2016-08-19,2016-08-22,240090480,27246.000000,27246.000000,0,0.011348,0.011348,1,1,1,0.002742,0,0,-0.311741,-0.261134,-0.078947,0.012621,0.117615,0.232852,0.070916,0.145603,0.121597,0.012517,0.094064,0.145958
CROX,2016-08,2016-08-24,2016-08-26,643063750,66371.250000,66371.250000,0,0.010321,0.010321,1,1,1,0.021950,1,0,-0.023256,-0.225581,0.046512,0.019851,0.121496,0.231964,0.092374,0.134371,0.132713,0.024637,0.101464,0.148414
ACRE,2016-08,2016-08-25,2016-08-29,355359575,25039.600000,25039.600000,0,0.007046,0.007046,1,1,1,0.201288,0,1,0.104878,0.126829,0.139024,0.016061,0.121329,0.235132,0.072659,0.139546,0.127176,0.014839,0.097796,0.144140
ARES,2016-08,2016-08-29,2016-08-29,2127480760,149999991.150000,0,149999991.150000,7.050592,0.000000,1,1,0,4.845621,0,1,-0.023709,0.252329,0.091448,0.016061,0.121329,0.235132,0.072659,0.139546,0.127176,0.014839,0.097796,0.144140
AAP,2016-08,2016-08-30,2016-08-31,11536129080,1611852.560000,1611852.560000,0,0.013972,0.013972,6,6,6,0.640324,1,0,0.078865,-0.003648,-0.376888,0.011614,0.134943,0.268504,0.070910,0.146786,0.149821,0.018956,0.115137,0.161635
AAP,2016-09,2016-09-02,2016-09-06,11676777660,11113610.500000,11113610.500000,0,0.095177,0.095177,12,1,12,0.027443,0,1,0.082742,-0.050118,-0.401950,-0.005828,0.113378,0.244149,0.082848,0.105220,0.134776,0.017366,0.093906,0.150185
ARL,2016-09,2016-09-06,2016-09-06,87707360,36940.750000,0,36940.750000,0.042118,0.000000,1,1,0,0.000706,0,0,0.056537,0.236749,0.416961,-0.005828,0.113378,0.244149,0.082848,0.105220,0.134776,0.017366,0.093906,0.150185
ED,2016-08,2016-08-31,2016-09-07,22913625000,18137.235000,18137.235000,0,0.000079,0.000079,9,8,9,0.008538,1,0,-0.064856,0.002956,0.134885,0.006189,0.114772,0.246382,0.086579,0.091098,0.124898,0.030714,0.091981,0.150086
HEI,2016-09,2016-09-07,2016-09-09,4627859585,2121651.787400,1888203.277000,233448.510400,0.045845,0.040801,18,11,16,2.083000,1,0,0.207260,0.286593,0.583724,0.048272,0.155898,0.289538,0.143859,0.128996,0.176575,0.067371,0.126651,0.192206
ACRE,2016-09,2016-09-14,2016-09-15,346262369,123499.346700,123499.346700,0,0.035666,0.035666,2,1,2,0.119749,1,0,0.075980,0.100490,0.127451,0.026001,0.130554,0.254356,0.118685,0.137723,0.183321,0.058894,0.119915,0.186934
GME,2016-09,2016-09-15,2016-09-16,2824801620,269090.000000,269090.000000,0,0.009526,0.009526,1,1,1,0.090153,0,0,-0.047882,-0.062615,-0.204420,0.022729,0.128435,0.253400,0.118304,0.143973,0.193173,0.060930,0.122297,0.194066
INFU,2016-09,2016-09-14,2016-09-16,64241896,176434.524300,176434.524300,0,0.274641,0.274641,8,1,8,0.041404,0,1,-0.136029,-0.172794,-0.209559,0.022729,0.128435,0.253400,0.118304,0.143973,0.193173,0.060930,0.122297,0.194066
ASRV,2016-09,2016-09-15,2016-09-22,62366700,689.599976,689.599976,0,0.001106,0.001106,1,1,1,0.001605,0,1,0.145228,0.165975,0.240664,0.011597,0.100144,0.223930,0.083852,0.082680,0.164097,0.043831,0.088577,0.171722
BRTX,2016-09,2016-09-26,2016-09-28,14195200,240000,0,240000,1.690712,0.000000,1,1,0,0.213333,0,1,-0.030303,0.287879,-0.030303,0.012898,0.119780,0.228827,0.089203,0.100263,0.201976,0.041894,0.098399,0.179005
ED,2016-09,2016-09-30,2016-10-06,22951440000,44599.607200,44599.607200,0,0.000194,0.000194,12,11,12,0.014925,1,0,0.028932,0.093398,0.147961,0.021010,0.117674,0.256177,0.104427,0.102602,0.228480,0.055375,0.102252,0.202663
ARL,2016-10,2016-10-05,2016-10-07,118371820,37093.700000,0,37093.700000,0.031337,0.000000,1,1,0,0.000708,0,0,-0.283485,0.037711,0.144343,0.032171,0.119555,0.257455,0.109230,0.111070,0.233367,0.062792,0.104997,0.204834
AXGN,2016-10,2016-10-07,2016-10-14,297997200,244995.000000,244995.000000,0,0.082214,0.082214,5,5,5,0.043076,1,0,0.198394,0.341743,1.230505,0.054565,0.128142,0.283521,0.136086,0.131206,0.256312,0.071632,0.111915,0.222076
AUBN,2016-10,2016-10-17,2016-10-17,100902360,6151.958100,6151.958100,0,0.006097,0.006097,13,7,13,0.013854,0,0,0.139369,0.198372,0.310783,0.054161,0.131140,0.288581,0.121970,0.132588,0.254182,0.071550,0.115767,0.227190
ASRV,2016-10,2016-10-17,2016-10-24,62379900,689.549953,689.549953,0,0.001105,0.001105,1,1,1,0.001608,0,1,0.154472,0.203252,0.260163,0.034653,0.127686,0.250179,0.103349,0.148251,0.241210,0.058539,0.114958,0.218013
FLNT,2016-10,2016-10-25,2016-10-26,176276400,103653.000000,0,103653.000000,0.058801,0.000000,2,1,0,0.001598,0,1,0.161765,0.588235,0.360294,0.062675,0.145609,0.253957,0.150666,0.185783,0.259605,0.080387,0.126783,0.220121
MERC,2016-10,2016-10-27,2016-10-31,506853617,1305387.640000,633337.440000,672050.200000,0.257547,0.124955,11,1,6,12.000000,0,0,0.515734,0.524476,0.938811,0.070102,0.178732,0.313627,0.137924,0.188478,0.276898,0.076881,0.134473,0.234324
NEE,2016-11,2016-11-02,2016-11-02,57997514552,122900.000000,122900.000000,0,0.000212,0.000212,1,1,1,0.284900,0,1,-0.000418,0.095278,0.247806,0.092210,0.195389,0.331288,0.174296,0.205106,0.304577,0.091608,0.148633,0.252938
AWRE,2016-11,2016-11-01,2016-11-03,113700750,1497855.975000,1497855.975000,0,1.317367,1.317367,1,1,1,8.190600,0,1,0.203883,-0.126214,-0.116505,0.102037,0.207641,0.357364,0.177118,0.209357,0.310104,0.097404,0.155365,0.262952
ED,2016-10,2016-10-31,2016-11-03,23027640000,18066.948900,18066.948900,0,0.000078,0.000078,9,8,9,0.008795,1,0,0.017681,0.077947,0.199430,0.102037,0.207641,0.357364,0.177118,0.209357,0.310104,0.097404,0.155365,0.262952
AUBN,2016-11,2016-11-04,2016-11-04,100064240,5500.000000,5500.000000,0,0.005496,0.005496,1,1,1,0.024740,0,1,0.185641,0.237949,0.310256,0.109185,0.216392,0.366839,0.187402,0.209277,0.303125,0.106133,0.161131,0.266256
ARL,2016-11,2016-11-04,2016-11-07,101151280,37253.300000,0,37253.300000,0.036829,0.000000,1,1,0,0.000711,0,0,0.040724,0.105581,0.490196,0.084652,0.190651,0.335756,0.150334,0.175500,0.256911,0.080333,0.135843,0.238095
CMS,2016-11,2016-11-09,2016-11-09,11214520000,121775.700000,121775.700000,0,0.001086,0.001086,1,1,1,0.138376,0,1,0.071902,0.137177,0.258449,0.078351,0.182273,0.319410,0.106263,0.143990,0.213541,0.065641,0.119946,0.217274
MAC,2016-11,2016-11-09,2016-11-14,9752106488,677784.000000,677784.000000,0,0.006950,0.006950,1,1,1,0.084265,0,0,-0.060061,-0.172704,-0.057490,0.120762,0.219016,0.350892,0.075267,0.080518,0.147733,0.081001,0.120854,0.213989
MERC,2016-11,2016-11-09,2016-11-14,538731203,469307.275800,0,469307.275800,0.087113,0.000000,5,1,0,0.010021,0,0,0.493569,0.348875,0.697749,0.120762,0.219016,0.350892,0.075267,0.080518,0.147733,0.081001,0.120854,0.213989
TRST,2016-11,2016-11-10,2016-11-14,717975000,67500.000000,67500.000000,0,0.009401,0.009401,1,1,1,9.000000,0,1,0.038712,-0.015557,0.141823,0.120762,0.219016,0.350892,0.075267,0.080518,0.147733,0.081001,0.120854,0.213989
CDXS,2016-11,2016-11-15,2016-11-15,194675116,48300.000000,48300.000000,0,0.024811,0.024811,1,1,1,0.032223,0,1,-0.093750,-0.041667,0.218750,0.109156,0.207351,0.326087,0.075467,0.077561,0.139592,0.076894,0.111141,0.198577
D,2016-11,2016-11-10,2016-11-15,44605647184,248416.700000,248416.700000,0,0.000557,0.000557,1,1,1,,0,1,0.035798,0.104609,0.198928,0.109156,0.207351,0.326087,0.075467,0.077561,0.139592,0.076894,0.111141,0.198577
EKSO,2016-11,2016-11-11,2016-11-15,80874888,7978.000000,7978.000000,0,0.009865,0.009865,2,2,2,1.666667,1,0,-0.004950,-0.564356,-0.564356,0.109156,0.207351,0.326087,0.075467,0.077561,0.139592,0.076894,0.111141,0.198577
GLPI,2016-11,2016-11-11,2016-11-15,6221148786,483200.000000,483200.000000,0,0.007767,0.007767,1,1,1,0.560911,0,1,0.070545,0.233292,0.293936,0.109156,0.207351,0.326087,0.075467,0.077561,0.139592,0.076894,0.111141,0.198577
HASI,2016-11,2016-11-17,2016-11-18,904908197,231100.000000,231100.000000,0,0.025539,0.025539,4,3,4,0.528541,1,0,-0.035200,0.086400,0.227200,0.109692,0.180872,0.324421,0.066356,0.045733,0.157304,0.082215,0.101834,0.206019
ASRV,2016-11,2016-11-15,2016-11-22,65215350,689.849914,689.849914,0,0.001058,0.001058,1,1,1,0.001565,0,1,0.090566,0.135849,0.188679,0.100306,0.176121,0.322528,0.060090,0.041876,0.151928,0.078422,0.099391,0.201430
GLBZ,2016-11,2016-11-23,2016-11-25,29650626,29500.400000,29500.400000,0,0.099493,0.099493,4,3,4,1.000000,1,0,0.161669,0.080834,0.096480,0.099667,0.194647,0.327836,0.038445,0.033134,0.138015,0.074980,0.102346,0.198524
AAME,2016-11,2016-11-23,2016-11-28,87620001,58800.000000,0,58800.000000,0.067108,0.000000,1,1,0,0.017266,0,1,0.000000,-0.045333,-0.088000,0.103604,0.198446,0.334387,0.062356,0.038439,0.171094,0.081744,0.106590,0.216359
FLNT,2016-11,2016-11-30,2016-12-01,171091800,1173621.310000,828497.900000,345123.410000,0.685960,0.484242,22,10,13,0.500000,1,0,0.123077,0.630769,0.276923,0.135930,0.234585,0.351414,0.063778,0.068352,0.184517,0.091552,0.119694,0.228801
ARL,2016-12,2016-12-05,2016-12-06,92308300,37406.250000,0,37406.250000,0.040523,0.000000,1,1,0,0.000713,0,0,0.170569,0.623746,0.964883,0.119905,0.228451,0.326463,0.020660,0.038885,0.131603,0.075233,0.108213,0.211369
ED,2016-11,2016-11-30,2016-12-06,21265896000,18149.390000,18149.390000,0,0.000085,0.000085,9,8,9,0.008807,1,0,0.108228,0.198753,0.300141,0.119905,0.228451,0.326463,0.020660,0.038885,0.131603,0.075233,0.108213,0.211369
NEE,2016-12,2016-12-05,2016-12-06,53927184456,91966.640000,91966.640000,0,0.000171,0.000171,1,1,1,0.126103,0,1,0.147453,0.255139,0.413315,0.119905,0.228451,0.326463,0.020660,0.038885,0.131603,0.075233,0.108213,0.211369
FLNT,2016-12,2016-12-14,2016-12-15,165907200,16940.000000,16940.000000,0,0.010211,0.010211,4,1,4,0.002572,0,0,0.132353,0.323529,0.132353,0.101903,0.164592,0.322515,0.017018,0.039432,0.133571,0.057627,0.085797,0.204964
HASI,2016-12,2016-12-15,2016-12-15,837040083,98160.000000,98160.000000,0,0.011727,0.011727,2,2,2,0.436529,1,0,0.030954,0.239037,0.326741,0.101903,0.164592,0.322515,0.017018,0.039432,0.133571,0.057627,0.085797,0.204964
INSM,2016-12,2016-12-15,2016-12-16,789163020,256100.000000,256100.000000,0,0.032452,0.032452,2,1,2,1.000000,0,0,0.218347,0.191054,1.228203,0.103356,0.160657,0.338629,0.022954,0.038756,0.150948,0.057843,0.088184,0.214964
FOX,2016-12,2016-12-16,2016-12-19,17192600000,83350000.000000,83350000.000000,0,0.484802,0.484802,6,1,6,1.000000,0,1,0.089228,-0.007235,0.243971,0.099911,0.175289,0.325244,0.011072,0.039577,0.134429,0.054371,0.094841,0.207703
INFU,2016-12,2016-12-19,2016-12-19,51001848,495023.250000,27937.400000,467085.850000,0.970599,0.054777,7,2,3,0.040402,1,0,-0.008889,-0.222222,0.044444,0.099911,0.175289,0.325244,0.011072,0.039577,0.134429,0.054371,0.094841,0.207703
ATEC,2016-12,2016-12-16,2016-12-20,34029300,74455.000000,74455.000000,0,0.218797,0.218797,2,2,2,0.297365,1,0,-0.265092,-0.524934,-0.328084,0.079076,0.161605,0.318782,-0.024988,0.020400,0.127069,0.036877,0.083295,0.202390
ASRV,2016-12,2016-12-15,2016-12-21,70886250,7690.749806,7690.749806,0,0.010849,0.010849,2,2,2,0.041960,1,0,-0.021429,0.103571,0.139286,0.087195,0.173948,0.319894,-0.018308,0.024575,0.139452,0.042228,0.086102,0.208312
AAME,2016-12,2016-12-30,2017-01-03,92113334,124978.560000,0,124978.560000,0.135679,0.000000,1,1,0,0.034661,0,1,-0.059896,-0.085938,-0.179688,0.110823,0.156099,0.351045,0.005482,0.052330,0.152089,0.050008,0.087797,0.224158
HGBL,2016-12,2016-12-30,2017-01-03,13362100,1474784.880000,39838.500000,1434946.380000,11.037074,0.298146,5,4,4,1.971785,1,0,-0.142857,-0.375000,-0.285714,0.110823,0.156099,0.351045,0.005482,0.052330,0.152089,0.050008,0.087797,0.224158
AUBN,2017-01,2017-01-04,2017-01-04,114858880,5556.541400,5556.541400,0,0.004838,0.004838,13,7,13,0.032653,0,0,0.060754,0.169401,0.208869,0.100364,0.149836,0.346123,-0.022222,0.035049,0.136193,0.040693,0.081386,0.222068
ED,2016-12,2016-12-31,2017-01-05,22457664000,44264.861800,44264.861800,0,0.000197,0.000197,12,11,12,0.015615,1,0,0.062653,0.090583,0.126816,0.094675,0.133004,0.351939,-0.001653,0.028928,0.151831,0.044417,0.072319,0.231164
ARL,2017-01,2017-01-05,2017-01-06,83075960,37559.200000,0,37559.200000,0.045211,0.000000,1,1,0,0.000716,0,0,0.448276,0.517241,1.257713,0.084661,0.135353,0.345386,0.001659,0.042807,0.157873,0.039712,0.075488,0.229071
RVP,2017-01,2017-01-12,2017-01-13,27886477,1780000.000000,0,1780000.000000,6.383022,0.000000,1,1,0,0.198696,1,0,0.076643,0.246140,-0.239082,0.069769,0.159473,0.343907,-0.004296,0.047584,0.161256,0.037590,0.091495,0.243594
ADES,2017-01,2017-01-20,2017-01-24,209311440,2081439,2081439,0,0.994422,0.994422,1,1,1,0.267993,0,1,0.002770,0.080332,-0.062327,0.090432,0.168486,0.368607,0.034948,0.067412,0.185259,0.052653,0.097143,0.268418
ASRV,2017-01,2017-01-17,2017-01-24,70552500,690.849744,690.849744,0,0.000979,0.000979,1,1,1,0.001394,0,1,0.023729,0.006780,0.054237,0.090432,0.168486,0.368607,0.034948,0.067412,0.185259,0.052653,0.097143,0.268418
FLNT,2017-01,2017-01-26,2017-01-27,207183900,1002750.000000,156000.000000,846750.000000,0.483990,0.075295,4,3,1,5.000000,0,0,0.341772,0.126582,0.000000,0.083241,0.148918,0.364531,0.023969,0.049839,0.180924,0.044325,0.088346,0.267522
ED,2017-01,2017-01-31,2017-02-03,22684185000,15945.617200,15945.617200,0,0.000070,0.000070,8,7,8,0.008458,1,0,0.075553,0.115861,0.056243,0.096654,0.148463,0.269662,0.018423,0.031746,0.095238,0.049722,0.088759,0.173215
ARL,2017-02,2017-02-06,2017-02-06,105956400,37718.800000,0,37718.800000,0.035598,0.000000,1,1,0,0.000718,0,0,0.062319,0.223188,0.881159,0.097727,0.154394,0.301748,0.021878,0.041352,0.116765,0.051382,0.092721,0.198478
D,2017-02,2017-02-03,2017-02-07,45034770000,788840.000000,788840.000000,0,0.001752,0.001752,2,2,2,1.779359,0,1,0.081573,0.098515,0.058983,0.097540,0.148170,0.280196,0.025970,0.042617,0.122857,0.050418,0.090033,0.191986
KKR,2017-02,2017-02-06,2017-02-08,7926066429,49999992,0,49999992,0.630830,0.000000,2,1,0,,0,0,0.043561,0.069444,0.189394,0.096371,0.144810,0.224219,0.034103,0.035437,0.091804,0.050960,0.088547,0.145737
ASRV,2017-02,2017-02-15,2017-02-22,73374600,691.180176,691.180176,0,0.000942,0.000942,1,1,1,0.001332,0,1,0.085409,0.049822,0.124555,0.073374,0.098732,0.274438,-0.012177,-0.018145,0.103548,0.022804,0.044626,0.166708
NEE,2017-02,2017-02-24,2017-02-27,61223800000,497415.040000,497415.040000,0,0.000812,0.000812,1,1,1,0.181051,0,1,0.090482,0.177438,0.199765,0.085939,0.097152,0.302177,-0.022513,-0.011096,0.105813,0.022969,0.040991,0.179930
BRTX,2017-02,2017-02-09,2017-03-01,23336640,17446.500000,17446.500000,0,0.074760,0.074760,2,1,2,90.000000,0,0,-0.142857,-0.178571,-0.257143,0.077235,0.105823,0.262893,-0.025984,-0.007058,0.082685,0.011284,0.035450,0.138166
ARL,2017-03,2017-03-06,2017-03-06,107952680,37878.400000,0,37878.400000,0.035088,0.000000,1,1,0,0.000721,0,0,0.280228,0.140825,0.849218,0.099371,0.112109,0.301053,0.012180,0.017902,0.143464,0.030873,0.044697,0.170290
ED,2017-02,2017-02-28,2017-03-06,23504904000,15854.415300,15854.415300,0,0.000067,0.000067,8,7,8,0.004972,1,0,0.083681,0.110002,0.005627,0.099371,0.112109,0.301053,0.012180,0.017902,0.143464,0.030873,0.044697,0.170290
AAP,2017-03,2017-03-07,2017-03-07,11214126180,1002885.000000,1002885.000000,0,0.008943,0.008943,1,1,1,0.064080,1,0,-0.135794,-0.362998,-0.230148,0.096925,0.114019,0.306233,0.017856,0.024603,0.161112,0.030673,0.047871,0.173404
HASI,2017-03,2017-03-13,2017-03-13,889620814,62272.000000,62272.000000,0,0.007000,0.007000,2,2,2,0.016981,1,0,0.234242,0.276831,0.029813,0.060102,0.113716,0.316652,0.040390,0.039646,0.178327,0.027785,0.057669,0.186288
ACRE,2017-03,2017-03-14,2017-03-15,364970259,25047.428000,25047.428000,0,0.006863,0.006863,1,1,1,0.164209,0,1,0.056561,0.040724,0.054299,0.060121,0.113778,0.310384,0.028606,0.038169,0.154638,0.026632,0.056665,0.173300
ASRV,2017-03,2017-03-15,2017-03-21,70552500,690.949747,690.949747,0,0.000979,0.000979,1,1,1,0.001374,0,1,0.115523,0.079422,0.137184,0.076481,0.128754,0.296980,0.046551,0.077977,0.188808,0.044767,0.080036,0.179116
INFU,2017-03,2017-03-27,2017-03-28,49897236,249361.500000,249361.500000,0,0.499750,0.499750,2,1,2,0.161634,0,1,-0.227273,-0.045455,0.272727,0.051384,0.092976,0.204888,0.029840,0.072078,0.121177,0.030561,0.068933,0.125289
FLNT,2017-03,2017-03-28,2017-03-29,234090900,190520.000000,190520.000000,0,0.081387,0.081387,9,4,9,0.250000,1,0,0.109890,0.087912,-0.450549,0.061700,0.097785,0.221345,0.042185,0.089561,0.128862,0.038779,0.072109,0.138622
GLBZ,2017-03,2017-03-30,2017-03-31,33328693,6692.000000,6692.000000,0,0.020079,0.020079,1,1,1,0.186667,1,0,-0.112773,-0.067894,0.048331,0.042569,0.104209,0.184920,0.025065,0.085157,0.091362,0.030752,0.076267,0.113100
AUBN,2017-04,2017-04-04,2017-04-04,120616400,5594.713900,5594.713900,0,0.004638,0.004638,13,7,13,0.029586,0,0,0.105660,0.094340,0.181971,0.040759,0.106520,0.216014,0.046592,0.113837,0.134242,0.035990,0.084401,0.140669
ED,2017-03,2017-03-31,2017-04-06,23717364000,43641.392800,43641.392800,0,0.000184,0.000184,12,11,12,0.026351,1,0,0.026283,0.052566,0.028592,0.035014,0.122388,0.196531,0.030632,0.115738,0.123272,0.026715,0.092324,0.124245
ARL,2017-04,2017-04-06,2017-04-07,123737880,38031.350000,0,38031.350000,0.030735,0.000000,1,1,0,0.000723,0,0,0.047619,0.111529,1.472431,0.046735,0.124465,0.205505,0.041080,0.114626,0.125062,0.034410,0.092169,0.130905
GLBZ,2017-04,2017-04-12,2017-04-17,32531984,29066.450000,29066.450000,0,0.089347,0.089347,5,2,5,0.280482,1,0,-0.037170,-0.063549,0.092326,0.084420,0.137730,0.274245,0.054592,0.110595,0.175890,0.051853,0.099073,0.173896
ATOS,2017-04,2017-04-17,2017-04-18,4560433.200000,1580.000000,1580.000000,0,0.034646,0.034646,1,1,1,3.993610,0,1,-0.328125,-0.234375,-0.437500,0.093314,0.140944,0.278806,0.051593,0.107084,0.178749,0.055517,0.103124,0.178268
MERC,2017-04,2017-04-13,2017-04-19,743627978,200642.800000,200642.800000,0,0.026982,0.026982,4,1,4,1.428571,0,1,0.049008,0.187865,0.246208,0.097942,0.137719,0.264987,0.058357,0.108530,0.166474,0.063249,0.106290,0.173947
ASRV,2017-04,2017-04-17,2017-04-24,73391000,691.149744,691.149744,0,0.000942,0.000942,1,1,1,0.001341,0,1,0.003378,0.047297,0.030405,0.082103,0.106717,0.191361,0.031914,0.078775,0.125879,0.045776,0.090528,0.130064
ED,2017-04,2017-04-30,2017-05-04,24212112000,17928.547200,17928.547200,0,0.000074,0.000074,9,8,9,0.015742,1,0,0.053792,0.109700,0.030511,0.049203,0.113253,0.213447,0.014629,0.084038,0.142149,0.039369,0.089487,0.135490
ARL,2017-05,2017-05-05,2017-05-05,118310780,38190.950000,0,38190.950000,0.032280,0.000000,1,1,0,0.000726,0,0,0.106160,0.246396,1.410223,0.047243,0.119888,0.219099,0.013082,0.076395,0.144472,0.037189,0.088848,0.134864
ACRE,2017-05,2017-05-10,2017-05-11,372179398,575005.438000,575005.438000,0,0.154497,0.154497,4,3,4,0.277778,0,0,0.026374,0.030769,0.114286,0.022647,0.116854,0.236019,-0.009987,0.068204,0.171078,0.023281,0.089162,0.161660
HGBL,2017-05,2017-05-10,2017-05-11,11392000,8433.100000,8433.100000,0,0.074027,0.074027,1,1,1,0.103980,1,0,-0.128205,0.230769,0.230769,0.022647,0.116854,0.236019,-0.009987,0.068204,0.171078,0.023281,0.089162,0.161660
CHTR,2017-05,2017-05-11,2017-05-15,85522042367,391572.000000,391572.000000,0,0.000458,0.000458,1,1,1,0.146807,0,1,0.249198,0.070545,-0.158096,0.038078,0.112167,0.217821,0.004050,0.065122,0.164021,0.030985,0.085643,0.149731
GLBZ,2017-05,2017-05-10,2017-05-16,33732735,12084.000000,12084.000000,0,0.035823,0.035823,1,1,1,20.000000,0,1,-0.107955,-0.045455,0.029545,0.034409,0.103532,0.220798,-0.004615,0.061776,0.175694,0.031784,0.084084,0.155647
AIG,2017-05,2017-05-18,2017-05-19,56831859046,4918248.000000,4918248.000000,0,0.008654,0.008654,1,1,1,,1,0,0.007237,-0.008685,-0.077337,0.027357,0.122411,0.232303,-0.003878,0.098688,0.213219,0.023433,0.092713,0.169028
ASRV,2017-05,2017-05-15,2017-05-22,74320000,691.349634,691.349634,0,0.000930,0.000930,1,1,1,0.001266,0,1,-0.033223,0.059801,0.083056,0.017473,0.112193,0.220400,-0.011229,0.099254,0.196377,0.019067,0.089062,0.159925
HRI,2017-05,2017-05-22,2017-05-23,1022044886,178050.000000,178050.000000,0,0.017421,0.017421,1,1,1,0.147484,0,0,0.037500,0.589939,0.596646,0.032001,0.123105,0.229444,-0.003840,0.107099,0.194020,0.027454,0.093777,0.160582
ARES,2017-05,2017-05-23,2017-05-25,2262290771,39599827.944000,0,39599827.944000,1.750431,0.000000,5,1,0,0.865624,0,1,-0.001566,0.061081,0.242756,0.011939,0.113949,0.214372,-0.003671,0.104593,0.190748,0.014156,0.087566,0.147250
INFU,2017-05,2017-05-25,2017-05-26,34286000,71519.150000,62056.400000,9462.750000,0.208596,0.180996,5,2,3,0.028627,0,1,0.266667,0.533333,1.100000,0.008071,0.112016,0.206910,-0.000571,0.104864,0.189408,0.016694,0.087774,0.134268
AAP,2017-05,2017-05-31,2017-06-01,9868308240,49633478.415600,49633478.415600,0,0.502958,0.502958,29,5,29,0.757091,1,0,-0.285571,-0.262568,-0.061982,0.033571,0.099287,0.228464,0.009936,0.113256,0.194281,0.021950,0.099724,0.145810
INSM,2017-05,2017-05-31,2017-06-01,956725326,151382.000000,151382.000000,0,0.015823,0.015823,2,1,2,0.365000,0,0,-0.203846,0.999359,0.827564,0.033571,0.099287,0.228464,0.009936,0.113256,0.194281,0.021950,0.099724,0.145810
MERC,2017-05,2017-05-31,2017-06-01,756617113,1752766.659000,250123.009000,1502643.650000,0.231658,0.033058,23,1,5,0.338264,0,0,-0.053899,0.223624,0.418578,0.033571,0.099287,0.228464,0.009936,0.113256,0.194281,0.021950,0.099724,0.145810
AAP,2017-06,2017-06-02,2017-06-05,10176254400,49648.120000,49648.120000,0,0.000488,0.000488,2,1,2,0.086398,0,1,-0.286161,-0.231940,-0.039503,0.011586,0.070039,0.229575,0.005653,0.104345,0.207802,0.013410,0.093257,0.149078
ED,2017-05,2017-05-31,2017-06-06,25284066000,89712.740000,89712.740000,0,0.000355,0.000355,10,9,10,0.114673,1,0,0.026179,0.079040,-0.095989,0.015584,0.074938,0.241667,0.006629,0.094341,0.217704,0.016686,0.092845,0.162444
PR,2017-06,2017-06-06,2017-06-06,3587212223,601400.000000,601400.000000,0,0.016765,0.016765,4,2,4,0.953289,1,0,0.124629,0.251484,0.055638,0.015584,0.074938,0.241667,0.006629,0.094341,0.217704,0.016686,0.092845,0.162444
HASI,2017-06,2017-06-07,2017-06-08,1153592848,61339.750000,61339.750000,0,0.005317,0.005317,1,1,1,0.003271,1,0,0.031967,0.038221,-0.170257,0.016026,0.078127,0.225553,-0.008286,0.081029,0.197195,0.017595,0.093906,0.162959
INFU,2017-06,2017-06-07,2017-06-09,33180000,31313.500000,0,31313.500000,0.094375,0.000000,4,1,0,0.003757,0,1,0.290323,0.516129,1.032258,0.033026,0.110646,0.260330,-0.012603,0.076411,0.192850,0.017955,0.101553,0.166295
MPLX,2017-06,2017-06-12,2017-06-14,12441000000,249443.550000,249443.550000,0,0.002005,0.002005,5,1,5,,1,0,0.059197,0.170543,0.138125,0.050614,0.121732,0.281881,0.009297,0.081685,0.202861,0.029254,0.102911,0.163030
INVE,2017-06,2017-06-14,2017-06-15,66955530,55200.000000,55200.000000,0,0.082443,0.082443,1,1,1,0.237784,0,1,-0.103239,-0.384615,-0.137652,0.046194,0.122853,0.279530,0.013497,0.075234,0.209408,0.030924,0.100550,0.163773
GLPI,2017-06,2017-06-16,2017-06-19,7708814212,364400.000000,364400.000000,0,0.004727,0.004727,1,1,1,2.081599,0,1,0.034646,0.028477,0.016611,0.038496,0.134322,0.263122,0.019631,0.099905,0.209267,0.025771,0.107318,0.147150
ED,2017-06,2017-06-30,2017-07-06,24876395999,42281.692800,42281.692800,0,0.000170,0.000170,11,11,11,0.023363,1,0,0.025610,0.034262,0.023707,0.084418,0.181386,0.298932,0.082577,0.117118,0.224034,0.063902,0.140527,0.166404
MERC,2017-06,2017-06-21,2017-07-07,763111681,970197.718000,452095.956000,518101.762000,0.127137,0.059244,7,1,1,0.085384,0,0,0.088164,0.300725,0.631643,0.074260,0.180444,0.296576,0.070644,0.108671,0.219889,0.055838,0.140712,0.169320
AUBN,2017-07,2017-07-07,2017-07-11,132459400,5659.586000,5659.586000,0,0.004273,0.004273,20,7,20,0.017208,0,0,0.019029,0.078058,0.500583,0.063870,0.174116,0.279013,0.070825,0.110421,0.205704,0.056582,0.145090,0.164568
ASRV,2017-06,2017-06-15,2017-07-19,77107000,1383.300410,1383.300410,0,0.001794,0.001794,2,1,2,0.001218,0,1,0.030303,0.033670,0.097643,0.036228,0.156497,0.253523,0.047407,0.108247,0.196579,0.040481,0.143523,0.154842
MERC,2017-07,2017-07-18,2017-07-19,776435153,1757713.594000,1105496.896000,652216.698000,0.226383,0.142381,10,1,6,0.250000,0,0,0.132369,0.231368,0.522803,0.036228,0.156497,0.253523,0.047407,0.108247,0.196579,0.040481,0.143523,0.154842
ASRV,2017-07,2017-07-17,2017-07-20,70763000,691.149622,691.149622,0,0.000977,0.000977,1,1,1,0.001287,0,1,0.020202,0.033670,0.111111,0.031022,0.155110,0.251566,0.045032,0.099899,0.190900,0.040324,0.141134,0.153055
ANGO,2017-07,2017-07-24,2017-07-25,620239200,475406.000000,475406.000000,0,0.076649,0.076649,4,3,4,0.299927,1,0,0.024533,-0.042056,0.255841,0.027146,0.178916,0.276319,0.038017,0.117309,0.176973,0.042085,0.156576,0.169410
CABO,2017-07,2017-07-28,2017-08-01,4307144532,24316044.960000,0,24316044.960000,0.564551,0.000000,2,1,0,0.099443,0,0,-0.064850,-0.062101,-0.044310,0.062158,0.180184,0.243747,0.055258,0.115482,0.183352,0.044941,0.150826,0.156920
ED,2017-07,2017-07-31,2017-08-03,25504308000,15802.138800,15802.138800,0,0.000062,0.000062,8,8,8,0.014413,1,0,0.053054,-0.037155,-0.014728,0.061046,0.176397,0.266039,0.068408,0.131128,0.207065,0.048220,0.151742,0.169866
HRI,2017-08,2017-08-10,2017-08-11,1103700000,97550.000000,97550.000000,0,0.008838,0.008838,1,1,1,0.064264,0,0,0.401969,0.472855,0.312236,0.083882,0.103319,0.279231,0.076570,0.082139,0.235280,0.062497,0.082057,0.177216
CRWS,2017-08,2017-08-11,2017-08-15,56414400,57500.000000,57500.000000,0,0.101924,0.101924,2,1,2,0.041614,0,1,-0.073394,0.058104,-0.042813,0.066824,0.113512,0.254462,0.066699,0.087360,0.223524,0.050688,0.089988,0.164481
KKR,2017-08,2017-08-17,2017-08-17,8505812714,1001550.000000,1001550.000000,0,0.011775,0.011775,1,1,1,,0,1,0.093926,0.257984,0.452724,0.095911,0.177465,0.282922,0.097822,0.139402,0.262901,0.069150,0.134513,0.194576
TRST,2017-08,2017-08-16,2017-08-18,754385000,15720.000000,15720.000000,0,0.002084,0.002084,2,2,2,0.999001,0,0,0.163550,0.158416,0.222589,0.092523,0.173086,0.282684,0.102966,0.143555,0.266484,0.067694,0.136620,0.199052
INVE,2017-08,2017-08-24,2017-08-24,70027740,49000.000000,49000.000000,0,0.069972,0.069972,3,1,3,0.071485,0,1,-0.306584,-0.158436,0.255144,0.100806,0.163381,0.293011,0.108664,0.120537,0.272519,0.072385,0.119447,0.200415
RVP,2017-08,2017-08-23,2017-08-25,18338095,570100.000000,0,570100.000000,3.108829,0.000000,1,1,0,0.082880,1,0,0.081967,0.489508,0.180328,0.103113,0.189689,0.308964,0.105495,0.131951,0.270760,0.069913,0.134698,0.207104
ATEC,2017-08,2017-08-25,2017-08-28,27039720,31044.020000,31044.020000,0,0.114809,0.114809,5,3,5,0.172414,1,0,0.464646,0.686869,0.762626,0.099217,0.201716,0.306826,0.097488,0.134564,0.266526,0.069345,0.147817,0.207659
BKE,2017-08,2017-08-22,2017-08-29,682284700,2814.560000,2814.560000,0,0.000413,0.000413,1,1,1,0.004968,0,1,0.553719,0.563636,0.874380,0.097711,0.182196,0.316763,0.114453,0.117948,0.269956,0.078897,0.132137,0.212725
CLAR,2017-08,2017-08-25,2017-08-29,214668000,404539.750000,404539.750000,0,0.188449,0.188449,5,1,5,0.925633,0,1,0.053435,-0.074809,0.367939,0.097711,0.182196,0.316763,0.114453,0.117948,0.269956,0.078897,0.132137,0.212725
GLBZ,2017-08,2017-08-28,2017-08-29,29303211,2556.000000,2556.000000,0,0.008723,0.008723,1,1,1,0.066946,0,1,0.024480,0.115055,0.138311,0.097711,0.182196,0.316763,0.114453,0.117948,0.269956,0.078897,0.132137,0.212725
INFU,2017-08,2017-08-30,2017-08-30,43805253,259006.050000,71416.250000,187589.800000,0.591267,0.163031,13,4,4,1.083333,1,0,0.165803,0.165803,0.683938,0.066025,0.160987,0.299133,0.111057,0.093288,0.260803,0.073196,0.115430,0.202142
ASRV,2017-08,2017-08-30,2017-08-31,71314400,4541.449930,4541.449930,0,0.006368,0.006368,2,2,2,0.019985,1,0,0.105085,0.047458,0.186441,0.063581,0.129923,0.287022,0.102304,0.079827,0.253399,0.076104,0.092608,0.194979
AUBN,2017-08,2017-08-31,2017-09-01,130273000,97575.250000,97575.250000,0,0.074901,0.074901,2,2,2,0.333333,0,1,0.027767,0.008484,0.320478,0.060540,0.141890,0.283271,0.091625,0.090909,0.240754,0.072327,0.096653,0.191217
ED,2017-08,2017-08-31,2017-09-06,25938306000,15803.087000,15803.087000,0,0.000061,0.000061,8,8,8,0.013816,1,0,0.060900,-0.098654,0.002955,0.059947,0.168936,0.262846,0.079820,0.130870,0.238420,0.071485,0.115989,0.188965
INFU,2017-09,2017-09-11,2017-09-13,46649750,39964,0,39964,0.085668,0.000000,2,1,0,0.004987,0,1,0.095238,0.119048,0.595238,0.067692,0.177538,0.270478,0.071721,0.117777,0.216816,0.071563,0.111576,0.184289
INVE,2017-09,2017-09-13,2017-09-13,62535060,43700.000000,43700.000000,0,0.069881,0.069881,1,1,1,0.067745,0,1,-0.283410,-0.149770,0.465438,0.067692,0.177538,0.270478,0.071721,0.117777,0.216816,0.071563,0.111576,0.184289
EKSO,2017-09,2017-09-14,2017-09-18,42705569,73654.720000,73654.720000,0,0.172471,0.172471,4,4,4,2.822201,1,0,0.965812,0.290598,0.820513,0.092273,0.152356,0.263564,0.078728,0.096734,0.202042,0.079498,0.093114,0.180864
ASRV,2017-09,2017-09-15,2017-09-21,73520000,36511.299921,36511.299921,0,0.049662,0.049662,2,2,2,0.170924,0,1,0.081356,0.047458,0.135593,0.092890,0.131044,0.279111,0.074667,0.076301,0.200280,0.078456,0.066933,0.192214
AUBN,2017-09,2017-09-28,2017-10-02,128378119,535512.395600,5672.395600,529840.000000,0.417137,0.004419,14,8,13,0.026119,0,0,0.128767,0.082975,0.126810,0.090942,0.072157,0.285787,0.029805,-0.006466,0.110450,0.070647,0.029765,0.176641
HEI,2017-09,2017-09-29,2017-10-03,7585024875,1939419.007500,1710562.847500,228856.160000,0.025569,0.022552,19,10,17,0.714218,1,0,0.071390,0.242545,0.648292,0.088564,0.081880,0.284365,0.027590,0.005563,0.117778,0.068369,0.040750,0.174771
MERC,2017-09,2017-09-29,2017-10-03,769937788,2316532.500000,0,2316532.500000,0.300873,0.000000,2,1,0,0.833333,0,0,0.207547,0.057714,0.419534,0.088564,0.081880,0.284365,0.027590,0.005563,0.117778,0.068369,0.040750,0.174771
ED,2017-09,2017-09-30,2017-10-05,24833304000,42974.765000,42974.765000,0,0.000173,0.000173,11,11,11,0.022552,1,0,0.008436,-0.018559,-0.015860,0.089419,0.093445,0.231024,0.031906,0.027232,0.092602,0.072023,0.052691,0.150924
HEI,2017-10,2017-10-05,2017-10-06,7545437062,100185.764000,100185.764000,0,0.001328,0.001328,1,1,1,,0,1,0.077333,0.228444,0.568711,0.098844,0.064604,0.221879,0.035518,0.008174,0.091841,0.080385,0.030381,0.152219
MERC,2017-10,2017-10-10,2017-10-11,838500490,33000057.419100,33000057.419100,0,3.935604,3.935604,7,1,7,2.000000,0,1,0.111917,0.063212,0.358549,0.097809,0.086711,0.154447,0.037897,0.032686,0.038270,0.080404,0.043726,0.086779
ASRV,2017-10,2017-10-16,2017-10-19,71081400,691.250000,691.250000,0,0.000972,0.000972,1,1,1,0.001268,0,1,0.013201,0.019802,0.102310,0.120354,0.115995,0.175529,0.052502,0.053921,0.040030,0.096903,0.060872,0.099767
ARI,2017-10,2017-10-23,2017-10-31,1960481064,30794800.000000,0,30794800.000000,1.570778,0.000000,1,1,0,0.189267,0,0,0.038902,0.050343,0.146453,0.111119,0.073777,0.124704,0.057070,0.038545,0.017629,0.101331,0.039891,0.071680
CHTR,2017-10,2017-10-30,2017-10-31,78025284040,1003191.000000,1003191.000000,0,0.001286,0.001286,1,1,1,0.066217,1,0,0.126882,-0.163899,-0.041296,0.111119,0.073777,0.124704,0.057070,0.038545,0.017629,0.101331,0.039891,0.071680
GLPI,2017-10,2017-10-30,2017-10-31,7664194191,181150.000000,181150.000000,0,0.002364,0.002364,1,1,1,0.099520,0,1,0.007561,-0.024575,-0.008507,0.111119,0.073777,0.124704,0.057070,0.038545,0.017629,0.101331,0.039891,0.071680
RVP,2017-10,2017-10-31,2017-10-31,21857124,74823.915700,0,74823.915700,0.342332,0.000000,8,1,0,0.003051,1,0,0.120909,0.322672,0.031236,0.111119,0.073777,0.124704,0.057070,0.038545,0.017629,0.101331,0.039891,0.071680
ED,2017-10,2017-10-31,2017-11-06,26684105000,15802.181700,15802.181700,0,0.000059,0.000059,8,8,8,0.013400,1,0,-0.099568,-0.076554,-0.073038,0.030326,0.084913,0.115446,-0.002023,0.062050,0.052308,0.024857,0.040648,0.082312
HRI,2017-11,2017-11-10,2017-11-14,1547727000,76692.000000,76692.000000,0,0.004955,0.004955,1,1,1,0.685602,0,1,0.064661,0.064866,-0.302026,0.043764,0.098935,0.085799,0.019369,0.095852,0.034848,0.037404,0.061525,0.067567
CLAR,2017-11,2017-11-13,2017-11-15,217863500,79556.590000,79556.590000,0,0.036517,0.036517,2,2,2,0.462121,1,0,0.027864,-0.007740,0.563467,0.068352,0.111489,0.110031,0.041801,0.111698,0.053744,0.056654,0.071342,0.084111
ATOS,2017-11,2017-11-15,2017-11-16,10819670,3369.300000,3369.300000,0,0.031141,0.031141,2,1,2,0.162791,1,0,1.029412,-0.085784,-0.700980,0.074417,0.093210,0.092181,0.037875,0.100649,0.040969,0.061136,0.061446,0.077781
ASRV,2017-11,2017-11-15,2017-11-20,74726600,691.549870,691.549870,0,0.000925,0.000925,1,1,1,0.001221,0,1,-0.021944,0.034483,0.040752,0.076690,0.098739,0.042583,0.020877,0.096257,-0.011631,0.056115,0.068038,0.041266
FLNT,2017-11,2017-11-17,2017-11-20,236099400,184448.000000,102248.000000,82200.000000,0.078123,0.043307,8,3,7,0.961538,0,0,-0.268293,-0.329268,-0.160976,0.076690,0.098739,0.042583,0.020877,0.096257,-0.011631,0.056115,0.068038,0.041266
FARM,2017-11,2017-11-21,2017-11-22,551582026,192585.000000,192585.000000,0,0.034915,0.034915,4,3,4,4.000000,0,1,-0.042424,-0.146970,-0.264848,0.060866,0.093342,0.030501,0.012709,0.079947,-0.007758,0.044912,0.062012,0.031954
INFU,2017-11,2017-11-28,2017-11-29,53072282,223833.472900,223833.472900,0,0.421752,0.421752,10,1,10,0.030804,0,1,0.000000,0.400000,0.515556,0.089080,0.110162,0.101343,-0.015993,0.076330,0.002254,0.039353,0.047198,0.062015
RVP,2017-11,2017-11-30,2017-11-30,21040463,41400.285600,0,41400.285600,0.196765,0.000000,21,1,0,0.000948,1,0,0.406250,0.359375,0.039062,0.062376,0.100225,0.100020,-0.020390,0.065815,0.005660,0.015337,0.031754,0.059187
HGBL,2017-12,2017-12-04,2017-12-04,11392000,8251.000000,8251.000000,0,0.072428,0.072428,1,1,1,0.014506,1,0,0.275000,0.175000,0.275000,0.101270,0.145554,0.093566,0.011994,0.086953,-0.020404,0.035759,0.050280,0.041871
ED,2017-11,2017-11-30,2017-12-05,27611304000,15802.293000,15802.293000,0,0.000057,0.000057,8,8,8,0.012640,1,0,-0.138414,-0.143390,-0.037792,0.105300,0.148377,0.100583,0.033316,0.104750,-0.012632,0.042152,0.054855,0.044023
CAR,2017-12,2017-12-08,2017-12-12,3297528000,141960000.000000,0,141960000.000000,4.305043,0.000000,1,1,0,0.411765,0,0,0.163839,0.029628,-0.381869,0.105188,0.133510,0.068287,0.054164,0.117047,-0.028301,0.042571,0.055103,0.013261
AAME,2017-12,2017-12-12,2017-12-14,65668332,33400.000000,0,33400.000000,0.050862,0.000000,1,1,0,0.010936,0,0,-0.028125,-0.200000,-0.290625,0.102679,0.143547,0.041276,0.049320,0.124415,-0.051623,0.040467,0.058826,-0.001595
INFU,2017-12,2017-12-13,2017-12-14,52395695,204781.650000,0,204781.650000,0.390837,0.000000,8,1,0,0.007813,0,1,0.020833,0.270833,0.420833,0.102679,0.143547,0.041276,0.049320,0.124415,-0.051623,0.040467,0.058826,-0.001595
ADES,2017-12,2017-12-14,2017-12-15,205430040,2593144.539000,2593144.539000,0,1.262301,1.262301,2,1,2,0.238285,0,1,0.132678,0.187961,0.121622,0.087071,0.126740,0.006253,0.040425,0.108971,-0.085829,0.032994,0.048679,-0.029319
FLNT,2017-12,2017-12-15,2017-12-18,230122200,159288.000000,119788.000000,39500.000000,0.069219,0.052054,10,4,9,0.686275,1,0,-0.120253,-0.265823,-0.101266,0.055007,0.116749,0.004201,0.016692,0.099357,-0.099068,0.012614,0.039964,-0.036439
ASRV,2017-12,2017-12-15,2017-12-22,76549200,691.749817,691.749817,0,0.000904,0.000904,1,1,1,0.001184,0,1,-0.031746,0.009524,-0.012698,0.008805,0.118228,-0.080454,-0.018271,0.098028,-0.168431,-0.031508,0.035766,-0.107341
RVP,2017-12,2017-12-28,2018-01-02,21700325,21252.319400,0,21252.319400,0.097935,0.000000,11,1,0,0.000892,1,0,0.279412,0.126176,-0.125000,-0.006140,0.081759,-0.014483,-0.021436,0.078311,-0.114543,-0.025852,0.016528,-0.051449
ED,2017-12,2017-12-31,2018-01-04,26342995000,42719.066000,42719.066000,0,0.000162,0.000162,11,11,11,0.023092,1,0,-0.026769,-0.016396,-0.029279,0.003695,0.082674,-0.017221,-0.004530,0.086503,-0.101244,-0.018033,0.014091,-0.053093
MERC,2018-01,2018-01-08,2018-01-08,920461391,14308.000000,0,14308.000000,0.001554,0.000000,1,1,0,0.000972,0,0,-0.072423,0.254410,-0.210771,-0.028112,0.094163,-0.010282,-0.026725,0.098660,-0.074801,-0.043330,0.023204,-0.044785
MERC,2017-12,2017-12-29,2018-01-08,929500543,1967144.995800,0,1967144.995800,0.211635,0.000000,13,1,0,9.000000,0,0,-0.072423,0.254410,-0.210771,-0.028112,0.094163,-0.010282,-0.026725,0.098660,-0.074801,-0.043330,0.023204,-0.044785
AUBN,2018-01,2018-01-11,2018-01-12,137706760,5760.783000,5760.783000,0,0.004183,0.004183,13,7,13,0.023551,0,0,0.066787,0.367148,-0.068231,-0.017427,0.096007,-0.023535,-0.024370,0.064892,-0.089824,-0.042092,0.014591,-0.056191
ASRV,2018-01,2018-01-29,2018-01-29,75027850,10941.549870,10941.549870,0,0.014583,0.014583,2,2,2,0.048597,1,0,-0.009524,0.069841,0.019048,-0.052360,0.033331,-0.042099,-0.031705,0.040803,-0.067749,-0.067139,-0.008242,-0.057136
TRST,2018-01,2018-01-26,2018-01-31,847924000,35200.000000,35200.000000,0,0.004151,0.004151,2,1,2,0.009874,0,1,0.013761,0.080603,-0.068152,-0.043209,0.049516,0.001124,-0.008667,0.066420,-0.035306,-0.062588,0.004808,-0.024284
RVP,2018-01,2018-01-31,2018-02-02,23888977,14147.876700,0,14147.876700,0.059223,0.000000,7,1,0,0.000552,1,0,0.100413,-0.037264,-0.124672,0.003149,0.098124,0.038620,0.014730,0.088093,-0.006860,-0.030352,0.038333,0.006079
ED,2018-01,2018-01-31,2018-02-05,24943744000,16115.454000,16115.454000,0,0.000065,0.000065,8,8,8,0.015166,1,0,0.025559,0.042599,0.043663,0.052980,0.149843,0.090775,0.064204,0.137944,0.033866,0.015407,0.087653,0.054421
ARES,2018-02,2018-02-09,2018-02-13,2762185173,7682915.400000,0,7682915.400000,0.278146,0.000000,1,1,0,0.053682,0,1,-0.018519,-0.019116,0.002389,0.052858,0.140558,0.079950,0.075030,0.139512,0.045631,0.023252,0.076393,0.053441
GLPI,2018-02,2018-02-13,2018-02-13,7190524404,4138200.000000,4138200.000000,0,0.057551,0.057551,3,2,3,0.205233,1,0,0.047017,0.077351,0.207786,0.052858,0.140558,0.079950,0.075030,0.139512,0.045631,0.023252,0.076393,0.053441
KKR,2018-02,2018-02-09,2018-02-13,10334465517,41761000.000000,0,41761000.000000,0.404094,0.000000,8,1,0,0.010267,0,0,0.032122,0.223275,0.141654,0.052858,0.140558,0.079950,0.075030,0.139512,0.045631,0.023252,0.076393,0.053441
FARM,2018-02,2018-02-14,2018-02-15,499847473,45385.600000,45385.600000,0,0.009080,0.009080,2,1,2,0.083333,0,1,-0.122750,-0.050736,-0.203601,0.017491,0.089307,0.046473,0.060483,0.103664,0.034676,0.000292,0.049270,0.035211
FLNT,2018-02,2018-02-15,2018-02-16,218190900,412400.000000,63200.000000,349200.000000,0.189009,0.028965,4,4,2,0.042468,0,0,-0.125000,-0.265625,0.456250,0.016800,0.094453,0.053222,0.058095,0.104455,0.033828,-0.002502,0.052634,0.036702
ASRV,2018-02,2018-02-15,2018-02-20,74123900,691.549870,691.549870,0,0.000933,0.000933,1,1,1,0.001212,0,1,0.044872,0.108974,0.041667,0.019135,0.095290,0.050941,0.066097,0.129492,0.047254,0.008478,0.064045,0.045327
HASI,2018-02,2018-02-23,2018-02-26,970613780,284100.000000,284100.000000,0,0.029270,0.029270,1,1,1,0.027568,1,0,0.005728,0.172668,0.423895,-0.006766,0.085915,0.028059,0.044503,0.115307,0.025727,-0.028076,0.051603,0.024223
OGE,2018-02,2018-02-26,2018-02-28,6446316000,63161.950000,63161.950000,0,0.000980,0.000980,2,2,2,0.075758,0,0,0.131531,0.202566,0.410632,0.019357,0.121015,0.044534,0.093824,0.154181,0.055260,0.007547,0.082142,0.045369
D,2018-02,2018-02-28,2018-03-02,48385986994,199998.002555,199998.002555,0,0.000413,0.000413,1,1,1,,0,1,-0.114445,-0.010928,0.089609,0.042312,0.128656,0.059644,0.077865,0.142461,0.041557,0.020912,0.088092,0.058121
RVP,2018-02,2018-02-28,2018-03-02,29461874,21027.948600,0,21027.948600,0.071373,0.000000,7,1,0,0.000873,1,0,-0.011364,-0.181818,-0.159091,0.042312,0.128656,0.059644,0.077865,0.142461,0.041557,0.020912,0.088092,0.058121
ED,2018-02,2018-02-28,2018-03-05,23245856000,16114.467600,16114.467600,0,0.000069,0.000069,8,8,8,0.015712,1,0,-0.005704,0.065062,0.131016,0.040212,0.111559,0.048910,0.074071,0.127331,0.027605,0.014019,0.073820,0.044610
ACRE,2018-03,2018-03-07,2018-03-09,351923537,156700.931500,156700.931500,0,0.044527,0.044527,1,1,1,4.926385,0,1,0.146608,0.229759,0.345733,0.009041,0.049847,0.017654,0.050255,0.079541,-0.017474,0.001552,0.040069,0.017441
BLNK,2018-02,2018-02-16,2018-03-14,25585440,60.995000,60.995000,0,0.000238,0.000238,5,5,5,14.761006,1,0,1.129825,0.070175,0.017544,0.025755,0.067529,0.038078,0.060572,0.088322,-0.009579,0.013985,0.059167,0.040713
INFU,2018-03,2018-03-16,2018-03-16,54718130,48000.000000,0,48000.000000,0.087722,0.000000,1,1,0,0.006378,0,1,0.270833,0.375000,0.829167,0.036492,0.079911,0.054181,0.065883,0.092490,-0.001197,0.015184,0.065577,0.049607
ASRV,2018-03,2018-03-15,2018-03-21,75027850,691.649790,691.649790,0,0.000922,0.000922,1,1,1,0.001193,0,1,0.022222,0.063492,0.006349,0.064220,0.096931,0.103322,0.084111,0.086019,0.002545,0.025087,0.081722,0.073331
AAP,2018-03,2018-03-21,2018-03-23,8525339960,1000252.800000,1000252.800000,0,0.011733,0.011733,1,1,1,0.068332,1,0,0.253278,0.520805,0.516056,0.108468,0.161503,0.134186,0.118464,0.139734,0.013959,0.069463,0.141739,0.102348
RVP,2018-03,2018-03-26,2018-03-28,32666454,46304.230000,0,46304.230000,0.141749,0.000000,12,1,0,0.000712,1,0,-0.272277,-0.287129,-0.366337,0.081666,0.176494,0.143788,0.086921,0.124889,0.027868,0.041305,0.125748,0.101340
FLNT,2018-03,2018-03-29,2018-04-02,178845000,613579.000000,0,613579.000000,0.343079,0.000000,4,2,0,0.016222,1,0,0.085106,-0.119149,1.382979,0.113616,0.201969,0.185263,0.113189,0.129872,0.054911,0.060630,0.143291,0.132232
HGBL,2018-03,2018-03-29,2018-04-02,11392000,50163.073000,50163.073000,0,0.440336,0.440336,3,1,3,0.258588,1,0,0.275000,0.575000,0.325000,0.113616,0.201969,0.185263,0.113189,0.129872,0.054911,0.060630,0.143291,0.132232
ED,2018-03,2018-03-31,2018-04-05,24192576000,44348.902800,44348.902800,0,0.000183,0.000183,10,10,10,0.025835,1,0,0.010658,-0.011002,0.115523,0.078688,0.139758,0.159479,0.091448,0.073317,0.038500,0.032714,0.099466,0.107410
AUBN,2018-04,2018-04-13,2018-04-16,145577800,5832.849000,5832.849000,0,0.004007,0.004007,13,7,13,0.021164,0,0,0.274351,0.016852,-0.043141,0.104378,0.063328,0.156989,0.077318,-0.001498,0.026534,0.049610,0.035732,0.106476
RVP,2018-04,2018-04-18,2018-04-18,28478614,57762.448800,0,57762.448800,0.202827,0.000000,10,1,0,0.001399,1,0,-0.045977,-0.201149,-0.206897,0.083376,0.069416,0.135660,0.070509,0.009289,0.000493,0.044097,0.046572,0.093396
ASRV,2018-04,2018-04-16,2018-04-23,73955800,691.549938,691.549938,0,0.000935,0.000935,1,1,1,0.001201,0,1,0.067961,0.067961,0.019417,0.111553,0.078544,0.185792,0.090040,-0.008562,0.026969,0.055837,0.040984,0.120015
TRST,2018-04,2018-04-27,2018-04-30,839115000,17352.000000,17352.000000,0,0.002068,0.002068,1,1,1,0.999500,0,0,0.066362,-0.108532,-0.033671,0.090426,0.018308,0.188004,0.074883,-0.037369,0.045175,0.063135,0.006562,0.133176
ED,2018-04,2018-04-30,2018-05-04,24904404000,16115.383000,16115.383000,0,0.000065,0.000065,8,8,8,0.014869,1,0,0.007530,-0.041931,0.118603,0.094677,0.031452,0.162129,0.072298,-0.004910,0.044688,0.070835,0.031302,0.122095
AIG,2018-05,2018-05-04,2018-05-07,47725906385,507629.417000,507629.417000,0,0.001064,0.001064,4,2,4,0.367521,0,0,0.008605,-0.161628,-0.029070,0.091989,0.020456,0.130106,0.069292,-0.014042,0.015453,0.071149,0.033492,0.099668
BRTX,2018-05,2018-05-09,2018-05-10,18309960,14000.000000,14000.000000,0,0.076461,0.076461,1,1,1,0.065906,0,1,-0.080000,-0.600000,-0.858218,0.074777,0.032626,0.100181,0.056891,-0.009794,-0.006113,0.052675,0.040539,0.079701
D,2018-05,2018-05-10,2018-05-11,41685420310,253752.000000,253752.000000,0,0.000609,0.000609,1,1,1,0.222222,1,0,0.107103,0.144957,0.226676,0.067556,0.016203,0.063006,0.052000,-0.029952,-0.039590,0.042410,0.027192,0.049312
AMPY,2018-05,2018-05-14,2018-05-16,275663110,466734.000000,466734.000000,0,0.169313,0.169313,4,2,4,100.000000,1,0,-0.136564,-0.351322,-0.341410,0.062934,-0.018499,0.103869,0.035879,-0.065422,-0.024861,0.039672,0.001459,0.077301
FLNT,2018-05,2018-05-16,2018-05-17,203314800,406454.014000,190256.000000,216198.014000,0.199914,0.093577,10,4,5,0.078947,1,0,-0.113208,0.373585,1.128302,0.070582,0.002572,0.096869,0.040718,-0.056485,-0.042912,0.048964,0.012762,0.071235
NOG,2018-05,2018-05-15,2018-05-17,433469400,12000000.000000,12000000.000000,0,2.768362,2.768362,1,1,1,1.113088,0,1,0.158254,0.166667,-0.087277,0.070582,0.002572,0.096869,0.040718,-0.056485,-0.042912,0.048964,0.012762,0.071235
ASRV,2018-05,2018-05-15,2018-05-21,75398840,691.799788,691.799788,0,0.000918,0.000918,1,1,1,0.001121,0,1,0.048485,0.006061,-0.006061,0.069359,-0.033802,0.089113,0.039856,-0.080664,-0.044277,0.049718,-0.006682,0.068435
INFU,2018-05,2018-05-22,2018-05-22,68110245,440913.711200,294511.211200,146402.500000,0.647353,0.432404,19,2,12,0.038821,0,0,0.033333,0.126667,0.633333,0.074725,-0.049859,0.085714,0.059464,-0.091868,-0.045420,0.055100,-0.022348,0.068126
EKSO,2018-05,2018-05-23,2018-05-25,92749900,301550.000000,301550.000000,0,0.325122,0.325122,2,1,2,0.497946,0,1,0.664474,0.276316,-0.046053,0.077469,-0.058179,0.054881,0.064748,-0.079890,-0.063720,0.061153,-0.023969,0.049356
HASI,2018-05,2018-05-25,2018-05-29,957743055,165275.900000,165275.900000,0,0.017257,0.017257,5,1,5,0.085526,1,0,0.162734,0.303499,0.512612,0.094875,-0.028875,0.050812,0.068748,-0.074374,-0.070257,0.082529,0.006705,0.054485
DY,2018-05,2018-05-30,2018-05-30,2964602300,189620.000000,189620.000000,0,0.006396,0.006396,1,1,1,1.034126,0,1,-0.145684,-0.355789,-0.447895,0.099727,-0.004716,0.047785,0.055180,-0.066324,-0.087262,0.074036,0.016355,0.043448
PR,2018-05,2018-05-25,2018-05-30,4731800580,79896.600000,79896.600000,0,0.001689,0.001689,1,1,1,0.051901,0,0,0.025450,-0.150838,-0.564867,0.099727,-0.004716,0.047785,0.055180,-0.066324,-0.087262,0.074036,0.016355,0.043448
RVP,2018-05,2018-05-30,2018-05-30,28289149,26989.526000,0,26989.526000,0.095406,0.000000,14,1,0,0.000499,1,0,-0.168591,-0.237875,-0.243649,0.099727,-0.004716,0.047785,0.055180,-0.066324,-0.087262,0.074036,0.016355,0.043448
ARDX,2018-05,2018-05-30,2018-06-01,53352727,40000,40000,0,0.074973,0.074973,1,1,1,0.666667,0,1,0.080000,-0.320000,-0.350000,0.082839,-0.015651,-0.006603,0.059930,-0.062568,-0.095576,0.065804,0.016586,0.023013
PR,2018-06,2018-06-04,2018-06-05,4309789380,503554.500000,503554.500000,0,0.011684,0.011684,4,1,4,0.138535,1,0,0.162807,-0.028070,-0.540351,0.065297,-0.048324,0.016672,0.043129,-0.104313,-0.082581,0.058188,-0.008743,0.048538
ED,2018-05,2018-05-31,2018-06-07,23847684000,16113.501600,16113.501600,0,0.000068,0.000068,8,8,8,0.014883,1,0,0.127931,0.142145,0.258261,0.044560,-0.039414,0.046921,0.031507,-0.107803,-0.080035,0.043560,-0.018365,0.057180
GLPI,2018-06,2018-06-08,2018-06-11,7526720085,211920.000000,211920.000000,0,0.002816,0.002816,2,1,2,0.050024,0,1,0.026079,0.017544,0.238028,0.041179,-0.063942,0.057662,0.027577,-0.133564,-0.081534,0.038894,-0.043455,0.057262
HASI,2018-06,2018-06-11,2018-06-11,934319991,263962.148500,263962.148500,0,0.028252,0.028252,5,3,5,0.214767,1,0,0.202850,0.335289,0.569992,0.041179,-0.063942,0.057662,0.027577,-0.133564,-0.081534,0.038894,-0.043455,0.057262
INFU,2018-06,2018-06-14,2018-06-14,69245415,502998.000000,0,502998.000000,0.726399,0.000000,5,1,0,0.041066,0,0,0.098361,0.124590,0.491803,0.041268,-0.066659,0.037343,0.021007,-0.143612,-0.084357,0.048069,-0.039318,0.057919
CRWS,2018-06,2018-06-15,2018-06-18,57902500,28500.000000,28500.000000,0,0.049221,0.049221,1,1,1,0.039952,0,1,0.042345,0.055375,-0.162866,0.027405,-0.106454,0.063049,0.009334,-0.179506,-0.071973,0.046188,-0.072487,0.072977
FLNT,2018-06,2018-06-14,2018-06-18,234594000,1900000.000000,0,1900000.000000,0.809910,0.000000,3,2,0,0.078106,1,0,-0.293103,0.182759,0.886207,0.027405,-0.106454,0.063049,0.009334,-0.179506,-0.071973,0.046188,-0.072487,0.072977
ASRV,2018-06,2018-06-15,2018-06-19,76120360,691.899580,691.899580,0,0.000909,0.000909,1,1,1,0.001102,0,1,0.066038,-0.025157,0.028302,0.038860,-0.098198,0.070116,0.013539,-0.180546,-0.068748,0.055918,-0.069897,0.079531
RVP,2018-06,2018-06-29,2018-07-02,24058843,53378.772700,0,53378.772700,0.221868,0.000000,16,1,0,0.000703,1,0,-0.006488,-0.195729,-0.026764,0.079339,-0.103122,0.109160,0.014987,-0.180175,-0.044153,0.077936,-0.071164,0.111960
ADES,2018-06,2018-06-29,2018-07-03,227904320,527286.078100,527286.078100,0,0.231363,0.231363,2,1,2,0.020677,0,1,0.066734,-0.026289,0.240647,0.089524,-0.088968,0.130615,0.000000,-0.178849,-0.041165,0.081131,-0.066872,0.124823
ED,2018-06,2018-06-30,2018-07-06,24236184000,45141.479720,45141.479720,0,0.000186,0.000186,10,10,10,0.025921,1,0,-0.014030,-0.019270,0.159229,0.027724,-0.106157,0.089774,-0.033666,-0.179748,-0.066347,0.049783,-0.074100,0.099032
INFU,2018-07,2018-07-03,2018-07-06,74421676,20811.000000,20811.000000,0,0.027964,0.027964,1,1,1,0.297300,0,1,-0.098592,-0.036620,0.287324,0.027724,-0.106157,0.089774,-0.033666,-0.179748,-0.066347,0.049783,-0.074100,0.099032
LAB,2018-06,2018-06-22,2018-07-06,221147010,1375371.078600,0,1375371.078600,0.621926,0.000000,13,1,0,0.012573,0,0,0.256623,0.448675,0.857616,0.027724,-0.106157,0.089774,-0.033666,-0.179748,-0.066347,0.049783,-0.074100,0.099032
AUBN,2018-07,2018-07-17,2018-07-18,185115200,5939.674500,5939.674500,0,0.003209,0.003209,13,7,13,0.017271,0,0,-0.194547,-0.306511,-0.262043,-0.012885,-0.093417,0.078775,-0.057188,-0.134490,-0.067705,0.002371,-0.061764,0.084308
RVP,2018-07,2018-07-18,2018-07-18,27129490,67946.850600,0,67946.850600,0.250454,0.000000,9,1,0,0.001551,1,0,-0.162651,-0.120482,-0.156627,-0.012885,-0.093417,0.078775,-0.057188,-0.134490,-0.067705,0.002371,-0.061764,0.084308
ASRV,2018-07,2018-07-16,2018-07-25,74384600,691.649672,691.649672,0,0.000930,0.000930,1,1,1,0.001130,0,1,0.012270,-0.024540,-0.012270,-0.094011,-0.108882,0.066517,-0.126368,-0.131575,-0.061107,-0.061598,-0.062910,0.077226
LAB,2018-07,2018-07-31,2018-08-02,251104000,141006.237900,0,141006.237900,0.056155,0.000000,6,1,0,0.001700,0,0,0.111455,0.339009,0.246130,-0.039857,-0.058875,0.052712,-0.078297,-0.101971,-0.074990,-0.027037,-0.034196,0.056753
ED,2018-07,2018-07-31,2018-08-03,24555123000,16114.293810,16114.293810,0,0.000066,0.000066,8,8,8,0.014068,1,0,-0.049091,-0.012910,0.120605,-0.057756,-0.065773,0.012347,-0.072002,-0.098082,-0.099608,-0.036918,-0.037834,0.020629
ARES,2018-08,2018-08-13,2018-08-15,3147585823,159054.000000,159054.000000,0,0.005053,0.005053,1,1,1,0.021106,1,0,0.071792,0.066074,0.362770,-0.076611,-0.041392,0.027399,-0.097793,-0.070735,-0.113283,-0.036755,-0.013948,0.030182
AXGN,2018-08,2018-08-14,2018-08-16,1418909250,184450.000000,184450.000000,0,0.012999,0.012999,1,1,1,0.375009,0,1,-0.078492,-0.499441,-0.572067,-0.063526,-0.043366,0.040495,-0.093400,-0.077197,-0.102490,-0.034512,-0.024015,0.037016
AAP,2018-08,2018-08-17,2018-08-17,11801391360,199625.000000,199625.000000,0,0.001692,0.001692,1,1,1,,0,1,0.122404,0.065105,-0.145037,-0.067026,-0.039548,0.056773,-0.095101,-0.066505,-0.097331,-0.035382,-0.016839,0.045842
ECOR,2018-08,2018-08-17,2018-08-20,396791906,50919.400000,50919.400000,0,0.012833,0.012833,1,1,1,0.277507,0,1,-0.537906,-0.503971,-0.877641,-0.096470,-0.036770,0.049554,-0.115900,-0.066518,-0.105697,-0.053728,-0.017277,0.035582
ASRV,2018-08,2018-08-15,2018-08-22,81554200,5142.349840,5142.349840,0,0.006305,0.006305,2,2,2,0.014779,0,1,-0.049563,-0.052478,-0.043732,-0.112676,-0.044232,0.047492,-0.132942,-0.075082,-0.112817,-0.069698,-0.017010,0.041874
D,2018-08,2018-08-28,2018-08-29,46406750000,711500.000000,711500.000000,0,0.001533,0.001533,1,1,1,1.334303,0,1,0.042557,0.068731,0.145455,-0.094972,-0.066080,0.015067,-0.115151,-0.082571,-0.125008,-0.053704,-0.032161,0.023675
FLNT,2018-08,2018-08-30,2018-08-31,183765300,345447.990000,0,345447.990000,0.187983,0.000000,5,2,0,0.014283,1,0,0.475000,1.183333,0.187500,-0.090955,-0.061258,0.003331,-0.115571,-0.079962,-0.141991,-0.046180,-0.024004,0.021320
INFU,2018-08,2018-08-30,2018-08-31,67186236,257168.770000,28343.800000,228824.970000,0.382770,0.042187,5,3,3,0.612903,0,1,0.023881,0.208955,0.501493,-0.090955,-0.061258,0.003331,-0.115571,-0.079962,-0.141991,-0.046180,-0.024004,0.021320
KKR,2018-08,2018-08-31,2018-08-31,13698264781,3736392.460000,0,3736392.460000,0.027276,0.000000,13,1,0,0.008461,0,0,-0.116709,-0.125945,-0.011335,-0.090955,-0.061258,0.003331,-0.115571,-0.079962,-0.141991,-0.046180,-0.024004,0.021320
RVP,2018-08,2018-08-30,2018-08-31,24039243,24631.688200,0,24631.688200,0.102464,0.000000,9,1,0,0.000765,1,0,-0.076389,0.023611,0.120833,-0.090955,-0.061258,0.003331,-0.115571,-0.079962,-0.141991,-0.046180,-0.024004,0.021320
LAB,2018-08,2018-08-30,2018-09-04,313487650,173347.873200,0,173347.873200,0.055297,0.000000,5,1,0,0.002185,0,0,0.022699,0.427491,-0.308953,-0.106657,-0.056362,0.022227,-0.141346,-0.088462,-0.131218,-0.063250,-0.027202,0.034684
ASRV,2018-09,2018-09-06,2018-09-06,80658000,8900.000000,8900.000000,0,0.011034,0.011034,1,1,1,0.034710,1,0,-0.086705,-0.063584,-0.063584,-0.080392,-0.052686,0.063004,-0.135055,-0.105740,-0.110723,-0.059340,-0.035706,0.054793
ED,2018-08,2018-08-31,2018-09-07,24555123000,16113.762000,16113.762000,0,0.000066,0.000066,8,8,8,0.013699,1,0,0.039075,0.066345,0.169937,-0.107297,-0.050390,0.064878,-0.153253,-0.105536,-0.098349,-0.079367,-0.035737,0.057414
HEI,2018-07,2018-07-31,2018-09-10,10150031220,82550.000000,82550.000000,0,0.000813,0.000813,4,1,4,0.332992,0,1,-0.122319,-0.014626,0.370314,-0.100963,-0.033925,0.058281,-0.156816,-0.090986,-0.087946,-0.079266,-0.023482,0.055314
BKE,2018-09,2018-09-07,2018-09-11,1086108550,2239.020000,2239.020000,0,0.000206,0.000206,1,1,1,0.002378,0,1,-0.173282,-0.121007,0.013553,-0.104909,-0.036082,0.060022,-0.159070,-0.092059,-0.070820,-0.082054,-0.023014,0.059313
CVV,2018-09,2018-09-10,2018-09-11,39788134,31250.000000,0,31250.000000,0.078541,0.000000,2,1,0,0.005977,1,0,-0.330081,-0.336585,-0.417886,-0.104909,-0.036082,0.060022,-0.159070,-0.092059,-0.070820,-0.082054,-0.023014,0.059313
FLNT,2018-09,2018-09-12,2018-09-13,156396000,51732.080000,0,51732.080000,0.033078,0.000000,2,1,0,0.004213,0,0,0.829268,1.590244,0.400000,-0.103649,-0.037862,0.052538,-0.161232,-0.090192,-0.066964,-0.083379,-0.023184,0.055806
HGBL,2018-09,2018-09-14,2018-09-14,20057100,10500.000000,10500.000000,0,0.052351,0.052351,1,1,1,0.009618,1,0,-0.314286,-0.214286,0.000000,-0.122967,-0.026117,0.050859,-0.177373,-0.091553,-0.067393,-0.100485,-0.018521,0.052339
INFU,2018-09,2018-09-14,2018-09-14,68219870,283707.940000,0,283707.940000,0.415873,0.000000,8,1,0,0.006044,0,1,0.033333,0.278788,0.618182,-0.122967,-0.026117,0.050859,-0.177373,-0.091553,-0.067393,-0.100485,-0.018521,0.052339
LAB,2018-09,2018-09-27,2018-10-01,295439550,25887.334200,0,25887.334200,0.008762,0.000000,6,1,0,0.000260,0,0,0.141722,0.753642,-0.417219,-0.169049,-0.017628,0.014860,-0.192280,-0.063895,-0.096206,-0.138320,-0.010136,0.025167
RVP,2018-09,2018-09-28,2018-10-02,23555779,28947.000600,0,28947.000600,0.122887,0.000000,13,1,0,0.000856,1,0,-0.191686,-0.184893,0.385681,-0.163826,-0.011665,-0.000340,-0.178849,-0.056158,-0.093240,-0.136896,-0.009101,0.007635
BNGO,2018-08,2018-08-23,2018-10-03,49392840,285169.805000,101419.805000,183750.000000,0.577350,0.205333,6,5,4,0.016149,1,0,-0.283747,-0.384296,-0.906363,-0.164725,-0.007014,0.009560,-0.185986,-0.059518,-0.098135,-0.137362,-0.008055,0.015340
ED,2018-09,2018-09-30,2018-10-03,23702709000,45961.773880,45961.773880,0,0.000194,0.000194,10,10,10,0.023286,1,0,-0.003674,0.130336,0.266795,-0.164725,-0.007014,0.009560,-0.185986,-0.059518,-0.098135,-0.137362,-0.008055,0.015340
HEI,2018-10,2018-10-09,2018-10-11,11614655340,1735890.493700,1620246.790400,115643.703300,0.014946,0.013950,15,9,14,0.001416,1,0,-0.051201,0.206388,0.480312,-0.046269,0.096136,0.136885,-0.061527,0.029186,-0.008964,-0.043291,0.069812,0.110212
AUBN,2018-10,2018-10-16,2018-10-18,148966720,5964.115900,5964.115900,0,0.004004,0.004004,13,7,13,0.022034,0,0,-0.163390,-0.130519,0.099903,-0.052417,0.087099,0.116740,-0.056057,0.010160,-0.002487,-0.043077,0.060039,0.099455
ASRV,2018-10,2018-10-15,2018-10-19,76274070,691.949917,691.949917,0,0.000907,0.000907,1,1,1,0.001084,0,1,-0.044910,-0.059880,-0.029940,-0.042133,0.091257,0.127736,-0.036119,0.018311,0.017593,-0.029832,0.061536,0.107484
BKE,2018-10,2018-10-19,2018-10-22,884851910,3711.220000,3711.220000,0,0.000419,0.000419,2,1,2,0.002372,0,1,-0.051570,-0.022422,0.230942,-0.066110,0.085647,0.112986,-0.049295,0.020509,0.020941,-0.038594,0.066353,0.108872
RVP,2018-10,2018-10-19,2018-10-22,21829777,42268.005000,0,42268.005000,0.193625,0.000000,11,1,0,0.000840,1,0,0.016200,-0.027982,0.855670,-0.066110,0.085647,0.112986,-0.049295,0.020509,0.020941,-0.038594,0.066353,0.108872
LAB,2018-10,2018-10-26,2018-10-26,299135690,515933.474500,0,515933.474500,0.172475,0.000000,7,1,0,0.003097,0,0,0.255201,0.875173,-0.357836,-0.006185,0.149331,0.196036,0.002389,0.079600,0.073999,0.007543,0.117208,0.165854
GLBZ,2018-10,2018-10-29,2018-10-29,34234757,25337.809200,25337.809200,0,0.074012,0.074012,2,1,2,0.316664,1,0,-0.093617,-0.104255,-0.091489,0.002127,0.175731,0.211690,0.002553,0.090854,0.083496,0.005454,0.125192,0.171979
CENX,2018-10,2018-10-30,2018-10-31,685908000,117350.000000,117350.000000,0,0.017109,0.017109,2,2,2,0.232040,0,1,0.127204,-0.002519,-0.265743,-0.021556,0.117753,0.170899,-0.011525,0.051384,0.049769,-0.005525,0.089319,0.143077
TRST,2018-10,2018-10-29,2018-10-31,725128050,9948.960000,9948.960000,0,0.001372,0.001372,1,1,1,1.142487,0,1,0.049632,0.078309,0.194853,-0.021556,0.117753,0.170899,-0.011525,0.051384,0.049769,-0.005525,0.089319,0.143077
BWA,2018-10,2018-10-31,2018-11-01,7187091000,118590.000000,118590.000000,0,0.001650,0.001650,1,1,1,,0,1,0.001252,0.003757,0.083281,-0.019808,0.098429,0.166106,-0.025685,0.032429,0.043550,-0.007358,0.075554,0.141530
ED,2018-10,2018-10-31,2018-11-05,23848800000,16113.754300,16113.754300,0,0.000068,0.000068,8,8,8,0.013568,1,0,0.029417,0.144458,0.203817,0.006225,0.129428,0.195480,-0.015673,0.050669,0.047806,0.000576,0.082086,0.145378
BWA,2018-11,2018-11-01,2018-11-07,7483530000,49882.432500,49882.432500,0,0.000667,0.000667,1,1,1,,0,1,0.028754,-0.012141,0.164537,-0.026000,0.063024,0.151689,-0.037921,0.001889,0.021129,-0.023766,0.033728,0.118468
MTH,2018-11,2018-11-07,2018-11-08,1504062040,379040.000000,379040.000000,0,0.025201,0.025201,2,1,2,0.155963,0,1,0.145647,0.373884,0.776786,-0.032921,0.064094,0.163762,-0.043283,0.000912,0.026657,-0.031344,0.032426,0.123251
INSM,2018-11,2018-11-12,2018-11-13,1235542209,871711.982000,871711.982000,0,0.070553,0.070553,6,4,6,0.784917,1,0,0.624140,0.786116,0.216385,0.029508,0.089599,0.221724,0.019530,0.025967,0.064224,0.013390,0.052360,0.158732
OGE,2018-11,2018-11-14,2018-11-15,7766333000,389880.000000,389880.000000,0,0.005020,0.005020,1,1,1,2.000000,0,1,0.068415,0.079050,0.142148,0.021527,0.105319,0.217897,0.017873,0.028771,0.062191,0.010872,0.064613,0.164724
TRST,2018-11,2018-11-14,2018-11-15,741542400,76950.000000,76950.000000,0,0.010377,0.010377,2,2,2,1.666667,0,0,0.037895,0.011228,0.152281,0.021527,0.105319,0.217897,0.017873,0.028771,0.062191,0.010872,0.064613,0.164724
CABO,2018-11,2018-11-16,2018-11-16,5069835605,495115.730000,495115.730000,0,0.009766,0.009766,7,3,7,0.297723,1,0,0.048763,0.280827,0.714782,0.029452,0.097903,0.223122,0.031601,0.011959,0.057041,0.019223,0.054999,0.162573
LAB,2018-11,2018-11-14,2018-11-16,313241950,368017.839000,0,368017.839000,0.117487,0.000000,4,1,0,0.004893,0,0,0.254878,0.429268,-0.715854,0.029452,0.097903,0.223122,0.031601,0.011959,0.057041,0.019223,0.054999,0.162573
NOG,2018-11,2018-11-16,2018-11-16,1079580000,246307.000000,246307.000000,0,0.022815,0.022815,3,2,3,0.702576,1,0,-0.101815,-0.231518,-0.326251,0.029452,0.097903,0.223122,0.031601,0.011959,0.057041,0.019223,0.054999,0.162573
AUBN,2018-11,2018-11-19,2018-11-19,137597440,5703.480000,5703.480000,0,0.004145,0.004145,2,1,2,0.020531,0,1,-0.093518,-0.015940,0.150195,0.066074,0.115597,0.266048,0.055856,0.025819,0.082933,0.038521,0.066012,0.182160
BCSF,2018-11,2018-11-19,2018-11-19,714260858,506250.000000,506250.000000,0,0.070877,0.070877,2,2,2,1.412011,1,0,0.095119,0.057572,0.116395,0.066074,0.115597,0.266048,0.055856,0.025819,0.082933,0.038521,0.066012,0.182160
HASI,2018-11,2018-11-16,2018-11-19,1278729119,159431.950000,159431.950000,0,0.012468,0.012468,3,3,3,0.628387,1,0,0.025673,0.170946,0.320601,0.066074,0.115597,0.266048,0.055856,0.025819,0.082933,0.038521,0.066012,0.182160
ASRV,2018-11,2018-11-15,2018-11-21,75566189,691.849711,691.849711,0,0.000916,0.000916,1,1,1,0.001096,0,1,-0.003067,0.000000,0.003067,0.077135,0.134068,0.268923,0.066731,0.036602,0.079527,0.056635,0.088834,0.194001
GLPI,2018-11,2018-11-19,2018-11-21,7292093060,873910.000000,873910.000000,0,0.011984,0.011984,3,3,3,0.222325,0,1,0.117108,0.233253,0.363855,0.077135,0.134068,0.268923,0.066731,0.036602,0.079527,0.056635,0.088834,0.194001
PTN,2018-11,2018-11-20,2018-11-21,7123835137,47378.820000,47378.820000,0,0.000665,0.000665,12,4,12,0.034657,1,0,0.142857,1.200000,0.157143,0.077135,0.134068,0.268923,0.066731,0.036602,0.079527,0.056635,0.088834,0.194001
CAAS,2018-11,2018-11-23,2018-11-26,68982263,86759.800000,86759.800000,0,0.125771,0.125771,12,1,12,0.105266,1,0,0.440217,0.070652,0.445652,0.068389,0.094801,0.267356,0.059472,0.004558,0.093509,0.051026,0.058045,0.197503
HRI,2018-11,2018-11-27,2018-11-28,989520000,346800.000000,346800.000000,0,0.035047,0.035047,1,1,1,,0,1,0.121510,0.001227,0.307763,0.031924,0.048323,0.226587,0.036820,-0.019748,0.076606,0.022766,0.023872,0.167431
AVNS,2018-11,2018-11-28,2018-11-29,2167602000,286675.000000,286675.000000,0,0.013225,0.013225,3,3,3,0.162368,1,0,0.013563,-0.142734,-0.253821,0.032904,0.056174,0.230577,0.036048,-0.019801,0.079495,0.023062,0.028889,0.169970
CVV,2018-11,2018-11-29,2018-11-29,29859434,22867.500000,0,22867.500000,0.076584,0.000000,1,1,0,0.006062,1,0,-0.094092,-0.185996,-0.277899,0.032904,0.056174,0.230577,0.036048,-0.019801,0.079495,0.023062,0.028889,0.169970
INVE,2018-11,2018-11-28,2018-11-29,81754420,87373.780000,87373.780000,0,0.106873,0.106873,5,1,5,0.052473,0,1,0.031481,-0.092593,0.005556,0.032904,0.056174,0.230577,0.036048,-0.019801,0.079495,0.023062,0.028889,0.169970
RVP,2018-11,2018-11-30,2018-12-03,21666869,5351.893100,0,5351.893100,0.024701,0.000000,3,1,0,0.000240,1,0,0.121212,-0.030303,1.121212,0.015016,-0.008179,0.179149,0.021085,-0.044314,0.049961,0.006199,-0.006843,0.130344
BLNK,2018-12,2018-12-03,2018-12-06,50088500,98914.500000,98914.500000,0,0.197479,0.197479,1,1,1,0.136651,0,1,0.709524,0.104762,-0.038095,0.030127,0.069205,0.239254,0.033892,0.023867,0.120679,0.025125,0.066292,0.190083
ED,2018-11,2018-11-30,2018-12-06,25213830000,16112.897700,16112.897700,0,0.000064,0.000064,8,8,8,0.013343,1,0,0.030548,0.116373,0.101180,0.030127,0.069205,0.239254,0.033892,0.023867,0.120679,0.025125,0.066292,0.190083
AGM,2018-12,2018-12-07,2018-12-07,643859100,18501.000000,18501.000000,0,0.002873,0.002873,2,1,2,0.031230,0,1,0.275271,0.183514,0.410629,0.063747,0.127102,0.275779,0.056354,0.053831,0.143218,0.047392,0.102547,0.214520
INVE,2018-12,2018-12-06,2018-12-07,79977150,49980.000000,49980.000000,0,0.062493,0.062493,2,1,2,0.046304,0,1,0.097959,-0.010204,0.030612,0.063747,0.127102,0.275779,0.056354,0.053831,0.143218,0.047392,0.102547,0.214520
AUBN,2018-12,2018-12-10,2018-12-10,134463600,7444.000000,7444.000000,0,0.005536,0.005536,1,1,1,0.031240,0,1,-0.074928,-0.043588,0.279539,0.074566,0.128362,0.261498,0.078073,0.063195,0.147327,0.060587,0.105548,0.210925
GLPI,2018-12,2018-12-13,2018-12-14,7526122441,171350.000000,171350.000000,0,0.002277,0.002277,1,1,1,0.064960,0,1,0.082619,0.182844,0.284424,0.110429,0.139228,0.310782,0.104323,0.085605,0.185150,0.091121,0.121941,0.251004
TRST,2018-12,2018-12-13,2018-12-14,680712750,14113.200000,14113.200000,0,0.002073,0.002073,1,1,1,0.022187,0,0,0.173493,0.100464,0.296754,0.110429,0.139228,0.310782,0.104323,0.085605,0.185150,0.091121,0.121941,0.251004
ECOR,2018-12,2018-12-13,2018-12-17,134604924,146895.390000,146895.390000,0,0.109131,0.109131,4,3,4,1.729730,1,0,0.667339,-0.600806,-0.735887,0.138848,0.172658,0.341908,0.136746,0.118081,0.218217,0.116987,0.144857,0.276374
FLNT,2018-12,2018-12-14,2018-12-17,295611120,457499.000000,0,457499.000000,0.154764,0.000000,1,1,0,0.025776,0,0,0.615160,0.632653,-0.349854,0.138848,0.172658,0.341908,0.136746,0.118081,0.218217,0.116987,0.144857,0.276374
BKE,2018-12,2018-12-10,2018-12-18,906241520,1872.380000,1872.380000,0,0.000207,0.000207,1,1,1,0.002355,0,1,0.040462,-0.027746,0.578035,0.135516,0.182192,0.334506,0.132339,0.132419,0.222089,0.118477,0.158057,0.277768
BKE,2018-11,2018-11-27,2018-12-18,955725800,1950.960000,1950.960000,0,0.000204,0.000204,1,1,1,0.002361,0,1,0.040462,-0.027746,0.578035,0.135516,0.182192,0.334506,0.132339,0.132419,0.222089,0.118477,0.158057,0.277768
BWA,2018-12,2018-12-19,2018-12-19,6181686000,49926.835000,49926.835000,0,0.000808,0.000808,1,1,1,1.163909,0,1,0.103396,0.233208,0.348302,0.168743,0.216527,0.376625,0.146871,0.160632,0.253440,0.132048,0.178316,0.302533
D,2018-12,2018-12-19,2018-12-20,48979326494,299997.997032,299997.997032,0,0.000612,0.000612,1,1,1,0.222653,1,0,0.016530,0.060178,0.153418,0.204448,0.245890,0.402542,0.181311,0.185642,0.276339,0.163801,0.209289,0.329876
MAC,2018-12,2018-12-18,2018-12-20,6691368939,200826.450000,200826.450000,0,0.003001,0.003001,1,1,1,2.960526,0,1,0.065574,-0.155556,-0.309654,0.204448,0.245890,0.402542,0.181311,0.185642,0.276339,0.163801,0.209289,0.329876
LAB,2018-12,2018-12-24,2018-12-26,327763100,7027000.973600,0,7027000.973600,2.143927,0.000000,9,1,0,0.432655,0,0,0.497169,0.361268,-0.619479,0.168960,0.223445,0.413731,0.149667,0.150166,0.280366,0.140983,0.190883,0.336633
ASRV,2018-12,2018-12-14,2018-12-27,72557700,8887.486462,8887.486462,0,0.012249,0.012249,3,2,3,0.018400,1,0,-0.015823,0.012658,0.060127,0.167146,0.223410,0.407141,0.155095,0.166860,0.268766,0.136575,0.186005,0.326139
RVP,2018-12,2018-12-31,2019-01-02,19436540,82881.135300,0,82881.135300,0.426419,0.000000,16,1,0,0.005429,1,0,-0.042017,0.193277,1.571429,0.188812,0.241027,0.407152,0.155364,0.167672,0.247718,0.149897,0.205433,0.323117
ADES,2018-12,2018-12-31,2019-01-03,192727400,1216636.000000,1216636.000000,0,0.631273,0.631273,3,1,3,0.042101,0,1,0.183387,0.313916,0.156419,0.228437,0.280314,0.441263,0.182173,0.192132,0.265416,0.181115,0.233477,0.345203
ED,2018-12,2018-12-31,2019-01-07,24658349999,46727.432160,46727.432160,0,0.000189,0.000189,10,10,10,0.021956,1,0,0.121392,0.199580,0.203953,0.173235,0.204883,0.374536,0.128558,0.118651,0.196415,0.140308,0.177704,0.292745
ASRV,2019-01,2019-01-15,2019-01-22,71894020,691.549870,691.549870,0,0.000962,0.000962,1,1,1,0.001130,0,1,-0.009434,0.006289,0.044025,0.177267,0.201425,0.393718,0.089547,0.073499,0.171070,0.119110,0.152024,0.284402
HEI,2019-01,2019-01-22,2019-01-23,10376749980,230024.926000,230024.926000,0,0.002217,0.002217,2,1,2,0.161742,0,1,0.312740,0.763239,0.542850,0.172057,0.208279,0.396378,0.096022,0.094353,0.173600,0.114322,0.155060,0.283174
RVP,2019-01,2019-01-30,2019-01-30,22507186,17748.232900,0,17748.232900,0.078856,0.000000,10,1,0,0.000575,1,0,0.043977,0.074020,1.336720,0.142378,0.158078,0.354583,0.063642,0.065870,0.124016,0.095371,0.121898,0.247807
AUBN,2019-01,2019-01-31,2019-01-31,117704400,6326.653200,6326.653200,0,0.005375,0.005375,14,8,14,0.026403,0,0,0.166531,0.234694,0.795510,0.120626,0.135283,0.313354,0.059647,0.041605,0.091458,0.083527,0.102493,0.214511
ED,2019-01,2019-01-31,2019-02-06,25042125000,16113.959750,16113.959750,0,0.000064,0.000064,8,8,8,0.013056,1,0,0.096840,0.147566,0.253288,0.091401,0.084820,0.360930,0.041379,-0.004509,0.120864,0.058893,0.065656,0.247705
AUBN,2019-02,2019-02-20,2019-02-21,119801100,6720.000000,6720.000000,0,0.005609,0.005609,1,1,1,0.030084,0,1,0.075302,0.191572,0.734686,0.040521,0.099988,0.352769,-0.044662,-0.037172,0.080084,0.021475,0.063661,0.224828
ASRV,2019-02,2019-02-15,2019-02-22,72948700,691.749660,691.749660,0,0.000948,0.000948,1,1,1,0.001102,0,1,0.000000,-0.006135,0.000000,0.032334,0.057268,0.290949,-0.044000,-0.074745,0.038518,0.017540,0.029994,0.176958
BCSF,2019-02,2019-02-25,2019-02-25,1051999421,599991.560000,599991.560000,0,0.057033,0.057033,36,3,36,0.058026,1,0,-0.044893,-0.052750,0.028058,0.024722,0.069391,0.251330,-0.051832,-0.064738,0.001457,0.006678,0.039950,0.139726
CAR,2019-02,2019-02-22,2019-02-26,2678014000,148007969.000000,0,148007969.000000,5.526781,0.000000,1,1,0,0.349108,0,0,-0.159192,-0.319869,0.016335,0.023670,0.065998,0.256446,-0.045274,-0.072242,-0.003354,0.007363,0.036576,0.136300
RVP,2019-02,2019-02-26,2019-02-26,24532506,43632.305000,0,43632.305000,0.177855,0.000000,10,1,0,0.000997,1,0,-0.146667,0.026667,1.160000,0.023670,0.065998,0.256446,-0.045274,-0.072242,-0.003354,0.007363,0.036576,0.136300
GLPI,2019-02,2019-02-28,2019-03-01,7808093880,182490.000000,182490.000000,0,0.002337,0.002337,2,1,2,0.119403,0,0,0.103582,0.112214,0.341821,-0.000722,0.079269,0.251158,-0.075744,-0.053548,-0.032739,-0.014031,0.052617,0.123092
ED,2019-02,2019-02-28,2019-03-06,26590125000,16113.668620,16113.668620,0,0.000061,0.000061,8,8,8,0.012458,1,0,0.081242,0.109159,0.087045,0.017163,0.089503,0.229105,-0.015853,-0.027832,-0.024317,0.024829,0.070133,0.111286
HRI,2019-03,2019-03-06,2019-03-08,1185470000,12600,12600,0,0.001063,0.001063,1,1,1,4.545455,0,1,-0.029324,0.017920,-0.358132,0.059559,0.123775,0.140074,-0.002389,-0.005284,-0.128701,0.052659,0.096033,0.018083
TRST,2019-03,2019-03-07,2019-03-11,770090200,7186.000000,7186.000000,0,0.000933,0.000933,2,1,2,0.050000,0,1,-0.082380,-0.043151,-0.174240,0.050063,0.098565,0.177682,-0.013801,-0.009319,-0.117024,0.042393,0.080931,0.055440
AUBN,2019-03,2019-03-12,2019-03-12,118391250,3400,3400,0,0.002872,0.002872,1,1,1,0.014603,0,1,0.008860,0.173580,0.464358,0.045791,0.089493,0.120299,-0.017207,0.002844,-0.173564,0.038234,0.076628,0.000240
ATEC,2019-03,2019-03-12,2019-03-13,113900599,322036.581600,322036.581600,0,0.282735,0.282735,3,3,3,0.946611,0,0,0.692593,0.911111,0.300000,0.031998,0.091491,0.009955,-0.020042,0.019334,-0.267776,0.029600,0.077158,-0.101395
D,2019-03,2019-03-13,2019-03-13,60330232526,649995.998243,649995.998243,0,0.001077,0.001077,2,2,2,2.869053,0,1,-0.004317,0.052338,-0.021763,0.031998,0.091491,0.009955,-0.020042,0.019334,-0.267776,0.029600,0.077158,-0.101395
ACRE,2019-03,2019-03-13,2019-03-15,439852135,200034.624000,200034.624000,0,0.045478,0.045478,2,2,2,0.215743,0,1,0.014540,0.059774,-0.516963,0.025935,0.083921,-0.042990,-0.016950,0.022766,-0.321418,0.028246,0.075520,-0.135058
NOG,2019-03,2019-03-15,2019-03-19,886848000,251110.000000,251110.000000,0,0.028315,0.028315,1,1,1,0.010295,0,0,-0.130793,-0.179712,-0.767765,0.041106,0.078003,-0.007426,0.000071,0.022666,-0.346154,0.035388,0.070776,-0.137886
HGBL,2019-03,2019-03-18,2019-03-21,16618739,2500.000000,2500.000000,0,0.015043,0.015043,1,1,1,0.200000,0,1,0.372727,0.298516,0.261596,0.034408,0.058550,-0.059066,0.003666,0.006698,-0.339890,0.039085,0.062576,-0.180027
INFU,2019-03,2019-03-20,2019-03-21,84481689,174555.100000,125490.500000,49064.600000,0.206619,0.148542,5,3,3,0.044254,1,0,-0.012959,0.144708,0.298056,0.034408,0.058550,-0.059066,0.003666,0.006698,-0.339890,0.039085,0.062576,-0.180027
ASRV,2019-03,2019-03-15,2019-03-25,72948700,691.599834,691.599834,0,0.000948,0.000948,1,1,1,0.001112,0,1,0.032258,0.051613,-0.341935,0.058039,0.073371,0.039241,0.015515,0.037075,-0.266662,0.057430,0.078847,-0.110832
AGM,2019-03,2019-03-22,2019-03-26,740177900,348331.260000,348331.260000,0,0.047060,0.047060,2,1,2,0.353151,1,0,-0.051902,0.172236,-0.275151,0.035084,0.054204,0.026780,-0.001153,0.010812,-0.265263,0.039310,0.062468,-0.104192
RVP,2019-03,2019-03-29,2019-04-01,20873864,66237.875000,0,66237.875000,0.317324,0.000000,10,1,0,0.002317,1,0,0.210084,0.932773,1.621849,0.041985,0.041583,0.054869,0.012166,-0.015207,-0.249611,0.039441,0.048123,-0.079816
ED,2019-03,2019-03-31,2019-04-04,27351225000,48632.643460,48632.643460,0,0.000178,0.000178,10,10,10,0.021045,1,0,0.066604,0.126829,-0.040616,0.042229,0.017097,0.006611,0.008425,-0.045774,-0.319222,0.044332,0.020887,-0.118117
AUBN,2019-04,2019-04-08,2019-04-09,132420540,6207.350900,6207.350900,0,0.004688,0.004688,13,7,13,0.020186,0,0,-0.123474,0.200907,-0.002442,0.035812,0.009308,0.096481,0.004796,-0.049654,-0.228100,0.039431,0.013789,-0.026727
FARM,2019-04,2019-04-16,2019-04-18,344184345,11196496.171900,42463.492500,11154032.679400,3.253052,0.012337,7,1,1,0.246920,0,0,-0.178049,-0.307805,-0.600000,0.029109,0.037211,0.158677,-0.002462,-0.007807,-0.204318,0.035418,0.041750,0.008557
ASRV,2019-04,2019-04-15,2019-04-22,71127320,691.449714,691.449714,0,0.000972,0.000972,1,1,1,0.001131,0,1,0.022293,0.031847,-0.308917,0.026798,0.033428,0.099560,-0.006488,-0.000705,-0.230449,0.031285,0.043285,-0.040141
RVP,2019-04,2019-04-29,2019-04-30,24096733,45291.304000,0,45291.304000,0.187956,0.000000,12,1,0,0.001065,1,0,-0.017434,0.565789,2.881579,0.024580,0.038610,0.165267,0.000692,-0.002075,-0.131674,0.027782,0.041030,0.017600
ED,2019-04,2019-04-30,2019-05-03,28286328000,16112.569000,16112.569000,0,0.000057,0.000057,8,8,8,0.011286,1,0,0.009875,0.077636,-0.073382,-0.017530,0.044922,0.135696,-0.046164,-0.008183,-0.205660,0.000038,0.051058,-0.015896
BRTX,2019-05,2019-05-07,2019-05-09,9500160,499999.950000,0,499999.950000,5.263069,0.000000,1,1,0,0.477199,0,0,-0.394737,-0.736842,-0.999474,0.021136,0.089302,0.227335,-0.019905,0.022918,-0.140174,0.029272,0.085294,0.041036
BRTX,2019-04,2019-04-25,2019-05-09,13149804,99616.860000,0,99616.860000,0.757554,0.000000,6,1,0,0.038889,0,0,-0.394737,-0.736842,-0.999474,0.021136,0.089302,0.227335,-0.019905,0.022918,-0.140174,0.029272,0.085294,0.041036
HASI,2019-05,2019-05-08,2019-05-09,1708466587,26418.800000,26418.800000,0,0.001546,0.001546,2,1,2,0.022550,1,0,0.090326,0.137894,0.185462,0.021136,0.089302,0.227335,-0.019905,0.022918,-0.140174,0.029272,0.085294,0.041036
AIG,2019-05,2019-05-23,2019-05-23,45747186544,51710.000000,51710.000000,0,0.000113,0.000113,1,1,1,,0,1,0.035772,0.011770,-0.429495,0.057151,0.136329,0.299383,0.007841,0.063311,-0.083828,0.041299,0.110169,0.068555
ASRV,2019-05,2019-05-15,2019-05-23,73399200,691.749627,691.749627,0,0.000942,0.000942,1,1,1,0.001053,0,1,0.009231,0.006154,-0.289231,0.057151,0.136329,0.299383,0.007841,0.063311,-0.083828,0.041299,0.110169,0.068555
CNDT,2019-05,2019-05-21,2019-05-23,1888973760,6778503.400000,20500.000000,6758003.400000,0.358846,0.001085,3,2,1,1.250000,0,0,-0.252677,-0.341542,-0.760171,0.057151,0.136329,0.299383,0.007841,0.063311,-0.083828,0.041299,0.110169,0.068555
HGBL,2019-05,2019-05-24,2019-05-24,19484040,67990.900000,67990.900000,0,0.348957,0.348957,4,2,4,0.070799,1,0,0.029412,0.279412,0.926471,0.024152,0.137568,0.296527,-0.032160,0.056697,-0.066207,0.012239,0.110075,0.079260
COSM,2019-05,2019-05-28,2019-05-28,44275920,500002.500000,0,500002.500000,1.129288,0.000000,1,1,0,0.008364,1,0,-0.124638,-0.211594,-0.330435,0.041350,0.157612,0.308500,-0.028247,0.088547,-0.029418,0.028999,0.131808,0.105629
RVP,2019-05,2019-05-29,2019-05-29,21237799,38099.715000,0,38099.715000,0.179396,0.000000,11,1,0,0.000885,1,0,0.196000,1.153846,7.384615,0.053768,0.175400,0.317671,-0.008634,0.105453,-0.044425,0.043191,0.144491,0.110978
FARM,2019-05,2019-05-28,2019-05-30,314366395,3006159.627800,0,3006159.627800,0.956260,0.000000,6,1,0,0.054062,0,0,-0.364416,-0.187031,-0.586817,0.065387,0.165127,0.331379,0.011544,0.101302,-0.047358,0.053683,0.137120,0.112910
IDYA,2019-05,2019-05-28,2019-05-30,225732020,21000000,9000000,12000000,9.303067,3.987029,10,6,5,0.176935,0,0,-0.420277,-0.337088,-0.151646,0.065387,0.165127,0.331379,0.011544,0.101302,-0.047358,0.053683,0.137120,0.112910
BKE,2019-05,2019-05-29,2019-05-31,760778500,3064.000000,3064.000000,0,0.000403,0.000403,1,1,1,0.004489,0,1,0.321574,0.900950,0.032564,0.080048,0.183990,0.356967,0.024015,0.116923,-0.024540,0.067597,0.152658,0.132686
MAC,2019-05,2019-05-30,2019-05-31,5221247360,1300055.350000,1300055.350000,0,0.024899,0.024899,7,3,7,0.490436,1,0,-0.194411,-0.219117,-0.782908,0.080048,0.183990,0.356967,0.024015,0.116923,-0.024540,0.067597,0.152658,0.132686
AVNS,2019-05,2019-05-30,2019-06-03,1873882331,139825.000000,139825.000000,0,0.007462,0.007462,1,1,1,0.139687,1,0,-0.128913,-0.098395,-0.244936,0.093667,0.198289,0.396886,0.005534,0.102161,-0.019894,0.064040,0.145793,0.144982
NOG,2019-05,2019-05-31,2019-06-04,752956300,5082747.598400,793370.000000,4289377.598400,0.675039,0.105367,10,3,5,49.000000,1,0,-0.066989,-0.115269,-0.619795,0.063750,0.156351,0.364779,-0.019901,0.070856,-0.021650,0.041415,0.113932,0.135552
ED,2019-05,2019-05-31,2019-06-05,28332290000,16113.971820,16113.971820,0,0.000057,0.000057,8,8,8,0.010874,1,0,0.025820,-0.011749,-0.131709,0.071119,0.153586,0.345137,-0.012172,0.078061,-0.023178,0.044207,0.111185,0.122866
NOG,2019-06,2019-06-06,2019-06-10,745388900,103528.118500,103528.118500,0,0.013889,0.013889,2,2,2,0.256575,0,0,0.045656,-0.060241,-0.381737,0.046190,0.118905,0.339736,0.004544,0.078482,0.004617,0.036971,0.096511,0.132789
ECOR,2019-06,2019-06-07,2019-06-11,65725094,84921.600000,35425.000000,49496.600000,0.129207,0.053899,5,3,2,0.909091,1,0,0.767568,-0.151351,-0.372973,0.041788,0.116458,0.353999,0.020402,0.082333,-0.019751,0.036980,0.095570,0.126733
HGBL,2019-06,2019-06-13,2019-06-13,19197510,11550.000000,11550.000000,0,0.060164,0.060164,1,1,1,0.010312,1,0,0.044776,0.313433,1.686567,0.055825,0.130601,0.296992,0.029607,0.078738,-0.083458,0.045502,0.105530,0.071980
TRST,2019-06,2019-06-12,2019-06-13,721309000,22470.000000,22470.000000,0,0.003115,0.003115,1,1,1,0.749813,0,0,0.096051,0.181786,-0.144433,0.055825,0.130601,0.296992,0.029607,0.078738,-0.083458,0.045502,0.105530,0.071980
AXGN,2019-06,2019-06-13,2019-06-14,787025750,101250.000000,101250.000000,0,0.012865,0.012865,1,1,1,0.272732,0,1,-0.291358,-0.165432,-0.515062,0.056520,0.139123,0.318315,0.040401,0.084049,-0.054037,0.045976,0.107418,0.083179
FOX,2019-06,2019-06-14,2019-06-14,21710160000,41734000.000000,41734000.000000,0,0.192233,0.192233,4,1,4,5.675691,0,0,-0.029031,0.033133,-0.162827,0.056520,0.139123,0.318315,0.040401,0.084049,-0.054037,0.045976,0.107418,0.083179
HEI,2019-06,2019-06-14,2019-06-17,16902994900,298300.391400,298300.391400,0,0.001765,0.001765,3,1,3,1.000000,0,1,0.014137,0.006789,-0.121645,0.045470,0.143704,0.332934,0.037114,0.084187,-0.037902,0.042343,0.114607,0.103607
INFU,2019-06,2019-06-14,2019-06-17,89673320,21321.420000,0,21321.420000,0.023777,0.000000,3,1,0,0.000711,0,0,0.141026,0.720085,1.566239,0.045470,0.143704,0.332934,0.037114,0.084187,-0.037902,0.042343,0.114607,0.103607
INVE,2019-06,2019-06-14,2019-06-17,82052520,169549.300000,169549.300000,0,0.206635,0.206635,7,2,7,0.091394,1,0,0.109937,0.086681,0.150106,0.045470,0.143704,0.332934,0.037114,0.084187,-0.037902,0.042343,0.114607,0.103607
CENX,2019-06,2019-06-13,2019-06-20,559440000,28900.000000,28900.000000,0,0.005166,0.005166,1,1,1,0.140457,0,1,0.015919,0.136035,-0.008683,0.023340,0.121189,0.304302,0.003021,0.074881,-0.078955,0.022607,0.094941,0.069212
ASRV,2019-06,2019-06-14,2019-06-24,72525400,691.649920,691.649920,0,0.000954,0.000954,1,1,1,0.001054,0,1,0.018750,0.050000,-0.225000,0.014491,0.130420,0.333185,0.021231,0.101348,-0.046120,0.020253,0.104360,0.083918
COSM,2019-06,2019-06-24,2019-06-26,49152688,550005.000000,0,550005.000000,1.118972,0.000000,1,1,0,0.009393,1,0,-0.085714,-0.357143,-0.200000,0.025135,0.155533,0.334964,0.025461,0.113201,-0.055190,0.029320,0.122388,0.079228
RVP,2019-06,2019-06-26,2019-06-26,23524946,16213.580000,0,16213.580000,0.068921,0.000000,8,1,0,0.000564,1,0,0.513889,1.013889,8.916667,0.025135,0.155533,0.334964,0.025461,0.113201,-0.055190,0.029320,0.122388,0.079228
MAC,2019-06,2019-06-28,2019-07-01,4733610560,1631288.423800,1631288.423800,0,0.034462,0.034462,7,2,7,1.000000,0,0,-0.001361,-0.147392,-0.694331,-0.000386,0.125904,0.318761,-0.027044,0.067505,-0.069462,0.008353,0.096303,0.063752
KKR,2019-07,2019-07-01,2019-07-03,14139199903,45000700,0,45000700,0.318269,0.000000,1,1,0,0.077280,0,0,-0.018664,0.140606,0.222729,-0.036671,0.133861,0.327967,-0.054311,0.068551,-0.075462,-0.031505,0.097628,0.065789
ED,2019-06,2019-06-30,2019-07-05,28785344000,50253.288360,50253.288360,0,0.000175,0.000175,11,11,11,0.019689,1,0,0.069157,0.015174,-0.146922,-0.009733,0.125711,0.363408,-0.044765,0.061473,-0.071359,-0.009203,0.090579,0.083491
AUBN,2019-07,2019-07-16,2019-07-16,122382399,6193.761600,6193.761600,0,0.005061,0.005061,13,7,13,0.022762,0,0,0.273664,0.614885,0.326718,0.003894,0.144194,0.361675,-0.021360,0.080663,-0.039207,0.001589,0.102701,0.095016
ASRV,2019-07,2019-07-15,2019-07-19,71185360,691.599879,691.599879,0,0.000972,0.000972,1,1,1,0.001063,0,1,0.015625,0.034375,-0.290625,0.005579,0.174360,0.407952,-0.004326,0.107085,-0.037302,0.007304,0.127679,0.113144
FARM,2019-06,2019-06-19,2019-07-23,281822231,1665994.620600,0,1665994.620600,0.591151,0.000000,3,1,0,0.036928,0,0,-0.173365,-0.231554,-0.634073,-0.008032,0.156981,0.378167,0.000353,0.091595,-0.028698,0.001181,0.114761,0.111181
TRST,2019-07,2019-07-25,2019-07-26,771363800,11925.000000,11925.000000,0,0.001546,0.001546,1,1,1,0.015984,0,0,0.059235,0.023295,-0.238270,0.003798,0.145073,0.342730,-0.010478,0.059677,-0.047464,0.003227,0.098973,0.091602
RVP,2019-07,2019-07-31,2019-08-01,24310165,68756.390000,0,68756.390000,0.282830,0.000000,15,1,0,0.001323,1,0,0.684932,1.205479,15.397260,0.038512,0.175530,0.409076,0.011029,0.070060,-0.031106,0.033505,0.121962,0.129550
FARM,2019-07,2019-07-31,2019-08-02,277701580,179244.593800,0,179244.593800,0.064546,0.000000,3,1,0,0.003766,0,0,-0.111259,-0.201865,-0.678881,0.063566,0.174139,0.449426,0.039820,0.059623,-0.004289,0.051018,0.109984,0.146053
ED,2019-07,2019-07-31,2019-08-05,28223711999,16447.480900,16447.480900,0,0.000058,0.000058,9,9,9,0.010418,1,0,0.060937,0.116871,-0.079733,0.109364,0.235607,0.508150,0.077756,0.104584,0.033608,0.087951,0.152841,0.186125
HASI,2019-08,2019-08-05,2019-08-06,1744462872,51045.290000,51045.290000,0,0.002926,0.002926,2,1,2,0.017763,1,0,0.107566,0.331961,0.430262,0.094687,0.246437,0.490993,0.069232,0.111079,0.044548,0.071728,0.154269,0.176973
PTN,2019-08,2019-08-05,2019-08-07,9091415775,106415.240000,106415.240000,0,0.001171,0.001171,6,4,6,0.041389,1,0,-0.114943,-0.241379,-0.344828,0.086353,0.243806,0.502637,0.063409,0.128497,0.044415,0.071341,0.166910,0.184178
HGBL,2019-08,2019-08-08,2019-08-09,21489750,108626.920000,108626.920000,0,0.505482,0.505482,4,2,4,0.190726,1,0,0.323529,0.411765,3.411765,0.081228,0.234161,0.461207,0.059893,0.102549,0.062790,0.064256,0.150008,0.173667
AWRE,2019-08,2019-08-09,2019-08-13,64138540,3596541.060000,0,3596541.060000,5.607457,0.000000,1,1,0,0.377627,0,0,-0.006944,0.166667,-0.027778,0.071979,0.236677,0.454722,0.060685,0.119048,0.063444,0.061099,0.156912,0.176446
EPSN,2019-08,2019-08-12,2019-08-13,92005315,14122.800000,14122.800000,0,0.015350,0.015350,1,1,1,0.051948,1,0,-0.010490,-0.136364,-0.101399,0.071979,0.236677,0.454722,0.060685,0.119048,0.063444,0.061099,0.156912,0.176446
MPLX,2019-08,2019-08-09,2019-08-13,26648640000,3100977.950000,3100977.950000,0,0.011637,0.011637,9,3,9,1.400000,1,0,-0.095971,-0.121612,-0.178755,0.071979,0.236677,0.454722,0.060685,0.119048,0.063444,0.061099,0.156912,0.176446
PR,2019-08,2019-08-09,2019-08-13,1224543000,469410.000000,469410.000000,0,0.038333,0.038333,2,1,2,0.112817,1,0,-0.242347,-0.392857,-0.799640,0.071979,0.236677,0.454722,0.060685,0.119048,0.063444,0.061099,0.156912,0.176446
AXGN,2019-08,2019-08-14,2019-08-15,584199000,1397885.895000,1397885.895000,0,0.239282,0.239282,24,5,24,0.560123,1,0,0.074658,-0.078082,-0.211644,0.105643,0.287055,0.502919,0.090493,0.166817,0.095367,0.092522,0.195432,0.206988
CNDT,2019-08,2019-08-14,2019-08-16,1320000000,32534144.110000,0,32534144.110000,2.464708,0.000000,2,1,0,0.097244,0,0,0.001506,-0.320783,-0.433735,0.096142,0.270290,0.496311,0.072949,0.137751,0.077719,0.084388,0.179894,0.193160
ASRV,2019-08,2019-08-15,2019-08-19,71530920,691.599736,691.599736,0,0.000967,0.000967,1,1,1,0.001057,0,1,-0.006061,-0.003030,-0.281818,0.079836,0.250929,0.487110,0.059653,0.123956,0.056819,0.072284,0.162866,0.181543
FARM,2019-08,2019-08-15,2019-08-19,225376036,75941.594000,37970.797000,37970.797000,0.033696,0.016848,2,1,1,0.001330,0,0,0.103817,0.070229,-0.497710,0.079836,0.250929,0.487110,0.059653,0.123956,0.056819,0.072284,0.162866,0.181543
ECOR,2019-08,2019-08-16,2019-08-20,48137304,108823.200000,108823.200000,0,0.226068,0.226068,2,2,2,0.428071,0,1,-0.079465,-0.345004,0.180173,0.089903,0.260714,0.488685,0.070577,0.131354,0.063848,0.080209,0.171833,0.185691
GLPI,2019-08,2019-08-20,2019-08-20,8048465670,187850.000000,187850.000000,0,0.002334,0.002334,1,1,1,0.133333,0,0,0.161604,0.366140,0.060348,0.089903,0.260714,0.488685,0.070577,0.131354,0.063848,0.080209,0.171833,0.185691
MAC,2019-08,2019-08-21,2019-08-21,3911652560,1504774.665800,1504774.665800,0,0.038469,0.038469,14,4,14,0.677140,1,0,-0.019699,-0.129082,-0.695179,0.073826,0.261575,0.496012,0.057812,0.127883,0.050776,0.067520,0.167948,0.179801
AAME,2019-08,2019-08-21,2019-08-22,52447500,46008.800000,0,46008.800000,0.087724,0.000000,2,1,0,0.010715,0,0,-0.245059,-0.150198,-0.229249,0.074897,0.253917,0.511223,0.055039,0.133270,0.045441,0.066139,0.163491,0.184325
CDXS,2019-08,2019-08-22,2019-08-26,743159250,421280.000000,421280.000000,0,0.056688,0.056688,3,2,3,0.204207,1,0,0.135213,-0.023138,-0.033984,0.107167,0.202804,0.559123,0.102827,0.110171,0.079160,0.093097,0.130206,0.218689
FLNT,2019-08,2019-08-26,2019-08-26,232350240,382141.084000,107142.400000,274998.684000,0.164468,0.046112,7,4,3,1.079365,1,0,-0.441781,-0.126712,-0.215753,0.107167,0.202804,0.559123,0.102827,0.110171,0.079160,0.093097,0.130206,0.218689
MERC,2019-08,2019-08-23,2019-08-26,728139764,110000,110000,0,0.015107,0.015107,1,1,1,0.710480,0,1,0.143493,-0.077864,-0.231368,0.107167,0.202804,0.559123,0.102827,0.110171,0.079160,0.093097,0.130206,0.218689
CAAS,2019-08,2019-08-26,2019-08-27,58890105,11050.000000,11050.000000,0,0.018764,0.018764,5,1,5,0.015873,1,0,0.672956,0.081761,0.446541,0.111646,0.172652,0.595842,0.120190,0.086904,0.088561,0.099911,0.100259,0.235764
LAB,2019-08,2019-08-27,2019-08-28,357765350,102142.200000,102142.200000,0,0.028550,0.028550,5,2,5,0.074432,1,0,-0.508841,-0.341847,0.650295,0.115426,0.174465,0.585201,0.115081,0.061858,0.078607,0.097106,0.088557,0.229826
RVP,2019-08,2019-08-27,2019-08-28,25290414,54724.338000,0,54724.338000,0.216384,0.000000,6,1,0,0.002163,1,0,0.800875,1.083869,6.602264,0.115426,0.174465,0.585201,0.115081,0.061858,0.078607,0.097106,0.088557,0.229826
ADES,2019-08,2019-08-27,2019-08-29,225856640,1648165.805700,1648165.805700,0,0.729740,0.729740,7,1,7,0.029438,0,1,-0.180772,-0.345111,-0.671323,0.093618,0.098899,0.569268,0.088734,0.006803,0.068983,0.079185,0.026534,0.222113
BCSF,2019-08,2019-08-28,2019-08-29,956750154,676658.450000,676658.450000,0,0.070725,0.070725,4,3,4,0.881366,1,0,0.082450,0.074205,-0.342756,0.093618,0.098899,0.569268,0.088734,0.006803,0.068983,0.079185,0.026534,0.222113
FOX,2019-08,2019-08-28,2019-08-29,19630320000,16132730.000000,16132730.000000,0,0.082183,0.082183,3,2,3,0.496454,0,0,0.085685,-0.038082,-0.127168,0.093618,0.098899,0.569268,0.088734,0.006803,0.068983,0.079185,0.026534,0.222113
TRST,2019-08,2019-08-27,2019-08-29,724849400,38547.200000,38547.200000,0,0.005318,0.005318,1,1,1,0.058916,0,1,0.155299,-0.057013,-0.207415,0.093618,0.098899,0.569268,0.088734,0.006803,0.068983,0.079185,0.026534,0.222113
BRTX,2019-08,2019-08-30,2019-09-03,6877640,97080.358400,47916.073400,49164.285000,1.411536,0.696694,28,6,26,99.000000,1,0,-0.852400,-0.999200,-0.929600,0.087052,0.133082,0.643971,0.092599,0.016065,0.096095,0.069633,0.042549,0.254876
INFU,2019-08,2019-08-30,2019-09-03,98512004,367481.231100,288555.236100,78925.995000,0.373032,0.292914,11,2,10,0.009591,0,0,0.618290,1.157058,1.787276,0.087052,0.133082,0.643971,0.092599,0.016065,0.096095,0.069633,0.042549,0.254876
NOG,2019-08,2019-08-16,2019-09-03,677228400,6532758.696500,2623073.384100,3909685.312400,0.964632,0.387325,12,5,7,1.666667,1,0,-0.051746,-0.272316,-0.664942,0.087052,0.133082,0.643971,0.092599,0.016065,0.096095,0.069633,0.042549,0.254876
ADES,2019-09,2019-09-04,2019-09-05,228754560,620043.500000,620043.500000,0,0.271052,0.271052,2,1,2,0.033060,0,1,-0.170074,-0.264922,-0.680294,0.059701,0.107855,0.490576,0.072510,-0.014705,0.029410,0.052506,0.025249,0.173211
ED,2019-08,2019-08-31,2019-09-05,29532580000,16447.488150,16447.488150,0,0.000056,0.000056,9,9,9,0.010346,1,0,-0.037885,-0.020215,-0.165536,0.059701,0.107855,0.490576,0.072510,-0.014705,0.029410,0.052506,0.025249,0.173211
CDXS,2019-09,2019-09-06,2019-09-06,798531900,193335.600000,193335.600000,0,0.024211,0.024211,3,1,3,0.084789,0,1,0.133577,-0.118978,-0.123358,0.072083,0.090240,0.420338,0.090016,-0.029763,0.014190,0.061311,0.007543,0.140309
FLNT,2019-09,2019-09-05,2019-09-06,220414440,71340.000000,0,71340.000000,0.032366,0.000000,1,1,0,1.250000,0,0,-0.270758,-0.249097,0.164260,0.072083,0.090240,0.420338,0.090016,-0.029763,0.014190,0.061311,0.007543,0.140309
INFU,2019-09,2019-09-06,2019-09-06,99896711,25019.600000,0,25019.600000,0.025045,0.000000,3,1,0,0.000568,0,1,0.530693,1.160396,1.681188,0.072083,0.090240,0.420338,0.090016,-0.029763,0.014190,0.061311,0.007543,0.140309
BRTX,2019-09,2019-09-09,2019-09-10,5929000,18465.700000,18465.700000,0,0.311447,0.311447,12,3,12,0.492537,1,0,-0.919130,-0.998841,-0.945797,0.071675,0.075073,0.469341,0.060692,-0.119966,0.003191,0.056501,-0.023366,0.162481
CAAS,2019-09,2019-09-10,2019-09-12,62984070,18479.730000,18479.730000,0,0.029340,0.029340,5,1,5,0.038283,1,0,0.513369,-0.283422,0.497326,0.070822,-0.078553,0.410877,0.047718,-0.281864,-0.036535,0.057416,-0.168645,0.130895
D,2019-09,2019-09-13,2019-09-17,63836760000,1687321.520000,1687321.520000,0,0.002643,0.002643,1,1,1,0.856000,0,1,0.043589,0.041045,0.079885,0.089336,-0.050336,0.437351,0.053262,-0.306968,-0.002701,0.066870,-0.151921,0.148388
FARM,2019-09,2019-09-16,2019-09-18,235464948,56070.700000,56070.700000,0,0.023813,0.023813,2,2,2,0.158495,0,1,0.050143,-0.559456,-0.626074,0.090618,-0.078897,0.415432,0.061886,-0.356680,-0.003833,0.066279,-0.195344,0.137634
RVP,2019-09,2019-09-25,2019-09-25,35615699,26860.884000,0,26860.884000,0.075419,0.000000,7,1,0,0.000580,1,0,0.330275,0.110092,4.733945,0.127201,-0.036805,0.406725,0.085561,-0.281019,-0.051280,0.090417,-0.161796,0.107975
GME,2019-09,2019-09-27,2019-09-30,440056000,508129.140000,508129.140000,0,0.115469,0.115469,7,5,7,0.614771,0,1,0.108696,-0.338768,0.876812,0.126339,0.021480,0.472501,0.097177,-0.234145,0.001365,0.087221,-0.108804,0.141642
AUBN,2019-09,2019-09-30,2019-10-01,168957080,6347.480100,6347.480100,0,0.003757,0.003757,13,7,13,0.016320,0,0,0.143734,-0.089869,-0.205414,0.137735,0.021100,0.494767,0.120659,-0.222784,0.024469,0.102970,-0.111504,0.164135
HGBL,2019-09,2019-09-27,2019-10-01,27220350,31493.807200,31493.807200,0,0.115699,0.115699,7,3,7,1.217377,1,0,-0.020000,-0.170000,1.290000,0.137735,0.021100,0.494767,0.120659,-0.222784,0.024469,0.102970,-0.111504,0.164135
ONDS,2019-09,2019-09-27,2019-10-01,329757207,1000000.000000,1000000.000000,0,0.303253,0.303253,1,1,1,0.078840,1,0,-0.384615,,,0.137735,0.021100,0.494767,0.120659,-0.222784,0.024469,0.102970,-0.111504,0.164135
ED,2019-09,2019-09-30,2019-10-03,31411275000,46674.941100,46674.941100,0,0.000149,0.000149,10,10,10,0.018808,1,0,-0.036597,-0.137274,-0.109653,0.164229,0.003978,0.485292,0.126177,-0.265745,0.049882,0.124127,-0.123482,0.171766
ASRV,2019-10,2019-10-16,2019-10-21,71010650,691.649977,691.649977,0,0.000974,0.000974,1,1,1,0.001047,0,1,0.030864,-0.327160,-0.246914,0.157044,0.104803,0.481697,0.092442,-0.211065,0.059064,0.109804,-0.051154,0.166801
ASRV,2019-09,2019-09-13,2019-10-21,72222040,691.699943,691.699943,0,0.000958,0.000958,1,1,1,0.001039,0,1,0.030864,-0.327160,-0.246914,0.157044,0.104803,0.481697,0.092442,-0.211065,0.059064,0.109804,-0.051154,0.166801
ANGO,2019-10,2019-10-25,2019-10-28,540626160,212850.000000,212850.000000,0,0.039371,0.039371,1,1,1,0.061120,1,0,-0.048993,-0.294631,-0.267785,0.106280,0.095726,0.441425,0.049642,-0.179935,0.026698,0.071821,-0.043361,0.136699
HEI,2019-10,2019-10-29,2019-10-30,16291775610,1720298.471000,1491207.024000,229091.447000,0.010559,0.009153,15,9,13,0.724638,1,0,0.020391,-0.245195,-0.124018,0.128453,0.116545,0.413623,0.052427,-0.126964,0.007092,0.079162,-0.025517,0.105948
BRTX,2019-10,2019-10-28,2019-11-01,263116920,569019.400000,0,569019.400000,0.216261,0.000000,13,1,0,0.822761,0,0,-0.993333,-0.999333,-0.787333,0.103964,0.074394,0.367831,0.019044,-0.202544,0.000138,0.056104,-0.066259,0.099460
RVP,2019-10,2019-10-31,2019-11-01,40190195,22116.200000,0,22116.200000,0.055029,0.000000,12,1,0,0.000278,1,0,0.311475,1.393443,5.303279,0.103964,0.074394,0.367831,0.019044,-0.202544,0.000138,0.056104,-0.066259,0.099460
KKR,2019-11,2019-11-04,2019-11-04,16106019217,2480000,0,2480000,0.015398,0.000000,1,1,0,0.175216,0,0,0.099149,-0.156123,0.224195,0.113797,0.080190,0.382920,0.024892,-0.203378,0.023046,0.059644,-0.067463,0.114375
ED,2019-10,2019-10-31,2019-11-05,30663150000,14225.153760,14225.153760,0,0.000046,0.000046,8,8,8,0.009411,1,0,0.056727,-0.107345,-0.064727,0.138624,0.091861,0.443837,0.039137,-0.198211,0.022881,0.077017,-0.057772,0.140534
BCSF,2019-11,2019-11-12,2019-11-12,976191104,53172.000000,53172.000000,0,0.005447,0.005447,1,1,1,,0,1,0.070866,-0.431946,-0.350956,0.153639,0.106823,0.448502,0.055023,-0.194566,0.102929,0.090296,-0.062219,0.176561
HGBL,2019-11,2019-11-11,2019-11-13,27315900,99000.000000,99000.000000,0,0.362426,0.362426,1,1,1,0.066908,1,0,0.055556,0.166667,0.733333,0.164675,0.092733,0.441427,0.066877,-0.218159,0.090728,0.096972,-0.079104,0.164806
FARM,2019-11,2019-11-15,2019-11-18,256013891,194263.072800,194263.072800,0,0.075880,0.075880,2,1,2,9.586319,1,0,-0.030429,-0.465422,-0.688105,0.158443,0.124814,0.450121,0.060683,-0.156747,0.142416,0.084476,-0.044340,0.178102
RVP,2019-11,2019-11-15,2019-11-18,43457691,23285.694000,0,23285.694000,0.053582,0.000000,6,1,0,0.000451,1,0,0.237037,2.711111,6.459259,0.158443,0.124814,0.450121,0.060683,-0.156747,0.142416,0.084476,-0.044340,0.178102
ASRV,2019-11,2019-11-15,2019-11-19,71181760,691.649787,691.649787,0,0.000972,0.000972,1,1,1,0.001042,0,1,0.003049,-0.301829,-0.250000,0.156721,0.120322,0.437250,0.056770,-0.176459,0.122216,0.084821,-0.053826,0.164269
EMR,2019-11,2019-11-15,2019-11-19,44853300000,102357.640000,102357.640000,0,0.000228,0.000228,1,1,1,1.382034,0,1,-0.018621,-0.227395,0.081427,0.156721,0.120322,0.437250,0.056770,-0.176459,0.122216,0.084821,-0.053826,0.164269
GLPI,2019-11,2019-11-18,2019-11-19,9227380914,418875.000000,418875.000000,0,0.004539,0.004539,3,1,3,0.117647,0,0,0.176081,-0.246862,0.010112,0.156721,0.120322,0.437250,0.056770,-0.176459,0.122216,0.084821,-0.053826,0.164269
PR,2019-11,2019-11-18,2019-11-19,1009890000,1516105.200000,1516105.200000,0,0.150126,0.150126,16,3,16,2.613149,1,0,-0.077821,-0.685148,-0.676105,0.156721,0.120322,0.437250,0.056770,-0.176459,0.122216,0.084821,-0.053826,0.164269
ADES,2019-11,2019-11-22,2019-11-22,194562200,2793374.905800,2793374.905800,0,1.435723,1.435723,3,1,3,0.114745,0,1,0.084697,-0.513956,-0.451396,0.143403,0.142783,0.449633,0.059975,-0.141041,0.159728,0.077711,-0.039600,0.171801
MAC,2019-11,2019-11-20,2019-11-22,3735990113,264396.000000,264396.000000,0,0.007077,0.007077,1,1,1,0.592277,0,1,-0.052944,-0.717990,-0.573744,0.143403,0.142783,0.449633,0.059975,-0.141041,0.159728,0.077711,-0.039600,0.171801
HASI,2019-11,2019-11-21,2019-11-25,1871777003,29514.250000,29514.250000,0,0.001577,0.001577,2,2,2,0.009881,1,0,0.337137,0.052782,0.960057,0.086379,0.126353,0.452726,0.006660,-0.134679,0.156946,0.033948,-0.035249,0.181489
ECOR,2019-11,2019-11-22,2019-11-26,44933236,7127.120000,7127.120000,0,0.015862,0.015862,1,1,1,0.031377,0,1,-0.372973,-0.338288,0.006757,0.054879,0.124229,0.458904,-0.029714,-0.135261,0.152269,0.000316,-0.037450,0.176968
DLTR,2019-12,2019-12-03,2019-12-03,20983455000,178029.900000,178029.900000,0,0.000848,0.000848,2,1,2,0.047362,0,1,-0.077045,0.093965,0.259222,0.042344,0.174966,0.519981,-0.070048,-0.107897,0.162287,-0.025321,0.006019,0.207799
FLNT,2019-11,2019-11-29,2019-12-03,130094640,51108.235000,0,51108.235000,0.039285,0.000000,2,2,0,0.002281,1,0,0.297619,0.250000,1.291667,0.042344,0.174966,0.519981,-0.070048,-0.107897,0.162287,-0.025321,0.006019,0.207799
PBF,2019-11,2019-11-29,2019-12-03,3751567732,34926469.502400,0,34926469.502400,0.930983,0.000000,7,1,0,0.017083,0,0,-0.367201,-0.635294,-0.749020,0.042344,0.174966,0.519981,-0.070048,-0.107897,0.162287,-0.025321,0.006019,0.207799
HASI,2019-12,2019-12-03,2019-12-04,1871777003,69976.480000,69976.480000,0,0.003739,0.003739,2,1,2,0.012946,1,0,0.308935,0.076996,0.903992,0.080346,0.174289,0.514421,-0.050166,-0.092624,0.160841,0.009415,0.013167,0.200085
ED,2019-11,2019-11-30,2019-12-05,28890925000,14225.453710,14225.453710,0,0.000049,0.000049,8,8,8,0.009948,1,0,0.018366,-0.120482,-0.097267,0.045441,0.163771,0.517631,-0.081318,-0.094826,0.186681,-0.025897,0.008691,0.208239
PR,2019-12,2019-12-03,2019-12-05,965005999,30291.000000,30291.000000,0,0.003139,0.003139,1,1,1,0.035105,0,0,-0.456081,-0.663125,-0.567568,0.045441,0.163771,0.517631,-0.081318,-0.094826,0.186681,-0.025897,0.008691,0.208239
AWRE,2019-11,2019-11-21,2019-12-10,71378427,221518.127300,59708.320000,161809.807300,0.310343,0.083650,25,2,15,0.094300,1,0,-0.189802,0.011331,0.000000,0.003170,0.198343,0.488828,-0.170321,-0.069051,0.182019,-0.075595,0.034211,0.192680
BRTX,2019-12,2019-12-09,2019-12-10,55653215,58027.579000,0,58027.579000,0.104266,0.000000,8,1,0,44.892667,0,0,-0.985663,-0.992832,-0.659498,0.003170,0.198343,0.488828,-0.170321,-0.069051,0.182019,-0.075595,0.034211,0.192680
BRTX,2019-11,2019-11-21,2019-12-10,71759160,7560.000000,0,7560.000000,0.010535,0.000000,3,1,0,0.010211,0,0,-0.985663,-0.992832,-0.659498,0.003170,0.198343,0.488828,-0.170321,-0.069051,0.182019,-0.075595,0.034211,0.192680
TRST,2019-12,2019-12-11,2019-12-13,838358000,6964.410000,6964.410000,0,0.000831,0.000831,1,1,1,0.314008,0,1,-0.325196,-0.275166,-0.242917,-0.069646,0.143418,0.478512,-0.265872,-0.147078,0.183682,-0.147096,-0.030920,0.171415
HGBL,2019-12,2019-12-16,2019-12-16,27315900,24947.250000,24947.250000,0,0.091329,0.091329,1,1,1,0.015821,1,0,-0.111111,0.944444,1.777778,-0.189269,0.145775,0.479424,-0.367698,-0.133492,0.204798,-0.245601,-0.028569,0.179146
PBF,2019-12,2019-12-13,2019-12-16,3578971644,49198118.166500,0,49198118.166500,1.374644,0.000000,6,1,0,0.023136,0,0,-0.649481,-0.593101,-0.758531,-0.189269,0.145775,0.479424,-0.367698,-0.133492,0.204798,-0.245601,-0.028569,0.179146
FLNT,2019-12,2019-12-13,2019-12-17,167377860,137668.345700,35744.259200,101924.086500,0.082250,0.021355,7,3,1,0.002560,1,0,-0.426009,-0.035874,0.614350,-0.128218,0.164816,0.486780,-0.342014,-0.116986,0.194581,-0.205078,-0.010107,0.180724
HEI,2019-12,2019-12-20,2019-12-23,15702869790,273619.000000,273619.000000,0,0.001742,0.001742,3,1,3,0.136575,1,0,-0.428423,-0.081048,0.109420,-0.193517,0.169401,0.472937,-0.399284,-0.137480,0.204298,-0.301834,-0.023018,0.164612
ASRV,2019-12,2019-12-13,2019-12-26,72721750,691.849850,691.849850,0,0.000951,0.000951,1,1,1,0.001014,0,1,-0.377581,-0.280236,-0.218289,-0.100487,0.155280,0.473041,-0.296491,-0.151267,0.206433,-0.186426,-0.038454,0.173959
ADES,2019-12,2019-12-31,2020-01-02,188286000,1311150.939500,1311150.939500,0,0.696361,0.696361,2,1,2,0.056086,0,1,-0.419765,-0.521526,-0.474560,-0.137646,0.171191,0.441188,-0.348011,-0.134775,0.183837,-0.220267,-0.029007,0.156379
ARDX,2019-12,2019-12-30,2020-01-02,129872167,495.924000,495.924000,0,0.000382,0.000382,1,1,1,0.033000,0,0,-0.217391,-0.043478,-0.119565,-0.137646,0.171191,0.441188,-0.348011,-0.134775,0.183837,-0.220267,-0.029007,0.156379
RVP,2019-12,2019-12-31,2020-01-02,49021806,15287.470000,0,15287.470000,0.031185,0.000000,7,1,0,0.000239,1,0,-0.150327,3.261438,6.607843,-0.137646,0.171191,0.441188,-0.348011,-0.134775,0.183837,-0.220267,-0.029007,0.156379
ED,2019-12,2019-12-31,2020-01-07,30180792000,45138.858960,45138.858960,0,0.000150,0.000150,10,10,10,0.019029,1,0,-0.081069,-0.157489,-0.154293,-0.086789,0.195250,0.437177,-0.312171,-0.138867,0.258807,-0.173629,-0.017710,0.179068
BRTX,2020-01,2020-01-06,2020-01-08,16265409,102812.310000,0,102812.310000,0.632092,0.000000,2,1,0,4.229771,0,0,-0.967742,-0.983871,0.112903,-0.074402,0.201936,0.460930,-0.283019,-0.135155,0.277123,-0.150426,-0.015452,0.190222
AUBN,2020-01,2020-01-21,2020-01-22,203262000,6264.654000,6264.654000,0,0.003082,0.003082,13,7,13,0.013081,0,0,-0.287555,-0.198253,-0.323362,-0.055625,0.188020,0.468284,-0.286019,-0.109624,0.286471,-0.152695,-0.003344,0.181300
ASRV,2020-01,2020-01-15,2020-01-23,70387590,691.699711,691.699711,0,0.000983,0.000983,1,1,1,0.001033,0,1,-0.340426,-0.285714,-0.112462,-0.060636,0.153280,0.459376,-0.278572,-0.108143,0.302244,-0.153714,-0.016337,0.175772
TRST,2020-01,2020-01-24,2020-01-27,784439750,20189.000000,20189.000000,0,0.002574,0.002574,2,1,2,0.014521,0,0,-0.273759,-0.257541,-0.158287,-0.009540,0.197338,0.517459,-0.218719,-0.090747,0.323111,-0.107464,0.009461,0.208518
RVP,2020-01,2020-01-31,2020-02-03,52289926,29177.470000,0,29177.470000,0.055799,0.000000,13,1,0,0.000256,1,0,2.510638,7.574468,12.546099,-0.030174,0.216037,0.484094,-0.222726,-0.070661,0.334757,-0.119953,0.024911,0.199188
NOG,2020-01,2020-01-31,2020-02-04,670075600,5730978.600000,0,5730978.600000,0.855273,0.000000,4,1,0,0.026073,0,0,-0.530000,-0.521538,-0.313846,-0.041070,0.193277,0.445141,-0.228408,-0.078217,0.318785,-0.125150,0.013402,0.182091
PBF,2020-02,2020-02-03,2020-02-04,3080009418,1897836.748100,0,1897836.748100,0.061618,0.000000,1,1,0,0.003414,0,0,-0.596265,-0.623833,-0.627390,-0.041070,0.193277,0.445141,-0.228408,-0.078217,0.318785,-0.125150,0.013402,0.182091
PBF,2020-01,2020-01-31,2020-02-04,3259079733,42382714.122800,0,42382714.122800,1.300450,0.000000,8,1,0,0.023264,0,0,-0.596265,-0.623833,-0.627390,-0.041070,0.193277,0.445141,-0.228408,-0.078217,0.318785,-0.125150,0.013402,0.182091
ED,2020-01,2020-01-31,2020-02-06,31358400000,16649.088820,16649.088820,0,0.000053,0.000053,9,9,9,0.100919,1,0,-0.201145,-0.194195,-0.205097,-0.034304,0.197776,0.449878,-0.233634,-0.072406,0.346720,-0.133557,0.011398,0.182565
CAR,2020-02,2020-02-09,2020-02-11,2542023000,14999993.030000,14999993.030000,0,0.590081,0.590081,1,1,1,,0,1,-0.682302,-0.171803,0.121080,-0.040581,0.147482,0.444554,-0.236572,-0.053581,0.378243,-0.139884,0.002912,0.185236
LAB,2020-02,2020-02-13,2020-02-18,256467120,44614.254300,44614.254300,0,0.017396,0.017396,1,1,1,0.214598,0,1,0.314607,1.328652,0.769663,-0.031467,0.188805,0.432833,-0.220699,-0.059732,0.356455,-0.127806,0.016061,0.187066
MERC,2020-02,2020-02-19,2020-02-19,691105719,84160.000000,84160.000000,0,0.012178,0.012178,1,1,1,,0,1,-0.248843,-0.226852,0.303241,-0.021511,0.169630,0.413012,-0.201235,-0.064506,0.328574,-0.117243,0.007003,0.176350
NEE,2020-02,2020-02-19,2020-02-19,134442139734,826500.000000,826500.000000,0,0.000615,0.000615,1,1,1,4.580153,0,1,-0.148110,0.038840,0.199724,-0.021511,0.169630,0.413012,-0.201235,-0.064506,0.328574,-0.117243,0.007003,0.176350
ASRV,2020-02,2020-02-14,2020-02-21,70558020,691.599692,691.599692,0,0.000980,0.000980,1,1,1,0.001040,0,1,-0.295732,-0.277439,0.018293,-0.000542,0.228833,0.410319,-0.189643,-0.068054,0.357962,-0.108852,0.028488,0.182243
FARM,2020-02,2020-02-25,2020-02-25,223151171,40708.000000,40708.000000,0,0.018242,0.018242,3,1,3,0.022185,0,1,-0.451041,-0.404009,-0.449499,0.065742,0.332432,0.515796,-0.108778,0.007829,0.472875,-0.037754,0.112000,0.276456
MAC,2020-02,2020-02-24,2020-02-26,3238907300,1355692.034900,1355692.034900,0,0.041856,0.041856,5,4,5,0.801085,0,0,-0.637224,-0.631546,-0.341325,0.066080,0.353950,0.455498,-0.070242,0.013319,0.435121,-0.019827,0.127311,0.250291
GLPI,2020-02,2020-02-28,2020-03-02,9608070300,110250.000000,110250.000000,0,0.001147,0.001147,1,1,1,0.025304,0,1,-0.192023,-0.175941,0.005790,0.083786,0.367832,0.481757,-0.067910,0.036572,0.488921,-0.005608,0.141792,0.273931
NOG,2020-02,2020-02-28,2020-03-02,585307000,9289497.500000,0,9289497.500000,1.587115,0.000000,5,1,0,0.033528,0,0,-0.468694,-0.518784,-0.096601,0.083786,0.367832,0.481757,-0.067910,0.036572,0.488921,-0.005608,0.141792,0.273931
RVP,2020-02,2020-02-28,2020-03-02,53597174,25764.000000,0,25764.000000,0.048070,0.000000,10,1,0,0.000200,1,0,2.548193,2.807229,8.283133,0.083786,0.367832,0.481757,-0.067910,0.036572,0.488921,-0.005608,0.141792,0.273931
INVE,2020-02,2020-02-28,2020-03-03,80246367,986856.569400,0,986856.569400,1.229783,0.000000,9,1,0,0.057146,0,0,0.074661,0.280543,1.545249,0.127235,0.437277,0.486442,-0.040700,0.070273,0.503477,0.032153,0.186488,0.294092
ED,2020-02,2020-02-29,2020-03-05,26294351999,16649.520120,16649.520120,0,0.000063,0.000063,9,9,9,0.088835,1,0,-0.136344,-0.155677,-0.187275,0.113187,0.363654,0.469368,-0.014704,0.051463,0.498897,0.035508,0.153712,0.292046
PR,2020-03,2020-03-04,2020-03-05,543625440,287993.000000,287993.000000,0,0.052976,0.052976,6,2,6,0.520822,1,0,-0.380652,-0.664528,1.695652,0.113187,0.363654,0.469368,-0.014704,0.051463,0.498897,0.035508,0.153712,0.292046
AGM,2020-03,2020-03-05,2020-03-06,775977280,205863.186400,205863.186400,0,0.026530,0.026530,4,3,4,1.035197,0,0,0.030618,0.008130,0.339734,0.154739,0.368542,0.452263,0.044026,0.065852,0.536338,0.079882,0.163563,0.307247
CNDT,2020-03,2020-03-09,2020-03-10,510845060,182448.000000,182448.000000,0,0.035715,0.035715,1,1,1,1.072994,0,1,0.337500,0.412500,1.808333,0.194556,0.327744,0.534074,0.122059,0.122865,0.714309,0.118786,0.167244,0.375984
CENX,2020-03,2020-03-10,2020-03-11,424175000,13230.000000,13230.000000,0,0.003119,0.003119,1,1,1,0.073895,0,1,0.591667,0.966667,2.968750,0.263949,0.428937,0.640821,0.165706,0.217328,0.871032,0.169532,0.251259,0.461096
EMR,2020-03,2020-03-10,2020-03-11,32714564000,257346.000000,257346.000000,0,0.000787,0.000787,1,1,1,0.065021,0,1,0.275832,0.339722,0.803701,0.263949,0.428937,0.640821,0.165706,0.217328,0.871032,0.169532,0.251259,0.461096
AUBN,2020-03,2020-03-12,2020-03-12,147989000,342100.500000,342100.500000,0,0.231166,0.231166,2,1,2,0.137203,0,0,0.312965,-0.006203,0.067308,0.322577,0.541892,0.791892,0.210562,0.350614,1.115775,0.218729,0.359597,0.617898
CROX,2020-03,2020-03-12,2020-03-12,1233626960,525588.507500,525588.507500,0,0.042605,0.042605,4,3,4,0.195025,1,0,0.647026,1.148678,3.495044,0.322577,0.541892,0.791892,0.210562,0.350614,1.115775,0.218729,0.359597,0.617898
DLTR,2020-03,2020-03-12,2020-03-12,16665914999,37631.600000,37631.600000,0,0.000226,0.000226,3,1,3,0.017306,0,1,0.266525,0.282871,0.543852,0.322577,0.541892,0.791892,0.210562,0.350614,1.115775,0.218729,0.359597,0.617898
LAB,2020-03,2020-03-11,2020-03-12,185304540,298155.000000,298155.000000,0,0.160900,0.160900,3,2,3,1.153186,0,1,0.420408,1.620408,0.844898,0.322577,0.541892,0.791892,0.210562,0.350614,1.115775,0.218729,0.359597,0.617898
BCSF,2020-03,2020-03-12,2020-03-13,774677068,1221990.534800,1221990.534800,0,0.157742,0.157742,8,4,8,0.933325,1,0,-0.138728,-0.205202,0.202312,0.229013,0.411564,0.669569,0.161817,0.257456,0.990119,0.136212,0.253198,0.499389
KKR,2020-02,2020-02-28,2020-03-13,15957376177,6419000.000000,1419000.000000,5000000,0.040226,0.008892,2,2,1,12.500000,1,0,0.156171,0.379513,0.977330,0.229013,0.411564,0.669569,0.161817,0.257456,0.990119,0.136212,0.253198,0.499389
NEE,2020-03,2020-03-13,2020-03-13,108442553078,1336000.000000,1336000.000000,0,0.001232,0.001232,3,2,3,1.094391,0,1,0.120502,0.268682,0.391527,0.229013,0.411564,0.669569,0.161817,0.257456,0.990119,0.136212,0.253198,0.499389
AWRE,2020-03,2020-03-16,2020-03-16,54802000,115238.643500,0,115238.643500,0.210282,0.000000,3,1,0,0.004482,0,0,0.239382,0.115830,0.509653,0.413261,0.631660,0.907208,0.370401,0.487981,1.256062,0.287688,0.425677,0.681440
HRI,2020-03,2020-03-13,2020-03-16,676815373,224488.530000,224488.530000,0,0.033168,0.033168,4,1,4,0.406101,0,1,0.425638,1.055494,4.187569,0.413261,0.631660,0.907208,0.370401,0.487981,1.256062,0.287688,0.425677,0.681440
MERC,2020-03,2020-03-13,2020-03-16,499934840,75205.000000,75205.000000,0,0.015043,0.015043,1,1,1,0.166204,0,0,0.181965,-0.038647,1.098229,0.413261,0.631660,0.907208,0.370401,0.487981,1.256062,0.287688,0.425677,0.681440
ACRE,2020-03,2020-03-16,2020-03-17,217863012,616397.600000,616397.600000,0,0.282929,0.282929,5,2,5,0.060456,0,0,0.445205,0.578767,1.482877,0.336132,0.538040,0.779986,0.341995,0.425545,1.174195,0.245270,0.359530,0.600807
OGE,2020-03,2020-03-13,2020-03-17,6631303245,31826.110000,31826.110000,0,0.000480,0.000480,1,1,1,0.428693,0,0,0.041648,-0.006138,0.120123,0.336132,0.538040,0.779986,0.341995,0.425545,1.174195,0.245270,0.359530,0.600807
CABO,2020-03,2020-03-17,2020-03-18,7003920575,366494.000000,366494.000000,0,0.005233,0.005233,4,1,4,0.044425,1,0,0.562798,0.575592,0.558295,0.382445,0.561060,0.779676,0.428339,0.559853,1.285018,0.306258,0.426338,0.661654
GLPI,2020-03,2020-03-17,2020-03-18,4095313600,2786242.500000,2786242.500000,0,0.068035,0.068035,9,3,9,0.183688,1,0,1.543977,1.594646,1.935946,0.382445,0.561060,0.779676,0.428339,0.559853,1.285018,0.306258,0.426338,0.661654
HGBL,2020-03,2020-03-18,2020-03-18,18688597,692.000000,692.000000,0,0.003703,0.003703,1,1,1,0.002461,1,0,1.415385,2.876923,3.538462,0.382445,0.561060,0.779676,0.428339,0.559853,1.285018,0.306258,0.426338,0.661654
INVE,2020-03,2020-03-18,2020-03-18,39422342,312091.737500,0,312091.737500,0.791662,0.000000,6,1,0,0.015754,0,0,1.373333,1.635556,4.333333,0.382445,0.561060,0.779676,0.428339,0.559853,1.285018,0.306258,0.426338,0.661654
ATEC,2020-03,2020-03-17,2020-03-19,190832400,483601.000000,483601.000000,0,0.253417,0.253417,4,3,4,0.100445,1,0,0.959016,1.454918,6.495902,0.377935,0.527493,0.775253,0.374205,0.490356,1.215827,0.303959,0.410783,0.654990
CVI,2020-03,2020-03-18,2020-03-19,1508505000,8746548.000000,0,8746548.000000,0.579816,0.000000,1,1,0,0.089009,0,0,0.147870,-0.280702,0.119048,0.377935,0.527493,0.775253,0.374205,0.490356,1.215827,0.303959,0.410783,0.654990
FARM,2020-03,2020-03-17,2020-03-19,134544499,35365.050000,35365.050000,0,0.026285,0.026285,2,2,2,0.365070,0,1,0.194524,-0.247839,0.587896,0.377935,0.527493,0.775253,0.374205,0.490356,1.215827,0.303959,0.410783,0.654990
ARI,2020-03,2020-03-18,2020-03-20,1143835059,904649.330700,904649.330700,0,0.079089,0.079089,3,2,3,0.492813,0,1,0.471698,0.466981,1.405660,0.433874,0.569478,0.882253,0.400406,0.522589,1.252697,0.354926,0.457362,0.743362
ASRV,2020-03,2020-03-19,2020-03-20,51299430,16011.199773,16011.199773,0,0.031211,0.031211,3,2,3,0.027996,1,0,0.041322,-0.074380,0.438017,0.433874,0.569478,0.882253,0.400406,0.522589,1.252697,0.354926,0.457362,0.743362
CLH,2020-03,2020-03-23,2020-03-23,2212437760,99968.355000,99968.355000,0,0.004518,0.004518,3,1,3,0.078039,0,0,0.543095,0.355847,1.075857,0.450000,0.574361,0.872716,0.435820,0.491435,1.203708,0.399354,0.478893,0.774984
BKE,2020-03,2020-03-18,2020-03-24,695793000,10036.000000,10036.000000,0,0.001442,0.001442,2,1,2,0.010636,0,1,-0.068522,0.179872,1.394004,0.357300,0.488384,0.708835,0.320918,0.376937,0.972288,0.289033,0.369859,0.619287
CAR,2020-03,2020-03-24,2020-03-25,1305639000,416979.000000,416979.000000,0,0.031937,0.031937,2,2,2,0.811482,0,1,0.274725,0.604396,2.821734,0.339237,0.453702,0.718622,0.262435,0.319533,0.994310,0.237615,0.318353,0.604357
HASI,2020-03,2020-03-26,2020-03-27,1398523205,332040.000000,332040.000000,0,0.023742,0.023742,7,6,7,1.000000,1,0,0.388889,1.043896,1.786694,0.298672,0.470222,0.715670,0.218346,0.310170,0.928113,0.189224,0.308086,0.586737
MAC,2020-03,2020-03-31,2020-03-31,811294260,1498102.440000,1498102.440000,0,0.184656,0.184656,16,8,16,1.875000,1,0,0.620192,0.269231,1.225962,0.302655,0.453956,0.686658,0.255161,0.314167,0.953907,0.201616,0.300372,0.562241
NOG,2020-04,2020-04-01,2020-04-01,249216000,255619.126500,0,255619.126500,0.102569,0.000000,1,1,0,0.004608,0,0,0.491597,-0.044118,1.186975,0.376402,0.528899,0.791584,0.334210,0.414526,1.123407,0.267080,0.371998,0.653567
NOG,2020-03,2020-03-30,2020-04-01,246636260,6369100.185700,452534.096600,5916566.089100,2.582386,0.183482,14,4,6,1.904182,0,0,0.491597,-0.044118,1.186975,0.376402,0.528899,0.791584,0.334210,0.414526,1.123407,0.267080,0.371998,0.653567
RVP,2020-03,2020-03-31,2020-04-01,51150913,92400.190000,0,92400.190000,0.180642,0.000000,15,1,0,0.000794,1,0,4.432000,4.328000,8.968000,0.376402,0.528899,0.791584,0.334210,0.414526,1.123407,0.267080,0.371998,0.653567
INFU,2020-03,2020-03-31,2020-04-02,170501189,68585.250000,68585.250000,0,0.040226,0.040226,6,3,6,0.833333,1,0,0.192135,0.448315,1.461798,0.358131,0.522268,0.790936,0.327054,0.423547,1.114930,0.245290,0.349617,0.639470
PBF,2020-03,2020-03-31,2020-04-02,849677044,14220057.353400,0,14220057.353400,1.673584,0.000000,10,1,0,0.022475,0,0,0.621673,-0.053232,1.557034,0.358131,0.522268,0.790936,0.327054,0.423547,1.114930,0.245290,0.349617,0.639470
ED,2020-03,2020-03-31,2020-04-07,26059800000,47340.108480,47340.108480,0,0.000182,0.000182,10,10,10,0.102183,1,0,-0.083162,0.031937,-0.018024,0.308843,0.405465,0.699138,0.251959,0.397095,0.978406,0.188680,0.273868,0.558060
ECOR,2020-04,2020-04-14,2020-04-16,29889129,1749148.700000,1749148.700000,0,5.852123,5.852123,3,3,3,1.902981,0,1,0.921241,1.147971,1.136038,0.217214,0.364716,0.613913,0.254430,0.402178,0.945090,0.154423,0.255549,0.518912
GME,2020-04,2020-04-17,2020-04-17,314722180,135409.550000,135409.550000,0,0.043025,0.043025,2,2,2,0.022670,1,0,-0.188525,1.729508,32.680328,0.207108,0.344392,0.584000,0.205074,0.339786,0.838858,0.127307,0.221778,0.471712
ASRV,2020-04,2020-04-15,2020-04-20,45869880,687.399804,687.399804,0,0.001499,0.001499,1,1,1,0.001553,0,1,0.041284,0.077982,0.481651,0.256185,0.338262,0.591275,0.214222,0.339535,0.822630,0.156816,0.224787,0.487142
AUBN,2020-04,2020-04-23,2020-04-27,147561080,5636.718500,5636.718500,0,0.003820,0.003820,10,5,10,0.008097,0,0,0.190537,-0.054071,-0.073061,0.208871,0.305288,0.587941,0.163798,0.262823,0.817211,0.131003,0.192325,0.477850
RVP,2020-04,2020-04-28,2020-04-29,90825660,20351.000000,0,20351.000000,0.022407,0.000000,9,1,0,0.000137,1,0,3.057627,1.464407,2.369492,0.188235,0.244312,0.563282,0.106244,0.139933,0.703648,0.113744,0.123489,0.455570
TRST,2020-04,2020-04-29,2020-04-30,622970100,598436.090000,598436.090000,0,0.096062,0.096062,6,6,6,1.191860,1,0,-0.061800,-0.123600,0.212360,0.194954,0.266610,0.553706,0.145471,0.199205,0.746978,0.120180,0.145560,0.459583
ASRV,2020-05,2020-05-01,2020-05-05,49450800,603.200000,603.200000,0,0.001220,0.001220,1,1,1,0.002757,1,0,0.012876,-0.012876,0.506438,0.244384,0.265846,0.521200,0.194650,0.274385,0.777494,0.158372,0.184018,0.475955
ED,2020-04,2020-04-30,2020-05-06,26327080000,16649.004060,16649.004060,0,0.000063,0.000063,9,9,9,0.083447,1,0,0.000849,0.092237,0.090708,0.239808,0.314278,0.523275,0.227409,0.285163,0.792157,0.173496,0.218731,0.497890
AIG,2020-05,2020-05-06,2020-05-08,20209031189,481966.000000,481966.000000,0,0.002385,0.002385,1,1,1,1.333333,0,1,0.120456,0.225275,0.947168,0.209418,0.314404,0.457895,0.183893,0.245109,0.679899,0.149096,0.207459,0.452023
AVNS,2020-05,2020-05-08,2020-05-11,1342702000,287500.000000,287500.000000,0,0.021412,0.021412,2,1,2,0.201248,0,1,0.104108,0.469547,0.456799,0.193557,0.276105,0.442940,0.202179,0.296715,0.682887,0.152312,0.222371,0.438777
AWRE,2020-05,2020-05-08,2020-05-11,57781836,39864.196000,39864.196000,0,0.068991,0.068991,6,1,6,0.105436,1,0,-0.088328,-0.154574,0.138801,0.193557,0.276105,0.442940,0.202179,0.296715,0.682887,0.152312,0.222371,0.438777
CLH,2020-05,2020-05-13,2020-05-13,2573261100,76642.500000,76642.500000,0,0.002978,0.002978,1,1,1,0.045109,1,0,0.390797,0.567293,0.998704,0.241622,0.325303,0.465117,0.287912,0.416791,0.779516,0.203555,0.277216,0.480268
CNDT,2020-05,2020-05-14,2020-05-15,372249620,221145.600800,221145.600800,0,0.059408,0.059408,5,3,5,0.131863,1,0,1.160221,1.160221,2.983425,0.221091,0.307202,0.462175,0.260243,0.397222,0.791167,0.181790,0.261410,0.474667
AGM,2020-05,2020-05-19,2020-05-20,628670700,111345.000000,111345.000000,0,0.017711,0.017711,2,2,2,1.456693,0,1,0.119080,0.121242,0.686972,0.195343,0.257795,0.430078,0.171176,0.322625,0.657407,0.140748,0.209983,0.420995
FLNT,2020-05,2020-05-20,2020-05-21,153398700,55441.562000,10640.000000,44801.562000,0.036142,0.006936,6,3,2,0.028899,1,0,0.336788,0.595855,0.471503,0.225256,0.281593,0.437857,0.164282,0.330413,0.658737,0.152267,0.223537,0.429692
HFFG,2020-05,2020-05-22,2020-05-22,335874219,346699.177400,346699.177400,0,0.103223,0.103223,1,1,1,0.021904,1,0,0.252266,0.179758,-0.049849,0.229500,0.268466,0.457011,0.150044,0.325362,0.661361,0.154116,0.212846,0.441491
HGBL,2020-05,2020-05-22,2020-05-22,36119960,599920.000000,312160.000000,287760.000000,1.660910,0.864231,3,3,2,0.081304,1,0,1.854839,0.290323,1.322581,0.229500,0.268466,0.457011,0.150044,0.325362,0.661361,0.154116,0.212846,0.441491
PR,2020-05,2020-05-22,2020-05-27,279904330,36168255.537700,39475.000000,36128780.537700,12.921649,0.014103,32,3,2,0.040269,1,0,-0.352235,0.078431,3.539216,0.270027,0.290673,0.454627,0.089874,0.292317,0.596245,0.150115,0.204836,0.403456
ARES,2020-05,2020-05-26,2020-05-28,7319460350,50102.600000,50102.600000,0,0.000685,0.000685,1,1,1,0.477718,0,1,0.133917,0.268843,0.575370,0.267717,0.304279,0.461136,0.119005,0.329215,0.633871,0.154788,0.210475,0.408603
CAR,2020-05,2020-05-28,2020-05-28,1393392000,9883152.297000,0,9883152.297000,0.709287,0.000000,3,1,0,0.017223,0,1,0.706099,0.849632,3.386961,0.267717,0.304279,0.461136,0.119005,0.329215,0.633871,0.154788,0.210475,0.408603
INFU,2020-05,2020-05-26,2020-05-28,215084538,19866.840000,19866.840000,0,0.009237,0.009237,1,1,1,0.187600,1,0,0.259395,0.456462,0.695692,0.267717,0.304279,0.461136,0.119005,0.329215,0.633871,0.154788,0.210475,0.408603
RVP,2020-05,2020-05-28,2020-05-28,178700306,8725.000000,0,8725.000000,0.004882,0.000000,7,1,0,0.000034,1,0,0.084404,1.121101,0.667890,0.267717,0.304279,0.461136,0.119005,0.329215,0.633871,0.154788,0.210475,0.408603
EPSN,2020-05,2020-05-27,2020-05-29,74258624,3507826.140000,0,3507826.140000,4.723796,0.000000,1,1,0,0.487261,0,0,0.184874,0.117647,0.441176,0.255750,0.285422,0.435206,0.135078,0.336958,0.662032,0.157074,0.205096,0.401125
TRST,2020-05,2020-05-29,2020-06-02,607540500,195787.490000,195787.490000,0,0.032226,0.032226,4,3,4,0.043520,0,0,-0.044939,0.025199,0.256615,0.275046,0.291964,0.424134,0.115681,0.301564,0.634720,0.149527,0.198060,0.386173
ASRV,2020-06,2020-06-03,2020-06-04,50132880,5880.000000,5880.000000,0,0.011729,0.011729,1,1,1,0.026438,1,0,-0.054622,0.142857,0.441176,0.225000,0.298763,0.436882,0.067154,0.281152,0.591927,0.114151,0.187601,0.378984
ED,2020-05,2020-05-31,2020-06-04,25077546000,16649.524400,16649.524400,0,0.000066,0.000066,9,9,9,0.087234,1,0,-0.022386,0.034581,0.074841,0.225000,0.298763,0.436882,0.067154,0.281152,0.591927,0.114151,0.187601,0.378984
PR,2020-06,2020-06-04,2020-06-08,318702950,79642.500000,0,79642.500000,0.024990,0.000000,3,2,0,0.000274,0,1,-0.737495,-0.311828,2.010753,0.119520,0.276044,0.402957,-0.017829,0.239394,0.539817,0.035532,0.151611,0.327484
NOG,2020-06,2020-06-08,2020-06-09,523353600,285835.246800,285835.246800,0,0.054616,0.054616,4,2,4,0.655669,0,1,-0.535385,-0.297436,0.580513,0.111495,0.271207,0.393241,0.000718,0.279026,0.558484,0.043313,0.163664,0.335453
AGM,2020-06,2020-06-11,2020-06-12,690475499,130000,130000,0,0.018828,0.018828,1,1,1,0.508647,0,1,0.019966,0.181191,0.612054,0.148534,0.283778,0.469721,0.082319,0.386236,0.693820,0.102961,0.214240,0.420305
AAP,2020-06,2020-06-15,2020-06-16,9527916300,991707.050000,991707.050000,0,0.010408,0.010408,1,1,1,0.058192,1,0,0.101600,0.124160,0.388960,0.151114,0.269397,0.413072,0.062258,0.357685,0.608579,0.091755,0.190898,0.370365
BATL,2020-06,2020-06-12,2020-06-16,156310700,70068.000000,70068.000000,0,0.044826,0.044826,3,2,3,0.875000,0,1,0.020239,-0.296228,0.186753,0.151114,0.269397,0.413072,0.062258,0.357685,0.608579,0.091755,0.190898,0.370365
FOX,2020-06,2020-06-20,2020-06-23,16886740000,4274802.600000,4274802.600000,0,0.025315,0.025315,2,1,2,0.670903,1,0,-0.023074,-0.021901,0.301916,0.096577,0.248917,0.405422,0.042409,0.390480,0.615610,0.062702,0.186576,0.374404
ARDX,2020-06,2020-06-25,2020-06-26,154108479,997427.432600,997427.432600,0,0.647224,0.647224,3,1,3,0.682870,0,1,-0.156250,0.068750,0.243750,0.132097,0.305910,0.480846,0.075368,0.460703,0.703485,0.099949,0.250597,0.445828
BLNK,2020-06,2020-06-25,2020-06-26,74911753,129779.640000,129779.640000,0,0.173243,0.173243,4,1,4,0.800000,0,1,1.821192,14.529801,13.360927,0.132097,0.305910,0.480846,0.075368,0.460703,0.703485,0.099949,0.250597,0.445828
RVP,2020-06,2020-06-30,2020-06-30,234267726,16231.260000,0,16231.260000,0.006929,0.000000,7,1,0,0.000048,1,0,-0.031339,0.528490,0.646724,0.116148,0.268165,0.439645,0.047011,0.367378,0.618579,0.082186,0.214585,0.408817
IDYA,2020-06,2020-06-30,2020-07-02,403516680,1722633.136800,0,1722633.136800,0.426905,0.000000,9,1,0,0.033749,0,0,-0.053168,0.019665,0.606701,0.120855,0.248161,0.430245,0.072712,0.386288,0.626095,0.083777,0.207373,0.409772
ED,2020-06,2020-06-30,2020-07-07,24060585000,191450.409160,191450.409160,0,0.000796,0.000796,11,10,11,0.088685,1,0,0.125539,-0.017072,0.053457,0.073823,0.219288,0.414627,0.115928,0.404335,0.604594,0.071666,0.193197,0.405184
AUBN,2020-07,2020-07-22,2020-07-22,167815960,5649.505600,5649.505600,0,0.003366,0.003366,10,5,10,0.005000,0,0,-0.194172,-0.137255,-0.273965,0.074242,0.226090,0.381576,0.080145,0.457495,0.490672,0.052752,0.184168,0.352058
RVP,2020-07,2020-07-24,2020-07-24,324704412,11930.000000,0,11930.000000,0.003674,0.000000,3,1,0,0.000048,1,0,-0.115108,0.313464,0.151079,0.115770,0.277523,0.450103,0.120565,0.481967,0.522891,0.081923,0.203066,0.394829
ANGO,2020-07,2020-07-31,2020-08-03,315176820,330400.000000,330400.000000,0,0.104830,0.104830,1,1,1,0.131874,1,0,0.270335,1.263158,2.259569,0.003693,0.200816,0.369470,0.044443,0.416068,0.490020,0.008289,0.153727,0.361679
PBF,2020-07,2020-07-31,2020-08-03,1038857380,1233313.400000,0,1233313.400000,0.118718,0.000000,2,1,0,0.004430,0,0,-0.455635,-0.088729,0.001199,0.003693,0.200816,0.369470,0.044443,0.416068,0.490020,0.008289,0.153727,0.361679
ED,2020-07,2020-07-31,2020-08-05,25699635000,16648.516960,16648.516960,0,0.000065,0.000065,9,9,9,0.072569,1,0,0.091310,-0.023761,0.064834,0.060065,0.208106,0.371631,0.047053,0.402783,0.458645,0.038547,0.159289,0.349964
HGBL,2020-08,2020-08-11,2020-08-11,97328000,23264.500000,23264.500000,0,0.023903,0.023903,1,1,1,0.004010,1,0,-0.441558,0.022727,-0.295455,0.070301,0.261743,0.388824,0.105072,0.465867,0.440644,0.068059,0.182316,0.353279
RKT,2020-08,2020-08-10,2020-08-11,3087556288,17714340,4302000,13412340,0.573733,0.139333,6,4,2,,1,0,0.049740,0.032967,-0.104685,0.070301,0.261743,0.388824,0.105072,0.465867,0.440644,0.068059,0.182316,0.353279
ANGO,2020-08,2020-08-11,2020-08-12,348373410,9501.940000,9501.940000,0,0.002728,0.002728,1,1,1,0.017094,1,0,0.286788,1.258861,1.931257,0.067396,0.228033,0.359661,0.100068,0.450307,0.431331,0.061203,0.165557,0.338707
AUBN,2020-08,2020-08-14,2020-08-17,158508700,4435.200000,4435.200000,0,0.002798,0.002798,2,1,2,0.012009,0,1,-0.068391,-0.077907,-0.180494,0.066511,0.222758,0.335981,0.129248,0.440109,0.384678,0.077281,0.170566,0.333644
FLNT,2020-08,2020-08-14,2020-08-17,200368800,101957.247100,0,101957.247100,0.050885,0.000000,4,2,0,0.320911,1,0,0.210317,1.841270,-0.115079,0.066511,0.222758,0.335981,0.129248,0.440109,0.384678,0.077281,0.170566,0.333644
FOX,2020-08,2020-08-15,2020-08-18,15569460000,5895077.760000,5895077.760000,0,0.037863,0.037863,1,1,1,0.757289,1,0,0.082805,0.200253,0.331643,0.052977,0.211087,0.310480,0.145480,0.453970,0.385768,0.069161,0.168013,0.316147
OGE,2020-08,2020-08-17,2020-08-18,6491244000,32530.000000,32530.000000,0,0.000501,0.000501,1,1,1,,0,1,0.066907,-0.000801,0.154247,0.052977,0.211087,0.310480,0.145480,0.453970,0.385768,0.069161,0.168013,0.316147
AWRE,2020-08,2020-08-19,2020-08-19,58844240,27645.000000,0,27645.000000,0.046980,0.000000,3,1,0,1.000000,0,1,-0.003650,0.755474,0.463504,0.052246,0.213414,0.325714,0.129314,0.442527,0.369105,0.060693,0.173192,0.323717
BCSF,2020-08,2020-08-19,2020-08-19,674675669,26075.000000,26075.000000,0,0.003865,0.003865,1,1,1,,1,0,0.113594,0.407821,0.553073,0.052246,0.213414,0.325714,0.129314,0.442527,0.369105,0.060693,0.173192,0.323717
ASRV,2020-08,2020-08-17,2020-08-21,50153460,9959.589961,9959.589961,0,0.019858,0.019858,2,1,2,0.600701,0,1,0.037975,0.358650,0.312236,0.031692,0.178242,0.331703,0.152445,0.466583,0.435148,0.050888,0.158388,0.337086
INFU,2020-08,2020-08-25,2020-08-25,267372492,40347.600000,40347.600000,0,0.015090,0.015090,2,1,2,0.252610,1,0,0.202264,0.427925,0.120755,0.031613,0.128299,0.318627,0.182318,0.427678,0.437715,0.059731,0.135365,0.323930
PR,2020-08,2020-08-24,2020-08-26,201776715,37295.000000,37295.000000,0,0.018483,0.018483,2,1,2,0.011607,1,0,0.664850,4.388062,5.402107,0.016257,0.113832,0.282859,0.185749,0.470633,0.431408,0.047579,0.136489,0.303030
BLNK,2020-08,2020-08-25,2020-08-27,242881200,163000.000000,163000.000000,0,0.067111,0.067111,2,1,2,0.198859,0,1,2.960396,4.429986,3.438472,0.028841,0.078369,0.299412,0.187854,0.412836,0.468185,0.048223,0.106671,0.311814
RVP,2020-08,2020-08-28,2020-08-28,192219672,5037.000000,0,5037.000000,0.002620,0.000000,2,1,0,0.000021,1,0,1.006944,1.725694,1.170139,0.023629,0.077405,0.307319,0.177855,0.399028,0.449873,0.041503,0.093908,0.309134
TRST,2020-08,2020-08-27,2020-08-28,563180400,36050.000000,36050.000000,0,0.006401,0.006401,2,2,2,0.329902,0,0,0.086055,0.201236,0.145190,0.023629,0.077405,0.307319,0.177855,0.399028,0.449873,0.041503,0.093908,0.309134
CAR,2020-08,2020-08-31,2020-09-01,2377467000,30752569.384200,0,30752569.384200,1.293501,0.000000,11,1,0,0.008029,0,1,0.035768,0.680477,1.638450,0.013268,0.065098,0.276183,0.166610,0.420081,0.461665,0.042220,0.105318,0.300403
BLNK,2020-09,2020-09-01,2020-09-02,237546600,69724.950000,69724.950000,0,0.029352,0.029352,4,1,4,2.846154,0,1,2.155007,3.679012,3.567901,0.005066,0.024508,0.263632,0.158580,0.393703,0.460270,0.029506,0.075130,0.285797
ED,2020-08,2020-08-31,2020-09-03,23863230000,16649.295520,16649.295520,0,0.000070,0.000070,9,9,9,0.067882,1,0,0.058271,-0.056391,0.096890,0.060215,0.061549,0.335184,0.200531,0.395959,0.497693,0.065925,0.099689,0.331321
ASRV,2020-09,2020-09-09,2020-09-09,46400480,2749.400000,2749.400000,0,0.005925,0.005925,1,1,1,0.012879,1,0,0.200000,0.409091,0.436364,0.085888,0.122436,0.373387,0.249770,0.503852,0.486324,0.083946,0.156004,0.340960
CAR,2020-09,2020-09-11,2020-09-11,2324495000,14689784.716400,0,14689784.716400,0.631956,0.000000,9,1,0,0.005403,0,1,0.171347,1.064058,1.707163,0.117753,0.170288,0.399471,0.280802,0.577031,0.509841,0.100891,0.189365,0.356692
TRST,2020-09,2020-09-10,2020-09-11,538107300,78355.000000,78355.000000,0,0.014561,0.014561,3,3,3,0.105252,0,0,0.142597,0.422779,0.162642,0.117753,0.170288,0.399471,0.280802,0.577031,0.509841,0.100891,0.189365,0.356692
PR,2020-09,2020-09-14,2020-09-16,155427736,145168.000000,145168.000000,0,0.093399,0.093399,10,1,10,0.022484,1,0,1.540571,5.947685,7.416723,0.126797,0.176044,0.385486,0.261615,0.510869,0.449962,0.096911,0.182188,0.339412
INFU,2020-09,2020-09-22,2020-09-23,261722356,52540.000000,52540.000000,0,0.020075,0.020075,2,2,2,0.133502,1,0,0.492595,0.577553,0.023383,0.168880,0.184275,0.419556,0.386543,0.476357,0.570558,0.144102,0.210136,0.392887
RVP,2020-09,2020-09-23,2020-09-25,211575126,29951.000000,24864.000000,5087.000000,0.014156,0.011752,3,2,1,0.000036,1,0,0.826019,0.815047,0.879310,0.153533,0.167251,0.371123,0.358329,0.514229,0.561343,0.136959,0.213647,0.365443
PBF,2020-09,2020-09-30,2020-10-01,681585748,2738487.380560,571054.875560,2167432.505000,0.401782,0.083783,8,4,5,23.105779,1,0,0.273092,1.795181,1.459839,0.113580,0.153468,0.282923,0.292321,0.477581,0.474555,0.114042,0.197568,0.306508
AUBN,2020-09,2020-09-30,2020-10-02,129303160,5689.978200,5689.978200,0,0.004400,0.004400,10,5,10,0.006965,0,0,0.137561,0.067914,-0.050243,0.129659,0.210578,0.292402,0.269867,0.479117,0.454730,0.109365,0.226376,0.301986
HGBL,2020-10,2020-10-06,2020-10-06,58825900,3254557.380000,1652277.440000,1602279.940000,5.532525,2.808758,9,3,5,0.227851,1,0,0.526316,0.557895,0.042105,0.135464,0.206017,0.314178,0.258446,0.439270,0.417180,0.113404,0.221706,0.316736
ED,2020-09,2020-09-30,2020-10-07,26195260000,49083.942200,49083.942200,0,0.000187,0.000187,10,10,10,0.070561,1,0,-0.108985,-0.049288,-0.042094,0.100702,0.188392,0.303660,0.281976,0.385851,0.408339,0.100895,0.202171,0.305414
BIVI,2020-09,2020-09-22,2020-10-14,57028780,150000,150000,0,0.263025,0.263025,1,1,1,,0,1,1.645498,0.345972,-0.423697,0.084077,0.155754,0.262046,0.306071,0.393244,0.415520,0.096236,0.191477,0.289702
HEI,2020-10,2020-10-12,2020-10-14,14946999780,1089907.650000,1089907.650000,0,0.007292,0.007292,10,8,10,2.494898,0,0,0.257976,0.219197,0.265585,0.084077,0.155754,0.262046,0.306071,0.393244,0.415520,0.096236,0.191477,0.289702
RVP,2020-10,2020-10-20,2020-10-20,268306626,13719.000000,0,13719.000000,0.005113,0.000000,3,1,0,0.000050,1,0,0.687811,0.241294,0.246269,0.114576,0.186509,0.325535,0.331890,0.357743,0.427838,0.107398,0.209348,0.336021
BIVI,2020-10,2020-10-21,2020-10-22,126775671,245620.580000,245620.580000,0,0.193744,0.193744,8,1,8,0.314533,0,1,2.847411,0.455041,-0.389646,0.150535,0.183199,0.323502,0.314945,0.373480,0.416028,0.119759,0.205341,0.333354
BDSX,2020-10,2020-10-30,2020-11-03,330159445,7339770,1799784,5539986,2.223099,0.545126,9,8,7,,1,0,0.745481,0.085322,-0.472885,0.195283,0.205757,0.439245,0.337166,0.400401,0.503409,0.140292,0.246178,0.402401
MERC,2020-11,2020-11-05,2020-11-06,443164929,40440.000000,40440.000000,0,0.009125,0.009125,1,1,1,0.750000,0,1,0.799658,1.351027,0.573630,0.126800,0.137900,0.358412,0.358887,0.384419,0.496628,0.111928,0.214559,0.357990
OGE,2020-11,2020-11-12,2020-11-12,6545999999,67396.000000,67396.000000,0,0.001030,0.001030,2,1,2,1.000000,0,1,-0.020408,0.060440,0.105573,0.162253,0.110693,0.375924,0.337324,0.275569,0.422396,0.110870,0.170300,0.341488
RVP,2020-11,2020-11-11,2020-11-12,279652926,4085.000000,0,4085.000000,0.001461,0.000000,1,1,0,0.000036,1,0,1.070071,0.086698,0.081948,0.162253,0.110693,0.375924,0.337324,0.275569,0.422396,0.110870,0.170300,0.341488
AWRE,2020-11,2020-11-18,2020-11-20,58487520,69045.000000,69045.000000,0,0.118051,0.118051,4,2,4,0.046545,1,0,0.847584,0.379182,0.126394,0.142048,0.129646,0.382488,0.272585,0.245429,0.317965,0.102295,0.176528,0.334338
CAR,2020-11,2020-11-20,2020-11-20,2421384000,9047861.876700,0,9047861.876700,0.373665,0.000000,5,1,0,0.004427,0,1,0.401513,1.389107,7.670197,0.142048,0.129646,0.382488,0.272585,0.245429,0.317965,0.102295,0.176528,0.334338
AUBN,2020-11,2020-11-17,2020-11-24,140536060,5025.009000,5025.009000,0,0.003576,0.003576,1,1,1,,0,1,-0.056753,-0.079211,-0.175721,0.093724,0.134242,0.361470,0.207524,0.196186,0.269101,0.071371,0.160161,0.310615
ASRV,2020-11,2020-11-16,2020-11-27,54247620,216.049721,216.049721,0,0.000398,0.000398,1,1,1,0.007708,0,1,0.234615,0.326923,0.226923,0.052535,0.120263,0.343900,0.187776,0.229201,0.219498,0.050317,0.163678,0.295477
PTN,2020-11,2020-11-18,2020-11-30,5200911100,22140.000000,22140.000000,0,0.000426,0.000426,1,1,1,0.080043,0,1,0.818182,0.250000,0.613636,0.081992,0.114250,0.321475,0.252722,0.266095,0.216686,0.080590,0.167842,0.275913
TRST,2020-11,2020-11-27,2020-11-30,606576150,119074.880000,119074.880000,0,0.019631,0.019631,6,5,6,2.500000,0,0,0.181053,0.271158,0.120000,0.081992,0.114250,0.321475,0.252722,0.266095,0.216686,0.080590,0.167842,0.275913
AMRN,2020-11,2020-11-30,2020-12-02,1937678560,121517.500000,121517.500000,0,0.006271,0.006271,1,1,1,,0,1,0.204545,-0.051653,-0.262397,0.019344,0.100875,0.290127,0.202940,0.254715,0.210027,0.044317,0.154592,0.264573
BCSF,2020-12,2020-12-03,2020-12-03,807028312,277630.000000,277630.000000,0,0.034402,0.034402,2,2,2,0.222552,1,0,0.209970,0.342900,0.368580,0.001258,0.087913,0.265916,0.162784,0.237216,0.178567,0.031676,0.150622,0.253878
ED,2020-11,2020-11-30,2020-12-04,25673375000,14570.307500,14570.307500,0,0.000057,0.000057,8,8,8,0.054459,1,0,-0.083171,0.047201,0.125000,0.012193,0.101849,0.270864,0.160387,0.214286,0.174843,0.041669,0.151237,0.257910
ED,2020-10,2020-10-31,2020-12-04,26427583000,16649.141820,16649.141820,0,0.000063,0.000063,9,9,9,0.055860,1,0,-0.083171,0.047201,0.125000,0.012193,0.101849,0.270864,0.160387,0.214286,0.174843,0.041669,0.151237,0.257910
DLTR,2020-12,2020-12-08,2020-12-09,25679316000,222000,222000,0,0.000865,0.000865,2,1,2,0.042348,0,1,-0.027332,-0.108154,0.248782,0.033657,0.121407,0.313769,0.203303,0.227450,0.175366,0.066478,0.158014,0.289083
ARDX,2020-12,2020-12-10,2020-12-10,134663672,1000841.000000,1000841.000000,0,0.743215,0.743215,1,1,1,0.687469,0,1,0.182432,0.222973,-0.013514,0.053226,0.128549,0.322741,0.218046,0.206676,0.160860,0.077617,0.163786,0.301622
CAR,2020-12,2020-12-11,2020-12-14,2719272000,4958299.545600,0,4958299.545600,0.182339,0.000000,4,1,0,0.003303,0,1,0.930889,1.455007,5.058674,0.050577,0.136619,0.283687,0.234285,0.220511,0.138367,0.091702,0.174981,0.288511
RVP,2020-12,2020-12-14,2020-12-14,426153684,7002.900000,0,7002.900000,0.001643,0.000000,2,1,0,0.000028,1,0,0.046202,-0.065779,-0.468285,0.050577,0.136619,0.283687,0.234285,0.220511,0.138367,0.091702,0.174981,0.288511
TRST,2020-12,2020-12-11,2020-12-14,611397900,15890.000000,15890.000000,0,0.002599,0.002599,2,1,2,0.016208,0,0,0.220939,0.165605,0.052150,0.050577,0.136619,0.283687,0.234285,0.220511,0.138367,0.091702,0.174981,0.288511
BIVI,2020-11,2020-11-03,2020-12-15,113068312,19318.500000,19318.500000,0,0.017086,0.017086,1,1,1,0.056949,0,1,0.514784,0.250948,-0.615618,0.045159,0.117259,0.299040,0.184027,0.187318,0.128188,0.075759,0.157166,0.291186
GME,2020-12,2020-12-18,2020-12-21,1019728000,19025878.168000,0,19025878.168000,1.865780,0.000000,3,1,0,0.060493,0,0,11.530928,11.909794,9.188144,0.032668,0.117431,0.265991,0.153577,0.165992,0.128035,0.070699,0.151556,0.275535
PBF,2020-12,2020-12-28,2020-12-30,819340337,274696.000000,0,274696.000000,0.033526,0.000000,1,1,0,0.001679,0,0,1.020800,1.185600,0.856000,0.020957,0.135182,0.285347,0.127005,0.171804,0.145762,0.068902,0.158271,0.297088
AUBN,2021-01,2021-01-04,2021-01-06,148167300,5770.860100,5770.860100,0,0.003895,0.003895,10,5,10,0.006869,0,0,-0.085442,-0.164632,-0.210777,0.079667,0.176496,0.254685,0.081027,0.097682,0.078887,0.091994,0.170669,0.269352
ED,2020-12,2020-12-31,2021-01-07,24730794000,49974.415920,49974.415920,0,0.000202,0.000202,10,10,10,0.065645,1,0,0.086270,0.071541,0.276346,0.065160,0.141798,0.211812,0.071150,0.068637,0.047810,0.081132,0.144140,0.245838
HEI,2021-01,2021-01-15,2021-01-19,18261462600,125031.171600,0,125031.171600,0.000685,0.000000,1,1,0,0.075162,1,0,-0.024479,0.005325,0.081053,0.064538,0.136650,0.163810,0.019411,0.026164,-0.033118,0.092062,0.145843,0.208925
ED,2021-01,2021-01-31,2021-02-05,24220916000,12667.071920,12667.071920,0,0.000052,0.000052,9,9,9,0.052209,1,0,0.104063,0.078519,0.261444,0.009850,0.113404,0.076901,0.018789,0.011273,-0.092065,0.092300,0.148770,0.168935
NOG,2021-02,2021-02-05,2021-02-09,598873000,5243754.750000,243750.000000,5000004.750000,0.875604,0.040701,2,2,1,0.107143,0,0,0.339286,0.447479,0.920168,-0.023352,0.102608,0.104900,-0.039463,-0.022023,-0.086782,0.064849,0.141785,0.188035
KKR,2021-02,2021-02-12,2021-02-17,27804055289,1251478.800000,1251478.800000,0,0.004501,0.004501,1,1,1,,0,1,0.158860,0.339152,0.243040,-0.032757,0.087290,0.039469,-0.025449,-0.039413,-0.093552,0.050471,0.126547,0.128660
CNDT,2021-02,2021-02-22,2021-02-24,1073985000,164345.850000,164345.850000,0,0.015302,0.015302,3,3,3,0.042150,1,0,0.318996,0.254480,-0.098566,0.032154,0.159114,0.055545,-0.014253,-0.016229,-0.119343,0.073174,0.153358,0.107782
TRST,2021-02,2021-02-25,2021-02-26,671187600,21085.000000,21085.000000,0,0.003141,0.003141,2,1,2,0.022544,0,0,0.148053,-0.032697,0.033799,0.064347,0.199947,0.109295,0.034876,0.040599,-0.059871,0.107931,0.191512,0.163227
ASRV,2021-02,2021-02-22,2021-03-01,69279840,218.520045,218.520045,0,0.000315,0.000315,1,1,1,0.006011,0,1,0.082540,0.022222,0.104762,0.029814,0.177956,0.060393,0.010675,0.000756,-0.109253,0.080744,0.168399,0.118393
CAR,2021-02,2021-02-25,2021-03-01,3762018000,1645875.950000,1645875.950000,0,0.043750,0.043750,4,1,4,0.281818,1,0,0.536682,0.541200,2.095410,0.029814,0.177956,0.060393,0.010675,0.000756,-0.109253,0.080744,0.168399,0.118393
TRST,2021-03,2021-03-01,2021-03-02,683724150,35500.000000,35500.000000,0,0.005192,0.005192,1,1,1,0.714286,0,1,0.085581,-0.069759,0.011507,0.046618,0.196204,0.095799,0.030535,0.022396,-0.070125,0.089265,0.175884,0.147940
OGE,2021-03,2021-03-01,2021-03-03,5920959000,59492.400000,59492.400000,0,0.001005,0.001005,1,1,1,0.666667,0,1,0.145868,0.217116,0.365093,0.079984,0.233971,0.112392,0.043040,0.040508,-0.071133,0.105596,0.192275,0.157547
D,2021-03,2021-03-04,2021-03-04,54801200000,1138575.802606,1138575.802606,0,0.002078,0.002078,2,2,2,0.115180,1,0,0.137484,0.179359,0.257736,0.086546,0.253932,0.114534,0.064012,0.077886,-0.059354,0.115294,0.210921,0.162521
ED,2021-02,2021-02-28,2021-03-04,22465430000,43190.281550,43190.281550,0,0.000192,0.000192,12,10,12,0.053496,1,0,0.165520,0.175118,0.396233,0.086546,0.253932,0.114534,0.064012,0.077886,-0.059354,0.115294,0.210921,0.162521
INSM,2021-03,2021-03-04,2021-03-08,3839654905,99999.000000,99999.000000,0,0.002604,0.002604,1,1,1,0.009146,0,1,-0.307040,-0.276978,-0.406732,0.123631,0.277051,0.083236,0.055556,0.038518,-0.101054,0.109632,0.190431,0.104977
AIG,2021-02,2021-02-25,2021-03-11,38153217782,835.240000,835.240000,0,0.000002,0.000002,1,1,1,0.000297,0,0,0.081285,0.153828,0.216682,0.071517,0.196038,0.024943,-0.009335,-0.032970,-0.144848,0.079963,0.148377,0.081659
HASI,2021-03,2021-03-09,2021-03-11,4325660432,55210.000000,55210.000000,0,0.001276,0.001276,1,1,1,0.200000,0,1,-0.131048,-0.034932,-0.197874,0.071517,0.196038,0.024943,-0.009335,-0.032970,-0.144848,0.079963,0.148377,0.081659
HGBL,2021-03,2021-03-11,2021-03-11,104016167,19695.000000,19695.000000,0,0.018935,0.018935,1,1,1,0.003537,1,0,-0.036789,-0.267559,-0.541806,0.071517,0.196038,0.024943,-0.009335,-0.032970,-0.144848,0.079963,0.148377,0.081659
ATEC,2021-03,2021-03-10,2021-03-12,1447029570,90122246.950000,0,90122246.950000,6.228086,0.000000,6,2,0,2.459087,0,0,-0.143198,-0.161695,-0.420644,0.083069,0.196654,0.013457,-0.004754,-0.048046,-0.167223,0.080263,0.137762,0.072284
FOX,2021-03,2021-03-12,2021-03-15,23560000000,21383992.830000,21383992.830000,0,0.090764,0.090764,2,1,2,0.320661,0,0,-0.103236,-0.152715,-0.074351,0.081900,0.183205,0.034179,-0.011160,-0.046007,-0.156972,0.076284,0.133931,0.089378
ASAN,2021-03,2021-03-12,2021-03-16,5214081430,199144.000000,199144.000000,0,0.003819,0.003819,1,1,1,0.102049,0,1,0.404319,2.194361,0.114877,0.068984,0.173412,0.066697,0.002780,-0.042157,-0.115631,0.075674,0.129260,0.114953
ECOR,2021-03,2021-03-16,2021-03-17,99594749,8600.000000,8600.000000,0,0.008635,0.008635,1,1,1,,0,1,-0.238532,-0.559633,-0.738838,0.060711,0.177288,0.075183,-0.007125,-0.041002,-0.108757,0.066009,0.134810,0.125051
MERC,2021-03,2021-03-17,2021-03-18,991154005,15000,15000,0,0.001513,0.001513,1,1,1,,0,1,-0.111378,-0.231571,0.010417,0.108110,0.215293,0.131844,0.012516,-0.010193,-0.071066,0.081399,0.149730,0.154187
INFU,2021-03,2021-03-25,2021-03-29,408797016,61020.000000,61020.000000,0,0.014927,0.014927,1,1,1,0.136364,0,1,-0.154774,-0.348744,-0.510050,0.120922,0.174967,0.180616,0.076407,0.060947,-0.003132,0.083616,0.125654,0.181525
ED,2021-03,2021-03-31,2021-04-07,25835920000,48648.442480,48648.442480,0,0.000188,0.000188,13,12,13,0.055496,1,0,-0.016422,0.010626,0.347448,0.089685,0.087040,0.072917,0.015406,0.000773,-0.087607,0.072047,0.076562,0.118274
ASTS,2021-04,2021-04-06,2021-04-08,817292616,27000000,27000000,0,3.303590,3.303590,2,2,2,,0,1,0.155844,-0.037106,-0.070501,0.071950,0.085681,0.047012,-0.002347,0.007710,-0.102438,0.058279,0.080745,0.110016
EPSN,2021-04,2021-04-13,2021-04-15,89172018,1212814.800000,0,1212814.800000,1.360085,0.000000,2,1,0,0.083683,0,0,0.331190,0.520900,0.945338,0.056562,0.075678,-0.003775,-0.028274,0.011595,-0.110530,0.048809,0.070929,0.067006
AGL,2021-04,2021-04-19,2021-04-21,12282060300,614100,614100,0,0.005000,0.005000,2,2,2,3.119609,0,1,0.100000,-0.261538,-0.400923,0.066861,0.107696,-0.010399,-0.000479,0.026490,-0.102558,0.047857,0.094399,0.066717
BMEA,2021-04,2021-04-20,2021-04-22,422453828,15300000,15300000,0,3.621698,3.621698,1,1,1,0.396324,0,1,-0.236797,-0.369676,-0.817149,0.087003,0.128058,-0.024590,-0.012266,0.033431,-0.122132,0.059729,0.107350,0.047023
KKR,2021-04,2021-04-27,2021-04-29,32987043506,16800000.004480,0,16800000.004480,0.050929,0.000000,2,2,0,0.407010,0,0,0.126337,0.401881,-0.094615,0.078444,0.131902,-0.074836,-0.022533,0.005049,-0.181057,0.052462,0.098152,-0.006286
AUBN,2021-04,2021-04-30,2021-04-30,126202500,11263.556400,11263.556400,0,0.008925,0.008925,11,5,11,0.027650,0,0,-0.035816,-0.033333,-0.106028,0.079877,0.144981,-0.053200,-0.015592,0.018626,-0.161043,0.054275,0.107650,0.006328
TRST,2021-04,2021-04-29,2021-04-30,715325100,9850.650000,9850.650000,0,0.001377,0.001377,2,1,2,0.006446,0,0,-0.072528,-0.065002,-0.105371,0.079877,0.144981,-0.053200,-0.015592,0.018626,-0.161043,0.054275,0.107650,0.006328
FTCI,2021-04,2021-04-30,2021-05-04,1078309003,9997,9997,0,0.000927,0.000927,1,1,1,,0,1,-0.193600,-0.247200,-0.695200,0.112368,0.181114,0.003156,-0.009403,0.054702,-0.125060,0.064902,0.118543,0.045919
AUBN,2021-05,2021-05-05,2021-05-06,126771299,1239.900000,1239.900000,0,0.000978,0.000978,2,1,2,0.004476,0,1,-0.055944,-0.041958,-0.109091,0.116384,0.203952,-0.062673,-0.001006,0.076566,-0.171950,0.057606,0.121360,-0.005533
GLPI,2021-05,2021-05-06,2021-05-06,10612875000,46210.000000,46210.000000,0,0.000435,0.000435,1,1,1,0.007622,0,1,0.088821,0.086677,0.038285,0.116384,0.203952,-0.062673,-0.001006,0.076566,-0.171950,0.057606,0.121360,-0.005533
ED,2021-04,2021-04-30,2021-05-07,26737414000,12666.907940,12666.907940,0,0.000047,0.000047,9,9,9,0.040801,1,0,-0.023137,0.021739,0.257143,0.102544,0.195394,-0.106587,-0.007377,0.077694,-0.216626,0.051697,0.117127,-0.044323
BCSF,2021-05,2021-05-11,2021-05-11,1025894390,24851.700000,24851.700000,0,0.002422,0.002422,1,1,1,0.207722,0,1,-0.014689,0.039548,0.039548,0.128972,0.217955,-0.098560,0.018157,0.106362,-0.213406,0.072250,0.135664,-0.039339
ATEC,2021-05,2021-05-10,2021-05-12,1381544820,1902020.000000,0,1902020.000000,0.137673,0.000000,3,2,0,0.806251,0,0,-0.088000,-0.166545,-0.445818,0.156976,0.231949,-0.076828,0.057507,0.125478,-0.177501,0.098231,0.151001,-0.019487
FARM,2021-05,2021-05-10,2021-05-12,149643673,99345.000000,99345.000000,0,0.066388,0.066388,1,1,1,,1,0,0.000000,-0.041096,-0.390411,0.156976,0.231949,-0.076828,0.057507,0.125478,-0.177501,0.098231,0.151001,-0.019487
CAR,2021-05,2021-05-12,2021-05-13,5285838000,5001845.000000,5001845.000000,0,0.094627,0.094627,2,1,2,0.144955,0,0,0.130203,2.424760,1.600053,0.152253,0.225909,-0.049943,0.035915,0.114020,-0.166782,0.088457,0.137696,-0.007980
AWRE,2021-05,2021-05-14,2021-05-17,75239500,35100.000000,35100.000000,0,0.046651,0.046651,1,1,1,0.069724,1,0,0.084932,-0.128767,-0.246575,0.138678,0.219131,-0.051706,-0.008668,0.082735,-0.166915,0.079204,0.132214,-0.004392
CABO,2021-05,2021-05-17,2021-05-18,10311544645,517749.140000,517749.140000,0,0.005021,0.005021,3,1,3,0.042052,1,0,0.210495,0.081486,-0.313333,0.136358,0.236185,-0.092111,-0.013248,0.093027,-0.189935,0.081455,0.146572,-0.036246
ECOR,2021-05,2021-05-17,2021-05-19,75205984,49687.500000,49687.500000,0,0.066069,0.066069,1,1,1,0.025111,0,1,-0.418930,-0.483951,-0.757202,0.124113,0.235433,-0.098017,-0.014328,0.087046,-0.182356,0.072421,0.146802,-0.039607
ASRV,2021-05,2021-05-17,2021-05-21,73584630,220.060067,220.060067,0,0.000299,0.000299,1,1,1,0.005590,0,1,-0.106017,-0.103152,-0.034384,0.125808,0.238209,-0.098237,-0.018752,0.062748,-0.182091,0.071994,0.137340,-0.030836
CREX,2021-05,2021-05-21,2021-05-25,15528738,66000.000000,66000.000000,0,0.425018,0.425018,1,1,1,0.408090,0,1,-0.219101,0.061798,-0.646067,0.125635,0.196462,-0.121050,0.012979,0.059790,-0.177085,0.074582,0.126655,-0.037393
ED,2021-05,2021-05-31,2021-06-03,26678696000,12667.051040,12667.051040,0,0.000047,0.000047,9,9,9,0.039288,1,0,0.008235,0.038844,0.315879,0.154053,0.184220,-0.067680,0.013040,-0.027444,-0.165937,0.085741,0.099326,-0.006741
AMRN,2021-06,2021-06-04,2021-06-07,1761750550,68465.000000,68465.000000,0,0.003886,0.003886,2,1,2,0.333333,0,1,0.084034,-0.250000,-0.619748,0.136539,0.149963,-0.074966,-0.016141,-0.045324,-0.163768,0.072816,0.093715,-0.002339
TRST,2021-06,2021-06-07,2021-06-08,694501620,38453.500000,38453.500000,0,0.005537,0.005537,2,2,2,0.027105,0,0,-0.125898,-0.071844,-0.103661,0.135982,0.184015,-0.082098,-0.026407,-0.033364,-0.185263,0.072598,0.116116,-0.013371
AGM,2021-06,2021-06-08,2021-06-09,1093305540,507096.980000,507096.980000,0,0.046382,0.046382,4,1,4,0.216131,0,1,-0.001993,0.256711,0.012074,0.131753,0.189024,-0.106885,-0.030638,-0.020272,-0.196821,0.072911,0.120745,-0.035386
DLTR,2021-06,2021-06-09,2021-06-10,22601682000,1099223.180000,1099223.180000,0,0.004863,0.004863,22,3,22,0.545951,0,1,-0.085256,0.388566,0.564694,0.116210,0.159463,-0.147278,-0.023858,-0.035277,-0.212774,0.063349,0.108023,-0.067707
CAR,2021-06,2021-06-10,2021-06-14,6078504000,149965,149965,0,0.002467,0.002467,1,1,1,0.442838,0,0,-0.014248,1.562335,0.750086,0.093637,0.141189,-0.195269,-0.035240,-0.059195,-0.258983,0.053562,0.104220,-0.109294
BATL,2021-06,2021-06-15,2021-06-15,221431760,26880.000000,26880.000000,0,0.012139,0.012139,1,1,1,,0,1,-0.425953,-0.243402,-0.006598,0.097688,0.136812,-0.169756,-0.044812,-0.064631,-0.246004,0.049817,0.098647,-0.094905
ARES,2021-06,2021-06-14,2021-06-16,14433430908,4469161.740000,300181.740000,4168980.000000,0.030964,0.002080,2,2,1,0.700508,0,0,0.367294,0.338671,-0.051441,0.109904,0.166959,-0.200327,-0.034120,-0.047778,-0.279398,0.064541,0.122088,-0.119952
CVV,2021-06,2021-06-15,2021-06-16,28675565,23991.780000,0,23991.780000,0.083666,0.000000,1,1,0,0.007534,0,1,0.053241,-0.041667,-0.131944,0.109904,0.166959,-0.200327,-0.034120,-0.047778,-0.279398,0.064541,0.122088,-0.119952
ONDS,2021-06,2021-06-15,2021-06-17,224768455,41750.000000,41750.000000,0,0.018575,0.018575,1,1,1,0.205643,0,1,0.022277,-0.173267,-0.107673,0.096726,0.122685,-0.200771,-0.022428,-0.056422,-0.265487,0.063188,0.112564,-0.117753
AAP,2021-06,2021-06-16,2021-06-21,12749585400,79118.920000,79118.920000,0,0.000621,0.000621,1,1,1,0.255780,0,1,0.031385,0.161189,-0.112747,0.063168,0.108172,-0.179209,-0.042732,-0.059431,-0.250997,0.034599,0.088341,-0.096121
COSM,2021-06,2021-06-23,2021-06-25,79301750,3000000,0,3000000,3.783019,0.000000,1,1,0,0.077525,1,0,-0.194915,-0.335593,-0.930508,0.069499,0.157369,-0.158489,-0.036837,-0.029277,-0.235316,0.043863,0.126223,-0.076165
ASRV,2021-06,2021-06-25,2021-06-28,64365210,35214.630000,35214.630000,0,0.054711,0.054711,4,2,4,0.058243,1,0,-0.015337,-0.012270,0.021472,0.048214,0.143477,-0.193905,-0.014363,-0.021521,-0.243708,0.038795,0.123968,-0.096861
ASAN,2021-06,2021-06-30,2021-07-02,10582318000,162940130.790000,0,162940130.790000,1.539740,0.000000,60,1,0,0.153817,1,0,0.516825,0.110036,-0.699970,0.005402,0.111995,-0.195403,-0.027257,-0.023542,-0.237881,0.004391,0.102447,-0.106813
PTN,2021-07,2021-07-01,2021-07-02,7385224550,26560.000000,26560.000000,0,0.000360,0.000360,2,2,2,0.049574,0,1,-0.285714,-0.190476,-0.571429,0.005402,0.111995,-0.195403,-0.027257,-0.023542,-0.237881,0.004391,0.102447,-0.106813
PTN,2021-06,2021-06-30,2021-07-02,7266108025,104981.570000,104981.570000,0,0.001445,0.001445,7,3,7,0.013046,1,0,-0.285714,-0.190476,-0.571429,0.005402,0.111995,-0.195403,-0.027257,-0.023542,-0.237881,0.004391,0.102447,-0.106813
ECOR,2021-07,2021-07-02,2021-07-07,78547418,200000,200000,0,0.254623,0.254623,3,3,3,0.365691,1,0,0.009901,-0.446205,-0.449505,-0.002427,0.067230,-0.178224,-0.014411,-0.022735,-0.206801,0.004211,0.085330,-0.091905
ED,2021-06,2021-06-30,2021-07-07,25345848000,38841.272100,38841.272100,0,0.000153,0.000153,11,10,11,0.052266,1,0,0.027500,0.189884,0.306924,-0.002427,0.067230,-0.178224,-0.014411,-0.022735,-0.206801,0.004211,0.085330,-0.091905
AUBN,2021-07,2021-07-28,2021-07-28,120860480,9286.215800,9286.215800,0,0.007683,0.007683,11,5,11,0.013674,0,0,-0.000732,-0.004755,-0.172641,0.039884,-0.055854,-0.148438,0.015904,-0.107186,-0.149019,0.037717,-0.005803,-0.061488
COSM,2021-07,2021-07-20,2021-07-28,73859284,2250100.000000,0,2250100.000000,3.046469,0.000000,3,2,0,1.751313,1,0,0.007335,-0.144254,-0.911980,0.039884,-0.055854,-0.148438,0.015904,-0.107186,-0.149019,0.037717,-0.005803,-0.061488
ASRV,2021-07,2021-07-29,2021-07-30,66592500,92066.050000,92066.050000,0,0.138253,0.138253,2,2,2,7.796667,1,0,0.050794,0.139683,0.073016,0.060288,-0.032702,-0.130413,0.034760,-0.111405,-0.144191,0.050627,0.014615,-0.049944
TRST,2021-07,2021-07-30,2021-08-03,647343870,33655.000000,33655.000000,0,0.005199,0.005199,1,1,1,0.333333,0,1,0.012844,0.022385,0.041835,0.061801,-0.001124,-0.114838,0.064714,-0.073676,-0.131692,0.050372,0.033638,-0.047171
AUBN,2021-08,2021-08-04,2021-08-04,120542240,3384.000000,3384.000000,0,0.002807,0.002807,1,1,1,0.013490,0,1,0.006234,0.003667,-0.173084,0.071531,0.005554,-0.111981,0.097443,-0.071289,-0.122572,0.062003,0.048842,-0.043090
ED,2021-07,2021-07-31,2021-08-05,26070318000,12666.899160,12666.899160,0,0.000049,0.000049,9,9,9,0.037616,1,0,0.022952,0.178036,0.339974,0.078439,-0.041310,-0.124767,0.077649,-0.104971,-0.131477,0.060281,0.017728,-0.050739
BLNK,2021-08,2021-08-10,2021-08-12,1545237300,10250.000000,10250.000000,0,0.000663,0.000663,1,1,1,,0,0,0.041654,-0.304781,-0.215312,0.063923,-0.022429,-0.096052,0.075397,-0.082837,-0.092565,0.045237,0.016225,-0.026825
FOX,2021-08,2021-08-15,2021-08-17,19590250000,5813144,5813144,0,0.029674,0.029674,1,1,1,0.295629,1,0,0.111391,0.155758,-0.005664,0.087848,-0.023920,-0.096836,0.107701,-0.042048,-0.077112,0.060213,0.011373,-0.025492
TRST,2021-08,2021-08-17,2021-08-18,644841500,69164.000000,69164.000000,0,0.010726,0.010726,2,2,2,0.500000,0,0,0.037636,0.066993,0.132857,0.099030,-0.014651,-0.085858,0.102848,-0.031554,-0.062760,0.069358,0.023728,-0.011840
ASTS,2021-08,2021-08-18,2021-08-20,601696460,28985.000000,28985.000000,0,0.004817,0.004817,1,1,1,,0,1,0.390736,-0.207838,0.357482,0.099840,-0.069073,-0.140387,0.083058,-0.068885,-0.105970,0.060957,-0.014021,-0.054417
BDSX,2021-08,2021-08-19,2021-08-23,224127490,2414282.388400,0,2414282.388400,1.077192,0.000000,5,2,0,0.040527,0,1,-0.275449,-0.685030,-0.760479,0.071036,-0.092018,-0.153751,0.058345,-0.099099,-0.121244,0.048727,-0.033107,-0.064946
BMEA,2021-08,2021-08-23,2021-08-25,381365950,1539159.000000,301805.000000,1237354.000000,0.403591,0.079138,8,2,2,0.117377,1,0,-0.011628,-0.498339,0.039037,0.065131,-0.118962,-0.139911,0.043657,-0.127672,-0.112657,0.049073,-0.053744,-0.052195
HGBL,2021-08,2021-08-25,2021-08-25,73400250,138005.130000,138005.130000,0,0.188017,0.188017,5,3,5,0.740960,1,0,-0.146341,-0.258537,-0.131707,0.065131,-0.118962,-0.139911,0.043657,-0.127672,-0.112657,0.049073,-0.053744,-0.052195
OGE,2021-08,2021-08-23,2021-08-25,7109102000,442547.000000,442547.000000,0,0.006225,0.006225,2,2,2,2.500000,0,1,0.004161,0.015950,0.232316,0.065131,-0.118962,-0.139911,0.043657,-0.127672,-0.112657,0.049073,-0.053744,-0.052195
ASRV,2021-08,2021-08-16,2021-08-26,65397250,366.289702,366.289702,0,0.000560,0.000560,1,1,1,0.006267,0,1,0.009174,0.091743,0.024465,0.051602,-0.083532,-0.169885,0.015079,-0.095210,-0.132618,0.031767,-0.033805,-0.078830
CVV,2021-08,2021-08-26,2021-08-27,31088035,12501.720000,12501.720000,0,0.040214,0.040214,1,1,1,0.360594,0,0,-0.034043,-0.053191,0.178723,0.041459,-0.078287,-0.186003,-0.012739,-0.100169,-0.164144,0.022622,-0.021220,-0.093030
SOFI,2021-08,2021-08-26,2021-08-27,11496125318,467274.175000,467274.175000,0,0.004065,0.004065,6,3,6,0.013109,1,0,0.297009,-0.240028,-0.572650,0.041459,-0.078287,-0.186003,-0.012739,-0.100169,-0.164144,0.022622,-0.021220,-0.093030
CNDT,2021-08,2021-08-26,2021-08-30,1443778070,215113.850000,215113.850000,0,0.014899,0.014899,4,4,4,0.039531,1,0,-0.254623,-0.307255,-0.406828,0.052272,-0.085792,-0.203967,-0.009298,-0.092840,-0.172464,0.030638,-0.028012,-0.106913
AMPY,2021-08,2021-08-30,2021-08-31,137545520,87279.000000,87279.000000,0,0.063455,0.063455,2,2,2,0.494576,0,1,-0.136612,0.325137,1.035519,0.037670,-0.099070,-0.207957,-0.031374,-0.111645,-0.179103,0.012060,-0.041392,-0.112425
ATEC,2021-08,2021-08-27,2021-08-31,1304380100,106121.710000,0,106121.710000,0.008136,0.000000,6,1,0,1.000000,0,0,-0.233425,-0.235497,-0.475829,0.037670,-0.099070,-0.207957,-0.031374,-0.111645,-0.179103,0.012060,-0.041392,-0.112425
ED,2021-08,2021-08-31,2021-09-03,26664030000,12666.998700,12666.998700,0,0.000048,0.000048,9,9,9,0.035444,1,0,0.065898,0.201122,0.327621,0.005212,-0.113881,-0.227707,-0.055275,-0.123249,-0.209430,0.003920,-0.039742,-0.125295
ASRV,2021-09,2021-09-03,2021-09-07,63689750,7529.119800,7529.119800,0,0.011822,0.011822,1,1,1,0.023599,1,0,0.035831,0.094463,0.074919,0.042284,-0.151768,-0.213224,-0.007145,-0.134396,-0.186669,0.040573,-0.071784,-0.106361
TRST,2021-09,2021-09-07,2021-09-09,603841130,246166.370000,246166.370000,0,0.040767,0.040767,3,3,3,0.053932,1,0,0.032667,0.070715,0.090315,0.038750,-0.124912,-0.186227,-0.011698,-0.101331,-0.153733,0.042012,-0.045968,-0.081498
HEI,2021-09,2021-09-08,2021-09-10,16924812070,831058.095600,831058.095600,0,0.004910,0.004910,8,8,8,1.127893,0,0,0.162789,0.172160,0.265633,0.058062,-0.136509,-0.170274,-0.004706,-0.106944,-0.135036,0.060169,-0.050609,-0.064252
ASAN,2021-09,2021-09-13,2021-09-15,18770481900,73759111.060000,0,73759111.060000,0.392953,0.000000,14,1,0,0.052657,1,0,-0.362880,-0.659989,-0.766191,0.051405,-0.097659,-0.225708,-0.014140,-0.084983,-0.173225,0.054059,-0.020854,-0.116574
BATL,2021-09,2021-09-14,2021-09-15,127394100,192560.976200,192560.976200,0,0.151154,0.151154,6,5,6,1.851045,1,0,0.269430,1.125648,0.759067,0.051405,-0.097659,-0.225708,-0.014140,-0.084983,-0.173225,0.054059,-0.020854,-0.116574
AVNS,2021-09,2021-09-15,2021-09-16,1528618000,158142.530000,158142.530000,0,0.010345,0.010345,4,1,4,0.084671,0,1,-0.039089,0.011080,-0.284395,0.023669,-0.087351,-0.230975,-0.034773,-0.071319,-0.185842,0.046441,-0.007010,-0.121905
FARM,2021-09,2021-09-17,2021-09-20,162446033,13590.000000,13590.000000,0,0.008366,0.008366,1,1,1,0.081081,0,1,-0.270857,-0.176000,-0.394286,0.042330,-0.040304,-0.205545,-0.017444,-0.048363,-0.171403,0.051945,0.030666,-0.101654
BMEA,2021-09,2021-09-17,2021-09-21,318433318,759703.360000,379851.680000,379851.680000,0.238575,0.119288,2,2,1,0.007939,0,0,-0.215000,-0.488000,0.116000,0.064347,-0.022630,-0.220729,0.009100,-0.040315,-0.185283,0.071620,0.043680,-0.116506
ARES,2021-09,2021-09-24,2021-09-28,19499001278,11430007.050000,0,11430007.050000,0.058618,0.000000,14,1,0,1.535144,0,0,0.127839,0.147054,-0.078609,0.117438,0.034065,-0.217258,0.009638,-0.038502,-0.222190,0.103376,0.071237,-0.132737
AUBN,2021-10,2021-10-04,2021-10-05,119851240,5965.455600,5965.455600,0,0.004977,0.004977,10,5,10,0.008310,0,0,-0.040000,-0.000727,-0.313091,0.110826,0.012989,-0.206042,0.020978,-0.077001,-0.199462,0.106528,0.048314,-0.116132
ED,2021-09,2021-09-30,2021-10-06,25682342000,39596.485600,39596.485600,0,0.000154,0.000154,11,10,11,0.047036,1,0,0.158037,0.344751,0.166640,0.069826,-0.015339,-0.217319,-0.008445,-0.085320,-0.199739,0.080779,0.033548,-0.128869
ASAN,2021-10,2021-10-05,2021-10-07,19086869520,50365262.720000,0,50365262.720000,0.263874,0.000000,4,1,0,0.050363,1,0,-0.433820,-0.665564,-0.779370,0.059352,-0.021949,-0.253998,-0.017917,-0.102177,-0.235101,0.070482,0.029832,-0.160439
GTLB,2021-10,2021-10-18,2021-10-29,15252493920,125140400,0,125140400,0.820459,0.000000,9,3,0,,0,0,-0.456417,-0.572816,-0.568093,-0.087703,-0.186655,-0.275638,-0.141255,-0.184944,-0.185781,-0.034277,-0.096932,-0.146304
INSM,2021-11,2021-11-01,2021-11-03,3679487100,730542.900000,730542.900000,0,0.019854,0.019854,2,2,2,0.141091,0,1,-0.312153,-0.295497,-0.447255,-0.061572,-0.159585,-0.333333,-0.153750,-0.185007,-0.251745,-0.012393,-0.070593,-0.189540
ED,2021-10,2021-10-31,2021-11-04,26676520000,12666.973800,12666.973800,0,0.000047,0.000047,9,9,9,0.032715,1,0,0.151605,0.238548,0.223122,-0.111039,-0.211998,-0.331205,-0.169461,-0.217809,-0.241382,-0.040133,-0.107837,-0.181731
HRI,2021-11,2021-11-04,2021-11-04,5686362000,750.103200,750.103200,0,0.000013,0.000013,1,1,1,0.000575,0,1,-0.158541,-0.356690,-0.331714,-0.111039,-0.211998,-0.331205,-0.169461,-0.217809,-0.241382,-0.040133,-0.107837,-0.181731
KKR,2021-11,2021-11-05,2021-11-08,47105122503,5000000,0,5000000,0.010615,0.000000,1,1,0,0.047223,0,0,-0.102232,-0.365738,-0.326113,-0.106713,-0.251616,-0.318664,-0.175627,-0.275360,-0.250252,-0.042871,-0.145261,-0.173031
MERC,2021-11,2021-11-08,2021-11-09,696029980,2088828.200000,0,2088828.200000,0.300106,0.000000,3,1,0,0.211479,0,0,0.116870,0.336382,0.200203,-0.090400,-0.237274,-0.329758,-0.156679,-0.270899,-0.266543,-0.031764,-0.140429,-0.187367
FTCI,2021-11,2021-11-12,2021-11-15,980660733,151520.000000,151520.000000,0,0.015451,0.015451,1,1,1,0.025306,1,0,-0.647222,-0.725926,-0.776852,-0.118264,-0.241797,-0.262064,-0.156207,-0.253391,-0.203709,-0.057475,-0.138382,-0.134572
OGE,2021-11,2021-11-11,2021-11-15,6882876000,102919.800000,102919.800000,0,0.001495,0.001495,1,1,1,0.428571,0,1,0.051766,0.151452,0.142707,-0.118264,-0.241797,-0.262064,-0.156207,-0.253391,-0.203709,-0.057475,-0.138382,-0.134572
BRTX,2021-11,2021-11-23,2021-11-23,5198377.560000,126957.340000,126957.340000,0,2.442249,2.442249,9,2,9,1275.333333,1,0,-0.152685,-0.382550,-0.567114,-0.148354,-0.275526,-0.268845,-0.147280,-0.237272,-0.189157,-0.079250,-0.153101,-0.127452
APEI,2021-11,2021-11-22,2021-11-24,417464720,1214.400000,1214.400000,0,0.000291,0.000291,2,1,2,0.241379,0,0,-0.158508,-0.358974,-0.407459,-0.172836,-0.267746,-0.275980,-0.164162,-0.224365,-0.188353,-0.098008,-0.147897,-0.129973
BDSX,2021-11,2021-11-23,2021-11-24,170226270,974405.868500,25884.900000,948520.968500,0.572418,0.015206,8,4,2,0.443656,1,0,-0.621100,-0.793462,-0.783061,-0.172836,-0.267746,-0.275980,-0.164162,-0.224365,-0.188353,-0.098008,-0.147897,-0.129973
ASAN,2021-11,2021-11-24,2021-11-26,20018058000,37192800,0,37192800,0.185796,0.000000,2,1,0,0.047913,1,0,-0.489719,-0.784946,-0.831919,-0.114979,-0.207856,-0.272818,-0.088559,-0.153788,-0.173547,-0.042872,-0.089230,-0.124317
ECOR,2021-11,2021-11-23,2021-11-26,52994666,20847.000000,20847.000000,0,0.039338,0.039338,2,2,2,0.130625,1,0,-0.234211,-0.431579,-0.540351,-0.114979,-0.207856,-0.272818,-0.088559,-0.153788,-0.173547,-0.042872,-0.089230,-0.124317
D,2021-11,2021-11-24,2021-11-29,60669000000,436626.002131,436626.002131,0,0.000720,0.000720,3,3,3,0.106951,1,0,0.078281,0.151399,-0.169554,-0.131206,-0.226746,-0.293650,-0.084326,-0.163792,-0.170653,-0.056906,-0.105319,-0.136423
TRST,2021-11,2021-11-26,2021-11-29,627594559,64489.484000,64489.484000,0,0.010276,0.010276,5,5,5,0.107296,0,0,0.067932,0.017078,0.235294,-0.131206,-0.226746,-0.293650,-0.084326,-0.163792,-0.170653,-0.056906,-0.105319,-0.136423
ATEC,2021-11,2021-11-26,2021-11-30,1048290320,3579731.780000,920250.000000,2659481.780000,0.341483,0.087786,9,6,4,1.481569,1,0,-0.002703,-0.308108,-0.075676,-0.131776,-0.215227,-0.250457,-0.082871,-0.146387,-0.130143,-0.052815,-0.087557,-0.091537
HGBL,2021-11,2021-11-30,2021-11-30,54065550,190656.820000,190656.820000,0,0.352640,0.352640,8,4,8,0.330415,1,0,0.006623,-0.211921,0.589404,-0.131776,-0.215227,-0.250457,-0.082871,-0.146387,-0.130143,-0.052815,-0.087557,-0.091537
ASRV,2021-11,2021-11-30,2021-12-01,65416400,103899.626000,103899.626000,0,0.158828,0.158828,25,4,25,0.113026,0,1,0.094340,0.059748,0.088050,-0.101912,-0.207546,-0.236553,-0.039405,-0.131648,-0.112045,-0.024573,-0.084775,-0.082029
BNGO,2021-11,2021-11-29,2021-12-01,1138135860,20037.250000,20037.250000,0,0.001761,0.001761,3,1,3,1.215909,1,0,-0.413514,-0.575676,-0.464865,-0.101912,-0.207546,-0.236553,-0.039405,-0.131648,-0.112045,-0.024573,-0.084775,-0.082029
FLNT,2021-11,2021-11-30,2021-12-01,149990400,71687.000000,0,71687.000000,0.047794,0.000000,2,2,0,0.081633,1,0,-0.146199,-0.298246,-0.269006,-0.101912,-0.207546,-0.236553,-0.039405,-0.131648,-0.112045,-0.024573,-0.084775,-0.082029
BRTX,2021-12,2021-12-01,2021-12-02,5067545.910000,4394.500000,4394.500000,0,0.086719,0.086719,1,1,1,0.005031,1,0,-0.015679,-0.151568,-0.358885,-0.121087,-0.191674,-0.245024,-0.076573,-0.134608,-0.131123,-0.044068,-0.081421,-0.096904
FLNT,2021-12,2021-12-01,2021-12-03,137894400,18036.000000,18036.000000,0,0.013080,0.013080,1,1,1,0.040336,1,0,-0.264249,-0.352332,-0.388601,-0.118475,-0.198775,-0.244553,-0.071951,-0.124432,-0.137379,-0.043492,-0.088536,-0.105354
ED,2021-11,2021-11-30,2021-12-06,27469032000,12666.973800,12666.973800,0,0.000046,0.000046,9,9,9,0.031679,1,0,0.118779,0.227720,0.241609,-0.157752,-0.202473,-0.266091,-0.112828,-0.137971,-0.167280,-0.082570,-0.096471,-0.128574
AWRE,2021-12,2021-12-06,2021-12-08,60844174,57786.192000,57786.192000,0,0.094974,0.094974,1,1,1,0.307839,0,1,0.000000,-0.111842,-0.391447,-0.160622,-0.228209,-0.285262,-0.109664,-0.162850,-0.188244,-0.086476,-0.118345,-0.143285
AWRE,2021-11,2021-11-22,2021-12-08,63353212,154500.000000,154500.000000,0,0.243871,0.243871,1,1,1,3.328673,0,1,0.000000,-0.111842,-0.391447,-0.160622,-0.228209,-0.285262,-0.109664,-0.162850,-0.188244,-0.086476,-0.118345,-0.143285
ASRV,2021-12,2021-12-07,2021-12-09,64904000,47434.787400,47434.787400,0,0.073085,0.073085,16,2,16,0.042957,1,0,0.059006,0.046584,0.065217,-0.157556,-0.237655,-0.279194,-0.090695,-0.161230,-0.179609,-0.084433,-0.133464,-0.143916
BATL,2021-12,2021-12-08,2021-12-09,173643580,24869.500000,24869.500000,0,0.014322,0.014322,3,2,3,0.029744,1,0,0.773399,0.438424,0.005911,-0.157556,-0.237655,-0.279194,-0.090695,-0.161230,-0.179609,-0.084433,-0.133464,-0.143916
BIVI,2021-12,2021-12-07,2021-12-09,128167920,10798.000000,10798.000000,0,0.008425,0.008425,1,1,1,,1,0,-0.411321,-0.658491,0.490566,-0.157556,-0.237655,-0.279194,-0.090695,-0.161230,-0.179609,-0.084433,-0.133464,-0.143916
ECOR,2021-12,2021-12-10,2021-12-13,53795474,18141.000000,18141.000000,0,0.033722,0.033722,2,2,2,0.115533,1,0,-0.305023,-0.260274,-0.534247,-0.187825,-0.296117,-0.259538,-0.108015,-0.208588,-0.148313,-0.103093,-0.190916,-0.125380
SOFI,2021-12,2021-12-10,2021-12-13,12225753072,14900.000000,14900.000000,0,0.000122,0.000122,1,1,1,0.003148,0,0,-0.456104,-0.615226,-0.696159,-0.187825,-0.296117,-0.259538,-0.108015,-0.208588,-0.148313,-0.103093,-0.190916,-0.125380
COSM,2021-12,2021-12-08,2021-12-14,58950334,750000,0,750000,1.272257,0.000000,1,1,0,0.018631,1,0,-0.083601,-0.774920,-0.897106,-0.153622,-0.287464,-0.257344,-0.085939,-0.205512,-0.146540,-0.077015,-0.187773,-0.124960
GTLB,2021-12,2021-12-13,2021-12-14,10543584750,125001122.959000,0,125001122.959000,1.185566,0.000000,47,2,0,5.980816,0,0,-0.537714,-0.414982,-0.355884,-0.153622,-0.287464,-0.257344,-0.085939,-0.205512,-0.146540,-0.077015,-0.187773,-0.124960
AMRN,2021-12,2021-12-15,2021-12-16,1286438760,38999.000000,38999.000000,0,0.003032,0.003032,2,1,2,0.054187,0,1,-0.081325,-0.487952,-0.620482,-0.108453,-0.296650,-0.286619,-0.037862,-0.227620,-0.170206,-0.051079,-0.208730,-0.162040
GLPI,2021-12,2021-12-15,2021-12-17,10882508000,137130.000000,137130.000000,0,0.001260,0.001260,1,1,1,0.022694,0,1,-0.004057,-0.009273,0.194726,-0.085651,-0.284549,-0.293133,-0.036582,-0.228685,-0.188957,-0.030367,-0.198493,-0.160223
TRST,2021-12,2021-12-15,2021-12-17,614912000,113400.000000,113400.000000,0,0.018442,0.018442,1,1,1,0.014986,1,0,0.022064,-0.061331,0.200823,-0.085651,-0.284549,-0.293133,-0.036582,-0.228685,-0.188957,-0.030367,-0.198493,-0.160223
ATEC,2021-12,2021-12-16,2021-12-20,1081018400,169010.000000,110050.000000,58960.000000,0.015634,0.010180,7,3,2,0.613121,1,0,-0.040036,-0.434164,-0.075623,-0.079279,-0.259329,-0.286764,-0.031468,-0.203670,-0.173000,-0.020228,-0.169489,-0.150032
FARM,2021-12,2021-12-17,2021-12-20,118544514,299572.500000,299572.500000,0,0.252709,0.252709,3,3,3,0.232580,1,0,0.130094,-0.289969,-0.271160,-0.079279,-0.259329,-0.286764,-0.031468,-0.203670,-0.173000,-0.020228,-0.169489,-0.150032
HGBL,2021-12,2021-12-30,2021-12-30,64090950,155946.250000,155946.250000,0,0.243320,0.243320,9,4,9,0.793850,1,0,-0.245810,-0.162011,0.312849,-0.093309,-0.297694,-0.329995,-0.077394,-0.236785,-0.206558,-0.048545,-0.201812,-0.183801
ASAN,2021-12,2021-12-30,2022-01-03,14351897949,330732219.340000,248281.830000,330483937.510000,2.304449,0.001730,67,2,1,0.044957,1,0,-0.416690,-0.718811,-0.815099,-0.079463,-0.283327,-0.336711,-0.075446,-0.229437,-0.219296,-0.040801,-0.194483,-0.189878
BDSX,2021-12,2021-12-30,2022-01-04,119347830,11368057.152000,668062.002000,10699995.150000,9.525148,0.559760,6,4,3,2.927500,0,1,-0.658491,-0.701887,-0.581132,-0.088076,-0.273925,-0.324820,-0.095966,-0.228277,-0.208388,-0.052609,-0.194214,-0.183354
ED,2021-12,2021-12-31,2022-01-05,30211811999,40346.300520,40346.300520,0,0.000134,0.000134,11,10,11,0.036919,1,0,0.161233,0.107855,0.153116,-0.079606,-0.246121,-0.314306,-0.077530,-0.207086,-0.189371,-0.043701,-0.175644,-0.176870
ANGO,2022-01,2022-01-12,2022-01-12,842097218,251040.000000,251040.000000,0,0.029811,0.029811,2,2,2,0.026263,1,0,0.047554,-0.052536,-0.377264,-0.104721,-0.260211,-0.274276,-0.067979,-0.203154,-0.127192,-0.055889,-0.189711,-0.143547
BMEA,2022-01,2022-01-14,2022-01-18,263008574,86767.000000,86767.000000,0,0.032990,0.032990,1,1,1,,1,0,-0.436314,0.453930,0.272358,-0.064388,-0.192443,-0.244570,-0.028299,-0.136255,-0.102866,-0.022047,-0.134263,-0.128466
BRTX,2022-01,2022-01-24,2022-01-24,12190278,12698.000000,12698.000000,0,0.104165,0.104165,2,1,2,0.012530,1,0,0.164740,-0.086705,-0.104046,-0.065990,-0.147429,-0.177776,-0.036219,-0.100520,-0.059052,-0.022713,-0.093945,-0.075339
CSPI,2022-01,2022-01-25,2022-01-25,17266960,57582.250000,0,57582.250000,0.333482,0.000000,15,1,0,0.003189,0,0,-0.111979,0.020833,0.372396,-0.079888,-0.144317,-0.160133,-0.053998,-0.094004,-0.043677,-0.039309,-0.093589,-0.063575
ASAN,2022-01,2022-01-28,2022-01-28,8996880000,306070771.390000,0,306070771.390000,3.401966,0.000000,78,1,0,0.020865,1,0,-0.441667,-0.597500,-0.686875,-0.108465,-0.100459,-0.168834,-0.050875,-0.036517,-0.028715,-0.064879,-0.060839,-0.078875
AUBN,2022-01,2022-01-31,2022-01-31,118801440,8023.205400,8023.205400,0,0.006753,0.006753,12,5,12,0.008174,0,0,-0.080598,-0.177972,-0.252735,-0.121694,-0.128886,-0.182513,-0.069491,-0.065601,-0.034746,-0.075873,-0.080196,-0.081873
NEE,2022-01,2022-01-31,2022-02-01,153482364000,5841642.224000,5841642.224000,0,0.003806,0.003806,5,5,5,0.157137,1,0,-0.078749,0.121811,-0.018139,-0.126694,-0.137325,-0.170679,-0.071317,-0.076207,-0.029806,-0.077874,-0.092398,-0.078320
CHTR,2022-02,2022-02-01,2022-02-02,101882038685,1627885.722800,1627885.722800,0,0.001598,0.001598,2,1,2,0.031050,0,0,-0.253065,-0.246668,-0.313191,-0.104444,-0.120986,-0.147851,-0.036936,-0.053223,-0.000788,-0.058930,-0.087047,-0.073918
ED,2022-01,2022-01-31,2022-02-04,30611945000,12666.999800,12666.999800,0,0.000041,0.000041,9,9,9,0.025827,1,0,0.102119,0.149282,0.124949,-0.135125,-0.098429,-0.145749,-0.077854,-0.033755,-0.007199,-0.080412,-0.071649,-0.071791
FARM,2022-02,2022-02-07,2022-02-07,101811351,22080.000000,22080.000000,0,0.021687,0.021687,1,1,1,0.134391,0,1,-0.026834,-0.050089,-0.057245,-0.162214,-0.094075,-0.120995,-0.120981,-0.028335,-0.004776,-0.106977,-0.069718,-0.056625
ARCB,2022-02,2022-02-07,2022-02-09,2109551178,150127.670000,150127.670000,0,0.007117,0.007117,1,1,1,0.086390,0,1,-0.168003,-0.009936,0.129050,-0.203196,-0.108423,-0.171324,-0.172649,-0.048845,-0.067431,-0.138948,-0.075235,-0.095814
CSPI,2022-02,2022-02-09,2022-02-09,16882300,35110.010000,0,35110.010000,0.207969,0.000000,11,1,0,0.002912,0,0,-0.111702,0.066489,0.380319,-0.203196,-0.108423,-0.171324,-0.172649,-0.048845,-0.067431,-0.138948,-0.075235,-0.095814
INFU,2022-02,2022-02-11,2022-02-15,217428874,106700.000000,106700.000000,0,0.049074,0.049074,1,1,1,0.200000,0,1,-0.205556,-0.262963,-0.075926,-0.139216,-0.064023,-0.125649,-0.111915,-0.020124,-0.042661,-0.081834,-0.029565,-0.056915
D,2022-02,2022-02-16,2022-02-16,63769902000,249325.356000,249325.356000,0,0.000391,0.000391,1,1,1,0.017679,1,0,0.059494,0.106184,-0.234853,-0.181285,-0.074489,-0.141876,-0.144826,-0.038627,-0.053791,-0.119842,-0.037528,-0.070939
CROX,2022-02,2022-02-17,2022-02-18,4910870070,1807551.320000,1807551.320000,0,0.036807,0.036807,3,2,3,0.102655,0,1,-0.318572,-0.080873,0.497855,-0.153633,-0.051622,-0.132683,-0.115507,-0.019675,-0.046776,-0.099907,-0.020583,-0.065985
CNDT,2022-02,2022-02-18,2022-02-22,1030104340,199884.480000,199884.480000,0,0.019404,0.019404,3,2,3,0.130741,1,0,-0.010616,-0.093418,-0.129512,-0.149325,-0.067988,-0.123236,-0.105535,-0.024582,-0.030552,-0.080208,-0.032929,-0.057175
ACRE,2022-02,2022-02-23,2022-02-25,655669074,252919.800000,252919.800000,0,0.038574,0.038574,1,1,1,0.967950,0,1,0.063532,0.005083,-0.114358,-0.104944,-0.108066,-0.143651,-0.071567,-0.062477,-0.057358,-0.048434,-0.067201,-0.076669
AUBN,2022-02,2022-02-25,2022-02-25,113311800,3220.000000,3220.000000,0,0.002842,0.002842,1,1,1,0.013144,0,1,-0.076482,-0.104780,-0.216444,-0.104944,-0.108066,-0.143651,-0.071567,-0.062477,-0.057358,-0.048434,-0.067201,-0.076669
BCSF,2022-02,2022-02-25,2022-02-25,1018146919,20618.000000,20618.000000,0,0.002025,0.002025,1,1,1,0.332226,0,1,-0.046958,-0.011740,-0.085379,-0.104944,-0.108066,-0.143651,-0.071567,-0.062477,-0.057358,-0.048434,-0.067201,-0.076669
KKR,2022-02,2022-02-24,2022-02-25,34797838584,999296.430000,999296.430000,0,0.002872,0.002872,4,1,4,0.085953,0,1,-0.078455,-0.148741,-0.077263,-0.104944,-0.108066,-0.143651,-0.071567,-0.062477,-0.057358,-0.048434,-0.067201,-0.076669
TRST,2022-02,2022-02-23,2022-02-25,650993010,33990.000000,33990.000000,0,0.005221,0.005221,1,1,1,0.038749,0,0,-0.046786,0.031071,0.137857,-0.104944,-0.108066,-0.143651,-0.071567,-0.062477,-0.057358,-0.048434,-0.067201,-0.076669
ASAN,2022-02,2022-02-25,2022-02-28,10256819000,265105151.640000,0,265105151.640000,2.584672,0.000000,70,1,0,0.017376,1,0,-0.603212,-0.658697,-0.730060,-0.109968,-0.119483,-0.147286,-0.086785,-0.074818,-0.061082,-0.051334,-0.070977,-0.077719
OGE,2022-03,2022-03-01,2022-03-02,7509502000,37250.000000,37250.000000,0,0.000496,0.000496,1,1,1,1.000000,0,1,0.084864,0.083597,-0.026916,-0.117621,-0.135384,-0.148173,-0.096027,-0.097426,-0.061895,-0.061719,-0.090819,-0.076791
CABO,2022-03,2022-03-01,2022-03-03,8591952627,720000,720000,0,0.008380,0.008380,1,1,1,0.275938,0,1,-0.103171,-0.191058,-0.513243,-0.080312,-0.122451,-0.117976,-0.062847,-0.096499,-0.037425,-0.039075,-0.083394,-0.057295
ED,2022-02,2022-02-28,2022-03-04,30371157000,12666.942450,12666.942450,0,0.000042,0.000042,9,9,9,0.025377,1,0,0.098444,0.113619,0.054604,-0.091092,-0.122147,-0.103983,-0.056550,-0.089297,-0.036422,-0.047092,-0.085626,-0.048912
AGM,2022-03,2022-03-07,2022-03-08,1241327430,117000,117000,0,0.009425,0.009425,1,1,1,0.130702,0,1,-0.093367,-0.065736,0.277805,-0.040471,-0.090828,-0.072167,-0.018084,-0.080374,-0.028185,0.001864,-0.054255,-0.026068
CBZ,2022-03,2022-03-04,2022-03-08,2040980039,97487.500000,97487.500000,0,0.004777,0.004777,1,1,1,,0,1,0.099869,0.129673,0.287843,-0.040471,-0.090828,-0.072167,-0.018084,-0.080374,-0.028185,0.001864,-0.054255,-0.026068
MERC,2022-03,2022-03-08,2022-03-09,857791688,141152.000000,98252.000000,42900,0.016455,0.011454,2,1,1,0.012623,0,0,0.220539,0.199495,-0.195286,-0.080520,-0.104701,-0.119921,-0.059737,-0.086146,-0.081128,-0.034886,-0.062387,-0.069001
ASRV,2022-03,2022-03-10,2022-03-11,69401640,3970.000000,3970.000000,0,0.005720,0.005720,1,1,1,0.009729,1,0,-0.005900,-0.023599,-0.056047,-0.108530,-0.050383,-0.097345,-0.088025,-0.043018,-0.106307,-0.069170,-0.024844,-0.067728
FOUR,2022-03,2022-03-14,2022-03-14,3431988427,4304358.270000,4304358.270000,0,0.125419,0.125419,3,1,3,0.745641,1,0,-0.260491,0.060665,0.480322,-0.133335,-0.020289,-0.058510,-0.112752,-0.011253,-0.070758,-0.097918,-0.007111,-0.045340
GLPI,2022-03,2022-03-14,2022-03-14,10911166480,702185.920000,702185.920000,0,0.006435,0.006435,4,2,4,0.131638,0,1,0.000000,0.156018,0.224963,-0.133335,-0.020289,-0.058510,-0.112752,-0.011253,-0.070758,-0.097918,-0.007111,-0.045340
ATEC,2022-03,2022-03-11,2022-03-15,1060766580,23094.000000,23094.000000,0,0.002177,0.002177,2,1,2,0.418092,0,1,-0.316881,-0.125370,0.490622,-0.158135,-0.102155,-0.082326,-0.130815,-0.064786,-0.100394,-0.120000,-0.070723,-0.071721
FLNT,2022-03,2022-03-14,2022-03-15,141561000,55035.221600,39318.771800,15716.449800,0.038877,0.027775,3,2,2,0.001760,0,0,-0.292818,-0.160221,-0.370166,-0.158135,-0.102155,-0.082326,-0.130815,-0.064786,-0.100394,-0.120000,-0.070723,-0.071721
INVE,2022-03,2022-03-15,2022-03-16,329654156,1368683.543400,1368683.543400,0,0.415188,0.415188,3,2,3,0.076471,1,0,-0.283981,-0.202063,-0.620146,-0.167976,-0.127379,-0.091826,-0.145050,-0.089838,-0.115977,-0.126790,-0.087389,-0.075923
CMRC,2022-03,2022-03-15,2022-03-17,1284274720,75647.440000,75647.440000,0,0.005890,0.005890,1,1,1,0.001669,0,1,-0.324235,-0.208941,-0.598588,-0.211090,-0.152177,-0.106933,-0.197225,-0.110372,-0.153076,-0.166137,-0.108910,-0.098019
CROX,2022-03,2022-03-16,2022-03-17,4632693120,1723703.230000,1723703.230000,0,0.037207,0.037207,10,5,10,0.289357,0,1,-0.406336,-0.026779,0.507669,-0.211090,-0.152177,-0.106933,-0.197225,-0.110372,-0.153076,-0.166137,-0.108910,-0.098019
SOFI,2022-03,2022-03-17,2022-03-18,7598925540,1752848.781100,1752848.781100,0,0.023067,0.023067,9,3,9,0.369775,1,0,-0.422492,-0.387031,-0.471125,-0.217530,-0.174275,-0.121721,-0.199398,-0.132490,-0.151067,-0.173392,-0.125295,-0.099221
GME,2022-03,2022-03-24,2022-03-24,10808160000,619476.453100,619476.453100,0,0.005732,0.005732,3,3,3,0.248633,0,1,-0.002528,-0.306180,-0.326404,-0.206452,-0.218384,-0.128918,-0.172796,-0.165205,-0.151921,-0.157126,-0.162277,-0.106609
BCSF,2022-03,2022-03-25,2022-03-25,1029768126,149970.769000,149970.769000,0,0.014564,0.014564,2,2,2,0.318480,0,1,-0.118143,-0.131857,-0.154008,-0.178595,-0.230479,-0.134196,-0.148287,-0.186139,-0.143625,-0.134572,-0.180327,-0.109296
HEI,2022-03,2022-03-23,2022-03-25,20601075600,149979.600000,149979.600000,0,0.000728,0.000728,1,1,1,0.079591,1,0,-0.145977,-0.056935,0.088457,-0.178595,-0.230479,-0.134196,-0.148287,-0.186139,-0.143625,-0.134572,-0.180327,-0.109296
ONDS,2022-03,2022-03-24,2022-03-25,299641315,16532.500000,16532.500000,0,0.005517,0.005517,2,1,2,0.125000,1,0,-0.129630,-0.438746,-0.850427,-0.178595,-0.230479,-0.134196,-0.148287,-0.186139,-0.143625,-0.134572,-0.180327,-0.109296
DLTR,2022-03,2022-03-28,2022-03-29,35768628000,66340.375000,66340.375000,0,0.000185,0.000185,1,1,1,0.134921,0,1,-0.031776,-0.142299,-0.105038,-0.234663,-0.257814,-0.151048,-0.183364,-0.215828,-0.158031,-0.171701,-0.206042,-0.115692
HGBL,2022-03,2022-03-30,2022-03-31,46805200,35906.950000,35906.950000,0,0.076716,0.076716,2,2,2,0.140947,0,0,0.111111,0.200000,1.125926,-0.225419,-0.247338,-0.107980,-0.172761,-0.184385,-0.116854,-0.161088,-0.189941,-0.078186
BRTX,2022-03,2022-03-31,2022-04-01,19028743,870198.020000,3388.000000,866810.020000,4.573071,0.017805,11,1,1,0.236850,0,0,-0.379310,-0.413793,-0.366606,-0.218840,-0.258675,-0.108469,-0.172024,-0.199237,-0.126195,-0.154620,-0.204725,-0.077287
CREX,2022-03,2022-03-30,2022-04-01,12425298,286470.763300,286470.763300,0,2.305544,2.305544,6,2,6,3.182601,0,1,-0.253012,-0.277108,-0.108434,-0.218840,-0.258675,-0.108469,-0.172024,-0.199237,-0.126195,-0.154620,-0.204725,-0.077287
RKT,2022-03,2022-03-31,2022-04-01,1771294696,343860.290000,343860.290000,0,0.019413,0.019413,3,1,3,0.008629,1,0,-0.311005,-0.427751,-0.174163,-0.218840,-0.258675,-0.108469,-0.172024,-0.199237,-0.126195,-0.154620,-0.204725,-0.077287
AAME,2022-03,2022-03-31,2022-04-04,63858260,5455236,5455236,0,8.542726,8.542726,1,1,1,0.363029,0,1,-0.197411,-0.126214,-0.236246,-0.221462,-0.256575,-0.129386,-0.166557,-0.179404,-0.142944,-0.160219,-0.190648,-0.090199
MAC,2022-03,2022-03-31,2022-04-04,3362443600,329338.400000,329338.400000,0,0.009795,0.009795,3,2,3,0.078198,1,0,-0.386919,-0.463357,-0.286840,-0.221462,-0.256575,-0.129386,-0.166557,-0.179404,-0.142944,-0.160219,-0.190648,-0.090199
ED,2022-03,2022-03-31,2022-04-06,33545124000,48465.410432,48465.410432,0,0.000144,0.000144,12,10,12,0.031453,1,0,-0.045966,-0.108636,0.040398,-0.180917,-0.198820,-0.092769,-0.140445,-0.120186,-0.116967,-0.137973,-0.148365,-0.068073
AUBN,2022-04,2022-04-06,2022-04-07,115156140,6109.794000,6109.794000,0,0.005306,0.005306,10,5,10,0.007986,0,0,-0.210584,-0.313869,-0.269343,-0.165381,-0.207017,-0.095419,-0.117245,-0.122221,-0.104595,-0.129444,-0.161363,-0.071793
BDSX,2022-04,2022-04-07,2022-04-11,70237810,6499998.360000,6499998.360000,0,9.254273,9.254273,3,3,3,4.766951,0,1,0.094340,-0.169811,0.025157,-0.150468,-0.215583,-0.066410,-0.122260,-0.140256,-0.084121,-0.122823,-0.174698,-0.052862
BRTX,2022-04,2022-04-08,2022-04-11,20629631,320186.000000,226746.000000,93440.000000,1.552068,1.099128,4,2,3,0.135225,1,0,-0.440285,-0.383244,-0.347594,-0.150468,-0.215583,-0.066410,-0.122260,-0.140256,-0.084121,-0.122823,-0.174698,-0.052862
INVE,2022-04,2022-04-21,2022-04-25,286609740,853094.461500,853094.461500,0,0.297650,0.297650,1,1,1,0.028339,0,1,-0.024371,-0.077830,-0.573113,-0.087194,-0.151989,-0.052210,-0.066717,-0.098306,-0.092805,-0.072887,-0.108367,-0.036295
CSPI,2022-04,2022-04-27,2022-04-29,14766000,4925.000000,4925.000000,0,0.033354,0.033354,2,1,2,0.001099,0,1,0.119403,0.074627,0.791045,0.008980,-0.098948,0.036446,0.015127,-0.001941,-0.036819,0.004320,-0.047779,0.025638
RKT,2022-04,2022-04-28,2022-04-29,1428823150,3709693.000000,3709693.000000,0,0.259633,0.259633,19,1,19,0.014072,1,0,0.076464,-0.241338,-0.017921,0.008980,-0.098948,0.036446,0.015127,-0.001941,-0.036819,0.004320,-0.047779,0.025638
LAB,2022-04,2022-04-29,2022-05-02,206225650,4695186.800000,1307250.000000,3387936.800000,2.276723,0.633893,10,2,3,0.027150,0,0,-0.471831,-0.584507,-0.482394,-0.008188,-0.124017,0.010542,0.004180,-0.011411,-0.066433,-0.004678,-0.060350,0.008001
RVP,2022-04,2022-04-28,2022-05-02,119922788,588626.522000,588626.522000,0,0.490838,0.490838,1,1,1,0.047998,0,1,0.197403,-0.374026,-0.581818,-0.008188,-0.124017,0.010542,0.004180,-0.011411,-0.066433,-0.004678,-0.060350,0.008001
TRST,2022-04,2022-04-29,2022-05-03,596615950,52006.250000,52006.250000,0,0.008717,0.008717,3,2,3,0.379651,0,0,0.077159,0.210749,-0.042994,-0.012173,-0.133900,0.002866,-0.005265,-0.018428,-0.070912,-0.015750,-0.068701,-0.003460
NEE,2022-05,2022-05-03,2022-05-04,139057552000,701950.000000,701950.000000,0,0.000505,0.000505,2,1,2,,0,1,0.190233,0.069147,0.056744,-0.018472,-0.190948,-0.033361,-0.016912,-0.075668,-0.105237,-0.029878,-0.118919,-0.039780
ED,2022-04,2022-04-30,2022-05-05,32857782000,20217.237256,20217.237256,0,0.000062,0.000062,10,9,10,0.022191,1,0,0.060259,-0.026796,0.110706,0.038377,-0.164693,0.039492,0.022518,-0.043046,-0.045206,0.005223,-0.095832,0.014056
CNDT,2022-05,2022-05-09,2022-05-09,1002674850,358834.470000,358834.470000,0,0.035788,0.035788,4,4,4,0.054610,1,0,-0.012903,-0.167742,-0.369892,0.081332,-0.096155,0.090730,0.105397,0.034287,0.008210,0.041722,-0.037678,0.049545
FELE,2022-05,2022-05-09,2022-05-10,3319709663,140716.200000,140716.200000,0,0.004239,0.004239,1,1,1,0.189771,1,0,0.318026,0.177874,0.342329,0.056291,-0.100498,0.089370,0.089976,0.034337,0.013035,0.035175,-0.034724,0.052006
LAB,2022-05,2022-05-10,2022-05-10,191439660,3101680.000000,1343715.000000,1757965.000000,1.620187,0.701900,4,2,1,0.048852,0,0,-0.317073,-0.601463,-0.268293,0.056291,-0.100498,0.089370,0.089976,0.034337,0.013035,0.035175,-0.034724,0.052006
CLH,2022-05,2022-05-12,2022-05-12,4793563500,176700.000000,176700.000000,0,0.003686,0.003686,1,1,1,0.029223,1,0,0.302890,0.341076,0.569518,0.115241,-0.025249,0.124938,0.140629,0.082457,0.016883,0.075097,0.014501,0.066834
AGM,2022-05,2022-05-11,2022-05-13,1102055680,103299.800000,103299.800000,0,0.009373,0.009373,1,1,1,0.230256,0,1,0.163000,0.231506,0.408526,0.096331,-0.042776,0.090619,0.128187,0.057809,-0.002253,0.067780,0.000396,0.045547
INSM,2022-05,2022-05-11,2022-05-13,2040825187,344000.000000,344000.000000,0,0.016856,0.016856,1,1,1,0.082433,0,1,0.498626,0.048378,0.059373,0.096331,-0.042776,0.090619,0.128187,0.057809,-0.002253,0.067780,0.000396,0.045547
HASI,2022-05,2022-05-13,2022-05-16,3266978130,211349.880000,211349.880000,0,0.006469,0.006469,2,2,2,0.108159,1,0,0.161879,-0.129436,-0.308212,0.118137,-0.040010,0.104651,0.137555,0.050935,-0.012153,0.076556,-0.004078,0.042793
ATEC,2022-05,2022-05-13,2022-05-17,837190860,16640.000000,16640.000000,0,0.001988,0.001988,1,1,1,0.536049,0,1,0.110588,0.232941,0.795294,0.087355,-0.051306,0.089802,0.103359,0.034915,-0.020059,0.056928,-0.015828,0.034172
FTCI,2022-05,2022-05-13,2022-05-17,325043085,1227500.000000,1227500.000000,0,0.377642,0.377642,2,1,2,2.000000,0,1,0.410405,-0.303468,-0.017341,0.087355,-0.051306,0.089802,0.103359,0.034915,-0.020059,0.056928,-0.015828,0.034172
BNGO,2022-05,2022-05-16,2022-05-18,448312872,16000.000000,16000.000000,0,0.003569,0.003569,1,1,1,2.568053,0,1,1.070064,0.713376,-0.567516,0.130444,-0.015940,0.167366,0.124184,0.053615,0.021686,0.093522,0.017709,0.088006
FLNT,2022-05,2022-05-18,2022-05-19,111644040,13500.000000,13500.000000,0,0.012092,0.012092,1,1,1,0.030227,1,0,0.332061,0.000000,-0.465649,0.139266,-0.012835,0.170998,0.129844,0.042165,0.013816,0.103428,0.020838,0.093090
AWRE,2022-05,2022-05-18,2022-05-20,59723665,57265.300000,57265.300000,0,0.095884,0.095884,4,2,4,0.213748,1,0,-0.166667,-0.306818,-0.363636,0.120528,-0.009745,0.178569,0.108346,0.051505,0.028780,0.088128,0.025016,0.093050
ASRV,2022-05,2022-05-19,2022-05-23,68436000,1179.000000,1179.000000,0,0.001723,0.001723,1,1,1,0.002591,0,1,0.000000,0.026706,-0.264095,0.073185,-0.035928,0.144621,0.072571,0.033531,0.011671,0.045911,0.002536,0.060939
CREX,2022-05,2022-05-19,2022-05-23,15191397,63913.500000,63913.500000,0,0.420722,0.420722,1,1,1,0.342874,0,1,-0.060606,-0.090909,0.292929,0.073185,-0.035928,0.144621,0.072571,0.033531,0.011671,0.045911,0.002536,0.060939
SOFI,2022-05,2022-05-24,2022-05-24,6115514160,902759.536800,902759.536800,0,0.014762,0.014762,5,2,5,0.069816,1,0,-0.081845,-0.309524,-0.209821,0.095614,-0.000786,0.163491,0.090505,0.060316,0.016056,0.051401,0.023831,0.061353
GTLB,2022-05,2022-05-24,2022-05-25,5149247480,16552271.607300,16552271.607300,0,0.321450,0.321450,12,2,12,0.366238,0,1,0.713669,0.070639,-0.110542,0.083612,-0.004723,0.175332,0.079390,0.044244,-0.009747,0.045512,0.021249,0.061162
RVP,2022-05,2022-05-23,2022-05-25,131124367,476397.310800,476397.310800,0,0.363317,0.363317,4,1,4,0.012057,0,1,-0.287500,-0.420000,-0.695000,0.083612,-0.004723,0.175332,0.079390,0.044244,-0.009747,0.045512,0.021249,0.061162
CAR,2022-05,2022-05-24,2022-05-26,8500110000,9832957.630000,9832957.630000,0,0.115680,0.115680,6,1,6,0.065633,0,0,0.003470,0.210341,-0.119220,0.073023,-0.037901,0.172869,0.072225,0.023574,-0.020339,0.039523,0.001046,0.053848
CROX,2022-05,2022-05-25,2022-05-26,3126308400,947061.000000,947061.000000,0,0.030293,0.030293,4,4,4,1.000000,1,0,0.520458,0.781344,1.003378,0.073023,-0.037901,0.172869,0.072225,0.023574,-0.020339,0.039523,0.001046,0.053848
INVE,2022-05,2022-05-24,2022-05-26,252877630,99966.800000,99966.800000,0,0.039532,0.039532,2,1,2,0.002087,0,1,0.323699,-0.238646,-0.395541,0.073023,-0.037901,0.172869,0.072225,0.023574,-0.020339,0.039523,0.001046,0.053848
CABO,2022-05,2022-05-25,2022-05-27,7425819546,62898.500000,62898.500000,0,0.000847,0.000847,1,1,1,0.006739,0,1,-0.072045,-0.442742,-0.510312,-0.003488,-0.068323,0.140931,0.009790,-0.003263,-0.049570,-0.019722,-0.022937,0.029009
HGBL,2022-05,2022-05-27,2022-05-27,43143085,76750.100000,76750.100000,0,0.177897,0.177897,4,4,4,1.553474,1,0,0.375000,1.033333,2.125000,-0.003488,-0.068323,0.140931,0.009790,-0.003263,-0.049570,-0.019722,-0.022937,0.029009
CSPI,2022-05,2022-05-26,2022-05-31,18190000,8819.500000,8819.500000,0,0.048485,0.048485,4,1,4,0.001044,0,1,-0.103529,-0.058824,0.404706,-0.021680,-0.086522,0.137476,-0.001082,-0.008204,-0.047060,-0.031456,-0.034766,0.029070
BRTX,2022-05,2022-05-27,2022-06-01,13825855,68028.938800,68028.938800,0,0.492041,0.492041,5,2,5,0.042584,1,0,-0.269488,-0.316258,0.191537,-0.020131,-0.037779,0.159168,-0.001547,0.024809,-0.031341,-0.031014,0.003751,0.047310
ECOR,2022-05,2022-05-27,2022-06-01,30592507,71889.294200,71889.294200,0,0.234990,0.234990,6,4,6,3.750000,1,0,0.019231,-0.362821,-0.380769,-0.020131,-0.037779,0.159168,-0.001547,0.024809,-0.031341,-0.031014,0.003751,0.047310
RKT,2022-05,2022-05-31,2022-06-01,1444752059,4391115.000000,4391115.000000,0,0.303936,0.303936,22,1,22,0.012770,1,0,-0.099880,-0.055355,-0.080626,-0.020131,-0.037779,0.159168,-0.001547,0.024809,-0.031341,-0.031014,0.003751,0.047310
CABO,2022-06,2022-06-01,2022-06-03,7565146205,6455850.000000,6455850.000000,0,0.085337,0.085337,1,1,1,0.961538,0,1,-0.122877,-0.425433,-0.483659,-0.034167,-0.041041,0.167952,-0.034710,0.013150,-0.024438,-0.040439,-0.000465,0.057961
ED,2022-05,2022-05-31,2022-06-03,35167818000,20155.765640,20155.765640,0,0.000057,0.000057,10,9,10,0.020283,1,0,0.013815,0.011099,-0.018066,-0.034167,-0.041041,0.167952,-0.034710,0.013150,-0.024438,-0.040439,-0.000465,0.057961
NEE,2022-06,2022-06-02,2022-06-03,154307504000,1003635.600000,1003635.600000,0,0.000650,0.000650,1,1,1,0.059522,0,1,0.086876,0.093602,-0.043080,-0.034167,-0.041041,0.167952,-0.034710,0.013150,-0.024438,-0.040439,-0.000465,0.057961
MERC,2022-05,2022-05-10,2022-06-08,985535717,973350.000000,0,973350.000000,0.098764,0.000000,2,1,0,0.016500,0,0,-0.017241,-0.164828,-0.416552,-0.026298,-0.084735,0.156755,-0.028087,-0.037299,0.011347,-0.028495,-0.035838,0.061241
BATL,2022-06,2022-06-10,2022-06-13,227261580,96721.033100,96721.033100,0,0.042559,0.042559,6,3,6,0.169976,1,0,0.110759,-0.173259,-0.521361,0.130438,0.040783,0.329133,0.114397,0.067314,0.122255,0.100664,0.072863,0.184179
FTCI,2022-06,2022-06-10,2022-06-13,528696623,148532.000000,148532.000000,0,0.028094,0.028094,1,1,1,0.033384,0,1,-0.156746,-0.490079,-0.476190,0.130438,0.040783,0.329133,0.114397,0.067314,0.122255,0.100664,0.072863,0.184179
CAR,2022-06,2022-06-10,2022-06-14,8150910000,4959374.250000,4959374.250000,0,0.060844,0.060844,2,1,2,0.036528,0,0,0.030661,0.181866,0.263541,0.066495,0.050048,0.336347,0.075967,0.081313,0.115504,0.055996,0.084278,0.189186
TRST,2022-06,2022-06-13,2022-06-14,576313770,17458.000000,17458.000000,0,0.003029,0.003029,1,1,1,0.021001,0,0,0.101688,0.285041,0.057322,0.066495,0.050048,0.336347,0.075967,0.081313,0.115504,0.055996,0.084278,0.189186
AMRN,2022-06,2022-06-13,2022-06-15,676917900,92730.000000,92730.000000,0,0.013699,0.013699,1,1,1,0.585106,0,1,-0.325967,-0.292818,-0.342541,0.048793,0.016881,0.319332,0.064579,0.058759,0.108449,0.045122,0.062165,0.186969
ECOR,2022-06,2022-06-13,2022-06-15,38240634,55780.000000,55780.000000,0,0.145866,0.145866,1,1,1,0.060037,0,1,-0.133333,-0.392982,-0.477193,0.048793,0.016881,0.319332,0.064579,0.058759,0.108449,0.045122,0.062165,0.186969
LAB,2022-06,2022-06-13,2022-06-15,135408540,1603000.000000,554000.000000,1049000.000000,1.183825,0.409132,5,2,2,0.024574,0,0,-0.279570,-0.241935,0.188172,0.048793,0.016881,0.319332,0.064579,0.058759,0.108449,0.045122,0.062165,0.186969
ATEC,2022-06,2022-06-14,2022-06-16,711715080,510820.000000,510820.000000,0,0.071773,0.071773,4,3,4,0.173115,0,1,0.384977,0.694836,1.402191,0.074677,0.024022,0.366119,0.108191,0.082364,0.153036,0.068628,0.071662,0.223423
CSPI,2022-06,2022-06-14,2022-06-16,18789200,9472.600000,9472.600000,0,0.050415,0.050415,4,1,4,0.001011,0,1,-0.029340,0.066015,0.628362,0.074677,0.024022,0.366119,0.108191,0.082364,0.153036,0.068628,0.071662,0.223423
FLNT,2022-06,2022-06-14,2022-06-16,104309760,9589.500000,9589.500000,0,0.009193,0.009193,1,1,1,0.001366,0,0,0.243697,-0.159664,-0.428571,0.074677,0.024022,0.366119,0.108191,0.082364,0.153036,0.068628,0.071662,0.223423
SOFI,2022-06,2022-06-16,2022-06-16,4977955722,1759975.784700,1759975.784700,0,0.035355,0.035355,8,2,8,0.232758,1,0,0.171846,-0.153565,0.572212,0.074677,0.024022,0.366119,0.108191,0.082364,0.153036,0.068628,0.071662,0.223423
AWRE,2022-06,2022-06-15,2022-06-17,51559999,3477.600000,3477.600000,0,0.006745,0.006745,1,1,1,0.030225,1,0,-0.023148,-0.166667,-0.245370,0.055279,0.002093,0.347823,0.083572,0.065978,0.139032,0.058186,0.056715,0.214434
FOUR,2022-06,2022-06-16,2022-06-17,2077191926,876204.800000,876204.800000,0,0.042182,0.042182,1,1,1,0.082834,1,0,0.459385,0.597846,0.943692,0.055279,0.002093,0.347823,0.083572,0.065978,0.139032,0.058186,0.056715,0.214434
ASRV,2022-06,2022-06-17,2022-06-21,67238370,24366.000000,24366.000000,0,0.036238,0.036238,7,1,7,0.025464,0,1,-0.020833,0.017857,-0.309524,0.029056,-0.037040,0.296719,0.058993,0.038515,0.116420,0.028266,0.023428,0.178540
BKE,2022-06,2022-06-16,2022-06-21,1418839620,5776.000000,5776.000000,0,0.000407,0.000407,1,1,1,0.004319,0,1,0.134446,0.499019,0.311580,0.029056,-0.037040,0.296719,0.058993,0.038515,0.116420,0.028266,0.023428,0.178540
BLNK,2022-06,2022-06-24,2022-06-27,776510700,109080.000000,109080.000000,0,0.014047,0.014047,1,1,1,0.057145,0,1,-0.010152,-0.423576,-0.698252,-0.060128,-0.094923,0.252987,-0.061055,-0.004733,0.060395,-0.058637,-0.009963,0.140755
AUBN,2022-07,2022-07-01,2022-07-01,96617850,6156.502400,6156.502400,0,0.006372,0.006372,10,5,10,0.008803,0,0,-0.156044,-0.146813,-0.199560,-0.050995,-0.052230,0.321880,-0.032866,0.027215,0.112667,-0.059270,0.011871,0.183066
MAC,2022-06,2022-06-30,2022-07-01,1873817140,1173610.000000,1173610.000000,0,0.062632,0.062632,3,2,3,0.181317,1,0,-0.098250,0.297443,0.356662,-0.050995,-0.052230,0.321880,-0.032866,0.027215,0.112667,-0.059270,0.011871,0.183066
RKT,2022-06,2022-06-30,2022-07-01,1174528769,4319240.000000,4319240.000000,0,0.367742,0.367742,35,2,35,0.016569,1,0,-0.169444,-0.080556,0.179167,-0.050995,-0.052230,0.321880,-0.032866,0.027215,0.112667,-0.059270,0.011871,0.183066
BRTX,2022-06,2022-06-30,2022-07-05,10744534,140291.755500,97479.535500,42812.220000,1.305703,0.907248,24,3,19,0.034344,1,0,-0.028818,-0.216138,0.193084,-0.015105,-0.074489,0.299564,0.023579,0.013160,0.092488,-0.006380,0.005717,0.179076
NEE,2022-07,2022-07-01,2022-07-05,158904600000,1011161.970000,1011161.970000,0,0.000636,0.000636,1,1,1,0.107588,1,0,0.052107,0.070330,-0.030467,-0.015105,-0.074489,0.299564,0.023579,0.013160,0.092488,-0.006380,0.005717,0.179076
ED,2022-06,2022-06-30,2022-07-07,33722459999,50603.905330,50603.905330,0,0.000150,0.000150,13,11,13,0.029789,1,0,-0.082791,0.049850,0.031313,-0.049885,-0.109498,0.250469,-0.005637,-0.001259,0.069017,-0.036664,-0.016217,0.145790
BRTX,2022-07,2022-07-12,2022-07-15,10853800,5675.990000,2665.000000,3010.990000,0.052295,0.024554,4,2,2,0.003846,1,0,0.098039,0.068627,0.039216,-0.105080,-0.033318,0.320261,-0.031330,0.091252,0.136635,-0.067600,0.043715,0.189707
HRI,2022-06,2022-06-10,2022-07-19,3322700000,25531.185384,25531.185384,0,0.000768,0.000768,1,1,1,0.004242,1,0,0.115838,0.426918,0.457887,-0.088286,-0.052216,0.302095,-0.020271,0.055745,0.119328,-0.050019,0.022858,0.179342
ASRV,2022-07,2022-07-27,2022-07-28,68444000,8676.000000,8676.000000,0,0.012676,0.012676,2,1,2,0.032056,0,1,0.051205,0.033133,-0.123494,-0.117653,-0.049185,0.246651,-0.031829,0.024126,0.073738,-0.060425,0.005429,0.143581
RKT,2022-07,2022-07-28,2022-07-29,1528802392,4421340.000000,4421340.000000,0,0.289203,0.289203,40,2,40,0.012064,1,0,-0.295228,-0.016648,0.147614,-0.106968,-0.056943,0.224947,-0.016814,0.022325,0.078502,-0.051876,-0.006734,0.129305
TRST,2022-07,2022-07-27,2022-07-29,633529650,86998.000000,86998.000000,0,0.013732,0.013732,2,2,2,0.033740,1,0,0.124734,0.049610,-0.055280,-0.106968,-0.056943,0.224947,-0.016814,0.022325,0.078502,-0.051876,-0.006734,0.129305
LAB,2022-07,2022-07-29,2022-08-02,114400650,506556.160000,311096.000000,195460.160000,0.442791,0.271936,2,2,1,0.019717,0,0,-0.276471,0.176471,0.476471,-0.123227,-0.058778,0.199576,-0.013233,0.034011,0.060420,-0.053798,0.004808,0.121116
ED,2022-07,2022-07-31,2022-08-04,35201142000,28067.832940,28067.832940,0,0.000080,0.000080,11,9,11,0.023788,1,0,-0.082107,-0.006763,-0.051851,-0.195565,-0.035063,0.155068,-0.064120,0.057613,0.042209,-0.100530,0.015053,0.096404
AWRE,2022-08,2022-08-03,2022-08-05,46274250,25380.000000,25380.000000,0,0.054847,0.054847,2,2,2,0.139249,1,0,-0.251232,-0.152709,-0.187192,-0.175929,-0.044428,0.174432,-0.058720,0.042550,0.034934,-0.086031,0.005996,0.107871
CNDT,2022-08,2022-08-04,2022-08-05,917043750,401402.800000,401402.800000,0,0.043771,0.043771,3,2,3,0.110124,1,0,-0.135945,0.099078,-0.235023,-0.175929,-0.044428,0.174432,-0.058720,0.042550,0.034934,-0.086031,0.005996,0.107871
LAB,2022-08,2022-08-04,2022-08-05,139647690,1364853.590000,80055.660000,1284797.930000,0.977355,0.057327,5,2,1,0.025077,0,0,-0.407407,0.100529,0.269841,-0.175929,-0.044428,0.174432,-0.058720,0.042550,0.034934,-0.086031,0.005996,0.107871
BCSF,2022-08,2022-08-10,2022-08-10,943900314,49606.000000,49606.000000,0,0.005255,0.005255,1,1,1,0.254031,0,1,-0.107811,-0.057206,0.181518,-0.190681,-0.062250,0.138963,-0.102654,-0.005168,-0.009097,-0.105518,-0.013714,0.079045
KKR,2022-08,2022-08-08,2022-08-10,45407804177,943217.600000,943217.600000,0,0.002077,0.002077,1,1,1,0.261424,0,1,-0.087638,0.055939,0.135931,-0.190681,-0.062250,0.138963,-0.102654,-0.005168,-0.009097,-0.105518,-0.013714,0.079045
ATEC,2022-08,2022-08-09,2022-08-11,826903560,16080.000000,16080.000000,0,0.001945,0.001945,1,1,1,0.500000,0,1,0.095398,0.571268,0.672278,-0.125972,-0.065231,0.138177,-0.051000,-0.023221,-0.011423,-0.056363,-0.022254,0.078417
CSPI,2022-08,2022-08-12,2022-08-16,18314030,4175.000000,4175.000000,0,0.022797,0.022797,1,1,1,0.000967,0,1,-0.095960,0.479798,0.823232,-0.127521,-0.072966,0.098871,-0.062032,-0.032797,-0.060250,-0.068837,-0.031350,0.039819
FLNT,2022-08,2022-08-15,2022-08-17,134630100,238272.000000,67812.000000,170460.000000,0.176983,0.050369,2,2,1,0.754717,0,0,-0.222222,0.000000,-0.576023,-0.129492,-0.055060,0.099420,-0.062773,-0.006288,-0.055419,-0.069329,-0.021239,0.039263
FOX,2022-08,2022-08-15,2022-08-17,18463500000,4627214.500000,4627214.500000,0,0.025061,0.025061,1,1,1,0.184113,1,0,-0.129747,0.036076,-0.060127,-0.129492,-0.055060,0.099420,-0.062773,-0.006288,-0.055419,-0.069329,-0.021239,0.039263
BMEA,2022-08,2022-08-16,2022-08-19,399032161,425648.448000,425648.448000,0,0.106670,0.106670,1,1,1,0.007187,0,1,-0.308920,0.032864,0.587793,-0.116260,-0.063319,0.135176,-0.051285,0.001948,-0.037273,-0.058000,-0.026839,0.057725
HCAT,2022-08,2022-08-18,2022-08-19,642412380,2226344.206400,2226344.206400,0,0.346560,0.346560,3,2,3,0.411664,1,0,-0.172443,0.142857,0.000000,-0.116260,-0.063319,0.135176,-0.051285,0.001948,-0.037273,-0.058000,-0.026839,0.057725
CREX,2022-08,2022-08-22,2022-08-24,13484998,57786.625000,57786.625000,0,0.428525,0.428525,3,2,3,0.139822,1,0,-0.147059,0.073529,-0.083333,-0.081520,-0.062002,0.154907,-0.032562,-0.013681,-0.032233,-0.023206,-0.028179,0.073367
HASI,2022-08,2022-08-25,2022-08-25,3566766598,200500.000000,200500.000000,0,0.005621,0.005621,2,2,2,0.053681,1,0,-0.232809,-0.179463,-0.472094,-0.103376,-0.070228,0.143652,-0.045374,-0.021825,-0.043003,-0.037015,-0.036612,0.065882
TRST,2022-08,2022-08-26,2022-08-26,656080630,25590.000000,25590.000000,0,0.003900,0.003900,1,1,1,0.026441,0,0,0.144094,0.095601,-0.132664,-0.065062,-0.046730,0.201487,-0.012927,0.001950,-0.001616,-0.003279,-0.013508,0.110223
CABO,2022-08,2022-08-29,2022-08-31,7090274888,650124.995000,650124.995000,0,0.009169,0.009169,2,1,2,0.049020,0,1,-0.359305,-0.391490,-0.416980,-0.018011,-0.022907,0.272077,0.026397,0.036899,0.044646,0.035877,0.007608,0.158218
RKT,2022-08,2022-08-31,2022-08-31,1260703434,4959631.240000,4959631.240000,0,0.393402,0.393402,48,2,48,0.008280,1,0,0.049465,0.016043,0.351604,-0.018011,-0.022907,0.272077,0.026397,0.036899,0.044646,0.035877,0.007608,0.158218
ARDX,2022-08,2022-08-31,2022-09-01,156519339,11138.400000,11138.400000,0,0.007116,0.007116,6,6,6,0.033930,1,0,0.785714,1.948980,3.918367,-0.017250,-0.015230,0.270142,0.035389,0.050763,0.068631,0.031853,0.012241,0.156736
ASRV,2022-08,2022-08-30,2022-09-02,65192910,2671.400000,2671.400000,0,0.004098,0.004098,2,1,2,0.004792,0,1,0.058104,0.045872,-0.195719,-0.007117,0.019511,0.290019,0.049582,0.073730,0.054318,0.041659,0.039427,0.164000
AWRE,2022-09,2022-09-01,2022-09-06,46057000,8820,8820,0,0.019150,0.019150,1,1,1,0.088235,1,0,-0.070000,-0.120000,-0.280000,-0.037100,0.015456,0.287887,0.015058,0.056218,0.060883,0.012013,0.028103,0.160574
ED,2022-08,2022-08-31,2022-09-07,34658604000,20700.438900,20700.438900,0,0.000060,0.000060,10,9,10,0.023599,1,0,-0.037280,-0.078074,-0.094391,-0.060015,0.000308,0.253359,-0.009479,0.034273,0.028263,-0.007558,0.011616,0.136576
HRI,2022-09,2022-09-02,2022-09-07,3344220000,3229.732800,3229.732800,0,0.000097,0.000097,1,1,1,0.001024,0,0,0.100768,0.257796,0.103637,-0.060015,0.000308,0.253359,-0.009479,0.034273,0.028263,-0.007558,0.011616,0.136576
HCAT,2022-09,2022-09-08,2022-09-08,604942850,996970.425000,996970.425000,0,0.164804,0.164804,1,1,1,0.148209,0,0,-0.017953,0.122083,0.046679,-0.053807,-0.022062,0.248645,-0.010547,-0.002809,0.017540,-0.006271,-0.013490,0.130922
ASAN,2022-09,2022-09-07,2022-09-09,3896669280,349999986.320000,0,349999986.320000,8.982030,0.000000,1,1,0,0.971444,1,0,-0.413625,-0.223439,-0.181265,-0.079919,-0.056427,0.236319,-0.041917,-0.050683,-0.000169,-0.028798,-0.042627,0.120927
BRTX,2022-08,2022-08-29,2022-09-09,12383531,18776.741000,18776.741000,0,0.151627,0.151627,3,1,3,0.025953,0,0,-0.021672,-0.065015,-0.424149,-0.079919,-0.056427,0.236319,-0.041917,-0.050683,-0.000169,-0.028798,-0.042627,0.120927
CSPI,2022-09,2022-09-15,2022-09-15,17756460,167579.880000,0,167579.880000,0.943769,0.000000,32,1,0,0.003831,0,0,0.098237,0.513854,1.677582,-0.047135,0.058364,0.282913,-0.023306,-0.021624,0.027422,0.002839,0.024201,0.159104
TRST,2022-09,2022-09-14,2022-09-16,636587410,106871.100000,106871.100000,0,0.016788,0.016788,3,2,3,0.375281,1,0,0.109255,0.023660,-0.156576,-0.050400,0.059857,0.292165,-0.016237,-0.033945,0.035651,-0.001390,0.020000,0.168692
CLAR,2022-09,2022-09-23,2022-09-26,486140999,49960.864800,49960.864800,0,0.010277,0.010277,1,1,1,0.044890,0,0,-0.411021,-0.272809,-0.390244,-0.037020,0.129777,0.299780,0.059983,0.066875,0.078936,0.051706,0.097500,0.187386
MAC,2022-09,2022-09-26,2022-09-26,1662985820,554900.551400,554900.551400,0,0.033368,0.033368,5,5,5,0.270827,1,0,0.515337,0.286810,0.506135,-0.037020,0.129777,0.299780,0.059983,0.066875,0.078936,0.051706,0.097500,0.187386
BRTX,2022-09,2022-09-23,2022-09-27,9651869.750000,1432.970000,584.000000,848.970000,0.014847,0.006051,3,2,2,0.001005,1,0,0.158537,0.321138,-0.410569,-0.037379,0.123393,0.302352,0.056343,0.061685,0.085278,0.054412,0.097837,0.190904
CABO,2022-09,2022-09-23,2022-09-27,5740939415,1148145.500000,1148145.500000,0,0.019999,0.019999,3,2,3,0.046729,0,1,-0.238350,-0.266096,-0.314796,-0.037379,0.123393,0.302352,0.056343,0.061685,0.085278,0.054412,0.097837,0.190904
CVV,2022-09,2022-09-23,2022-09-27,30719643,64400.000000,0,64400.000000,0.209638,0.000000,1,1,0,0.020413,0,0,0.208791,1.657143,0.505495,-0.037379,0.123393,0.302352,0.056343,0.061685,0.085278,0.054412,0.097837,0.190904
ARES,2022-09,2022-09-27,2022-09-28,16809637121,549440.000000,0,549440.000000,0.003269,0.000000,2,1,0,0.004195,0,0,0.025336,0.271458,0.664081,-0.068623,0.121533,0.287609,0.008075,0.040809,0.061521,0.021208,0.092291,0.174686
HGBL,2022-09,2022-09-29,2022-09-30,58457700,29932.000000,29932.000000,0,0.051203,0.051203,3,1,3,0.056385,0,1,0.459627,0.782609,0.900621,-0.001301,0.205565,0.360915,0.062123,0.090707,0.072159,0.075622,0.155833,0.215160
RKT,2022-09,2022-09-29,2022-09-30,1032500154,4425279.000000,4425279.000000,0,0.428598,0.428598,40,2,40,0.008899,1,0,0.107023,0.433110,0.264214,-0.001301,0.205565,0.360915,0.062123,0.090707,0.072159,0.075622,0.155833,0.215160
ASRV,2022-09,2022-09-29,2022-10-03,65364020,12714.800000,12714.800000,0,0.019452,0.019452,3,1,3,0.014276,0,1,0.040123,-0.182099,-0.314815,-0.030777,0.175050,0.306383,0.029022,0.063057,0.026918,0.043529,0.130387,0.168042
ASRV,2022-10,2022-10-03,2022-10-04,65037000,2751.200000,2751.200000,0,0.004230,0.004230,1,1,1,0.005587,0,1,0.049844,-0.168224,-0.283489,-0.060295,0.135419,0.283819,-0.010179,0.004643,-0.011726,0.012174,0.090335,0.141201
ED,2022-09,2022-09-30,2022-10-06,30436224000,49902.894810,49902.894810,0,0.000164,0.000164,11,9,11,0.031542,1,0,0.144613,0.199235,0.064728,-0.062742,0.141353,0.312505,0.004402,0.009287,0.011638,0.021226,0.105678,0.169074
AUBN,2022-10,2022-10-05,2022-10-07,79330560,6199.162100,6199.162100,0,0.007814,0.007814,10,5,10,0.010720,0,0,0.022655,0.054795,-0.008957,0.001292,0.185958,0.371498,0.058093,0.051010,0.048338,0.074626,0.138567,0.210327
FARM,2022-10,2022-10-05,2022-10-07,93807024,504620.000000,504620.000000,0,0.537934,0.537934,2,2,2,0.666667,0,0,-0.006289,-0.291405,-0.507338,0.001292,0.185958,0.371498,0.058093,0.051010,0.048338,0.074626,0.138567,0.210327
ANGO,2022-10,2022-10-12,2022-10-12,554834500,164967.060000,164967.060000,0,0.029733,0.029733,2,2,2,0.022706,1,0,-0.051246,-0.343772,-0.543772,0.059234,0.196550,0.417984,0.097708,0.060065,0.042841,0.114352,0.154041,0.235363
ARL,2022-09,2022-09-30,2022-10-12,257139840,28461.296200,28461.296200,0,0.011068,0.011068,5,1,5,31.906977,0,1,0.313001,0.319162,-0.083179,0.059234,0.196550,0.417984,0.097708,0.060065,0.042841,0.114352,0.154041,0.235363
BRTX,2022-10,2022-10-12,2022-10-12,12541608,5429.601600,5429.601600,0,0.043293,0.043293,2,1,2,0.004927,0,0,-0.070175,0.061404,-0.350877,0.059234,0.196550,0.417984,0.097708,0.060065,0.042841,0.114352,0.154041,0.235363
ARES,2022-10,2022-10-14,2022-10-18,16011690035,2213220.000000,2213220.000000,0,0.013823,0.013823,7,2,7,0.004059,0,1,0.176579,0.306620,0.664987,0.039563,0.179201,0.347626,0.077589,0.030615,-0.000601,0.076714,0.125488,0.177433
COSM,2022-10,2022-10-20,2022-10-24,3167874.600000,3000000.000000,3000000.000000,0,94.700718,94.700718,2,1,2,1.829045,1,0,1.350962,0.581731,-0.504808,0.040225,0.139152,0.298509,0.085105,0.031590,-0.025006,0.062280,0.098272,0.135707
FITB,2022-10,2022-10-21,2022-10-24,22740213600,375869.045000,375869.045000,0,0.001653,0.001653,19,2,19,0.028762,1,0,0.043860,-0.195007,-0.297571,0.040225,0.139152,0.298509,0.085105,0.031590,-0.025006,0.062280,0.098272,0.135707
CVV,2022-10,2022-10-28,2022-10-31,41216871,179429.040000,179429.040000,0,0.435329,0.435329,2,1,2,0.031362,0,1,1.295597,0.638365,-0.095912,0.046811,0.163766,0.270931,0.024400,-0.035829,-0.088400,0.042001,0.084954,0.099861
ARL,2022-10,2022-10-18,2022-11-02,262793040,38291.684000,38291.684000,0,0.014571,0.014571,3,1,3,0.395789,0,1,0.481987,-0.031114,-0.295852,0.135371,0.199014,0.377315,0.100809,-0.021012,-0.027799,0.100891,0.097612,0.167171
INSM,2022-10,2022-10-31,2022-11-02,2298260062,1146650.000000,1146650.000000,0,0.049892,0.049892,2,2,2,0.844832,0,1,0.229107,0.125640,0.421831,0.135371,0.199014,0.377315,0.100809,-0.021012,-0.027799,0.100891,0.097612,0.167171
INSM,2022-11,2022-11-01,2022-11-02,2322144982,177000.000000,177000.000000,0,0.007622,0.007622,1,1,1,1.694915,0,1,0.229107,0.125640,0.421831,0.135371,0.199014,0.377315,0.100809,-0.021012,-0.027799,0.100891,0.097612,0.167171
RKT,2022-10,2022-10-31,2022-11-02,1126389194,4645399.000000,4645399.000000,0,0.412415,0.412415,42,2,42,0.008376,1,0,0.471246,0.306709,0.225240,0.135371,0.199014,0.377315,0.100809,-0.021012,-0.027799,0.100891,0.097612,0.167171
CHTR,2022-11,2022-11-01,2022-11-03,54808059432,10174604.550000,10174604.550000,0,0.018564,0.018564,7,1,7,0.429739,0,1,0.197531,0.013159,0.220363,0.199521,0.218566,0.421228,0.130073,-0.025432,0.005407,0.128501,0.101147,0.190061
ED,2022-10,2022-10-31,2022-11-07,31217003999,19783.637160,19783.637160,0,0.000063,0.000063,10,9,10,0.024965,1,0,0.076812,0.149699,0.057184,0.137271,0.214450,0.402294,0.086611,-0.022295,-0.028248,0.083587,0.095449,0.168031
ARI,2022-11,2022-11-07,2022-11-09,1602794343,167671.500000,167671.500000,0,0.010461,0.010461,1,1,1,0.034272,1,0,0.099379,-0.111801,0.037267,0.158690,0.239686,0.415003,0.108638,0.007019,-0.027175,0.102634,0.112771,0.177833
GTLB,2022-11,2022-11-09,2022-11-10,5137551260,49652117.380800,49652117.380800,0,0.966455,0.966455,22,1,22,0.204624,0,1,-0.015818,-0.324959,0.037683,0.069496,0.158237,0.347370,0.029272,-0.058657,-0.073350,0.036147,0.052969,0.133887
HASI,2022-11,2022-11-10,2022-11-10,2875325676,769450.875000,769450.875000,0,0.026760,0.026760,8,7,8,0.050947,1,0,0.103435,-0.176766,-0.364724,0.069496,0.158237,0.347370,0.029272,-0.058657,-0.073350,0.036147,0.052969,0.133887
AWRE,2022-11,2022-11-10,2022-11-14,35680982,563393.110000,563393.110000,0,1.578973,1.578973,5,3,5,0.183857,1,0,-0.051136,-0.039773,-0.085227,0.069342,0.149400,0.359147,0.046993,-0.046086,-0.019047,0.049642,0.054109,0.153554
HCAT,2022-11,2022-11-11,2022-11-14,535150720,1998213.257600,1998213.257600,0,0.373393,0.373393,1,1,1,0.280314,1,0,0.420570,0.131365,-0.150713,0.069342,0.149400,0.359147,0.046993,-0.046086,-0.019047,0.049642,0.054109,0.153554
CABO,2022-11,2022-11-14,2022-11-15,4093890369,10142199.500000,10142199.500000,0,0.247740,0.247740,3,1,3,0.427350,0,1,0.098024,-0.063314,-0.207518,0.062529,0.134990,0.341628,0.031168,-0.073787,-0.031727,0.040258,0.038202,0.146217
BMEA,2022-11,2022-11-14,2022-11-16,234649520,70935.870000,70935.870000,0,0.030231,0.030231,2,2,2,0.308109,1,0,0.393421,3.327632,0.227632,0.085504,0.164630,0.361333,0.060268,-0.036161,-0.030305,0.051672,0.058872,0.156425
ARDX,2022-11,2022-11-17,2022-11-17,330979808,1000641.600000,1000641.600000,0,0.302327,0.302327,1,1,1,0.945370,0,1,0.750000,1.116279,1.517442,0.067486,0.188916,0.364688,0.059971,-0.021234,-0.007805,0.040372,0.072350,0.161408
BRTX,2022-11,2022-11-21,2022-11-21,9754584.420000,5343.576600,5343.576600,0,0.054780,0.054780,2,2,2,0.005712,1,0,0.071429,1.199248,-0.278195,0.045577,0.202518,0.387474,0.030265,-0.016508,-0.016107,0.016055,0.070263,0.166778
AGL,2022-11,2022-11-18,2022-11-22,7075808510,49704.550000,49704.550000,0,0.000702,0.000702,1,1,1,,1,0,0.377323,0.271375,-0.267038,0.030728,0.170417,0.373386,0.019397,-0.031477,-0.020361,0.002575,0.044215,0.155738
KORE,2022-11,2022-11-21,2022-11-23,173946318,12024.100000,12024.100000,0,0.006913,0.006913,2,1,2,0.018891,1,0,-0.220884,-0.313253,-0.743775,0.021250,0.152860,0.357854,0.019516,-0.044236,-0.016348,-0.005091,0.030154,0.149201
TRST,2022-11,2022-11-23,2022-11-28,738946000,14746.050000,14746.050000,0,0.001996,0.001996,2,2,2,0.032514,0,0,-0.018182,-0.239137,-0.256086,0.042224,0.242854,0.389609,0.039578,-0.026846,-0.005415,0.009208,0.070240,0.167149
COSM,2022-11,2022-11-28,2022-11-29,20879173,497983.711500,497983.711500,0,2.385074,2.385074,1,1,1,0.041443,1,0,-0.826177,-0.833937,-0.947232,0.048817,0.252324,0.398811,0.036650,-0.029642,-0.002987,0.007204,0.072089,0.168341
RKT,2022-11,2022-11-30,2022-11-30,1354931929,4645502.000000,4645502.000000,0,0.342859,0.342859,42,2,42,0.007378,1,0,-0.031847,-0.033121,0.126115,-0.004986,0.190941,0.334496,0.010231,-0.064855,-0.025998,-0.027290,0.033578,0.137122
ECOR,2022-11,2022-11-29,2022-12-01,23482681,210945.000000,210945.000000,0,0.898300,0.898300,9,2,9,0.070092,0,1,-0.410256,-0.115385,0.076923,0.002055,0.203211,0.336665,0.014848,-0.052726,0.004707,-0.019007,0.044177,0.144703
ASTS,2022-12,2022-12-02,2022-12-05,488499441,200002.000000,200002.000000,0,0.040942,0.040942,1,1,1,10.695294,0,1,0.250896,0.016129,-0.134409,0.045555,0.238727,0.355619,0.036664,-0.009796,0.024290,0.016853,0.077849,0.160642
CVV,2022-12,2022-12-06,2022-12-07,41014828,121451.580000,121451.580000,0,0.296116,0.296116,2,1,2,0.023689,0,1,0.823151,0.290997,-0.196141,0.064175,0.248350,0.401240,0.044171,0.054499,0.048956,0.019320,0.094060,0.183844
ED,2022-11,2022-11-30,2022-12-07,34794396000,19819.731636,19819.731636,0,0.000057,0.000057,10,9,10,0.021850,1,0,-0.042373,-0.014948,-0.008475,0.064175,0.248350,0.401240,0.044171,0.054499,0.048956,0.019320,0.094060,0.183844
TRST,2022-12,2022-12-06,2022-12-08,727138100,41668.000000,41668.000000,0,0.005730,0.005730,1,1,1,0.305556,0,1,-0.077969,-0.187066,-0.191901,0.033551,0.249090,0.391077,0.007821,0.042985,0.049357,-0.007265,0.092136,0.179685
FTCI,2022-12,2022-12-14,2022-12-15,293949722,525433.067000,525433.067000,0,0.178749,0.178749,8,1,8,0.002832,0,1,-0.126923,0.038462,-0.638077,0.110717,0.342532,0.473900,0.001721,0.073841,0.134149,0.021301,0.145523,0.228463
BDCO,2022-12,2022-12-15,2022-12-16,17906361,60478.700000,60478.700000,0,0.337750,0.337750,7,1,7,0.006433,1,0,0.208333,2.383333,2.483333,0.116109,0.346910,0.497445,-0.018000,0.073257,0.143045,0.021419,0.155257,0.250130
CSPI,2022-12,2022-12-16,2022-12-16,38397300,125484.100000,125484.100000,0,0.326804,0.326804,22,1,22,0.004768,0,1,0.343458,0.556075,1.170561,0.116109,0.346910,0.497445,-0.018000,0.073257,0.143045,0.021419,0.155257,0.250130
ECOR,2022-12,2022-12-14,2022-12-16,24621235,42593.000000,42593.000000,0,0.172993,0.172993,6,2,6,0.038098,1,0,-0.373333,-0.150476,0.059048,0.116109,0.346910,0.497445,-0.018000,0.073257,0.143045,0.021419,0.155257,0.250130
SOFI,2022-12,2022-12-16,2022-12-19,4282425448,7420480.124500,7420480.124500,0,0.173278,0.173278,5,1,5,0.172624,1,0,0.178330,0.939052,1.243792,0.136075,0.364190,0.526557,0.008427,0.083237,0.181206,0.040068,0.159090,0.268507
BDSX,2022-12,2022-12-16,2022-12-20,98268500,617805.643500,617805.643500,0,0.628691,0.628691,5,1,5,0.009427,0,1,-0.037037,-0.328042,-0.126984,0.153176,0.365223,0.505035,0.021528,0.077489,0.151963,0.052270,0.157497,0.249203
KORE,2022-12,2022-12-21,2022-12-22,122067592,119280.756500,119280.756500,0,0.097717,0.097717,16,4,16,5.000000,1,0,-0.172185,-0.145695,-0.423841,0.163001,0.376726,0.540721,-0.015678,0.062890,0.177859,0.036643,0.155198,0.262986
AMPY,2022-12,2022-12-22,2022-12-23,299601304,130110.000000,130110.000000,0,0.043428,0.043428,2,1,2,0.136477,0,1,-0.259524,-0.230952,-0.267857,0.164656,0.360000,0.546679,-0.011301,0.042095,0.187754,0.037471,0.139888,0.261041
BRTX,2022-12,2022-12-23,2022-12-28,10964739,6277.980000,6277.980000,0,0.057256,0.057256,3,1,3,0.009787,1,0,0.137324,0.588028,-0.366197,0.204167,0.405665,0.592295,0.032471,0.087507,0.214395,0.069606,0.167310,0.284782
PTN,2022-12,2022-12-27,2022-12-28,1199117793,44541.500000,44541.500000,0,0.003715,0.003715,6,2,6,0.017630,1,1,0.213333,-0.057778,0.720000,0.204167,0.405665,0.592295,0.032471,0.087507,0.214395,0.069606,0.167310,0.284782
RKT,2022-12,2022-12-27,2022-12-28,1121491849,2788529.000000,2788529.000000,0,0.248645,0.248645,31,2,31,0.005323,1,0,0.343949,0.417197,1.261146,0.204167,0.405665,0.592295,0.032471,0.087507,0.214395,0.069606,0.167310,0.284782
BLNK,2022-12,2022-12-28,2022-12-29,423192770,102200.000000,102200.000000,0,0.024150,0.024150,1,1,1,0.082209,0,1,-0.193327,-0.420020,-0.667321,0.186672,0.369475,0.547683,0.005546,0.072817,0.165017,0.056866,0.151207,0.258421
AUBN,2023-01,2023-01-03,2023-01-04,78970100,6319.077600,6319.077600,0,0.008002,0.008002,10,5,10,0.011055,0,0,0.069037,-0.020608,-0.030912,0.190699,0.397527,0.501632,-0.007365,0.065039,0.120456,0.066165,0.163397,0.236129
BDSX,2022-11,2022-11-21,2023-01-05,75146500,27594996.350000,27594996.350000,0,36.721599,36.721599,10,7,10,30.896816,0,1,-0.207373,-0.451613,-0.092166,0.217758,0.408910,0.527268,0.004863,0.059198,0.129203,0.082697,0.167627,0.252116
ED,2022-12,2022-12-30,2023-01-09,33825519000,50619.332749,50619.332749,0,0.000150,0.000150,11,9,11,0.027123,1,0,0.024197,-0.048744,-0.006747,0.176788,0.358177,0.510184,-0.008325,0.063020,0.112440,0.060100,0.142094,0.240320
CVV,2023-01,2023-01-09,2023-01-10,40978374,208925.700000,208925.700000,0,0.509844,0.509844,2,1,2,0.029142,0,1,0.682540,0.126984,-0.258730,0.159411,0.353456,0.507705,-0.015077,0.058229,0.096817,0.053015,0.141373,0.238674
HEI,2023-01,2023-01-10,2023-01-11,21513596650,1828766.047300,1828766.047300,0,0.008501,0.008501,10,10,10,3.533163,1,0,0.036663,0.072650,0.058748,0.129637,0.347219,0.485091,-0.034292,0.056659,0.074860,0.035616,0.136198,0.222660
AAME,2022-12,2022-12-30,2023-01-23,47712600,900000,900000,0,1.886294,1.886294,1,1,1,0.361333,0,1,-0.105263,-0.295547,-0.012146,0.095102,0.305859,0.475721,-0.049318,0.047314,0.061675,0.033882,0.142264,0.228615
COSM,2022-12,2022-12-19,2023-01-27,10929167,3000005.000000,3000005.000000,0,27.449530,27.449530,1,1,1,0.299884,1,0,-0.484709,-0.770642,-0.825688,0.090486,0.298223,0.455256,-0.072442,0.042849,0.067547,0.029181,0.134796,0.229377
BRTX,2023-01,2023-01-27,2023-01-30,11189590,2781.300000,2781.300000,0,0.024856,0.024856,7,1,7,0.001075,1,0,0.377926,-0.033445,-0.458194,0.111724,0.325716,0.475374,-0.058794,0.069839,0.073409,0.041222,0.151416,0.244041
TRST,2023-01,2023-01-27,2023-01-31,656898720,320316.298240,320316.298240,0,0.048762,0.048762,11,9,11,0.388576,1,0,-0.193182,-0.139286,-0.154870,0.085723,0.303096,0.425083,-0.100038,0.039645,0.022273,0.014588,0.131496,0.206005
BDSX,2023-01,2023-01-31,2023-02-01,186636000,149530.000000,125430.000000,24100.000000,0.080119,0.067206,2,1,1,0.002460,0,1,-0.303797,-0.379747,-0.109705,0.056055,0.247821,0.411713,-0.110664,0.009705,0.019892,-0.002978,0.103992,0.208925
CHTR,2023-01,2023-01-31,2023-02-01,58199280056,960874.750000,960874.750000,0,0.001651,0.001651,1,1,1,0.374644,0,1,-0.104796,0.051144,-0.040985,0.056055,0.247821,0.411713,-0.110664,0.009705,0.019892,-0.002978,0.103992,0.208925
ARES,2023-01,2023-01-30,2023-02-02,21700922848,7738627.200000,6841277.200000,897350.000000,0.035660,0.031525,9,1,8,0.016407,0,0,-0.050711,0.201133,0.539779,0.015877,0.202671,0.385832,-0.137606,-0.012567,-0.005100,-0.024239,0.085063,0.204150
ADES,2023-02,2023-02-01,2023-02-03,77490200,7553032,7553032,0,9.747080,9.747080,4,3,4,,0,1,-0.358885,-0.076655,0.034843,0.056226,0.218704,0.409079,-0.111164,-0.007940,-0.011116,0.004489,0.091732,0.212630
ED,2023-01,2023-01-31,2023-02-06,33634899000,20859.413637,20859.413637,0,0.000062,0.000062,10,9,10,0.043045,1,0,0.067687,-0.014704,-0.005955,0.067863,0.239488,0.418204,-0.100226,0.007251,0.012407,0.010947,0.108041,0.223634
ASRV,2023-02,2023-02-08,2023-02-08,68695310,20275.000000,20275.000000,0,0.029514,0.029514,6,1,6,0.016368,1,0,-0.273775,-0.178674,-0.244957,0.069903,0.212324,0.431790,-0.091662,0.000487,0.033007,0.009193,0.093666,0.231925
AUBN,2023-02,2023-02-22,2023-02-22,85448800,12393.200000,12393.200000,0,0.014504,0.014504,4,2,4,0.500000,1,0,-0.125728,-0.082524,-0.109709,0.128871,0.258124,0.499116,-0.062531,-0.005049,0.077013,0.035425,0.120024,0.292739
NEE,2023-02,2023-02-21,2023-02-22,147312634000,2230137.740000,2230137.740000,0,0.001514,0.001514,6,6,6,1.137333,1,0,0.014225,-0.066586,-0.209140,0.128871,0.258124,0.499116,-0.062531,-0.005049,0.077013,0.035425,0.120024,0.292739
EPSN,2023-02,2023-02-23,2023-02-24,127139638,1635000.000000,0,1635000.000000,1.285988,0.000000,1,1,0,0.090676,0,0,-0.104167,-0.039583,-0.054167,0.195629,0.250979,0.506189,-0.057113,-0.012401,0.088700,0.063663,0.118328,0.295887
CSPI,2023-02,2023-02-28,2023-03-01,59171000,191359.510000,0,191359.510000,0.323401,0.000000,43,1,0,0.002171,0,0,0.097426,0.389706,3.362132,0.196909,0.298010,0.518047,-0.074326,0.009242,0.097349,0.062576,0.151168,0.306655
OGE,2023-02,2023-02-27,2023-03-01,7321314000,183235.000000,183235.000000,0,0.002503,0.002503,1,1,1,0.500000,0,1,0.014842,0.000330,-0.018470,0.196909,0.298010,0.518047,-0.074326,0.009242,0.097349,0.062576,0.151168,0.306655
GLPI,2023-03,2023-03-01,2023-03-02,14113152810,53820.000000,53820.000000,0,0.000381,0.000381,1,1,1,0.006705,0,1,-0.093893,-0.103994,-0.115014,0.200744,0.291176,0.528204,-0.066586,0.005080,0.106394,0.064408,0.140619,0.308762
NEE,2023-03,2023-03-01,2023-03-02,139733013000,350000,350000,0,0.000250,0.000250,1,1,1,1.000000,0,1,0.017030,-0.062442,-0.211875,0.200744,0.291176,0.528204,-0.066586,0.005080,0.106394,0.064408,0.140619,0.308762
TRST,2023-02,2023-02-28,2023-03-02,712639040,57524.810000,57524.810000,0,0.008072,0.008072,2,2,2,1.057951,1,0,-0.232244,-0.204903,-0.214016,0.200744,0.291176,0.528204,-0.066586,0.005080,0.106394,0.064408,0.140619,0.308762
BRTX,2023-02,2023-02-22,2023-03-03,10966542,18391.360000,1241.360000,17150.000000,0.167704,0.011320,3,2,1,0.016718,1,0,0.641104,-0.294479,-0.570552,0.185310,0.263697,0.491981,-0.045959,0.003049,0.090176,0.062770,0.124712,0.286734
ED,2023-02,2023-02-28,2023-03-06,31531614999,20814.656320,20814.656320,0,0.000066,0.000066,10,9,10,0.044021,1,0,0.022752,-0.039356,0.006641,0.184756,0.263869,0.463488,-0.044817,-0.003537,0.095712,0.059986,0.119066,0.272986
CABO,2023-03,2023-03-06,2023-03-07,3957771852,70930.000000,70930.000000,0,0.001792,0.001792,1,1,1,0.043103,0,1,-0.029753,-0.076264,-0.343961,0.199277,0.279580,0.490978,-0.008163,0.008163,0.116851,0.078828,0.136491,0.299346
ASRV,2023-03,2023-03-10,2023-03-13,66296970,5788.950000,5788.950000,0,0.008732,0.008732,1,1,1,0.012822,1,0,-0.231250,-0.171875,-0.293750,0.242084,0.300639,0.536860,0.079001,0.070638,0.199940,0.129990,0.172488,0.361394
FITB,2023-03,2023-03-13,2023-03-14,17955446250,1274092.500000,1274092.500000,0,0.007096,0.007096,2,1,2,50.699301,0,1,0.022193,0.067450,0.442559,0.223500,0.257335,0.490786,0.071538,0.050154,0.182715,0.118960,0.147098,0.337151
AMPY,2023-03,2023-03-15,2023-03-15,261571440,275800.000000,275800.000000,0,0.105440,0.105440,2,1,2,0.264487,0,1,0.000000,0.060651,-0.105030,0.225951,0.255513,0.479245,0.077782,0.060724,0.181032,0.127337,0.155652,0.342897
ATEC,2023-03,2023-03-13,2023-03-15,1653947570,119632.500000,0,119632.500000,0.007233,0.000000,3,2,0,0.197931,0,0,0.080795,-0.076159,-0.115894,0.225951,0.255513,0.479245,0.077782,0.060724,0.181032,0.127337,0.155652,0.342897
CROX,2023-03,2023-03-13,2023-03-15,6882965160,339438.000000,339438.000000,0,0.004932,0.004932,1,1,1,,0,1,-0.023078,-0.237759,0.072894,0.225951,0.255513,0.479245,0.077782,0.060724,0.181032,0.127337,0.155652,0.342897
GTLB,2023-03,2023-03-14,2023-03-15,5151460320,18988146.095800,18988146.095800,0,0.368597,0.368597,6,1,6,0.107649,0,0,0.518984,0.524066,0.637369,0.225951,0.255513,0.479245,0.077782,0.060724,0.181032,0.127337,0.155652,0.342897
OGE,2023-03,2023-03-14,2023-03-15,7073066000,38673.580000,38673.580000,0,0.000547,0.000547,2,2,2,0.500000,0,1,0.025316,0.008439,-0.018825,0.225951,0.255513,0.479245,0.077782,0.060724,0.181032,0.127337,0.155652,0.342897
AGM,2023-03,2023-03-15,2023-03-16,1360295860,249546.400000,249546.400000,0,0.018345,0.018345,1,1,1,0.207533,0,1,0.148229,0.279848,0.474621,0.208708,0.233287,0.424134,0.071996,0.061211,0.167338,0.121631,0.145524,0.310690
CSPI,2023-03,2023-03-16,2023-03-16,66554000,127049.814800,0,127049.814800,0.190897,0.000000,29,1,0,0.002094,0,0,0.026622,0.705491,2.337770,0.208708,0.233287,0.424134,0.071996,0.061211,0.167338,0.121631,0.145524,0.310690
HASI,2023-03,2023-03-16,2023-03-16,2178257762,484181.040000,484181.040000,0,0.022228,0.022228,5,5,5,0.100251,1,0,0.205115,0.057289,0.090537,0.208708,0.233287,0.424134,0.071996,0.061211,0.167338,0.121631,0.145524,0.310690
SOFI,2023-03,2023-03-16,2023-03-16,5064525440,1237806.000000,1237806.000000,0,0.024441,0.024441,2,1,2,0.031013,1,0,0.752294,0.660550,0.289908,0.208708,0.233287,0.424134,0.071996,0.061211,0.167338,0.121631,0.145524,0.310690
TRST,2023-03,2023-03-15,2023-03-16,647767200,228383.180050,228383.180050,0,0.035257,0.035257,12,4,12,0.133809,1,0,-0.102262,-0.184202,-0.193051,0.208708,0.233287,0.424134,0.071996,0.061211,0.167338,0.121631,0.145524,0.310690
ECOR,2023-03,2023-03-17,2023-03-20,15566473,9015.000000,9015.000000,0,0.057913,0.057913,5,1,5,0.015352,1,0,0.344615,0.729231,1.132308,0.200793,0.214845,0.442976,0.074185,0.058314,0.182518,0.114436,0.134863,0.328703
INFU,2023-03,2023-03-21,2023-03-23,160568238,64220.400000,64220.400000,0,0.039996,0.039996,3,3,3,0.056391,1,0,0.408907,0.329285,0.211876,0.183771,0.158575,0.450727,0.079819,0.042900,0.221029,0.114364,0.105170,0.344842
DLTR,2023-03,2023-03-27,2023-03-28,30673202999,1257116.684000,1257116.684000,0,0.004098,0.004098,2,2,2,394.444444,1,0,0.035437,-0.249259,-0.064662,0.186273,0.156582,0.458068,0.060078,0.012758,0.225217,0.106658,0.084352,0.341620
APEI,2023-03,2023-03-21,2023-03-30,76497460,314909.325000,314909.325000,0,0.411660,0.411660,8,8,8,2.267723,1,0,-0.012245,-0.006122,1.895918,0.154047,0.137297,0.418926,0.066900,0.021292,0.205504,0.089265,0.069161,0.312129
ARES,2023-03,2023-03-29,2023-03-31,21759732937,41243562.255000,0,41243562.255000,0.189541,0.000000,7,1,0,0.021005,0,0,0.164242,0.252182,0.633695,0.152672,0.119528,0.395727,0.052647,-0.001922,0.183740,0.086803,0.051761,0.293898
GME,2023-03,2023-03-29,2023-03-31,6839070000,113989.500000,113989.500000,0,0.001667,0.001667,1,1,1,0.155821,0,1,0.053432,-0.284970,-0.479149,0.152672,0.119528,0.395727,0.052647,-0.001922,0.183740,0.086803,0.051761,0.293898
BMEA,2023-03,2023-03-30,2023-04-03,945287652,12000000,0,12000000,1.269455,0.000000,1,1,0,0.126148,0,1,-0.234286,-0.546071,-0.542857,0.158233,0.131628,0.387085,0.054310,-0.017463,0.161476,0.083912,0.047331,0.280789
BRTX,2023-03,2023-03-31,2023-04-04,13213450,2659.320000,0,2659.320000,0.020126,0.000000,1,1,0,0.004700,0,0,0.169492,-0.398305,-0.629944,0.162122,0.115532,0.394910,0.062389,-0.016767,0.189892,0.088332,0.039080,0.289367
FTCI,2023-04,2023-04-06,2023-04-06,271533013,1007133.480000,1007133.480000,0,0.370906,0.370906,4,1,4,0.257059,0,0,0.253112,-0.506224,-0.770954,0.156971,0.130991,0.394221,0.054072,-0.007229,0.191910,0.078443,0.044937,0.285281
BDCO,2023-04,2023-04-10,2023-04-10,35812723,24975.000000,0,24975.000000,0.069738,0.000000,4,1,0,0.001273,1,0,1.537500,0.529167,1.583333,0.154140,0.156447,0.400526,0.071944,-0.002542,0.190411,0.077346,0.063026,0.286187
ED,2023-03,2023-03-31,2023-04-10,33092253000,44572.049760,44572.049760,0,0.000135,0.000135,10,9,10,0.039380,1,0,-0.071218,-0.102113,-0.047933,0.154140,0.156447,0.400526,0.071944,-0.002542,0.190411,0.077346,0.063026,0.286187
ARES,2023-04,2023-04-25,2023-04-27,22760028855,13846375.000000,0,13846375.000000,0.060836,0.000000,3,1,0,0.006668,0,0,0.193864,0.236578,0.648902,0.177279,0.075822,0.354430,0.119639,-0.047915,0.157803,0.101248,0.007578,0.250240
ARL,2023-04,2023-04-24,2023-04-27,290736000,58010.000000,58010.000000,0,0.019953,0.019953,2,1,2,0.463499,0,1,0.030778,-0.333153,-0.226782,0.177279,0.075822,0.354430,0.119639,-0.047915,0.157803,0.101248,0.007578,0.250240
AUBN,2023-04,2023-04-27,2023-04-27,80080000,7846.580500,7846.580500,0,0.009798,0.009798,9,4,9,0.020641,0,0,-0.031250,-0.053791,-0.201332,0.177279,0.075822,0.354430,0.119639,-0.047915,0.157803,0.101248,0.007578,0.250240
COSM,2023-04,2023-04-27,2023-04-28,38842525,274347.680000,0,274347.680000,0.706308,0.000000,3,1,0,0.003949,1,0,-0.554896,-0.703264,-0.789614,0.190499,0.073565,0.350611,0.124296,-0.067248,0.157030,0.102620,-0.005485,0.244039
USB,2023-04,2023-04-28,2023-05-01,52551240000,1341268.300000,1341268.300000,0,0.002552,0.002552,2,2,2,200.000000,0,1,0.223318,-0.020430,0.300106,0.192486,0.086899,0.326629,0.136668,-0.062585,0.132875,0.105832,0.007422,0.225554
FITB,2023-05,2023-05-03,2023-05-04,16389334840,124100.000000,124100.000000,0,0.000757,0.000757,1,1,1,0.072780,0,1,0.241093,0.107369,0.693997,0.183875,0.152778,0.386569,0.144991,0.004329,0.201146,0.112017,0.070975,0.280299
CNDT,2023-05,2023-05-05,2023-05-08,646446240,200215.200000,200215.200000,0,0.030972,0.030972,3,2,3,0.041178,1,0,0.156794,-0.139373,0.310105,0.160718,0.143878,0.369437,0.119448,-0.002567,0.193887,0.096042,0.063229,0.271064
GTLB,2023-05,2023-05-05,2023-05-09,4257475240,19670576.354600,19670576.354600,0,0.462024,0.462024,6,1,6,0.148661,0,0,0.462355,0.433398,0.703346,0.158161,0.162026,0.377332,0.115795,-0.003113,0.190456,0.096086,0.070961,0.276772
USB,2023-05,2023-05-08,2023-05-09,45591420000,1104794.700000,1104794.700000,0,0.002423,0.002423,2,2,2,0.119852,0,0,0.365787,0.199379,0.469356,0.158161,0.162026,0.377332,0.115795,-0.003113,0.190456,0.096086,0.070961,0.276772
ARI,2023-05,2023-05-08,2023-05-10,1349808822,238582.500000,238582.500000,0,0.017675,0.017675,1,1,1,0.411597,0,1,0.181818,0.191142,0.207459,0.133116,0.150288,0.365505,0.101448,-0.018765,0.196521,0.083703,0.066771,0.278187
ATEC,2023-05,2023-05-10,2023-05-11,1852609995,87100.000000,0,87100.000000,0.004701,0.000000,4,1,0,0.250000,0,0,-0.006645,-0.327575,-0.234551,0.131528,0.137712,0.364287,0.105055,-0.026474,0.196722,0.085973,0.060315,0.282060
AGM,2023-05,2023-05-11,2023-05-12,1395615390,74644.410000,74644.410000,0,0.005348,0.005348,1,1,1,0.099914,0,1,0.403764,0.245575,0.409005,0.128366,0.167487,0.372339,0.108879,-0.013595,0.201696,0.086769,0.078265,0.283924
HCAT,2023-05,2023-05-12,2023-05-12,579921720,499593.870000,499593.870000,0,0.086149,0.086149,1,1,1,0.056356,1,0,0.241313,-0.352317,-0.344595,0.128366,0.167487,0.372339,0.108879,-0.013595,0.201696,0.086769,0.078265,0.283924
KVUE,2023-05,2023-05-11,2023-05-12,49787255544,525232.000000,525232.000000,0,0.001055,0.001055,1,1,1,,0,1,-0.105172,-0.263793,-0.200862,0.128366,0.167487,0.372339,0.108879,-0.013595,0.201696,0.086769,0.078265,0.283924
CENX,2023-05,2023-05-11,2023-05-15,664560000,130500.000000,130500.000000,0,0.019637,0.019637,1,1,1,0.627659,0,0,0.057592,-0.119110,1.263089,0.134876,0.157573,0.373730,0.093535,-0.025196,0.199430,0.088992,0.073504,0.285340
INVE,2023-05,2023-05-15,2023-05-15,163892610,136973.600000,136973.600000,0,0.083575,0.083575,4,1,4,0.077390,1,0,0.251758,-0.196906,-0.410689,0.134876,0.157573,0.373730,0.093535,-0.025196,0.199430,0.088992,0.073504,0.285340
SOFI,2023-05,2023-05-15,2023-05-15,4467436133,994686.018484,994686.018484,0,0.022265,0.022265,4,1,4,1.477287,1,0,0.819706,0.475891,0.566038,0.134876,0.157573,0.373730,0.093535,-0.025196,0.199430,0.088992,0.073504,0.285340
ARES,2023-05,2023-05-12,2023-05-16,22418368761,7680278.618000,100805.460000,7579473.158000,0.034259,0.000450,3,2,1,0.072016,0,0,0.207509,0.370155,0.894958,0.121582,0.181159,0.393647,0.095103,0.043601,0.232421,0.083547,0.101704,0.310013
BNGO,2023-05,2023-05-16,2023-05-16,206595119,43054.000000,43054.000000,0,0.020840,0.020840,2,2,2,0.216101,1,0,-0.490776,-0.786553,-0.824668,0.121582,0.181159,0.393647,0.095103,0.043601,0.232421,0.083547,0.101704,0.310013
INSM,2023-05,2023-05-15,2023-05-17,2650646310,385800.000000,385800.000000,0,0.014555,0.014555,2,1,2,0.034648,0,1,0.213901,0.341595,0.352371,0.096403,0.167913,0.374165,0.058105,0.022593,0.196791,0.062699,0.090800,0.291643
TRST,2023-05,2023-05-16,2023-05-17,521828320,448740.119480,448740.119480,0,0.085994,0.085994,11,7,11,0.119920,1,0,0.004369,0.002383,0.070691,0.096403,0.167913,0.374165,0.058105,0.022593,0.196791,0.062699,0.090800,0.291643
LAB,2023-05,2023-05-19,2023-05-22,180152010,5456248.422000,193578.422000,5262670.000000,3.028691,0.107453,8,3,2,2.000000,1,0,0.106996,-0.065844,0.061728,0.079272,0.160566,0.359003,0.037184,0.013463,0.184753,0.052963,0.092567,0.287154
CLAR,2023-05,2023-05-23,2023-05-24,325801920,202616.000000,202616.000000,0,0.062190,0.062190,4,1,4,0.100000,0,1,-0.048906,-0.375804,-0.194337,0.114497,0.179472,0.377070,0.061316,0.022313,0.173414,0.081705,0.114879,0.297929
AXON,2023-05,2023-05-25,2023-05-25,14396487040,3957668.775000,3957668.775000,0,0.027491,0.027491,4,2,4,0.026398,1,0,0.010569,0.177665,0.472623,0.064781,0.149837,0.357076,0.054880,0.037282,0.195717,0.057536,0.105977,0.295294
FLNT,2023-05,2023-05-19,2023-05-30,57909600,68113.400000,13133.400000,54980.000000,0.117620,0.022679,4,4,2,0.371851,1,0,0.046154,-0.230769,-0.002564,0.072314,0.118079,0.312926,0.075539,0.022022,0.167535,0.072920,0.090548,0.270182
ASRV,2023-05,2023-05-26,2023-05-31,47154250,10308.000000,10308.000000,0,0.021860,0.021860,2,2,2,0.025319,1,0,0.077236,0.089431,-0.093496,0.084468,0.123349,0.306280,0.090279,0.037666,0.190362,0.083375,0.095866,0.268799
AWRE,2023-05,2023-05-26,2023-05-31,32640000,15843.000000,15843.000000,0,0.048539,0.048539,1,1,1,0.037244,1,0,-0.075949,0.018987,0.151899,0.084468,0.123349,0.306280,0.090279,0.037666,0.190362,0.083375,0.095866,0.268799
ED,2023-04,2023-04-28,2023-05-31,34060773000,13588.072240,13588.072240,0,0.000040,0.000040,10,9,10,0.183275,1,0,-0.028390,-0.018208,0.027312,0.084468,0.123349,0.306280,0.090279,0.037666,0.190362,0.083375,0.095866,0.268799
KORE,2023-05,2023-05-26,2023-05-31,123766469,264649.853900,264649.853900,0,0.213830,0.213830,11,4,11,1.090000,1,0,-0.548101,-0.654430,-0.594937,0.084468,0.123349,0.306280,0.090279,0.037666,0.190362,0.083375,0.095866,0.268799
ARL,2023-05,2023-05-26,2023-06-01,285405840,48750.188000,48750.188000,0,0.017081,0.017081,9,1,9,0.072297,0,1,0.149856,-0.130259,-0.187896,0.075313,0.107760,0.288981,0.076777,0.030463,0.187626,0.071600,0.089827,0.268320
AUBN,2023-05,2023-05-31,2023-06-01,77840000,34296.920000,34296.920000,0,0.044061,0.044061,3,2,3,3.330000,1,0,-0.009375,-0.031771,-0.143229,0.075313,0.107760,0.288981,0.076777,0.030463,0.187626,0.071600,0.089827,0.268320
BDCO,2023-05,2023-05-30,2023-06-01,51182350,44685.350000,0,44685.350000,0.087306,0.000000,19,1,0,0.000913,1,0,0.240964,0.340361,0.475904,0.075313,0.107760,0.288981,0.076777,0.030463,0.187626,0.071600,0.089827,0.268320
BDSX,2023-05,2023-05-31,2023-06-01,109908400,249011.453100,0,249011.453100,0.226563,0.000000,6,1,0,0.002781,0,1,0.129496,0.071942,0.028777,0.075313,0.107760,0.288981,0.076777,0.030463,0.187626,0.071600,0.089827,0.268320
KKR,2023-05,2023-05-30,2023-06-01,44516457667,714285.709765,0,714285.709765,0.001605,0.000000,1,1,0,0.059751,0,0,0.201131,0.453960,0.978151,0.075313,0.107760,0.288981,0.076777,0.030463,0.187626,0.071600,0.089827,0.268320
CSPI,2023-05,2023-05-31,2023-06-02,54368160,180717.515000,0,180717.515000,0.332396,0.000000,53,1,0,0.001714,0,0,0.288557,1.230514,1.330017,0.066132,0.102617,0.286219,0.051370,0.023459,0.139498,0.058284,0.080633,0.251248
ASRV,2023-06,2023-06-02,2023-06-05,47497190,2800.000000,2800.000000,0,0.005895,0.005895,1,1,1,0.008227,1,0,0.082305,0.106996,-0.106996,0.066776,0.091637,0.288864,0.043217,0.048481,0.140121,0.055737,0.077032,0.255049
ED,2023-05,2023-05-31,2023-06-06,32272470000,13365.878100,13365.878100,0,0.000041,0.000041,9,9,9,0.163474,1,0,-0.055273,0.005080,0.038945,0.066960,0.094553,0.315072,0.016460,0.007892,0.127847,0.053450,0.074480,0.267202
COSM,2023-06,2023-06-06,2023-06-07,41331043,107018.080000,0,107018.080000,0.258929,0.000000,1,1,0,0.003918,1,0,-0.673239,-0.712676,-0.817183,0.075797,0.107022,0.337306,-0.005921,-0.012395,0.099214,0.049996,0.073859,0.271597
EPSN,2023-05,2023-05-26,2023-06-08,113519116,123178.000000,123178.000000,0,0.108509,0.108509,1,1,1,,1,0,0.093023,0.055814,0.118605,0.055019,0.108710,0.319754,-0.011831,-0.001500,0.090424,0.040470,0.075550,0.262387
HEI,2023-06,2023-06-07,2023-06-08,22393630700,414764.504300,375757.979300,39006.525000,0.001852,0.001678,11,10,10,15.517241,1,0,0.013646,0.079866,0.352787,0.055019,0.108710,0.319754,-0.011831,-0.001500,0.090424,0.040470,0.075550,0.262387
KORE,2023-06,2023-06-06,2023-06-08,114184549,29350.000000,29350.000000,0,0.025704,0.025704,2,1,2,0.031250,1,0,-0.551724,-0.598621,-0.518621,0.055019,0.108710,0.319754,-0.011831,-0.001500,0.090424,0.040470,0.075550,0.262387
AAP,2023-06,2023-06-12,2023-06-13,3976677390,1160725.844000,1160725.844000,0,0.029188,0.029188,7,6,7,2.443200,0,1,-0.160068,-0.173731,-0.039280,0.027655,0.100578,0.313990,-0.019957,-0.000331,0.098903,0.025147,0.070525,0.257694
ARL,2023-06,2023-06-08,2023-06-13,324816720,11628.330000,11628.330000,0,0.003580,0.003580,3,1,3,0.049975,0,1,-0.117299,-0.227206,-0.323805,0.027655,0.100578,0.313990,-0.019957,-0.000331,0.098903,0.025147,0.070525,0.257694
GME,2023-06,2023-06-09,2023-06-13,6912864000,10336291.487600,335899.500000,10000391.987600,0.149523,0.004859,4,3,2,0.134814,0,0,-0.360668,-0.435250,-0.055288,0.027655,0.100578,0.313990,-0.019957,-0.000331,0.098903,0.025147,0.070525,0.257694
BNGO,2023-06,2023-06-13,2023-06-14,238471055,49999.640000,49999.640000,0,0.020967,0.020967,1,1,1,,0,1,-0.546795,-0.798874,-0.886833,0.024114,0.106535,0.311586,-0.015827,0.044750,0.101092,0.025117,0.084001,0.258722
NEE,2023-06,2023-06-14,2023-06-15,148414800000,1009987.322000,1009987.322000,0,0.000681,0.000681,2,1,2,0.076414,1,0,-0.061871,-0.143132,0.012729,0.020335,0.092568,0.302854,-0.010060,0.065115,0.074789,0.021302,0.074169,0.244068
CSPI,2023-06,2023-06-16,2023-06-16,60634620,111837.880000,0,111837.880000,0.184446,0.000000,30,1,0,0.001672,0,0,0.596096,0.217718,1.103604,0.009221,0.104813,0.327177,-0.012537,0.064635,0.092550,0.012447,0.076076,0.258273
ATOS,2023-06,2023-06-20,2023-06-20,121558075,48500.000000,48500.000000,0,0.039899,0.039899,1,1,1,909.090909,1,0,-0.177083,-0.250694,0.156250,0.009567,0.119021,0.319237,-0.018637,0.090441,0.094638,0.016216,0.094399,0.264607
CROX,2023-06,2023-06-16,2023-06-20,6820968150,222140.000000,222140.000000,0,0.003257,0.003257,1,1,1,0.666667,0,1,-0.153563,-0.006513,0.489854,0.009567,0.119021,0.319237,-0.018637,0.090441,0.094638,0.016216,0.094399,0.264607
EPSN,2023-06,2023-06-16,2023-06-20,118751460,148036.000000,148036.000000,0,0.124660,0.124660,2,1,2,0.743802,1,0,0.002203,0.015419,0.099119,0.009567,0.119021,0.319237,-0.018637,0.090441,0.094638,0.016216,0.094399,0.264607
AXON,2023-06,2023-06-23,2023-06-26,14006811040,4777387.512000,4777387.512000,0,0.034108,0.034108,2,1,2,0.041199,0,1,0.019037,0.361124,0.543163,0.006855,0.152695,0.349481,-0.018228,0.138599,0.124785,0.005365,0.110836,0.280446
ASAN,2023-06,2023-06-29,2023-06-30,4826848160,18387567.790000,0,18387567.790000,0.380944,0.000000,13,1,0,0.004101,1,0,-0.169238,-0.137477,-0.365245,-0.028754,0.112978,0.313567,-0.051840,0.080775,0.089073,-0.032243,0.080385,0.247407
AUBN,2023-07,2023-07-03,2023-07-05,73660720,4839.894900,4839.894900,0,0.006571,0.006571,8,4,8,0.012175,0,0,0.012625,-0.009469,-0.159916,-0.027038,0.080043,0.349216,-0.074062,0.054096,0.096091,-0.038298,0.065937,0.269137
KKR,2023-06,2023-06-30,2023-07-05,48278892928,12857142.870333,0,12857142.870333,0.026631,0.000000,1,1,0,0.948169,0,0,0.084197,0.452813,0.935603,-0.027038,0.080043,0.349216,-0.074062,0.054096,0.096091,-0.038298,0.065937,0.269137
ED,2023-06,2023-06-30,2023-07-06,31188000000,37028.159200,37028.159200,0,0.000119,0.000119,10,9,10,0.153572,1,0,-0.072026,0.030314,0.004123,-0.022455,0.082733,0.359564,-0.058157,0.069267,0.114046,-0.031069,0.070896,0.279144
EPSN,2023-07,2023-07-06,2023-07-10,117009425,900000,100000,800000,0.769169,0.085463,2,2,1,0.063547,0,0,0.004202,-0.075630,0.027311,0.002000,0.109726,0.368057,-0.069487,0.055920,0.086748,-0.013291,0.087658,0.281859
COSM,2023-07,2023-07-20,2023-07-24,23912410,449998.480000,0,449998.480000,1.881862,0.000000,1,1,0,0.158274,1,0,-0.423729,-0.429379,-0.333333,-0.053275,0.125399,0.286278,-0.149455,0.016689,0.157746,-0.071025,0.072465,0.236271
KKR,2023-07,2023-07-21,2023-07-25,52149825593,5728760.400000,0,5728760.400000,0.010985,0.000000,1,1,0,0.076556,0,0,-0.074870,0.385597,0.915562,-0.050500,0.122488,0.231815,-0.141976,0.013820,0.132993,-0.066571,0.072679,0.204977
ASAN,2023-07,2023-07-27,2023-07-28,4866268880,21445685.670000,0,21445685.670000,0.440701,0.000000,15,1,0,0.004929,1,0,-0.226124,-0.212848,-0.345610,-0.098222,0.109578,0.218068,-0.170368,0.006066,0.144311,-0.098044,0.074828,0.208900
BRTX,2023-07,2023-07-27,2023-07-28,12935485,13048.000000,0,13048.000000,0.100870,0.000000,2,2,0,0.023305,1,0,-0.340351,-0.445614,-0.438596,-0.098222,0.109578,0.218068,-0.170368,0.006066,0.144311,-0.098044,0.074828,0.208900
CROX,2023-07,2023-07-28,2023-08-01,6612004020,150000.550000,150000.550000,0,0.002269,0.002269,2,1,2,0.175307,0,1,-0.165234,-0.028598,0.255794,-0.082077,0.115461,0.239109,-0.164371,0.007962,0.147295,-0.080652,0.083540,0.223493
AUBN,2023-08,2023-08-03,2023-08-04,78345360,6348.820000,6348.820000,0,0.008104,0.008104,2,1,2,0.037977,0,1,-0.032088,-0.032088,-0.137296,-0.010201,0.157715,0.178308,-0.097167,0.009605,0.055653,-0.023695,0.114805,0.174112
ECOR,2023-08,2023-08-02,2023-08-04,26276900,591709.170000,591709.170000,0,2.251823,2.251823,7,6,7,1.518991,1,0,0.343478,0.608696,0.250000,-0.010201,0.157715,0.178308,-0.097167,0.009605,0.055653,-0.023695,0.114805,0.174112
ED,2023-07,2023-07-31,2023-08-04,32726700000,13365.774000,13365.774000,0,0.000041,0.000041,9,9,9,0.119795,1,0,0.017770,0.038794,0.169065,-0.010201,0.157715,0.178308,-0.097167,0.009605,0.055653,-0.023695,0.114805,0.174112
ATEC,2023-08,2023-08-10,2023-08-10,1830896600,86882.000000,0,86882.000000,0.004745,0.000000,4,1,0,0.200000,0,0,-0.323077,0.113712,-0.577926,0.005466,0.178845,0.230408,-0.119024,0.037103,0.097403,-0.023627,0.126024,0.211988
AMRN,2023-08,2023-08-16,2023-08-16,432922020,312315.205000,312315.205000,0,0.072141,0.072141,7,1,7,149.556367,1,0,-0.292453,0.113208,-0.416038,0.065222,0.199736,0.317664,-0.033562,0.080504,0.156659,0.026443,0.142648,0.275569
FOX,2023-08,2023-08-15,2023-08-17,15758600000,4783859.280000,4783859.280000,0,0.030357,0.030357,1,1,1,0.173385,1,0,-0.082492,-0.082492,0.210438,0.077888,0.216582,0.333910,-0.037854,0.122532,0.173474,0.035591,0.159375,0.288250
NEE,2023-08,2023-08-17,2023-08-17,137133063000,950900.000000,950900.000000,0,0.000693,0.000693,4,2,4,0.500000,0,1,-0.155853,-0.139061,0.199544,0.077888,0.216582,0.333910,-0.037854,0.122532,0.173474,0.035591,0.159375,0.288250
CROX,2023-08,2023-08-18,2023-08-18,5796356400,1656863.550000,1656863.550000,0,0.028585,0.028585,5,3,5,3.000000,1,0,-0.038186,0.255063,0.469515,0.079491,0.207051,0.353107,-0.029907,0.101279,0.181461,0.036358,0.153018,0.299924
GLPI,2023-08,2023-08-17,2023-08-18,11998388040,163835.000000,163835.000000,0,0.001365,0.001365,3,1,3,0.027869,0,1,0.003436,0.014274,0.156225,0.079491,0.207051,0.353107,-0.029907,0.101279,0.181461,0.036358,0.153018,0.299924
CRWS,2023-08,2023-08-17,2023-08-21,50995000,197524.000000,197524.000000,0,0.387340,0.387340,1,1,1,1.491035,0,1,-0.044271,0.140625,-0.010417,0.075323,0.178969,0.328860,-0.022870,0.087660,0.169364,0.037612,0.139273,0.289437
HASI,2023-08,2023-08-21,2023-08-21,2098289310,802306.250000,802306.250000,0,0.038236,0.038236,12,10,12,0.151770,1,0,0.269957,0.377818,0.692261,0.075323,0.178969,0.328860,-0.022870,0.087660,0.169364,0.037612,0.139273,0.289437
BDCO,2023-08,2023-08-23,2023-08-23,52972986,214421.650000,0,214421.650000,0.404775,0.000000,37,1,0,0.002614,1,0,0.183099,0.307042,0.081690,0.058300,0.157671,0.295358,-0.036750,0.074336,0.165235,0.030668,0.130801,0.273013
BDSX,2023-08,2023-08-23,2023-08-23,138693660,216509.941700,0,216509.941700,0.156107,0.000000,3,1,0,0.002858,0,1,-0.143678,-0.160920,0.011494,0.058300,0.157671,0.295358,-0.036750,0.074336,0.165235,0.030668,0.130801,0.273013
CREX,2023-08,2023-08-21,2023-08-23,17948780,125000,125000,0,0.696426,0.696426,2,2,2,6.178942,1,0,0.049724,1.099448,1.325967,0.058300,0.157671,0.295358,-0.036750,0.074336,0.165235,0.030668,0.130801,0.273013
CVV,2023-08,2023-08-22,2023-08-23,47594303,292870.800000,0,292870.800000,0.615348,0.000000,3,1,0,0.027172,0,0,-0.301408,-0.325352,-0.461972,0.058300,0.157671,0.295358,-0.036750,0.074336,0.165235,0.030668,0.130801,0.273013
HGBL,2023-08,2023-08-24,2023-08-24,114267620,111815.990000,111815.990000,0,0.097854,0.097854,7,4,7,0.100172,1,0,-0.057878,-0.073955,-0.401929,0.079881,0.217559,0.338000,-0.016682,0.097659,0.219351,0.045806,0.170440,0.304626
AXGN,2023-08,2023-08-23,2023-08-25,280503440,126700.000000,126700.000000,0,0.045169,0.045169,2,2,2,0.171647,0,1,-0.061514,0.635647,0.996845,0.071580,0.204651,0.314830,-0.020835,0.095501,0.214539,0.038478,0.163041,0.292394
HFFG,2023-08,2023-08-28,2023-08-28,258800652,483681.360000,483681.360000,0,0.186893,0.186893,5,1,5,0.800000,1,0,-0.023013,-0.194561,-0.294979,0.062640,0.195023,0.308902,-0.032760,0.092588,0.194441,0.030077,0.151464,0.286026
ARES,2023-08,2023-08-28,2023-08-30,28033343336,4887408.129600,980800.000000,3906608.129600,0.017434,0.003499,5,2,1,5.773672,0,0,0.088057,0.293523,0.442518,0.035853,0.159584,0.257505,-0.048256,0.079787,0.173996,0.011530,0.131018,0.255270
BRTX,2023-08,2023-08-31,2023-08-31,10055854,10997.880000,0,10997.880000,0.109368,0.000000,1,1,0,0.031023,0,0,-0.127273,-0.363636,-0.254545,0.030174,0.166025,0.268714,-0.043013,0.089211,0.182872,0.017009,0.136743,0.269130
CSPI,2023-08,2023-08-31,2023-08-31,68603000,516364.233200,0,516364.233200,0.752685,0.000000,58,1,0,0.004925,0,0,0.609562,2.151394,0.807437,0.030174,0.166025,0.268714,-0.043013,0.089211,0.182872,0.017009,0.136743,0.269130
KVUE,2023-08,2023-08-30,2023-08-31,44176968278,128523.922200,128523.922200,0,0.000291,0.000291,1,1,1,0.279900,0,1,-0.104177,-0.158722,-0.008354,0.030174,0.166025,0.268714,-0.043013,0.089211,0.182872,0.017009,0.136743,0.269130
ASAN,2023-08,2023-08-31,2023-09-01,4765966240,31094243.640000,0,31094243.640000,0.652423,0.000000,14,1,0,0.012320,1,0,0.038373,-0.072122,-0.385576,0.034222,0.184851,0.231522,-0.026547,0.087894,0.133279,0.021118,0.145276,0.240700
ED,2023-08,2023-08-31,2023-09-07,30691199999,13365.884160,13365.884160,0,0.000044,0.000044,9,9,9,0.114076,1,0,0.054054,0.035160,0.208709,0.050891,0.202035,0.214286,0.010455,0.132202,0.143387,0.033716,0.166060,0.231672
AXGN,2023-09,2023-09-06,2023-09-08,264585300,62240.000000,62240.000000,0,0.023524,0.023524,1,1,1,0.142163,0,1,0.345878,0.568100,1.333333,0.054125,0.183020,0.228188,0.020392,0.133957,0.149054,0.036577,0.157305,0.243576
GME,2023-09,2023-09-11,2023-09-11,5196206000,372626.240000,372626.240000,0,0.007171,0.007171,3,2,3,0.097132,0,1,-0.114571,-0.152174,0.377791,0.050742,0.164912,0.225128,0.020119,0.122345,0.145442,0.033816,0.148756,0.240829
CDXS,2023-09,2023-09-11,2023-09-12,122260160,156352.204700,156352.204700,0,0.127885,0.127885,4,4,4,0.170063,1,0,0.142857,0.982857,0.560000,0.070961,0.194842,0.265748,0.020026,0.121843,0.149857,0.044265,0.167520,0.260473
FIVE,2023-09,2023-09-08,2023-09-12,8955584079,500650.000000,500650.000000,0,0.005590,0.005590,1,1,1,0.032106,1,0,0.234303,0.315694,-0.436993,0.070961,0.194842,0.265748,0.020026,0.121843,0.149857,0.044265,0.167520,0.260473
HFFG,2023-09,2023-09-08,2023-09-12,239038678,178739.760000,178739.760000,0,0.074774,0.074774,3,1,3,0.149928,1,0,0.147059,-0.228507,-0.276018,0.070961,0.194842,0.265748,0.020026,0.121843,0.149857,0.044265,0.167520,0.260473
AAP,2023-09,2023-09-13,2023-09-14,3445328820,499817.697000,499817.697000,0,0.014507,0.014507,1,1,1,0.805762,0,1,0.078211,0.345983,-0.293604,0.070793,0.168635,0.268662,0.075939,0.097940,0.184600,0.051764,0.152089,0.265344
HGBL,2023-09,2023-09-13,2023-09-14,107286640,29500.000000,29500.000000,0,0.027496,0.027496,1,1,1,0.034783,0,1,-0.133987,-0.019608,-0.470588,0.070793,0.168635,0.268662,0.075939,0.097940,0.184600,0.051764,0.152089,0.265344
ARCB,2023-09,2023-09-14,2023-09-15,2477239116,104980.000000,104980.000000,0,0.004238,0.004238,1,1,1,0.227687,1,0,0.121279,0.263567,0.047595,0.094718,0.174866,0.285060,0.078151,0.111613,0.201445,0.062847,0.158144,0.282672
ASRV,2023-09,2023-09-14,2023-09-15,49726300,17760.000000,17760.000000,0,0.035716,0.035716,2,2,2,0.046591,1,0,0.086420,-0.032922,0.004115,0.094718,0.174866,0.285060,0.078151,0.111613,0.201445,0.062847,0.158144,0.282672
CSPI,2023-09,2023-09-15,2023-09-15,96929400,38511.030000,0,38511.030000,0.039731,0.000000,8,1,0,0.001559,0,0,-0.237065,0.887112,0.131703,0.094718,0.174866,0.285060,0.078151,0.111613,0.201445,0.062847,0.158144,0.282672
BRTX,2023-09,2023-09-15,2023-09-18,7633307.810000,46344.520000,0,46344.520000,0.607135,0.000000,7,2,0,0.032513,1,0,0.116279,-0.191860,0.017442,0.100458,0.184826,0.284379,0.085776,0.112645,0.219496,0.068196,0.164347,0.282437
FARM,2023-09,2023-09-15,2023-09-18,53969945,206248.000000,206248.000000,0,0.382153,0.382153,1,1,1,0.355881,0,1,0.261603,0.324895,-0.071730,0.100458,0.184826,0.284379,0.085776,0.112645,0.219496,0.068196,0.164347,0.282437
FTCI,2023-09,2023-09-14,2023-09-18,165315471,150100.000000,150100.000000,0,0.090796,0.090796,3,3,3,0.164870,1,0,-0.400000,-0.631852,-0.593333,0.100458,0.184826,0.284379,0.085776,0.112645,0.219496,0.068196,0.164347,0.282437
ARES,2023-09,2023-09-15,2023-09-19,29232110176,3656130.000000,0,3656130.000000,0.012507,0.000000,2,1,0,0.003910,0,0,0.127596,0.280523,0.495743,0.108416,0.190298,0.281547,0.111149,0.121756,0.224522,0.076936,0.173240,0.281295
ECOR,2023-09,2023-09-15,2023-09-19,33589250,8332.500000,8332.500000,0,0.024807,0.024807,1,1,1,0.011147,1,0,0.073171,0.300188,0.146341,0.108416,0.190298,0.281547,0.111149,0.121756,0.224522,0.076936,0.173240,0.281295
TRST,2023-09,2023-09-15,2023-09-19,525442880,127280.000000,127280.000000,0,0.024223,0.024223,2,1,2,0.108078,1,0,0.163071,0.005809,0.313278,0.108416,0.190298,0.281547,0.111149,0.121756,0.224522,0.076936,0.173240,0.281295
AMPY,2023-09,2023-09-20,2023-09-21,267972180,89382.760000,89382.760000,0,0.033355,0.033355,2,2,2,0.436987,0,1,-0.095729,-0.048601,-0.020619,0.141754,0.250745,0.355478,0.136805,0.187185,0.268520,0.100197,0.219167,0.335044
FLNT,2023-09,2023-09-19,2023-09-21,39781440,46000.000000,0,46000.000000,0.115632,0.000000,1,1,0,0.005338,0,0,0.501754,0.007018,0.014035,0.141754,0.250745,0.355478,0.136805,0.187185,0.268520,0.100197,0.219167,0.335044
DLTR,2023-09,2023-09-22,2023-09-25,22875050000,173646.000000,173646.000000,0,0.000759,0.000759,1,1,1,,0,1,0.341092,0.208333,-0.317146,0.144847,0.241524,0.358939,0.159738,0.170890,0.263195,0.104908,0.211156,0.339611
ASAN,2023-09,2023-09-28,2023-09-29,4089549440,58585350.960000,0,58585350.960000,1.432562,0.000000,9,1,0,0.011825,1,0,0.038230,-0.159476,-0.367013,0.145928,0.246711,0.371625,0.139865,0.186019,0.265434,0.116380,0.230220,0.360319
ED,2023-09,2023-09-29,2023-10-05,29507850000,37626.421050,37626.421050,0,0.000128,0.000128,10,9,10,0.115947,1,0,0.110284,0.084019,0.260551,0.107605,0.218383,0.367908,0.135291,0.196558,0.294896,0.105234,0.217290,0.367989
BDCO,2023-10,2023-10-06,2023-10-10,52376107,7130.710000,0,7130.710000,0.013614,0.000000,4,1,0,0.000400,1,0,0.095361,0.597938,0.033505,0.103583,0.204383,0.347078,0.112049,0.180087,0.254630,0.094949,0.203680,0.346115
NEE,2023-10,2023-10-06,2023-10-10,103092480000,75000009.420000,0,75000009.420000,0.072750,0.000000,2,1,0,1.026273,0,0,0.211697,0.289256,0.609663,0.103583,0.204383,0.347078,0.112049,0.180087,0.254630,0.094949,0.203680,0.346115
COSM,2023-10,2023-10-12,2023-10-12,11700766,158805.920000,0,158805.920000,1.357227,0.000000,1,1,0,0.005055,1,0,-0.093023,-0.435659,-0.441860,0.109363,0.208591,0.342808,0.131411,0.185465,0.304685,0.102893,0.203043,0.354545
ARES,2023-10,2023-10-18,2023-10-20,30514020936,5058420.000000,0,5058420.000000,0.016577,0.000000,2,1,0,0.003885,0,0,0.147018,0.284894,0.695865,0.190757,0.173825,0.406670,0.160409,0.167596,0.351053,0.150045,0.184057,0.404411
ASAN,2023-10,2023-10-23,2023-10-25,4091767200,36543566.170000,0,36543566.170000,0.893100,0.000000,11,1,0,0.011126,1,0,0.020453,-0.171918,-0.339414,0.218571,0.222109,0.414900,0.191484,0.214916,0.358781,0.167179,0.219074,0.405970
TRST,2023-10,2023-10-26,2023-10-30,484921760,68089.990400,68089.990400,0,0.014041,0.014041,4,4,4,0.062688,0,0,0.211086,0.091353,0.383592,0.229205,0.244043,0.442117,0.227034,0.233546,0.376367,0.186909,0.236112,0.418766
AUBN,2023-10,2023-10-31,2023-10-31,72710140,9194.067800,9194.067800,0,0.012645,0.012645,9,4,9,0.028898,0,0,-0.010434,-0.086766,0.100494,0.215202,0.214768,0.424410,0.206231,0.198207,0.362816,0.178596,0.208943,0.405669
FITB,2023-10,2023-10-30,2023-11-01,16001575940,1503495.000000,1503495.000000,0,0.009396,0.009396,1,1,1,0.247337,0,1,0.462652,0.600840,0.919234,0.171055,0.185399,0.364764,0.170032,0.193904,0.332523,0.147098,0.192296,0.363547
AUBN,2023-11,2023-11-02,2023-11-02,72710140,2106.179500,2106.179500,0,0.002897,0.002897,2,1,2,0.011911,0,1,-0.001647,-0.104338,0.104887,0.163727,0.179130,0.350320,0.154808,0.184252,0.305185,0.140274,0.180805,0.343554
ASAN,2023-11,2023-11-01,2023-11-03,4028428000,4147762.500000,0,4147762.500000,0.102962,0.000000,1,1,0,0.004973,1,0,-0.132512,-0.225616,-0.380788,0.169646,0.188849,0.330782,0.118262,0.164303,0.277069,0.141861,0.184643,0.328551
ED,2023-10,2023-10-31,2023-11-06,30313887000,13365.851920,13365.851920,0,0.000044,0.000044,9,9,9,0.092980,1,0,-0.000489,0.081590,0.142018,0.163369,0.196995,0.342258,0.118020,0.194267,0.317553,0.135104,0.194146,0.341547
AMPY,2023-11,2023-11-08,2023-11-09,234883230,121462.000000,121462.000000,0,0.051712,0.051712,2,2,2,,1,0,-0.014516,0.067742,0.066129,0.172437,0.196321,0.398819,0.177221,0.238577,0.441574,0.153272,0.207581,0.397425
ATEC,2023-11,2023-11-09,2023-11-13,1353550000,315000.000000,315000.000000,0,0.023272,0.023272,1,1,1,0.197767,0,1,0.647887,0.120724,-0.066398,0.157024,0.179137,0.369048,0.204158,0.217813,0.421239,0.142723,0.191879,0.374336
HGBL,2023-11,2023-11-13,2023-11-13,110021500,14250.000000,14250.000000,0,0.012952,0.012952,1,1,1,0.055556,0,0,-0.051195,-0.242321,-0.443686,0.157024,0.179137,0.369048,0.204158,0.217813,0.421239,0.142723,0.191879,0.374336
BILL,2023-11,2023-11-14,2023-11-16,6120770060,1507937.900000,1507937.900000,0,0.024636,0.024636,2,2,2,9.733037,0,1,0.069328,-0.022178,0.391326,0.128672,0.175608,0.295435,0.166696,0.189563,0.315274,0.119530,0.182683,0.318569
CAAS,2023-11,2023-11-16,2023-11-17,98405388,19320.000000,19320.000000,0,0.019633,0.019633,1,1,1,0.065912,1,0,0.068841,0.072464,0.673913,0.118167,0.174751,0.304129,0.135230,0.174330,0.300017,0.112567,0.182915,0.322350
EPSN,2023-11,2023-11-17,2023-11-17,123828830,143081.300000,143081.300000,0,0.115548,0.115548,3,1,3,0.181308,1,0,-0.081136,-0.016227,0.070994,0.118167,0.174751,0.304129,0.135230,0.174330,0.300017,0.112567,0.182915,0.322350
EMR,2023-11,2023-11-17,2023-11-20,50955316000,2111544.700000,2111544.700000,0,0.004144,0.004144,5,5,5,2.339865,1,0,0.186099,0.292778,0.486547,0.096386,0.168695,0.297296,0.113117,0.170165,0.302145,0.097976,0.175232,0.317015
FARM,2023-11,2023-11-17,2023-11-20,54309191,51518.000000,51518.000000,0,0.094861,0.094861,2,1,2,0.470544,0,1,0.488000,0.144000,-0.220000,0.096386,0.168695,0.297296,0.113117,0.170165,0.302145,0.097976,0.175232,0.317015
HASI,2023-11,2023-11-20,2023-11-20,2697372684,10075.800000,10075.800000,0,0.000374,0.000374,1,1,1,,0,1,0.084933,0.349328,0.211612,0.096386,0.168695,0.297296,0.113117,0.170165,0.302145,0.097976,0.175232,0.317015
TRST,2023-11,2023-11-16,2023-11-20,529247680,42423.749000,42423.749000,0,0.008016,0.008016,3,2,3,0.044740,1,0,0.021562,0.064687,0.383238,0.096386,0.168695,0.297296,0.113117,0.170165,0.302145,0.097976,0.175232,0.317015
ADES,2023-11,2023-11-21,2023-11-21,80917500,415166.000000,415166.000000,0,0.513073,0.513073,6,1,6,0.280602,0,0,0.376000,,,0.102809,0.177843,0.304137,0.127643,0.184270,0.320827,0.100381,0.180681,0.320357
BKE,2023-11,2023-11-20,2023-11-21,1881601890,26545.519000,26545.519000,0,0.001411,0.001411,1,1,1,0.008467,0,0,0.107022,0.070223,0.361242,0.102809,0.177843,0.304137,0.127643,0.184270,0.320827,0.100381,0.180681,0.320357
FTCI,2023-11,2023-11-17,2023-11-21,64680541,289822.100000,289822.100000,0,0.448082,0.448082,5,5,5,0.623591,1,0,-0.016304,-0.144928,-0.275362,0.102809,0.177843,0.304137,0.127643,0.184270,0.320827,0.100381,0.180681,0.320357
GLBZ,2023-11,2023-11-06,2023-11-21,15899796,5523.335500,5523.335500,0,0.034738,0.034738,6,1,6,1.111688,1,0,0.182178,-0.099010,0.112871,0.102809,0.177843,0.304137,0.127643,0.184270,0.320827,0.100381,0.180681,0.320357
SOFI,2023-11,2023-11-21,2023-11-21,6469289809,544548.950000,544548.950000,0,0.008417,0.008417,3,2,3,0.018409,1,0,0.266369,0.053571,1.183036,0.102809,0.177843,0.304137,0.127643,0.184270,0.320827,0.100381,0.180681,0.320357
ATNI,2023-11,2023-11-20,2023-11-22,481757560,707099.000000,707099.000000,0,0.146775,0.146775,4,3,4,0.720202,1,0,0.155896,-0.216137,-0.324571,0.093897,0.172792,0.303493,0.115324,0.166966,0.332542,0.097154,0.172759,0.322354
KORE,2023-11,2023-11-22,2023-11-24,56176293,12208.400000,12208.400000,0,0.021732,0.021732,3,1,3,0.014050,1,0,0.379310,0.100313,-0.435737,0.124182,0.180234,0.309476,0.118811,0.152740,0.368624,0.119948,0.171176,0.330130
ONDS,2023-11,2023-11-22,2023-11-24,71792114,945621.865000,0,945621.865000,1.317167,0.000000,6,1,0,1.364452,0,0,-0.059701,-0.442537,-0.355224,0.124182,0.180234,0.309476,0.118811,0.152740,0.368624,0.119948,0.171176,0.330130
AGL,2023-11,2023-11-29,2023-11-30,4371434975,250206.000000,250206.000000,0,0.005724,0.005724,1,1,1,2.315440,0,1,-0.422787,-0.412429,-0.803202,0.131872,0.165761,0.319921,0.138167,0.142874,0.363125,0.117731,0.153266,0.338055
BMY,2023-11,2023-11-28,2023-11-30,99160840000,573434.060000,573434.060000,0,0.000578,0.000578,2,2,2,0.314815,1,0,0.039714,-0.165782,0.259986,0.131872,0.165761,0.319921,0.138167,0.142874,0.363125,0.117731,0.153266,0.338055
FLNT,2023-11,2023-11-30,2023-11-30,43001970,79005.280000,0,79005.280000,0.183725,0.000000,17,2,0,0.067764,0,0,0.054662,0.237942,-0.112540,0.131872,0.165761,0.319921,0.138167,0.142874,0.363125,0.117731,0.153266,0.338055
ASRV,2023-10,2023-10-31,2023-12-01,43724850,7567.977400,7567.977400,0,0.017308,0.017308,2,2,2,0.134551,1,0,-0.107807,-0.193309,-0.029740,0.145645,0.160288,0.330502,0.117562,0.119737,0.323685,0.121590,0.156938,0.332552
BIVI,2023-11,2023-11-30,2023-12-01,80641800,17800.000000,17800.000000,0,0.022073,0.022073,1,1,1,0.170187,1,0,0.125000,-0.728869,-0.815476,0.145645,0.160288,0.330502,0.117562,0.119737,0.323685,0.121590,0.156938,0.332552
CVV,2023-12,2023-12-01,2023-12-01,34395535,255973.780000,0,255973.780000,0.744206,0.000000,1,1,0,0.052333,0,0,-0.045635,-0.126984,-0.347222,0.145645,0.160288,0.330502,0.117562,0.119737,0.323685,0.121590,0.156938,0.332552
CVV,2023-11,2023-11-30,2023-12-01,32621162,1013173.960000,0,1013173.960000,3.105879,0.000000,3,1,0,0.103072,0,0,-0.045635,-0.126984,-0.347222,0.145645,0.160288,0.330502,0.117562,0.119737,0.323685,0.121590,0.156938,0.332552
RVP,2023-11,2023-11-30,2023-12-01,34128361,17852.206400,0,17852.206400,0.052309,0.000000,9,1,0,0.000306,1,0,0.104348,-0.086957,-0.453913,0.145645,0.160288,0.330502,0.117562,0.119737,0.323685,0.121590,0.156938,0.332552
CRWS,2023-11,2023-11-30,2023-12-04,50283310,116110.663400,116110.663400,0,0.230913,0.230913,7,1,7,0.030482,0,1,0.155216,0.071247,-0.017812,0.152268,0.177436,0.347087,0.104674,0.101584,0.300337,0.126308,0.163994,0.340218
ED,2023-11,2023-11-30,2023-12-06,31114983000,13365.836080,13365.836080,0,0.000043,0.000043,9,9,9,0.082879,1,0,-0.010536,0.028496,0.090038,0.142427,0.208443,0.364433,0.119229,0.121022,0.309615,0.125458,0.184138,0.352037
BMY,2023-12,2023-12-05,2023-12-07,101816210000,99560.000000,99560.000000,0,0.000098,0.000098,1,1,1,0.024792,1,0,0.074790,-0.165719,0.243919,0.143824,0.191392,0.357699,0.120487,0.105023,0.304890,0.128027,0.175157,0.344333
FTCI,2023-12,2023-12-08,2023-12-11,93455250,20364.000000,20364.000000,0,0.021790,0.021790,2,1,2,0.026233,0,1,-0.419512,-0.453659,-0.539024,0.108657,0.179759,0.325276,0.100209,0.085225,0.280245,0.111181,0.167779,0.322415
NEE,2023-12,2023-12-08,2023-12-11,122504400000,506515.000000,506515.000000,0,0.000413,0.000413,1,1,1,2.811776,0,1,-0.021976,0.309117,0.277879,0.108657,0.179759,0.325276,0.100209,0.085225,0.280245,0.111181,0.167779,0.322415
AAP,2023-12,2023-12-08,2023-12-13,3348290080,80667.500000,80667.500000,0,0.002409,0.002409,2,1,2,0.089310,0,0,0.319027,0.075239,-0.262902,0.093208,0.178917,0.312992,0.067958,0.063263,0.229050,0.101079,0.158852,0.301787
AWRE,2023-12,2023-12-14,2023-12-15,33181580,32378.800000,32378.800000,0,0.097581,0.097581,2,1,2,0.054591,1,0,0.099338,0.178808,-0.033113,0.073214,0.186731,0.336792,0.031036,0.017638,0.204637,0.089662,0.160075,0.305048
CSPI,2023-12,2023-12-15,2023-12-15,74014400,329766.665000,0,329766.665000,0.445544,0.000000,2,1,0,0.022895,0,0,1.473490,0.726264,1.109741,0.073214,0.186731,0.336792,0.031036,0.017638,0.204637,0.089662,0.160075,0.305048
CRWS,2023-12,2023-12-15,2023-12-18,51307410,83952.380000,83952.380000,0,0.163626,0.163626,6,1,6,0.031326,0,1,0.083333,0.045455,-0.025253,0.076666,0.193758,0.322581,0.024746,0.025845,0.190436,0.090012,0.162782,0.292409
FLNT,2023-12,2023-12-14,2023-12-18,48117960,76624.797600,5000.000000,71624.797600,0.159244,0.010391,15,3,1,0.666667,1,0,-0.296651,-0.191388,-0.334928,0.076666,0.193758,0.322581,0.024746,0.025845,0.190436,0.090012,0.162782,0.292409
DLTR,2023-12,2023-12-20,2023-12-21,29287939000,239045387.930000,239045387.930000,0,0.816191,0.816191,6,1,6,0.048562,0,0,-0.053004,-0.199136,-0.457009,0.095460,0.182937,0.278098,0.044317,0.006743,0.124820,0.108135,0.160764,0.266611
RVP,2023-12,2023-12-28,2023-12-29,32631503,53985.099700,0,53985.099700,0.165439,0.000000,19,1,0,0.000290,1,0,0.054054,-0.027027,-0.371892,0.087949,0.173348,0.266518,0.040491,0.016176,0.112414,0.101972,0.152232,0.253424
AUBN,2024-01,2024-01-02,2024-01-03,73478820,4985.007300,4985.007300,0,0.006784,0.006784,8,4,8,0.013168,0,0,-0.098247,-0.130643,0.158789,0.111357,0.236325,0.288506,0.062536,0.044812,0.152108,0.111433,0.183796,0.263124
ED,2023-12,2023-12-29,2024-01-08,31411941000,37527.469920,37527.469920,0,0.000119,0.000119,9,8,9,0.123177,1,0,-0.025152,-0.040477,-0.028779,0.089467,0.231738,0.279762,0.047579,0.033687,0.145454,0.096351,0.177400,0.256170
AMRN,2024-01,2024-01-22,2024-01-24,471667900,15724.340000,15724.340000,0,0.003334,0.003334,1,1,1,0.048087,1,0,-0.236087,-0.317826,-0.447826,0.002903,0.091337,0.258234,0.019666,0.126824,0.193857,0.044462,0.122095,0.272289
PBF,2024-01,2024-01-24,2024-01-26,5368737807,75034498.680000,0,75034498.680000,1.397619,0.000000,4,1,0,0.058945,0,0,0.196533,-0.157812,-0.362674,0.018317,0.095576,0.220516,0.014732,0.150152,0.169340,0.046011,0.124062,0.245461
EPSN,2024-01,2024-01-30,2024-01-31,109531150,1181864.000000,1181864.000000,0,1.079021,1.079021,1,1,1,3.082958,1,0,0.059211,0.094298,0.265351,0.012249,0.133042,0.261854,0.020403,0.166791,0.198807,0.039403,0.147904,0.269035
RVP,2024-01,2024-01-31,2024-02-01,35325847,60772.610100,0,60772.610100,0.172034,0.000000,18,1,0,0.000490,1,0,-0.099174,-0.074380,-0.324793,0.013236,0.092722,0.245352,0.025497,0.114026,0.172432,0.035545,0.117017,0.245973
EPSN,2024-02,2024-02-01,2024-02-05,107771614,876507.100000,0,876507.100000,0.813301,0.000000,1,1,0,0.049833,0,0,0.156542,0.086449,0.364486,0.028904,0.019112,0.231373,0.068198,0.059044,0.196189,0.052014,0.057054,0.237420
CHTR,2024-02,2024-02-06,2024-02-07,41948362799,1491214.500000,1491214.500000,0,0.003555,0.003555,1,1,1,0.095911,1,0,-0.038390,0.247717,0.245497,0.020034,0.009384,0.233232,0.057269,0.050835,0.197277,0.041528,0.047856,0.232850
ED,2024-01,2024-01-31,2024-02-07,31405950000,11032.623900,11032.623900,0,0.000035,0.000035,7,7,7,0.029356,1,0,0.100822,0.151355,0.104133,0.020034,0.009384,0.233232,0.057269,0.050835,0.197277,0.041528,0.047856,0.232850
NEE,2024-02,2024-02-07,2024-02-07,115663570000,1116700.000000,1116700.000000,0,0.000965,0.000965,2,1,2,0.666667,0,1,0.303905,0.397192,0.264474,0.020034,0.009384,0.233232,0.057269,0.050835,0.197277,0.041528,0.047856,0.232850
BRTX,2024-02,2024-02-09,2024-02-12,9006365.700000,368277.830000,0,368277.830000,4.089084,0.000000,4,1,0,0.232596,0,0,-0.096552,-0.013793,0.586207,0.019112,0.039853,0.220006,0.011340,0.013466,0.125146,0.043017,0.071188,0.223742
TRST,2024-02,2024-02-13,2024-02-15,518974720,66322.830000,66322.830000,0,0.012780,0.012780,3,3,3,0.053982,0,0,0.048212,0.174572,0.225505,0.041585,0.095042,0.245872,0.019600,0.042668,0.118303,0.056411,0.108676,0.230075
COSM,2024-02,2024-02-16,2024-02-21,13986988,49806.000000,0,49806.000000,0.356088,0.000000,1,1,0,0.044957,1,0,-0.132590,0.561338,-0.221809,0.072122,0.136959,0.269751,0.046302,0.094264,0.146276,0.068910,0.134670,0.243339
CSPI,2024-02,2024-02-20,2024-02-21,135143000,162347.000000,0,162347.000000,0.120130,0.000000,10,1,0,0.001814,0,0,-0.084704,-0.154784,0.062157,0.072122,0.136959,0.269751,0.046302,0.094264,0.146276,0.068910,0.134670,0.243339
HCAT,2024-02,2024-02-27,2024-02-27,486899520,204525.060000,204525.060000,0,0.042006,0.042006,1,1,1,0.022854,1,0,-0.178099,-0.168472,-0.405535,0.051852,0.092656,0.182835,0.008210,0.077915,0.069655,0.048364,0.114773,0.187848
ASRV,2024-02,2024-02-27,2024-02-28,45439550,16276.250000,16276.250000,0,0.035820,0.035820,3,2,3,0.210520,1,0,-0.044355,0.004032,-0.024194,0.050010,0.086052,0.156155,0.001574,0.079529,0.062110,0.042405,0.109757,0.170434
ONDS,2024-02,2024-02-26,2024-02-28,88249170,1999999.680000,0,1999999.680000,2.266310,0.000000,1,1,0,1.277764,0,0,-0.417073,-0.343659,-0.211057,0.050010,0.086052,0.156155,0.001574,0.079529,0.062110,0.042405,0.109757,0.170434
RVP,2024-02,2024-02-26,2024-02-28,38618935,81014.560500,0,81014.560500,0.209779,0.000000,10,1,0,0.000940,1,0,-0.299242,-0.293182,-0.394015,0.050010,0.086052,0.156155,0.001574,0.079529,0.062110,0.042405,0.109757,0.170434
GLPI,2024-03,2024-03-01,2024-03-04,12325646000,112500,112500,0,0.000913,0.000913,1,1,1,0.016214,0,1,-0.012456,0.151754,0.144637,0.021842,0.043090,0.122652,-0.002797,0.042707,0.015335,0.033460,0.084474,0.140456
BIVI,2024-03,2024-03-04,2024-03-06,47713065,10000,10000,0,0.020959,0.020959,1,1,1,0.023482,1,0,-0.409852,-0.680838,-0.855474,0.057786,0.052797,0.119220,0.001602,0.043252,0.011914,0.052139,0.087666,0.137926
LAB,2024-03,2024-03-05,2024-03-06,758842500,646168.845000,0,646168.845000,0.085152,0.000000,2,1,0,0.022229,0,1,-0.011538,-0.257692,-0.565385,0.057786,0.052797,0.119220,0.001602,0.043252,0.011914,0.052139,0.087666,0.137926
D,2024-03,2024-03-06,2024-03-07,39450960000,1097888.691932,1097888.691932,0,0.002783,0.002783,2,2,2,0.338817,1,0,0.102748,0.224429,0.206650,0.041587,0.037993,0.110565,-0.013801,0.029440,0.006801,0.041781,0.074337,0.133027
ED,2024-02,2024-02-29,2024-03-07,30131054999,11032.501050,11032.501050,0,0.000037,0.000037,7,7,7,0.029723,1,0,0.030340,0.173335,0.192433,0.041587,0.037993,0.110565,-0.013801,0.029440,0.006801,0.041781,0.074337,0.133027
AVNS,2024-03,2024-03-11,2024-03-11,911987999,9925.000000,9925.000000,0,0.001088,0.001088,1,1,1,0.010083,0,1,-0.021783,0.211246,-0.252786,0.064133,0.042053,0.084615,-0.013620,0.021381,-0.010165,0.050935,0.075475,0.101245
ASRV,2024-03,2024-03-12,2024-03-13,42867500,5060.000000,5060.000000,0,0.011804,0.011804,1,1,1,0.014904,1,0,-0.035398,0.097345,-0.008850,0.078402,0.067537,0.070092,-0.004395,0.020978,-0.025673,0.052469,0.081319,0.082417
TRST,2024-03,2024-03-12,2024-03-13,516311360,13700.000000,13700.000000,0,0.002653,0.002653,1,1,1,0.055310,0,0,0.038776,0.237959,0.155918,0.078402,0.067537,0.070092,-0.004395,0.020978,-0.025673,0.052469,0.081319,0.082417
CROX,2024-03,2024-03-14,2024-03-14,7630458360,249949.028000,249949.028000,0,0.003276,0.003276,1,1,1,1.669771,0,1,0.259227,0.013811,-0.217398,0.087001,0.080747,0.098747,0.004831,0.052993,0.016071,0.056674,0.092582,0.106946
FLNT,2024-03,2024-03-14,2024-03-14,42540120,68908.620000,12026.720000,56881.900000,0.161985,0.028271,11,2,3,0.400000,1,0,0.098039,-0.163399,-0.323529,0.087001,0.080747,0.098747,0.004831,0.052993,0.016071,0.056674,0.092582,0.106946
AIG,2024-03,2024-03-14,2024-03-18,51773453920,49682.010000,49682.010000,0,0.000096,0.000096,1,1,1,,0,1,-0.012697,-0.020511,0.139389,0.108754,0.083468,0.089715,0.001072,0.087048,0.023893,0.066760,0.100981,0.104485
ATEC,2024-03,2024-03-14,2024-03-18,1882083000,459550.000000,459550.000000,0,0.024417,0.024417,2,2,2,0.036192,0,1,-0.224278,-0.562546,-0.308660,0.108754,0.083468,0.089715,0.001072,0.087048,0.023893,0.066760,0.100981,0.104485
AWRE,2024-03,2024-03-15,2024-03-18,35001100,30634.196500,30634.196500,0,0.087524,0.087524,2,2,2,0.238772,1,0,0.094118,0.205882,0.000000,0.108754,0.083468,0.089715,0.001072,0.087048,0.023893,0.066760,0.100981,0.104485
CSPI,2024-03,2024-03-15,2024-03-18,186660599,100768.550000,0,100768.550000,0.053985,0.000000,11,1,0,0.001200,0,0,-0.337589,-0.431206,-0.196690,0.108754,0.083468,0.089715,0.001072,0.087048,0.023893,0.066760,0.100981,0.104485
DLTR,2024-03,2024-03-18,2024-03-18,27715050000,127850.000000,127850.000000,0,0.000461,0.000461,1,1,1,0.191388,0,1,-0.146169,-0.434892,-0.489352,0.108754,0.083468,0.089715,0.001072,0.087048,0.023893,0.066760,0.100981,0.104485
HGBL,2024-03,2024-03-20,2024-03-20,100630750,34466.750000,34466.750000,0,0.034251,0.034251,2,2,2,0.052632,1,0,-0.138182,-0.396364,-0.189091,0.084953,0.064039,0.084930,-0.024926,0.070442,0.008924,0.050945,0.082080,0.096997
GLBZ,2024-03,2024-03-22,2024-03-26,15812824,6850.000000,6850.000000,0,0.043319,0.043319,2,1,2,0.700000,1,0,-0.251440,0.122841,0.003839,0.083054,0.098121,0.099285,-0.019781,0.080773,0.013537,0.053524,0.108118,0.109899
FTCI,2024-03,2024-03-26,2024-03-27,65170508,200436.000000,200436.000000,0,0.307556,0.307556,4,1,4,0.174567,0,1,-0.319728,-0.105442,-0.568027,0.081612,0.095422,0.089325,-0.043168,0.044879,-0.012760,0.046051,0.096439,0.097715
RVP,2024-03,2024-03-26,2024-03-27,35325847,29170.084400,0,29170.084400,0.082574,0.000000,8,1,0,0.000357,1,0,-0.075630,-0.390672,-0.380672,0.081612,0.095422,0.089325,-0.043168,0.044879,-0.012760,0.046051,0.096439,0.097715
AAP,2024-03,2024-03-27,2024-03-28,5081488560,859650.346200,859650.346200,0,0.016917,0.016917,4,2,4,0.975401,0,1,-0.260794,-0.523692,-0.533218,0.086412,0.105673,0.062593,-0.036550,0.047076,-0.035916,0.047905,0.101013,0.075824
EPSN,2024-03,2024-03-27,2024-03-28,116129412,191446.500000,191446.500000,0,0.164856,0.164856,2,1,2,0.056970,1,0,0.002012,0.052314,0.366197,0.086412,0.105673,0.062593,-0.036550,0.047076,-0.035916,0.047905,0.101013,0.075824
RKT,2024-03,2024-03-28,2024-04-01,2672522597,52848.370000,52848.370000,0,0.001977,0.001977,13,1,13,0.000549,0,1,-0.051067,0.384146,-0.039634,0.084819,0.100196,0.068852,-0.031536,0.066959,-0.031290,0.047753,0.105753,0.087993
DLTR,2024-04,2024-04-01,2024-04-02,29601198000,244794.420000,244794.420000,0,0.000827,0.000827,1,1,1,0.104366,1,0,-0.205003,-0.477177,-0.424256,0.105724,0.094298,0.086016,-0.010024,0.072119,0.002406,0.061557,0.102846,0.101896
CVV,2024-04,2024-04-02,2024-04-03,39811023,1084161.500000,0,1084161.500000,2.723270,0.000000,2,1,0,0.159029,0,0,-0.340792,-0.432014,-0.473322,0.112446,0.093377,0.025571,-0.016681,0.063735,-0.068018,0.065107,0.102080,0.046423
GLBZ,2024-04,2024-04-04,2024-04-05,15207727,2080.000000,2080.000000,0,0.013677,0.013677,1,1,1,0.181818,1,0,-0.230315,0.082677,0.017717,0.128211,0.109646,-0.032237,-0.014788,0.078550,-0.111735,0.073293,0.112179,-0.014718
ANGO,2024-04,2024-04-08,2024-04-08,267222470,67000.000000,67000.000000,0,0.025073,0.025073,1,1,1,0.018901,1,0,-0.166415,-0.077156,0.361573,0.130588,0.097464,-0.049915,-0.013262,0.064264,-0.139795,0.073926,0.101524,-0.030687
GME,2024-04,2024-04-08,2024-04-09,3312897000,112237.950000,112237.950000,0,0.003388,0.003388,4,1,4,0.087660,0,1,1.234332,0.881017,1.306994,0.127383,0.109761,0.060190,-0.021403,0.060833,-0.070368,0.073721,0.110641,0.069865
BRTX,2024-04,2024-04-09,2024-04-10,10395518,10229.320000,10229.320000,0,0.098401,0.098401,3,1,3,0.044248,0,0,0.376923,0.261538,0.338462,0.149167,0.128319,0.024034,0.014945,0.092017,-0.085233,0.095322,0.129659,0.033339
ATOS,2024-04,2024-04-10,2024-04-11,220031253,44250.000000,44250.000000,0,0.020111,0.020111,1,1,1,,0,1,-0.276836,-0.214689,-0.635028,0.106281,0.109326,0.026496,0.044381,0.078630,-0.078174,0.077736,0.119231,0.043894
PTN,2024-04,2024-04-11,2024-04-11,1469709600,12703.200000,12703.200000,0,0.000864,0.000864,1,1,1,0.172191,0,1,-0.120000,-0.560000,-0.915000,0.106281,0.109326,0.026496,0.044381,0.078630,-0.078174,0.077736,0.119231,0.043894
RVP,2024-04,2024-04-26,2024-04-29,32332131,76417.351400,0,76417.351400,0.236351,0.000000,8,1,0,0.002132,1,0,0.064815,-0.314815,-0.326852,0.073669,0.148179,0.105545,0.111937,0.119420,-0.008098,0.071476,0.145912,0.100610
ATNI,2024-04,2024-04-29,2024-04-30,301571580,198800.000000,198800.000000,0,0.065921,0.065921,1,1,1,0.019492,0,1,0.509368,0.683255,-0.031616,0.079305,0.181517,0.126669,0.139262,0.138896,0.006069,0.083204,0.166244,0.118760
ASRV,2024-04,2024-04-30,2024-05-01,41212600,7200.000000,7200.000000,0,0.017470,0.017470,1,1,1,0.022028,1,0,0.040909,0.136364,0.040909,0.119331,0.181109,0.149703,0.143461,0.135004,0.010232,0.104388,0.166496,0.130352
AUBN,2024-04,2024-04-30,2024-05-01,64673940,182877.113200,182877.113200,0,0.282768,0.282768,12,5,12,2.405292,1,0,0.043050,0.232472,0.168512,0.119331,0.181109,0.149703,0.143461,0.135004,0.010232,0.104388,0.166496,0.130352
RKT,2024-04,2024-04-30,2024-05-01,2299305119,72690.020000,72690.020000,0,0.003161,0.003161,18,1,18,0.000550,0,1,0.309402,0.321368,0.092308,0.119331,0.181109,0.149703,0.143461,0.135004,0.010232,0.104388,0.166496,0.130352
ED,2024-04,2024-04-30,2024-05-06,32652960000,14588.104000,14588.104000,0,0.000045,0.000045,7,7,7,0.237008,1,0,0.056548,0.048745,0.189211,-0.009517,0.107241,0.100161,-0.008569,0.082836,-0.026810,0.004791,0.110018,0.095525
ED,2024-03,2024-03-31,2024-05-06,31374855000,40726.324590,40726.324590,0,0.000130,0.000130,9,8,9,0.335774,1,0,0.056548,0.048745,0.189211,-0.009517,0.107241,0.100161,-0.008569,0.082836,-0.026810,0.004791,0.110018,0.095525
MAC,2024-05,2024-05-10,2024-05-10,3303230400,2359150.325000,2359150.325000,0,0.071419,0.071419,5,5,5,4.590164,1,0,-0.007123,0.306268,0.126068,0.020490,0.166510,0.155819,0.013343,0.172711,0.029095,0.026618,0.155727,0.133565
CABO,2024-05,2024-05-21,2024-05-22,2044153104,369980.000000,369980.000000,0,0.018099,0.018099,1,1,1,0.280505,0,1,-0.000941,0.165569,-0.565663,0.060475,0.107447,0.134808,0.045840,0.124771,-0.005110,0.061521,0.121530,0.114533
EPSN,2024-05,2024-05-23,2024-05-23,115746850,139312.760000,139312.760000,0,0.120360,0.120360,3,1,3,0.040022,1,0,0.046122,0.169811,0.421384,0.048366,0.116453,0.129370,0.053919,0.160950,0.008322,0.060939,0.135859,0.115064
FOUR,2024-05,2024-05-23,2024-05-23,5576054710,8270572.849700,0,8270572.849700,0.148323,0.000000,2,1,0,0.172900,1,0,0.235248,0.705901,0.390727,0.048366,0.116453,0.129370,0.053919,0.160950,0.008322,0.060939,0.135859,0.115064
INFU,2024-05,2024-05-23,2024-05-23,147389695,123161.330000,123161.330000,0,0.083562,0.083562,6,6,6,2.000000,1,0,-0.111272,0.335260,-0.218208,0.048366,0.116453,0.129370,0.053919,0.160950,0.008322,0.060939,0.135859,0.115064
INVE,2024-05,2024-05-23,2024-05-23,97120259,307822.020000,307822.020000,0,0.316949,0.316949,5,3,5,0.103951,1,0,-0.154589,-0.045894,-0.202899,0.048366,0.116453,0.129370,0.053919,0.160950,0.008322,0.060939,0.135859,0.115064
ONDS,2024-05,2024-05-23,2024-05-23,47791803,78232.136600,0,78232.136600,0.163694,0.000000,2,1,0,0.054583,0,1,0.236389,0.126806,0.287222,0.048366,0.116453,0.129370,0.053919,0.160950,0.008322,0.060939,0.135859,0.115064
LAB,2024-05,2024-05-23,2024-05-28,971783910,5257338.671200,0,5257338.671200,0.540999,0.000000,7,1,0,0.011358,0,1,-0.138340,-0.324111,-0.569170,0.038793,0.111273,0.135733,0.069138,0.180138,0.013188,0.063346,0.140841,0.123435
SOFI,2024-05,2024-05-24,2024-05-28,7325456238,598232.194000,598232.194000,0,0.008166,0.008166,3,1,3,0.003597,1,0,0.127721,1.248186,0.933237,0.038793,0.111273,0.135733,0.069138,0.180138,0.013188,0.063346,0.140841,0.123435
TRST,2024-05,2024-05-24,2024-05-28,535659520,11204.000000,11204.000000,0,0.002092,0.002092,1,1,1,,0,1,0.232613,0.379961,0.160314,0.038793,0.111273,0.135733,0.069138,0.180138,0.013188,0.063346,0.140841,0.123435
AUBN,2024-05,2024-05-29,2024-05-29,64708880,1883.500000,1883.500000,0,0.002911,0.002911,1,1,1,,1,0,0.012019,0.309495,0.162260,0.034324,0.110357,0.146056,0.077832,0.199473,0.031488,0.064612,0.145406,0.135822
GLBZ,2024-05,2024-05-28,2024-05-30,12721293,4400.000000,4400.000000,0,0.034588,0.034588,2,1,2,0.192308,1,0,0.262019,0.442308,0.189904,0.043975,0.132240,0.156648,0.075289,0.192717,0.016524,0.071823,0.160231,0.142133
RVP,2024-05,2024-05-29,2024-05-30,27691872,132231.681800,0,132231.681800,0.477511,0.000000,9,1,0,0.003385,1,0,-0.041501,-0.367799,-0.337208,0.043975,0.132240,0.156648,0.075289,0.192717,0.016524,0.071823,0.160231,0.142133
RKT,2024-05,2024-05-31,2024-05-31,2602633645,49321.840000,49321.840000,0,0.001895,0.001895,15,1,15,0.000459,0,1,0.413688,0.045627,-0.047909,0.058406,0.134350,0.167943,0.072467,0.182737,0.011156,0.072284,0.149748,0.138200
AAP,2024-06,2024-06-03,2024-06-04,4020456860,30150,30150,0,0.000750,0.000750,1,1,1,0.029528,0,0,-0.326790,-0.339019,-0.188254,0.017998,0.140951,0.170843,0.059268,0.195819,0.043893,0.048200,0.150121,0.142171
CSPI,2024-05,2024-05-31,2024-06-04,134736900,207076.280000,0,207076.280000,0.153689,0.000000,61,1,0,0.000522,0,0,-0.047380,0.213927,-0.024408,0.017998,0.140951,0.170843,0.059268,0.195819,0.043893,0.048200,0.150121,0.142171
TRST,2024-06,2024-06-04,2024-06-06,518729940,14992.710000,14992.710000,0,0.002890,0.002890,1,1,1,0.015755,0,0,0.230130,0.350732,0.202056,-0.003451,0.129478,0.150598,0.043846,0.176642,0.052756,0.031251,0.141790,0.134856
BDCO,2024-06,2024-06-06,2024-06-07,64015242,759.200000,0,759.200000,0.001186,0.000000,2,1,0,0.000025,1,0,-0.074074,-0.344907,-0.659722,-0.029293,0.140587,0.153310,0.036165,0.194886,0.072586,0.015154,0.145368,0.137272
BMEA,2024-06,2024-06-11,2024-06-12,159672975,55361.081300,55361.081300,0,0.034672,0.034672,1,1,1,0.417092,1,0,0.632829,0.326134,-0.436285,-0.010075,0.120963,0.132383,0.025485,0.171123,0.053529,0.027412,0.129166,0.129432
ONDS,2024-06,2024-06-11,2024-06-12,57350164,99770.595700,32750.595700,67020.000000,0.173967,0.057106,3,2,2,0.031414,1,0,0.024060,0.214575,0.978022,-0.010075,0.120963,0.132383,0.025485,0.171123,0.053529,0.027412,0.129166,0.129432
FOUR,2024-06,2024-06-14,2024-06-14,6068725169,4064550.602200,0,4064550.602200,0.066975,0.000000,3,1,0,0.047702,1,0,0.189329,0.460843,0.312106,-0.006442,0.110461,0.121803,0.091082,0.176867,0.072773,0.038768,0.120182,0.124496
GLBZ,2024-06,2024-06-12,2024-06-14,11275691,4053.750000,4053.750000,0,0.035951,0.035951,2,1,2,0.161290,1,0,0.493506,0.545455,0.194805,-0.006442,0.110461,0.121803,0.091082,0.176867,0.072773,0.038768,0.120182,0.124496
SOFI,2024-06,2024-06-14,2024-06-14,6838503945,199109.987500,199109.987500,0,0.002912,0.002912,1,1,1,0.003796,1,0,0.198142,1.515480,1.306502,-0.006442,0.110461,0.121803,0.091082,0.176867,0.072773,0.038768,0.120182,0.124496
ECOR,2024-06,2024-06-13,2024-06-17,44671640,573388.820000,573388.820000,0,1.283563,1.283563,7,6,7,0.182436,1,0,-0.011164,1.277512,-0.189793,-0.022806,0.112817,0.097419,0.085883,0.173858,0.052632,0.032079,0.116079,0.106074
ED,2024-06,2024-06-14,2024-06-18,31431933000,96.318090,96.318090,0,0.000000,0.000000,1,1,1,0.000902,0,0,0.166011,0.022063,0.153250,-0.022611,0.107567,0.096888,0.092964,0.158436,0.056359,0.029883,0.108671,0.103110
FLNT,2024-06,2024-06-14,2024-06-18,53285050,10245.900000,0,10245.900000,0.019228,0.000000,1,1,0,0.029992,0,0,-0.216374,-0.187135,-0.447368,-0.022611,0.107567,0.096888,0.092964,0.158436,0.056359,0.029883,0.108671,0.103110
FTCI,2024-06,2024-06-14,2024-06-18,59174330,99107.340000,99107.340000,0,0.167484,0.167484,2,1,2,0.118585,0,1,0.175589,-0.295503,-0.126338,-0.022611,0.107567,0.096888,0.092964,0.158436,0.056359,0.029883,0.108671,0.103110
RVP,2024-06,2024-06-24,2024-06-25,33828989,24436.900000,0,24436.900000,0.072237,0.000000,4,1,0,0.000603,1,0,-0.311927,-0.415596,-0.396606,0.013912,0.108851,0.135242,0.102584,0.121031,0.069052,0.051820,0.110779,0.128215
CSPI,2024-06,2024-06-27,2024-06-27,135465700,234004.180000,0,234004.180000,0.172741,0.000000,50,1,0,0.000738,0,0,-0.141776,0.112870,-0.236063,0.017729,0.102954,0.144434,0.086798,0.124077,0.078705,0.050680,0.107712,0.139469
RKT,2024-06,2024-06-28,2024-06-28,2565185678,71282.500000,71282.500000,0,0.002779,0.002779,18,1,18,0.000450,0,1,0.381944,-0.189815,0.094136,0.017357,0.093958,0.157861,0.089718,0.103169,0.075815,0.053288,0.100369,0.149424
PBF,2024-06,2024-06-28,2024-07-01,5386326131,152097597.940000,0,152097597.940000,2.823773,0.000000,18,1,0,0.038951,0,0,-0.329844,-0.441033,-0.501047,0.014174,0.073113,0.141404,0.101702,0.103937,0.096063,0.055356,0.085597,0.146716
AIG,2024-06,2024-06-28,2024-07-02,49079541870,517.603504,517.603504,0,0.000001,0.000001,1,1,1,0.010488,0,1,-0.029285,-0.022901,0.116586,-0.010333,0.052974,0.137427,0.082975,0.101504,0.107427,0.038895,0.074396,0.144205
AUBN,2024-07,2024-07-08,2024-07-08,64639000,5140.427600,5140.427600,0,0.007953,0.007953,8,4,8,0.014749,0,0,0.202254,0.257414,0.366548,-0.029298,0.057864,0.116825,0.078567,0.117068,0.106356,0.025699,0.079106,0.131093
GME,2024-07,2024-07-08,2024-07-09,9447480000,102879.000000,102879.000000,0,0.001089,0.001089,1,1,1,0.063606,0,1,-0.158130,0.356504,-0.057317,-0.015631,0.038103,0.123790,0.084035,0.112961,0.123211,0.034385,0.065860,0.136766
USB,2024-07,2024-07-18,2024-07-18,69324010000,449900.000000,449900.000000,0,0.000649,0.000649,1,1,1,,0,1,0.137543,0.104748,0.075379,0.025963,0.073274,0.177126,0.041032,0.036624,0.031841,0.056957,0.077443,0.149718
RVP,2024-07,2024-07-29,2024-07-30,34427732,48518.157000,0,48518.157000,0.140928,0.000000,7,1,0,0.000606,1,0,-0.349027,-0.291947,-0.345133,0.094702,0.143930,0.248482,-0.000321,0.025348,0.006888,0.076662,0.122538,0.185166
CSPI,2024-07,2024-07-30,2024-08-01,135446850,65643.020000,0,65643.020000,0.048464,0.000000,12,1,0,0.000730,0,0,-0.172203,0.164746,-0.323390,0.054100,0.141328,0.211761,0.008872,0.061960,0.003728,0.050409,0.121404,0.159201
AMRN,2024-08,2024-08-02,2024-08-05,263136000,102400.000000,102400.000000,0,0.038915,0.038915,1,1,1,0.247916,1,0,-0.075688,-0.152905,0.156728,0.117881,0.193636,0.294133,0.092196,0.114082,0.104782,0.104725,0.162835,0.228859
CROX,2024-08,2024-08-02,2024-08-05,7280962260,247420.168000,247420.168000,0,0.003398,0.003398,1,1,1,0.393844,0,1,-0.121933,-0.200826,-0.157373,0.117881,0.193636,0.294133,0.092196,0.114082,0.104782,0.104725,0.162835,0.228859
BLCO,2024-08,2024-08-05,2024-08-07,5419260000,505067.250000,505067.250000,0,0.009320,0.009320,1,1,1,0.057291,1,0,0.296926,0.160889,-0.097449,0.164478,0.215423,0.316638,0.178524,0.143052,0.100951,0.143052,0.172479,0.234196
CLAR,2024-08,2024-08-06,2024-08-08,171816960,129320.000000,129320.000000,0,0.075266,0.075266,1,1,1,0.064350,0,1,0.069544,0.086331,-0.206235,0.147712,0.185508,0.289493,0.146470,0.112286,0.077162,0.125873,0.149967,0.215710
ARCB,2024-08,2024-08-12,2024-08-12,2434767868,103930.000000,103930.000000,0,0.004269,0.004269,1,1,1,0.377358,0,1,0.184211,-0.098684,-0.293892,0.139982,0.176047,0.292299,0.185374,0.116689,0.121285,0.126253,0.141552,0.220198
ASRV,2024-08,2024-08-13,2024-08-14,37828510,12227.500000,12227.500000,0,0.032324,0.032324,3,1,3,0.021546,1,0,0.197183,0.122066,0.333333,0.108551,0.145128,0.260231,0.141480,0.088913,0.117001,0.101642,0.116778,0.200892
AGM,2024-08,2024-08-15,2024-08-19,1983100260,12391.436000,12391.436000,0,0.000625,0.000625,2,1,2,0.012835,0,1,0.110498,0.078675,0.071502,0.040417,0.124108,0.189531,0.067439,0.062595,0.063260,0.054237,0.099749,0.157554
CSPI,2024-08,2024-08-15,2024-08-19,119667520,54622.620000,0,54622.620000,0.045645,0.000000,11,1,0,0.000436,0,0,-0.148805,0.253925,-0.246416,0.040417,0.124108,0.189531,0.067439,0.062595,0.063260,0.054237,0.099749,0.157554
ECOR,2024-08,2024-08-15,2024-08-19,48477070,30595.000000,30595.000000,0,0.063112,0.063112,1,1,1,0.021851,0,1,0.569106,1.925203,-0.191870,0.040417,0.124108,0.189531,0.067439,0.062595,0.063260,0.054237,0.099749,0.157554
CRWS,2024-08,2024-08-19,2024-08-20,47731940,87404.310000,87404.310000,0,0.183115,0.183115,2,2,2,0.146412,0,1,-0.007895,-0.044737,-0.292105,0.049781,0.126473,0.184965,0.088083,0.075156,0.071985,0.059804,0.101543,0.156363
EPSN,2024-08,2024-08-16,2024-08-21,118083032,48253.920000,48253.920000,0,0.040864,0.040864,1,1,1,0.023603,1,0,0.117647,0.229209,0.113590,0.044293,0.121550,0.173990,0.075471,0.057682,0.060860,0.056531,0.100354,0.147774
ATEC,2024-08,2024-08-23,2024-08-26,823644080,1152948.480000,1002950.000000,149998.480000,0.139981,0.121770,6,4,4,2.333333,0,1,0.619529,0.811448,1.702020,0.067217,0.096956,0.211407,0.103389,-0.012796,0.074969,0.068800,0.071812,0.164799
FTCI,2024-08,2024-08-26,2024-08-27,31462931,422357.290000,422357.290000,0,1.342397,1.342397,11,2,11,0.462790,0,1,0.384615,0.234615,1.484615,0.069772,0.079925,0.209656,0.103822,-0.008878,0.091066,0.072879,0.065004,0.165828
BILL,2024-08,2024-08-28,2024-08-28,5527702320,3755252.679300,3755252.679300,0,0.067935,0.067935,8,3,8,2.092269,1,0,0.716115,0.032499,-0.059453,0.073510,0.094947,0.231205,0.112857,-0.000894,0.099779,0.075891,0.071783,0.176791
PBF,2024-08,2024-08-27,2024-08-28,3765548480,30733102.200000,0,30733102.200000,0.816165,0.000000,7,1,0,0.017274,0,0,-0.028647,-0.323345,-0.145538,0.073510,0.094947,0.231205,0.112857,-0.000894,0.099779,0.075891,0.071783,0.176791
RVP,2024-08,2024-08-27,2024-08-28,28443294,59950.938400,0,59950.938400,0.210774,0.000000,7,1,0,0.001101,1,0,-0.340836,-0.142765,-0.099571,0.073510,0.094947,0.231205,0.112857,-0.000894,0.099779,0.075891,0.071783,0.176791
LAB,2024-08,2024-08-27,2024-08-29,809952840,12585504.208000,0,12585504.208000,1.553856,0.000000,15,1,0,0.023727,0,1,-0.115385,-0.495192,-0.394231,0.084546,0.066126,0.218751,0.109206,-0.023121,0.087113,0.082484,0.054580,0.169680
BDCO,2024-08,2024-08-29,2024-08-30,59687872,30250.000000,0,30250.000000,0.050680,0.000000,2,1,0,0.001249,1,0,-0.220000,-0.555000,-0.642500,0.071753,0.070183,0.194276,0.102819,-0.018390,0.075048,0.072242,0.060910,0.150023
AUBN,2024-08,2024-08-30,2024-09-03,64953460,42526.150000,42526.150000,0,0.065472,0.065472,5,4,5,1.000000,1,0,0.263379,0.179796,0.574865,0.120780,0.076275,0.241363,0.128910,-0.026251,0.107832,0.097234,0.051621,0.180542
APEI,2024-08,2024-08-30,2024-09-04,295592880,13791196.417400,0,13791196.417400,4.665605,0.000000,29,1,0,0.196773,0,1,0.359587,0.309232,1.047773,0.137592,0.093169,0.255857,0.134837,-0.014971,0.123560,0.106315,0.065105,0.192862
HEI,2024-09,2024-09-03,2024-09-05,34350389700,119825.210000,119825.210000,0,0.000349,0.000349,1,1,1,0.378486,0,1,0.068233,0.045529,0.277943,0.133389,0.062114,0.256520,0.127218,-0.025174,0.134838,0.107189,0.048761,0.192308
DLTR,2024-09,2024-09-06,2024-09-09,14297500000,150194.000000,150194.000000,0,0.001050,0.001050,1,1,1,0.288600,0,1,0.061999,0.000297,0.428360,0.151062,0.043335,0.284558,0.144230,-0.030787,0.149181,0.110027,0.032541,0.205010
FTCI,2024-09,2024-09-06,2024-09-09,26112959,75280.000000,75280.000000,0,0.288286,0.288286,2,1,2,0.138934,0,1,0.582160,0.286385,2.070423,0.151062,0.043335,0.284558,0.144230,-0.030787,0.149181,0.110027,0.032541,0.205010
ASTS,2024-09,2024-09-06,2024-09-10,5535019473,129884.180000,129884.180000,0,0.002347,0.002347,5,1,5,0.002199,0,1,-0.067024,0.097664,0.439295,0.136635,0.031306,0.273204,0.140173,-0.030125,0.148023,0.101791,0.019530,0.203264
CRWS,2024-09,2024-09-09,2024-09-10,48767340,56477.100000,56477.100000,0,0.115809,0.115809,1,1,1,0.174249,0,1,-0.023316,-0.137306,-0.305699,0.136635,0.031306,0.273204,0.140173,-0.030125,0.148023,0.101791,0.019530,0.203264
PR,2024-09,2024-09-11,2024-09-12,9045743680,3994820.914400,3994820.914400,0,0.044162,0.044162,2,1,2,0.249716,0,1,0.132953,-0.007341,0.074225,0.114131,-0.007345,0.246690,0.112823,-0.057860,0.139242,0.084243,-0.007342,0.190512
CLAR,2024-09,2024-09-11,2024-09-13,163763039,1239282.800000,0,1239282.800000,0.756754,0.000000,4,1,0,0.052008,0,0,0.125296,-0.096927,-0.122931,0.117661,0.012117,0.251754,0.078624,-0.058261,0.116568,0.078376,0.007869,0.190612
AGL,2024-09,2024-09-12,2024-09-16,1362366210,67188.000000,67188.000000,0,0.004932,0.004932,1,1,1,0.420256,1,0,-0.332317,0.280488,-0.658537,0.138788,0.023210,0.256245,0.081016,-0.049831,0.110699,0.081389,0.014150,0.187222
MERC,2024-09,2024-09-16,2024-09-17,426291458,316989.000000,316989.000000,0,0.074360,0.074360,7,5,7,2.383099,1,0,0.019704,0.016420,-0.499179,0.133190,0.005250,0.253084,0.059903,-0.065819,0.104435,0.076502,0.002782,0.185274
ED,2024-09,2024-09-16,2024-09-18,36299070000,97.189750,97.189750,0,0.000000,0.000000,1,1,1,0.000770,0,0,-0.133168,0.057899,-0.035773,0.097029,0.023105,0.269869,0.012807,-0.051462,0.131706,0.047518,0.016721,0.194358
EPSN,2024-09,2024-09-18,2024-09-19,110181565,626200.000000,626200.000000,0,0.568335,0.568335,2,2,2,0.186709,1,0,0.104384,0.402923,0.045929,0.065224,-0.005498,0.246953,-0.012047,-0.076481,0.100484,0.029635,-0.003227,0.180143
ARQ,2024-09,2024-09-23,2024-09-24,187122320,131250.000000,131250.000000,0,0.070141,0.070141,1,1,1,0.058714,1,0,0.371094,-0.113281,0.404297,0.093636,0.019833,0.234777,0.016731,-0.052551,0.108292,0.056055,0.013701,0.171255
INFU,2024-09,2024-09-23,2024-09-25,127104356,23560.000000,23560.000000,0,0.018536,0.018536,1,1,1,,0,1,0.369128,0.013423,0.691275,0.091866,0.000125,0.228306,0.039770,-0.050671,0.111215,0.058471,0.003831,0.168430
CDXS,2024-09,2024-09-25,2024-09-26,209613120,3750172.800000,0,3750172.800000,1.789093,0.000000,7,1,0,0.219512,0,0,0.603226,-0.058065,-0.206452,0.083740,-0.012967,0.224174,0.034301,-0.060132,0.114819,0.054281,-0.002800,0.170474
RVP,2024-09,2024-09-25,2024-09-26,21707433,118458.552800,0,118458.552800,0.545705,0.000000,8,1,0,0.004868,1,0,-0.115673,0.022191,0.159501,0.083740,-0.012967,0.224174,0.034301,-0.060132,0.114819,0.054281,-0.002800,0.170474
GCTS,2024-09,2024-09-26,2024-09-27,146064000,2239641.060000,0,2239641.060000,1.533329,0.000000,1,1,0,0.101926,0,0,-0.272446,-0.448916,-0.529412,0.075293,-0.033604,0.236701,0.012343,-0.085475,0.108589,0.044699,-0.021448,0.175492
BLNK,2024-09,2024-09-26,2024-09-30,170882660,34000.000000,34000.000000,0,0.019897,0.019897,1,1,1,0.128437,0,1,-0.151163,-0.466453,-0.046512,0.058116,-0.036263,0.236722,0.002029,-0.092175,0.107345,0.028654,-0.018818,0.175198
AUBN,2024-10,2024-10-01,2024-10-01,77846320,5209.711900,5209.711900,0,0.006692,0.006692,8,4,8,0.011486,0,0,0.066602,0.010695,0.306271,0.063969,-0.014760,0.260216,0.017109,-0.079562,0.125047,0.034172,-0.007161,0.189867
BMEA,2024-09,2024-09-30,2024-10-01,366276510,100600.000000,100600.000000,0,0.027466,0.027466,1,1,1,2.000000,0,1,-0.591579,-0.790526,-0.780000,0.063969,-0.014760,0.260216,0.017109,-0.079562,0.125047,0.034172,-0.007161,0.189867
AIG,2024-09,2024-09-30,2024-10-02,45471436200,520.328588,520.328588,0,0.000001,0.000001,1,1,1,0.010739,0,1,0.012773,0.223307,0.122991,0.060383,-0.008961,0.263620,0.019332,-0.063755,0.133689,0.031216,-0.001274,0.190739
PBF,2024-09,2024-09-30,2024-10-02,3531023600,156196004.700000,0,156196004.700000,4.423533,0.000000,13,1,0,0.040611,0,0,-0.134251,-0.359725,0.010671,0.060383,-0.008961,0.263620,0.019332,-0.063755,0.133689,0.031216,-0.001274,0.190739
ANGO,2024-10,2024-10-10,2024-10-10,251261080,135847.120000,135847.120000,0,0.054066,0.054066,4,3,4,0.030231,1,0,1.003257,0.504886,0.791531,0.031301,-0.091403,0.203187,0.002912,-0.157633,0.108549,0.010965,-0.083661,0.147253
BDCO,2024-10,2024-10-15,2024-10-16,58941773,60000.000000,0,60000.000000,0.101795,0.000000,3,1,0,0.001247,1,0,-0.075949,-0.513924,-0.635443,0.054245,-0.092374,0.228798,-0.008939,-0.179956,0.092583,0.021434,-0.091503,0.148340
HEI,2024-10,2024-10-18,2024-10-21,36173702950,1907886.835200,1907886.835200,0,0.005274,0.005274,10,10,10,1.624161,1,0,-0.080018,-0.090874,0.207986,0.061022,-0.123063,0.240728,0.037696,-0.172934,0.124186,0.036755,-0.113886,0.164192
CDXS,2024-10,2024-10-25,2024-10-28,236583000,72720.000000,0,72720.000000,0.030738,0.000000,1,1,0,0.002934,0,0,0.484277,-0.267296,-0.185535,0.039658,-0.043446,0.284489,0.021199,-0.119134,0.131313,0.035404,-0.045542,0.197298
AAP,2024-10,2024-10-25,2024-10-29,2194957820,2545.310460,2545.310460,0,0.000116,0.000116,1,1,1,0.005869,0,1,0.367400,-0.058483,0.572380,0.044969,-0.046301,0.277987,0.025678,-0.111024,0.125356,0.042610,-0.041083,0.195927
CROX,2024-10,2024-10-30,2024-10-30,6280035000,252221.760000,252221.760000,0,0.004016,0.004016,1,1,1,0.317101,0,1,-0.038807,-0.115413,-0.242752,0.050964,-0.039153,0.268052,0.024654,-0.115450,0.117750,0.041085,-0.037812,0.186367
PBF,2024-10,2024-10-31,2024-11-01,3253789760,76861392.410000,0,76861392.410000,2.362211,0.000000,8,1,0,0.042621,0,0,0.051645,-0.361897,0.308340,0.073264,0.006004,0.303778,0.037351,-0.079678,0.133076,0.057457,-0.001162,0.211223
RVP,2024-10,2024-10-30,2024-11-01,21375131,39285.188000,0,39285.188000,0.183789,0.000000,6,1,0,0.001431,1,0,0.150380,0.041960,0.240496,0.073264,0.006004,0.303778,0.037351,-0.079678,0.133076,0.057457,-0.001162,0.211223
BMY,2024-11,2024-11-01,2024-11-05,110216711277,100055.250000,100055.250000,0,0.000091,0.000091,1,1,1,0.030359,0,0,0.068270,-0.131109,-0.128200,0.067263,-0.018902,0.273130,0.015035,-0.117874,0.103066,0.047001,-0.024845,0.189205
ASRV,2024-11,2024-11-07,2024-11-08,44601300,8550.000000,8550.000000,0,0.019170,0.019170,1,1,1,0.020799,1,0,-0.052045,-0.144981,0.111524,0.018724,-0.047947,0.218735,-0.048037,-0.152237,0.036017,0.007711,-0.050550,0.153033
HASI,2024-11,2024-11-11,2024-11-12,3461196204,100485.000000,100485.000000,0,0.002903,0.002903,1,1,1,0.065677,1,0,0.059665,0.049448,0.338374,0.031064,0.008361,0.217450,-0.046710,-0.116840,0.037188,0.017508,-0.010566,0.158816
ARDX,2024-11,2024-11-13,2024-11-14,1068167943,996597.795600,996597.795600,0,0.093300,0.093300,1,1,1,0.178463,0,1,0.201699,-0.282378,0.244161,0.055205,0.023943,0.203384,-0.022132,-0.097971,0.035043,0.031062,0.001496,0.146214
CLAR,2024-11,2024-11-13,2024-11-14,168352800,442500.000000,442500.000000,0,0.262841,0.262841,2,1,2,0.109096,0,1,0.168317,-0.247525,-0.188119,0.055205,0.023943,0.203384,-0.022132,-0.097971,0.035043,0.031062,0.001496,0.146214
CROX,2024-11,2024-11-13,2024-11-14,5701580400,99702.200000,99702.200000,0,0.001749,0.001749,1,1,1,0.046185,1,0,0.102043,0.174344,-0.265071,0.055205,0.023943,0.203384,-0.022132,-0.097971,0.035043,0.031062,0.001496,0.146214
AWRE,2024-11,2024-11-15,2024-11-19,30467520,4987.030000,4987.030000,0,0.016368,0.016368,1,1,1,0.120461,1,0,0.158273,0.187050,0.553957,0.073055,0.036598,0.197920,-0.011880,-0.088681,0.023186,0.039383,0.010736,0.136199
BDSX,2024-11,2024-11-21,2024-11-22,175923600,821545.687200,190491.500000,631054.187200,0.466990,0.108281,10,5,4,0.729005,0,1,-0.310937,-0.732422,-0.713281,0.041796,0.009955,0.202913,-0.085104,-0.147214,0.015698,0.010831,-0.021336,0.136617
AIG,2024-11,2024-11-26,2024-11-26,47377722000,50001.600000,50001.600000,0,0.000106,0.000106,1,1,1,0.980592,0,1,0.041428,0.101254,0.018125,0.009490,0.026548,0.212585,-0.102100,-0.132281,0.038986,-0.007340,-0.009515,0.145355
BDCO,2024-11,2024-11-26,2024-11-26,47302638,81780.000000,0,81780.000000,0.172887,0.000000,9,1,0,0.001242,1,0,-0.432177,-0.438486,-0.539432,0.009490,0.026548,0.212585,-0.102100,-0.132281,0.038986,-0.007340,-0.009515,0.145355
AUBN,2024-11,2024-11-27,2024-11-27,82458400,4700.000000,4700.000000,0,0.005700,0.005700,2,2,2,0.500000,1,0,-0.074805,-0.112437,0.071134,0.019970,0.030134,0.232127,-0.102215,-0.142628,0.043625,-0.003817,-0.012270,0.155101
AAP,2024-11,2024-11-26,2024-11-29,2619133120,147599.750000,147599.750000,0,0.005635,0.005635,3,2,3,0.442824,0,0,-0.102686,0.174743,0.306804,-0.001465,0.021558,0.217297,-0.109909,-0.147724,0.026572,-0.010569,-0.015599,0.142710
GLBZ,2024-11,2024-11-27,2024-12-02,17549271,21830.000000,21830.000000,0,0.124393,0.124393,1,1,1,0.893504,1,0,-0.156729,-0.148211,-0.296422,-0.033839,0.018525,0.213606,-0.133811,-0.144639,0.025195,-0.029638,-0.011801,0.142794
PBF,2024-11,2024-11-29,2024-12-02,3592631120,49287844.300000,0,49287844.300000,1.371915,0.000000,12,1,0,0.015171,0,0,-0.375854,-0.420111,0.103807,-0.033839,0.018525,0.213606,-0.133811,-0.144639,0.025195,-0.029638,-0.011801,0.142794
RVP,2024-11,2024-11-26,2024-12-02,18381415,38950.974900,0,38950.974900,0.211904,0.000000,5,1,0,0.001354,1,0,0.272293,0.035111,0.309713,-0.033839,0.018525,0.213606,-0.133811,-0.144639,0.025195,-0.029638,-0.011801,0.142794
AWRE,2024-12,2024-12-02,2024-12-03,33429640,4025.000000,4025.000000,0,0.012040,0.012040,1,1,1,0.064509,1,0,-0.050955,0.057325,0.414013,-0.039709,0.023349,0.212854,-0.137444,-0.124586,0.051345,-0.041571,-0.006641,0.146208
FLNT,2024-12,2024-12-05,2024-12-06,47901330,52379.953700,0,52379.953700,0.109350,0.000000,2,1,0,0.004713,0,0,-0.028986,-0.297101,-0.242754,-0.064379,0.009660,0.192161,-0.135476,-0.108492,0.061429,-0.049280,-0.007959,0.138420
AGL,2024-11,2024-11-25,2024-12-11,931219440,28473.750000,28473.750000,0,0.003058,0.003058,1,1,1,0.322007,0,1,0.979899,0.150754,-0.637990,-0.098560,0.007826,0.186895,-0.151688,-0.096813,0.096085,-0.076893,-0.003713,0.148310
CBZ,2024-12,2024-12-09,2024-12-11,4607036570,77556.000000,77556.000000,0,0.001683,0.001683,1,1,1,0.513084,0,1,-0.118485,-0.117202,-0.310013,-0.098560,0.007826,0.186895,-0.151688,-0.096813,0.096085,-0.076893,-0.003713,0.148310
AGL,2024-12,2024-12-13,2024-12-13,922978560,219988.109600,219988.109600,0,0.023835,0.023835,4,4,4,0.610048,0,1,0.808036,-0.040179,-0.703929,-0.094433,-0.003652,0.157008,-0.126906,-0.099069,0.092689,-0.065383,-0.005608,0.140360
FTCI,2024-12,2024-12-13,2024-12-16,38616891,159295.000000,159295.000000,0,0.412501,0.412501,5,1,5,0.047633,1,0,-0.179641,0.383234,1.865269,-0.101492,-0.004125,0.142854,-0.121041,-0.093757,0.081201,-0.062178,-0.000420,0.132396
SOFI,2024-12,2024-12-16,2024-12-16,18363127440,500000.895400,500000.895400,0,0.002723,0.002723,1,1,1,1.973545,0,0,-0.270142,-0.117299,0.574645,-0.101492,-0.004125,0.142854,-0.121041,-0.093757,0.081201,-0.062178,-0.000420,0.132396
ED,2024-12,2024-12-16,2024-12-17,31575960000,97.949640,97.949640,0,0.000000,0.000000,1,1,1,0.000868,0,0,0.197433,0.135239,0.141190,-0.112902,-0.009473,0.126631,-0.118617,-0.092907,0.082052,-0.068482,-0.004864,0.124567
BDCO,2024-12,2024-12-17,2024-12-19,38647897,33585.000000,0,33585.000000,0.086900,0.000000,7,1,0,0.000617,1,0,-0.314079,-0.277978,-0.530686,-0.066392,0.027809,0.206574,-0.065219,-0.043649,0.153533,-0.031917,0.023437,0.178806
ARDX,2024-12,2024-12-19,2024-12-23,1113268367,996580.260000,996580.260000,0,0.089518,0.089518,1,1,1,0.149635,0,1,0.146288,-0.207424,0.266376,-0.060192,0.019441,0.195834,-0.054580,-0.038756,0.151355,-0.031760,0.015205,0.170415
COSM,2024-12,2024-12-20,2024-12-26,11163124,199999.984800,49999.996200,149999.988600,1.791613,0.447903,2,2,1,0.133718,1,0,-0.241270,-0.306349,-0.184127,-0.089235,0.034070,0.184006,-0.091302,-0.040679,0.126626,-0.054141,0.023578,0.161426
PBF,2024-12,2024-12-26,2024-12-30,2932061600,38125443.900000,0,38125443.900000,1.300295,0.000000,8,1,0,0.011994,0,0,-0.244278,-0.131502,0.064087,-0.089195,0.072685,0.207444,-0.094013,-0.017256,0.136579,-0.046150,0.056629,0.181661
AIG,2024-12,2024-12-30,2025-01-02,45049197000,787.229520,787.229520,0,0.000002,0.000002,1,1,1,0.008184,0,1,0.186907,0.151339,0.179396,-0.115429,0.092998,0.207756,-0.140476,0.013868,0.137675,-0.079244,0.075990,0.182252
CDXS,2024-12,2024-12-31,2025-01-02,393095699,210994.500000,0,210994.500000,0.053675,0.000000,2,1,0,0.004096,0,0,-0.542000,-0.446000,-0.678000,-0.115429,0.092998,0.207756,-0.140476,0.013868,0.137675,-0.079244,0.075990,0.182252
RVP,2024-12,2024-12-31,2025-01-02,20608740,29958.374100,0,29958.374100,0.145367,0.000000,8,1,0,0.001920,1,0,-0.067266,-0.114924,0.034722,-0.115429,0.092998,0.207756,-0.140476,0.013868,0.137675,-0.079244,0.075990,0.182252
CVI,2025-01,2025-01-08,2025-01-10,1868295000,16027369.000000,0,16027369.000000,0.857861,0.000000,1,1,0,0.013168,0,0,-0.067977,0.701009,0.166224,-0.102751,0.095541,0.242825,-0.147855,0.027585,0.219605,-0.077427,0.080704,0.211606
BDCO,2025-01,2025-01-15,2025-01-17,54465183,28900.000000,3400.000000,25500.000000,0.053061,0.006243,10,2,1,0.000246,1,0,-0.485255,-0.549598,-0.689008,-0.168646,0.078549,0.171349,-0.187649,-0.008873,0.177785,-0.137474,0.056474,0.147192
ARDX,2025-01,2025-01-21,2025-01-22,1171644551,992671.700000,992671.700000,0,0.084725,0.084725,1,1,1,0.114449,0,1,-0.039604,-0.130693,0.570297,-0.143502,0.063534,0.173828,-0.164769,-0.002046,0.195107,-0.114451,0.052043,0.149453
RVP,2025-01,2025-01-27,2025-01-28,23680292,72568.959900,0,72568.959900,0.306453,0.000000,6,1,0,0.001944,1,0,-0.091364,-0.083490,-0.123735,-0.087343,0.089930,0.219650,-0.133280,-0.012988,0.174258,-0.080273,0.057121,0.163893
AUBN,2025-01,2025-01-30,2025-01-31,76623420,9647.560800,9647.560800,0,0.012591,0.012591,9,4,9,0.025237,0,0,-0.070402,0.206743,0.188894,-0.062669,0.063247,0.204903,-0.112815,-0.046274,0.170657,-0.055433,0.039226,0.169089
CDXS,2025-01,2025-01-31,2025-01-31,345297900,282967.000000,0,282967.000000,0.081949,0.000000,2,1,0,0.005226,0,0,-0.398568,-0.357995,-0.656325,-0.062669,0.063247,0.204903,-0.112815,-0.046274,0.170657,-0.055433,0.039226,0.169089
COSM,2025-01,2025-01-30,2025-01-31,17210858,338999.355300,0,338999.355300,1.969683,0.000000,7,1,0,0.043363,1,0,-0.364407,0.220339,-0.350282,-0.062669,0.063247,0.204903,-0.112815,-0.046274,0.170657,-0.055433,0.039226,0.169089
TRST,2025-01,2025-01-29,2025-01-31,609020400,20081.250000,20081.250000,0,0.003297,0.003297,1,1,1,0.016940,0,0,-0.007244,0.051696,0.446823,-0.062669,0.063247,0.204903,-0.112815,-0.046274,0.170657,-0.055433,0.039226,0.169089
PBF,2025-01,2025-01-31,2025-02-03,3401445740,12596745.800000,0,12596745.800000,0.370335,0.000000,5,1,0,0.004282,0,0,-0.326679,-0.139731,0.298656,-0.060724,0.091602,0.195959,-0.109206,-0.013384,0.187242,-0.054482,0.062172,0.167052
ASRV,2025-02,2025-02-03,2025-02-04,43940540,7860.000000,7860.000000,0,0.017888,0.017888,1,1,1,0.019868,1,0,-0.083665,0.119522,0.442231,-0.080734,0.071053,0.160834,-0.130941,-0.021883,0.160968,-0.068620,0.049741,0.153652
IBKR,2025-01,2025-01-31,2025-02-04,91187040453,29633.850000,29633.850000,0,0.000032,0.000032,1,1,1,0.057668,0,1,-0.193954,0.153706,0.333273,-0.080734,0.071053,0.160834,-0.130941,-0.021883,0.160968,-0.068620,0.049741,0.153652
TRST,2025-02,2025-02-05,2025-02-07,621003000,12932.000000,12932.000000,0,0.002082,0.002082,1,1,1,0.966184,0,1,-0.034494,0.039007,0.443585,-0.065445,0.101607,0.180750,-0.109459,-0.020220,0.194159,-0.057816,0.066924,0.168656
AUBN,2025-02,2025-02-11,2025-02-11,73164360,2625,2625,0,0.003588,0.003588,1,1,1,0.009815,1,0,-0.021483,0.300767,0.251151,-0.022019,0.101471,0.167109,-0.073566,0.009989,0.187132,-0.027591,0.068086,0.156571
MTH,2025-02,2025-02-10,2025-02-12,5358386650,819610.000000,819610.000000,0,0.015296,0.015296,1,1,1,0.013747,0,0,-0.076770,0.079892,0.074642,-0.016743,0.101373,0.142696,-0.073206,0.039192,0.173751,-0.023196,0.075218,0.142395
AIG,2025-02,2025-02-13,2025-02-18,45369376000,770000,770000,0,0.001697,0.001697,1,1,1,,0,1,0.119638,0.088118,0.079896,-0.033975,0.058201,0.128841,-0.077724,0.000626,0.174980,-0.027562,0.052562,0.135512
RVP,2025-02,2025-02-19,2025-02-20,24132343,71715.178100,0,71715.178100,0.297175,0.000000,6,1,0,0.001991,1,0,-0.228795,0.005783,-0.196024,-0.041817,0.051212,0.138973,-0.091881,0.012725,0.193226,-0.041826,0.047458,0.142790
BMY,2025-02,2025-02-20,2025-02-21,113309490000,210095.972240,210095.972240,0,0.000185,0.000185,2,2,2,0.029359,1,0,-0.151672,-0.120915,0.152441,-0.030563,0.090061,0.148985,-0.067888,0.083648,0.209493,-0.031822,0.082038,0.150784
COSM,2025-02,2025-02-24,2025-02-25,14711248,200000.092000,0,200000.092000,1.359505,0.000000,1,1,0,0.100007,1,0,-0.211864,0.401695,-0.325424,0.016898,0.118423,0.207446,-0.033613,0.093061,0.242080,-0.002191,0.092188,0.180166
ARDX,2025-02,2025-02-24,2025-02-26,1224141863,388738.274800,388738.274800,0,0.031756,0.031756,1,1,1,0.040113,0,1,-0.233333,0.213725,0.300000,0.009966,0.117433,0.190011,-0.045014,0.099491,0.247198,-0.008485,0.094108,0.173008
CMRC,2025-02,2025-02-25,2025-02-26,541596450,147625.415600,147625.415600,0,0.027257,0.027257,2,1,2,0.346514,0,1,-0.290831,-0.323782,-0.590258,0.009966,0.117433,0.190011,-0.045014,0.099491,0.247198,-0.008485,0.094108,0.173008
CSPI,2025-02,2025-02-26,2025-02-26,156588680,97106.210000,0,97106.210000,0.062014,0.000000,16,1,0,0.000580,0,0,-0.117933,-0.241945,-0.443161,0.009966,0.117433,0.190011,-0.045014,0.099491,0.247198,-0.008485,0.094108,0.173008
PBF,2025-02,2025-02-28,2025-03-03,2491216070,18694157.300000,0,18694157.300000,0.750403,0.000000,9,1,0,0.006345,0,0,-0.070907,0.447341,1.051095,0.054198,0.140926,0.216446,-0.012501,0.125979,0.255703,0.018381,0.103337,0.179092
CDXS,2025-02,2025-02-28,2025-03-04,250526400,646656.712000,0,646656.712000,0.258119,0.000000,4,1,0,0.016961,0,0,-0.126866,-0.063433,-0.597015,0.065665,0.144382,0.238712,0.014906,0.138830,0.282383,0.036445,0.116546,0.201636
CVI,2025-02,2025-02-28,2025-03-04,1851210000,65846.400000,0,65846.400000,0.003557,0.000000,1,1,0,0.000053,0,0,0.320649,0.767767,0.470621,0.065665,0.144382,0.238712,0.014906,0.138830,0.282383,0.036445,0.116546,0.201636
LAB,2025-02,2025-02-28,2025-03-04,404703960,5134321.335000,0,5134321.335000,1.268661,0.000000,1,1,0,0.089234,0,1,0.009434,0.169811,0.000000,0.065665,0.144382,0.238712,0.014906,0.138830,0.282383,0.036445,0.116546,0.201636
CABO,2025-03,2025-03-05,2025-03-05,1430593373,982020.000000,982020.000000,0,0.068644,0.068644,2,1,2,0.537249,0,1,-0.427244,-0.382428,-0.566967,0.054865,0.138528,0.219080,0.002143,0.126559,0.245567,0.025155,0.110667,0.182242
COSM,2025-03,2025-03-04,2025-03-05,13669744,109999.901600,0,109999.901600,0.804696,0.000000,2,1,0,0.034019,1,0,-0.104331,0.543307,-0.281496,0.054865,0.138528,0.219080,0.002143,0.126559,0.245567,0.025155,0.110667,0.182242
GLBZ,2025-03,2025-03-06,2025-03-07,14469355,14998.750000,14998.750000,0,0.103659,0.103659,2,1,2,0.360909,1,0,-0.017717,-0.112205,-0.092520,0.079134,0.174410,0.242072,0.031213,0.160355,0.245365,0.043463,0.130548,0.191565
PR,2025-03,2025-03-05,2025-03-07,8751155050,12646975.000000,12646975.000000,0,0.144518,0.144518,3,1,3,1.600364,0,1,0.083822,0.119028,0.579212,0.079134,0.174410,0.242072,0.031213,0.160355,0.245365,0.043463,0.130548,0.191565
CMRC,2025-03,2025-03-06,2025-03-10,491142050,1176382.267400,1176382.267400,0,0.239520,0.239520,1,1,1,2.325671,0,1,-0.069444,-0.190972,-0.489583,0.124307,0.227730,0.292175,0.065099,0.192666,0.276176,0.072975,0.164347,0.222190
NOG,2025-03,2025-03-07,2025-03-10,2709414400,1744123.500000,1744123.500000,0,0.064373,0.064373,4,3,4,1.000000,1,0,0.084496,-0.087684,0.055799,0.124307,0.227730,0.292175,0.065099,0.192666,0.276176,0.072975,0.164347,0.222190
CLH,2025-03,2025-03-10,2025-03-11,10114218260,200949.000000,200949.000000,0,0.001987,0.001987,1,1,1,0.045282,1,0,0.166606,0.230937,0.506948,0.134453,0.234149,0.295095,0.070973,0.185805,0.273725,0.088095,0.176812,0.230894
CSPI,2025-03,2025-03-11,2025-03-11,144816500,31041.000000,0,31041.000000,0.021435,0.000000,7,1,0,0.000361,0,0,-0.208279,-0.295007,-0.437582,0.134453,0.234149,0.295095,0.070973,0.185805,0.273725,0.088095,0.176812,0.230894
MPLX,2025-03,2025-03-07,2025-03-11,53754000000,211000.000000,211000.000000,0,0.000393,0.000393,1,1,1,0.187802,0,0,-0.011121,-0.010265,0.211506,0.134453,0.234149,0.295095,0.070973,0.185805,0.273725,0.088095,0.176812,0.230894
AMPY,2025-03,2025-03-11,2025-03-12,162359520,252500.000000,252500.000000,0,0.155519,0.155519,4,4,4,0.382438,0,0,-0.069054,0.015345,0.549872,0.118019,0.220786,0.258682,0.064687,0.181589,0.244155,0.079276,0.173986,0.205798
AGM,2025-03,2025-03-11,2025-03-13,2079392640,195616.000000,195616.000000,0,0.009407,0.009407,1,1,1,0.079891,0,1,0.020030,0.053468,-0.179882,0.141176,0.250387,0.274135,0.076537,0.221664,0.258830,0.098183,0.199723,0.215162
ARCB,2025-03,2025-03-13,2025-03-13,1694208729,52423.000000,52423.000000,0,0.003094,0.003094,1,1,1,0.094061,1,0,-0.039774,0.007734,0.169866,0.141176,0.250387,0.274135,0.076537,0.221664,0.258830,0.098183,0.199723,0.215162
ARES,2025-03,2025-03-11,2025-03-13,44717286077,1413300.000000,1413300.000000,0,0.003161,0.003161,1,1,1,0.774893,0,1,0.227917,0.336811,-0.254109,0.141176,0.250387,0.274135,0.076537,0.221664,0.258830,0.098183,0.199723,0.215162
CLAR,2025-03,2025-03-11,2025-03-13,157684260,89876.600000,89876.600000,0,0.056998,0.056998,1,1,1,0.039405,0,1,-0.106771,-0.013021,-0.294271,0.141176,0.250387,0.274135,0.076537,0.221664,0.258830,0.098183,0.199723,0.215162
ASRV,2025-03,2025-03-13,2025-03-14,39315220,7260.000000,7260.000000,0,0.018466,0.018466,1,1,1,0.019481,1,0,0.121212,0.203463,0.584416,0.100248,0.226266,0.258023,0.031883,0.180640,0.240703,0.063957,0.175064,0.202696
MTH,2025-03,2025-03-13,2025-03-14,4991620150,346400.000000,346400.000000,0,0.006940,0.006940,1,1,1,0.152905,0,1,-0.078819,0.133284,-0.066716,0.100248,0.226266,0.258023,0.031883,0.180640,0.240703,0.063957,0.175064,0.202696
AWRE,2025-03,2025-03-14,2025-03-17,34877880,135463.880000,135463.880000,0,0.388395,0.388395,7,4,7,0.216375,1,0,0.117284,0.814815,-0.277778,0.108366,0.228793,0.256005,0.031041,0.170876,0.233009,0.065852,0.172271,0.196625
BCSF,2025-03,2025-03-17,2025-03-17,1069094280,25137.900000,25137.900000,0,0.002351,0.002351,1,1,1,0.079255,0,1,-0.078192,-0.055954,-0.145624,0.108366,0.228793,0.256005,0.031041,0.170876,0.233009,0.065852,0.172271,0.196625
CVI,2025-03,2025-03-14,2025-03-17,1932615000,17269842.320000,0,17269842.320000,0.893600,0.000000,10,1,0,0.003057,0,0,0.338200,0.473479,0.441849,0.108366,0.228793,0.256005,0.031041,0.170876,0.233009,0.065852,0.172271,0.196625
D,2025-03,2025-03-13,2025-03-17,46095498000,25654.750000,25654.750000,0,0.000056,0.000056,1,1,1,,0,1,0.012556,0.133668,0.205331,0.108366,0.228793,0.256005,0.031041,0.170876,0.233009,0.065852,0.172271,0.196625
ED,2025-03,2025-03-14,2025-03-17,37254141000,101.198600,101.198600,0,0.000000,0.000000,1,1,1,0.000269,0,0,-0.047638,-0.083463,0.103280,0.108366,0.228793,0.256005,0.031041,0.170876,0.233009,0.065852,0.172271,0.196625
INVE,2025-03,2025-03-14,2025-03-17,75044820,84105.409000,84105.409000,0,0.112074,0.112074,2,2,2,0.079189,1,0,-0.018750,0.131250,0.071875,0.108366,0.228793,0.256005,0.031041,0.170876,0.233009,0.065852,0.172271,0.196625
MAC,2025-03,2025-03-14,2025-03-17,4171838079,1108632.000000,1108632.000000,0,0.026574,0.026574,2,2,2,3.305005,1,0,-0.050733,0.078851,0.155868,0.108366,0.228793,0.256005,0.031041,0.170876,0.233009,0.065852,0.172271,0.196625
ECOR,2025-03,2025-03-17,2025-03-18,68467140,57175.000000,57175.000000,0,0.083507,0.083507,2,2,2,0.023962,1,0,-0.393795,-0.422434,-0.176611,0.116593,0.249045,0.259978,0.029170,0.179207,0.223785,0.068295,0.183455,0.192828
HFFG,2025-03,2025-03-19,2025-03-20,154521314,57845.390000,57845.390000,0,0.037435,0.037435,4,3,4,0.047932,1,0,-0.112676,-0.033803,-0.470423,0.100900,0.245417,0.220655,0.023075,0.200712,0.193992,0.057178,0.178118,0.163549
CDXS,2025-03,2025-03-21,2025-03-24,210145500,1019227.202772,0,1019227.202772,0.485010,0.000000,7,1,0,0.011154,0,0,-0.231270,-0.179153,-0.456026,0.084733,0.230108,0.195933,0.016737,0.176733,0.204046,0.048506,0.168251,0.150834
ATOS,2025-03,2025-03-26,2025-03-28,89902326,7000.000000,7000.000000,0,0.007786,0.007786,1,1,1,38.910506,0,1,0.263410,0.233716,-0.548851,0.170088,0.273806,0.196280,0.077996,0.210787,0.208310,0.109899,0.197879,0.150358
AAP,2025-03,2025-03-27,2025-03-31,2422200000,598611.000000,598611.000000,0,0.024714,0.024714,4,4,4,0.753474,1,0,0.194839,0.624803,0.376251,0.177732,0.279760,0.236834,0.084722,0.218052,0.256654,0.107751,0.193242,0.175912
ASAN,2025-03,2025-03-31,2025-04-01,3421895630,32115993.040000,0,32115993.040000,0.938544,0.000000,10,1,0,0.004697,1,0,-0.107120,-0.127368,-0.586545,0.158456,0.272988,0.242089,0.095785,0.219655,0.264398,0.104304,0.194382,0.181439
PBF,2025-03,2025-03-28,2025-04-01,2205243530,8645352.500000,0,8645352.500000,0.392036,0.000000,5,1,0,0.005150,0,0,0.170852,0.604803,1.489629,0.158456,0.272988,0.242089,0.095785,0.219655,0.264398,0.104304,0.194382,0.181439
RVP,2025-03,2025-03-31,2025-04-01,21060791,22989.411600,0,22989.411600,0.109157,0.000000,5,1,0,0.000931,1,0,-0.102132,0.181257,-0.066218,0.158456,0.272988,0.242089,0.095785,0.219655,0.264398,0.104304,0.194382,0.181439
AIG,2025-03,2025-03-31,2025-04-02,50712102000,791.583530,791.583530,0,0.000002,0.000002,1,1,1,0.004644,0,1,-0.056194,-0.082004,-0.121070,0.158068,0.269827,0.234504,0.093695,0.203290,0.253387,0.102317,0.190893,0.175049
GME,2025-04,2025-04-10,2025-04-10,11186442000,11140200.000000,11140200.000000,0,0.099587,0.099587,3,3,3,0.064103,1,0,-0.076739,-0.037970,-0.071942,0.246286,0.371841,0.376170,0.240549,0.356585,0.453552,0.196517,0.286772,0.310085
BDCO,2025-04,2025-04-11,2025-04-11,31037693,103493.000000,0,103493.000000,0.333443,0.000000,26,1,0,0.002455,1,0,-0.225962,-0.302885,0.442308,0.221000,0.300275,0.365271,0.205881,0.297115,0.453366,0.171402,0.230049,0.299692
DLTR,2025-04,2025-04-15,2025-04-16,15336480000,1757571.830000,1757571.830000,0,0.011460,0.011460,4,2,4,4.937545,1,0,0.456358,0.310886,0.364977,0.256047,0.358887,0.448886,0.198247,0.360997,0.475212,0.191003,0.272682,0.350117
PBF,2025-04,2025-04-15,2025-04-16,1677473070,3996917.200000,0,3996917.200000,0.238270,0.000000,10,1,0,0.003073,0,0,0.697953,0.949894,1.976711,0.256047,0.358887,0.448886,0.198247,0.360997,0.475212,0.191003,0.272682,0.350117
ASAN,2025-04,2025-04-15,2025-04-17,3684937710,18241752.940000,0,18241752.940000,0.495036,0.000000,11,1,0,0.004487,1,0,-0.028976,-0.057951,-0.606469,0.266445,0.354104,0.468107,0.204140,0.321561,0.494892,0.196586,0.262199,0.364489
USB,2025-04,2025-04-21,2025-04-21,58945790000,186600.000000,186600.000000,0,0.000317,0.000317,1,1,1,0.500000,0,1,0.224138,0.273081,0.567297,0.304076,0.415213,0.494902,0.215082,0.365678,0.518436,0.227169,0.313837,0.385824
RVP,2025-04,2025-04-21,2025-04-23,20656639,45798.975900,0,45798.975900,0.221716,0.000000,6,1,0,0.002210,1,0,-0.060754,0.328994,-0.121644,0.241723,0.335067,0.440006,0.194823,0.286270,0.463890,0.188011,0.254394,0.338333
COSM,2025-04,2025-04-24,2025-04-28,11530150,525999.962400,0,525999.962400,4.561952,0.000000,5,1,0,0.159141,1,0,0.685096,1.201923,-0.109615,0.203995,0.332588,0.398641,0.152919,0.291231,0.420344,0.159696,0.251095,0.306782
AUBN,2025-04,2025-04-29,2025-04-29,69524610,34156.936700,34156.936700,0,0.049129,0.049129,12,7,12,0.500000,1,0,0.417109,0.387885,0.230606,0.194238,0.334024,0.397973,0.138790,0.276753,0.402522,0.149385,0.246579,0.298405
BMY,2025-04,2025-04-25,2025-04-29,97476500000,202215.000000,202215.000000,0,0.000207,0.000207,1,1,1,0.053619,0,0,-0.035375,-0.106557,0.228430,0.194238,0.334024,0.397973,0.138790,0.276753,0.402522,0.149385,0.246579,0.298405
TRST,2025-04,2025-04-25,2025-04-29,575777400,31076.800000,31076.800000,0,0.005397,0.005397,2,2,2,0.104822,0,0,0.126402,0.267414,0.579681,0.194238,0.334024,0.397973,0.138790,0.276753,0.402522,0.149385,0.246579,0.298405
AUBN,2025-05,2025-05-01,2025-05-01,70188412,1779.300000,1779.300000,0,0.002535,0.002535,1,1,1,0.010732,0,1,0.342105,0.306842,0.226316,0.174296,0.302690,0.406357,0.122061,0.255801,0.439771,0.135148,0.224302,0.305195
CVI,2025-04,2025-04-29,2025-05-01,1957740000,32080527.620000,0,32080527.620000,1.638651,0.000000,16,1,0,0.003901,0,0,0.383775,0.917317,0.719709,0.174296,0.302690,0.406357,0.122061,0.255801,0.439771,0.135148,0.224302,0.305195
CDXS,2025-04,2025-04-30,2025-05-02,196394699,882515.500000,0,882515.500000,0.449358,0.000000,9,1,0,0.010678,0,0,0.067460,-0.059524,-0.003968,0.134335,0.289824,0.383167,0.075003,0.235116,0.401092,0.100215,0.210360,0.281392
FTCI,2025-04,2025-04-02,2025-05-02,38641533,196582.440000,196582.440000,0,0.508734,0.508734,4,1,4,0.086733,0,1,0.910543,1.817891,0.651757,0.134335,0.289824,0.383167,0.075003,0.235116,0.401092,0.100215,0.210360,0.281392
ARCB,2025-05,2025-05-07,2025-05-09,1359562951,201662,201662,0,0.014833,0.014833,1,1,1,0.116871,0,1,0.150685,0.087084,0.927593,0.178750,0.252407,0.468820,0.100207,0.209950,0.436248,0.132394,0.195770,0.325038
MERC,2025-05,2025-05-08,2025-05-12,238883986,60639.490000,60639.490000,0,0.025384,0.025384,4,3,4,0.447256,0,0,-0.315245,-0.542636,-0.772610,0.129266,0.230009,0.399366,0.062637,0.180600,0.374068,0.094015,0.175575,0.280705
PTN,2025-05,2025-05-07,2025-05-12,19326087,10180.000000,10180.000000,0,0.052675,0.052675,1,1,1,2.627085,0,1,0.888889,1.233333,3.377778,0.129266,0.230009,0.399366,0.062637,0.180600,0.374068,0.094015,0.175575,0.280705
HFFG,2025-05,2025-05-14,2025-05-14,202871411,10023.846900,10023.846900,0,0.004941,0.004941,1,1,1,0.006487,1,0,-0.107050,-0.399478,-0.501305,0.120127,0.200167,0.394457,0.121276,0.184878,0.390484,0.100751,0.169695,0.287859
ARDX,2025-05,2025-05-15,2025-05-19,810958566,1940056.448000,1940056.448000,0,0.239230,0.239230,2,1,2,0.189223,0,1,0.431034,0.455665,0.500000,0.106797,0.159058,0.350413,0.093920,0.120103,0.320549,0.084639,0.125467,0.247592
CNDT,2025-05,2025-05-16,2025-05-19,362614500,133711.360000,133711.360000,0,0.036874,0.036874,2,2,2,0.043476,1,0,0.171171,-0.103604,-0.351351,0.106797,0.159058,0.350413,0.093920,0.120103,0.320549,0.084639,0.125467,0.247592
RVP,2025-05,2025-05-16,2025-05-19,21554754,123127.604300,0,123127.604300,0.571232,0.000000,11,1,0,0.005625,1,0,0.067342,0.112015,-0.093279,0.106797,0.159058,0.350413,0.093920,0.120103,0.320549,0.084639,0.125467,0.247592
BDSX,2025-05,2025-05-19,2025-05-20,44143456,1316624.499000,0,1316624.499000,2.982604,0.000000,2,1,0,0.246991,0,1,0.500000,0.326568,1.651292,0.095418,0.148782,0.377359,0.084953,0.122946,0.353089,0.082394,0.119802,0.264646
OGE,2025-05,2025-05-21,2025-05-21,8899473000,44685.000000,44685.000000,0,0.000502,0.000502,1,1,1,0.065850,0,1,0.033641,0.016110,0.129827,0.104272,0.171918,0.399443,0.112341,0.155223,0.405236,0.098020,0.143394,0.288858
ATOS,2025-05,2025-05-21,2025-05-22,112464387,9886.948300,9886.948300,0,0.008791,0.008791,1,1,1,4.226777,1,0,-0.144828,-0.135632,-0.619923,0.097090,0.142024,0.402744,0.115189,0.133889,0.418370,0.093181,0.125511,0.293404
INSM,2025-05,2025-05-21,2025-05-22,12497718040,201694.150000,201694.150000,0,0.001614,0.001614,2,1,2,0.596306,0,1,1.004232,2.017533,0.605804,0.097090,0.142024,0.402744,0.115189,0.133889,0.418370,0.093181,0.125511,0.293404
BLCO,2025-05,2025-05-22,2025-05-27,3979125000,267996.725000,267996.725000,0,0.006735,0.006735,2,2,2,0.042319,1,0,0.223729,0.346610,0.332203,0.099838,0.170880,0.406280,0.131080,0.186838,0.413142,0.094586,0.148415,0.284016
COSM,2025-05,2025-05-23,2025-05-27,12881564,259977.704600,0,259977.704600,2.018215,0.000000,5,1,0,0.029984,1,0,0.778495,0.350538,-0.429892,0.099838,0.170880,0.406280,0.131080,0.186838,0.413142,0.094586,0.148415,0.284016
ECOR,2025-05,2025-05-23,2025-05-27,41330520,56753.000000,56753.000000,0,0.137315,0.137315,2,2,2,0.039001,0,1,0.097561,0.002033,0.878049,0.099838,0.170880,0.406280,0.131080,0.186838,0.413142,0.094586,0.148415,0.284016
GCTS,2025-05,2025-05-23,2025-05-27,53771120,181560.000000,181560.000000,0,0.337653,0.337653,2,1,2,1.020796,0,0,0.207547,0.235849,2.056604,0.099838,0.170880,0.406280,0.131080,0.186838,0.413142,0.094586,0.148415,0.284016
KKR,2025-05,2025-05-22,2025-05-27,105282641010,5631052.225000,5631052.225000,0,0.005349,0.005349,2,2,2,0.233333,0,1,0.160063,0.002002,-0.208858,0.099838,0.170880,0.406280,0.131080,0.186838,0.413142,0.094586,0.148415,0.284016
ARQ,2025-05,2025-05-23,2025-05-28,188441780,772129.750000,772129.750000,0,0.409744,0.409744,9,5,9,8.041237,1,0,0.556237,-0.245399,-0.437628,0.106407,0.186469,0.424426,0.151316,0.210186,0.436446,0.103471,0.163101,0.298630
CDXS,2025-05,2025-05-28,2025-05-28,198956370,5533436.000000,0,5533436.000000,2.781231,0.000000,3,1,0,0.239793,0,0,0.145923,-0.253219,0.180258,0.106407,0.186469,0.424426,0.151316,0.210186,0.436446,0.103471,0.163101,0.298630
INFU,2025-05,2025-05-28,2025-05-28,108612367,77076.657000,77076.657000,0,0.070965,0.070965,5,4,5,0.500000,1,0,0.980843,0.772031,0.735632,0.106407,0.186469,0.424426,0.151316,0.210186,0.436446,0.103471,0.163101,0.298630
CSPI,2025-05,2025-05-29,2025-05-29,141553440,24905.010000,0,24905.010000,0.017594,0.000000,10,1,0,0.000216,0,0,-0.180780,-0.240591,-0.338038,0.111171,0.193747,0.426885,0.149191,0.213587,0.424274,0.103013,0.164848,0.296750
AMPY,2025-05,2025-05-30,2025-06-02,115801630,29747.000000,29747.000000,0,0.025688,0.025688,1,1,1,0.254855,0,0,0.319620,0.832278,0.506329,0.082269,0.182285,0.433015,0.140232,0.200768,0.433209,0.083422,0.154303,0.296185
CREX,2025-06,2025-06-02,2025-06-04,32012799,52182.400000,52182.400000,0,0.163005,0.163005,1,1,1,0.055827,1,0,-0.198083,-0.073482,0.287540,0.079311,0.181889,0.407400,0.124149,0.204355,0.416100,0.083414,0.154185,0.284990
TRST,2025-06,2025-06-04,2025-06-05,589432200,23362.500000,23362.500000,0,0.003964,0.003964,1,1,1,0.911300,0,1,0.319142,0.427757,0.760979,0.097337,0.189749,0.350016,0.137755,0.214431,0.365306,0.097772,0.160645,0.257904
PBF,2025-06,2025-06-05,2025-06-09,2105269390,872340.400000,0,872340.400000,0.041436,0.000000,1,1,0,0.001576,0,0,0.513115,0.714754,1.197268,0.091988,0.179009,0.340201,0.119770,0.182457,0.350335,0.085158,0.146524,0.243147
GCTS,2025-06,2025-06-10,2025-06-12,59458449,263987.000000,263987.000000,0,0.443986,0.443986,5,1,5,0.323562,0,1,0.186047,0.155039,0.953488,0.095700,0.174926,0.358221,0.134810,0.218429,0.391667,0.092462,0.148040,0.242635
MTH,2025-06,2025-06-12,2025-06-12,4727559800,264640.000000,264640.000000,0,0.005598,0.005598,1,1,1,0.106101,0,1,0.237312,0.113878,0.158365,0.095700,0.174926,0.358221,0.134810,0.218429,0.391667,0.092462,0.148040,0.242635
AWRE,2025-06,2025-06-12,2025-06-16,37357250,44925.000000,44925.000000,0,0.120258,0.120258,3,2,3,0.049357,1,0,0.624309,0.160221,-0.215470,0.108653,0.145310,0.372632,0.135625,0.198715,0.400259,0.099844,0.135985,0.259233
CABO,2025-06,2025-06-16,2025-06-16,731810553,1024028.880000,1024028.880000,0,0.139931,0.139931,5,4,5,0.511637,0,0,0.287222,0.012093,-0.635446,0.108653,0.145310,0.372632,0.135625,0.198715,0.400259,0.099844,0.135985,0.259233
CSPI,2025-06,2025-06-13,2025-06-16,109254540,73562.010000,0,73562.010000,0.067331,0.000000,14,1,0,0.001547,0,0,-0.027122,0.290464,-0.186352,0.108653,0.145310,0.372632,0.135625,0.198715,0.400259,0.099844,0.135985,0.259233
GLBZ,2025-05,2025-05-21,2025-06-17,14184330,20877.870000,20877.870000,0,0.147190,0.147190,9,3,9,2.000000,1,0,-0.021186,-0.063559,-0.036017,0.118621,0.158890,0.372196,0.145785,0.205717,0.404457,0.107798,0.142639,0.254238
ARDX,2025-06,2025-06-16,2025-06-18,878138566,1463140.000000,1463140.000000,0,0.166618,0.166618,2,1,2,0.080100,0,1,0.714681,0.603878,0.675900,0.116569,0.137601,0.406831,0.142706,0.186611,0.424599,0.106592,0.130236,0.267466
ED,2025-06,2025-06-16,2025-06-18,36627452000,102.088720,102.088720,0,0.000000,0.000000,1,1,1,0.000271,0,0,-0.035057,0.011375,0.090900,0.116569,0.137601,0.406831,0.142706,0.186611,0.424599,0.106592,0.130236,0.267466
CNDT,2025-06,2025-06-18,2025-06-20,436749020,281000.000000,281000.000000,0,0.064339,0.064339,1,1,1,,0,1,0.059701,-0.231343,-0.511194,0.138929,0.173929,0.409054,0.164743,0.206182,0.440135,0.119928,0.151811,0.266465
DLTR,2025-06,2025-06-18,2025-06-20,20217969000,59898.950000,59898.950000,0,0.000296,0.000296,1,1,1,0.144174,0,0,-0.034951,0.295107,0.154189,0.138929,0.173929,0.409054,0.164743,0.206182,0.440135,0.119928,0.151811,0.266465
GLBZ,2025-06,2025-06-13,2025-06-23,13343132,14280.000000,14280.000000,0,0.107021,0.107021,1,1,1,0.221076,1,0,0.002137,-0.081197,-0.038462,0.134020,0.167549,0.348800,0.157362,0.204886,0.409104,0.114205,0.147646,0.235857
AMPY,2025-06,2025-06-20,2025-06-24,147677340,1830925.920000,1830925.920000,0,1.239815,1.239815,5,2,5,0.461107,0,1,0.451411,0.507837,0.244514,0.109533,0.155364,0.322847,0.140158,0.182653,0.397767,0.096028,0.140284,0.221782
CLAR,2025-06,2025-06-23,2025-06-24,135559060,39686.541200,0,39686.541200,0.029276,0.000000,2,1,0,0.002508,0,0,0.020588,-0.023529,-0.085294,0.109533,0.155364,0.322847,0.140158,0.182653,0.397767,0.096028,0.140284,0.221782
ASAN,2025-06,2025-06-26,2025-06-27,3148785940,1137986.568000,0,1137986.568000,0.036140,0.000000,2,1,0,0.001112,1,0,0.045934,0.039157,-0.472892,0.088641,0.141092,0.327467,0.123183,0.174013,0.401904,0.079269,0.129057,0.218389
AIG,2025-06,2025-06-27,2025-06-30,49341347000,894.625254,894.625254,0,0.000002,0.000002,1,1,1,0.005287,0,1,-0.084450,0.021651,-0.108493,0.086630,0.128251,0.341348,0.122916,0.165199,0.406865,0.077175,0.119706,0.222049
CDXS,2025-06,2025-06-27,2025-07-01,204079710,799008.980000,0,799008.980000,0.391518,0.000000,4,1,0,0.008333,0,0,0.016667,-0.333333,-0.004167,0.098867,0.135202,0.332127,0.113042,0.144744,0.387282,0.081570,0.118679,0.220776
GME,2025-06,2025-06-30,2025-07-01,10912086000,132183.250000,132183.250000,0,0.001211,0.001211,1,1,1,0.233615,0,1,0.152027,-0.134291,-0.043919,0.098867,0.135202,0.332127,0.113042,0.144744,0.387282,0.081570,0.118679,0.220776
RVP,2025-06,2025-06-30,2025-07-01,19144813,39268.014200,0,39268.014200,0.205110,0.000000,5,1,0,0.001407,1,0,0.315625,0.210938,0.139062,0.098867,0.135202,0.332127,0.113042,0.144744,0.387282,0.081570,0.118679,0.220776
AUBN,2025-07,2025-07-02,2025-07-02,84337893,5432.479500,5432.479500,0,0.006441,0.006441,8,4,8,0.011471,0,0,0.161695,0.139645,0.194553,0.096505,0.118049,0.299985,0.100206,0.120594,0.360366,0.080354,0.105384,0.213669
MERC,2025-06,2025-06-11,2025-07-09,250259414,554999.032500,30160.000000,524839.032500,0.221769,0.012051,10,2,1,0.118317,1,0,-0.225543,-0.345109,-0.836549,0.100490,0.124569,0.306526,0.106307,0.149408,0.342911,0.081590,0.111336,0.217877
MERC,2025-07,2025-07-22,2025-07-23,228177701,2470000.000000,0,2470000.000000,1.082490,0.000000,1,1,0,0.493506,0,0,-0.312321,-0.289398,-0.801203,0.075172,0.095739,0.233198,0.076536,0.188687,0.301997,0.055877,0.086916,0.176814
MTH,2025-07,2025-07-25,2025-07-29,4931343600,154000,154000,0,0.003123,0.003123,1,1,1,0.300875,0,1,0.028213,0.013146,0.057755,0.117051,0.115333,0.172158,0.121149,0.196152,0.309361,0.084562,0.101098,0.161006
ASAN,2025-07,2025-07-30,2025-07-31,3625946300,52086857.652600,0,52086857.652600,1.436504,0.000000,16,1,0,0.004370,1,0,-0.068120,-0.290872,-0.433243,0.109337,0.116753,0.223528,0.119191,0.207894,0.341132,0.078540,0.104325,0.194942
ASRV,2025-07,2025-07-29,2025-07-31,46913957,9985.500000,9985.500000,0,0.021285,0.021285,2,1,2,0.126326,1,0,0.126394,0.197026,0.687732,0.109337,0.116753,0.223528,0.119191,0.207894,0.341132,0.078540,0.104325,0.194942
RVP,2025-07,2025-07-31,2025-08-01,22033749,38152.773700,0,38152.773700,0.173156,0.000000,5,1,0,0.001765,1,0,0.181745,-0.057620,-0.111201,0.137075,0.125501,0.270014,0.148942,0.215609,0.392666,0.100112,0.119383,0.232164
CDXS,2025-08,2025-08-04,2025-08-04,256312840,2211.300000,0,2211.300000,0.000863,0.000000,1,1,0,0.000062,0,0,-0.204225,-0.492958,-0.496479,0.121820,0.112700,0.289366,0.120206,0.200589,0.387428,0.085669,0.108112,0.235591
CDXS,2025-07,2025-07-31,2025-08-04,241872680,535870.150000,0,535870.150000,0.221551,0.000000,4,1,0,0.008097,0,0,-0.204225,-0.492958,-0.496479,0.121820,0.112700,0.289366,0.120206,0.200589,0.387428,0.085669,0.108112,0.235591
CHTR,2025-07,2025-07-31,2025-08-04,36030671040,1100974.250000,1100974.250000,0,0.003056,0.003056,2,2,2,0.055127,1,0,-0.151098,-0.183916,-0.415205,0.121820,0.112700,0.289366,0.120206,0.200589,0.387428,0.085669,0.108112,0.235591
CLH,2025-08,2025-08-01,2025-08-04,12532310060,467000.000000,467000.000000,0,0.003726,0.003726,1,1,1,0.024719,1,0,-0.117244,0.105528,0.313750,0.121820,0.112700,0.289366,0.120206,0.200589,0.387428,0.085669,0.108112,0.235591
AIG,2025-08,2025-08-08,2025-08-08,44784116000,50307.120000,50307.120000,0,0.000112,0.000112,1,1,1,0.326717,0,1,-0.009566,-0.007076,0.017036,0.062487,0.063694,0.260703,0.099748,0.210319,0.375740,0.055966,0.090098,0.226642
FOUR,2025-08,2025-08-11,2025-08-11,7405758325,16266182.037600,0,16266182.037600,0.219642,0.000000,2,1,0,0.125394,0,0,-0.145216,-0.293685,-0.505423,0.089211,0.075021,0.260195,0.111009,0.219083,0.380688,0.074552,0.097510,0.225134
CBZ,2025-08,2025-08-08,2025-08-12,4019452710,224873.956200,224873.956200,0,0.005595,0.005595,2,2,2,0.316957,1,0,-0.167831,-0.460464,-0.133376,0.072826,0.056750,0.253659,0.079922,0.180781,0.348554,0.065681,0.083096,0.215276
ECOR,2025-08,2025-08-11,2025-08-13,36397950,71280.000000,71280.000000,0,0.195835,0.195835,2,2,2,0.056306,1,0,0.178988,0.062257,0.933852,0.071456,0.059059,0.267522,0.056723,0.152996,0.326312,0.062634,0.079143,0.219573
HFFG,2025-08,2025-08-12,2025-08-13,176595897,14437.940000,14437.940000,0,0.008176,0.008176,2,2,2,0.007545,1,0,-0.327485,-0.543860,-0.470760,0.071456,0.059059,0.267522,0.056723,0.152996,0.326312,0.062634,0.079143,0.219573
AMPY,2025-08,2025-08-14,2025-08-14,159860450,1603488.847000,1603488.847000,0,1.003055,1.003055,5,2,5,0.922135,0,0,0.425316,0.341772,0.210127,0.050389,0.038329,0.266778,0.040420,0.144236,0.350673,0.044898,0.062378,0.217044
CROX,2025-08,2025-08-12,2025-08-14,4178633900,403204.422000,403204.422000,0,0.009649,0.009649,3,2,3,0.234150,1,0,-0.117220,0.171724,0.567535,0.050389,0.038329,0.266778,0.040420,0.144236,0.350673,0.044898,0.062378,0.217044
AVNS,2025-08,2025-08-13,2025-08-15,498800000,659300.000000,659300.000000,0,0.132177,0.132177,2,1,2,0.279357,0,1,0.016964,0.330357,,0.055833,0.045147,0.270289,0.048534,0.164909,0.352640,0.047188,0.065636,0.214145
AXON,2025-08,2025-08-13,2025-08-15,60029016320,1004919.728400,1004919.728400,0,0.001674,0.001674,1,1,1,0.005740,0,1,-0.264995,-0.430327,-0.198770,0.055833,0.045147,0.270289,0.048534,0.164909,0.352640,0.047188,0.065636,0.214145
CLAR,2025-08,2025-08-14,2025-08-15,130182780,1050435.520000,114745.120000,935690.400000,0.806893,0.088142,5,3,3,0.282051,1,0,0.000000,0.000000,0.106707,0.055833,0.045147,0.270289,0.048534,0.164909,0.352640,0.047188,0.065636,0.214145
GCTS,2025-08,2025-08-15,2025-08-19,69882120,152460.000000,152460.000000,0,0.218167,0.218167,1,1,1,0.236928,0,1,0.152542,0.033898,0.677966,0.048716,0.058847,0.263931,0.035019,0.170002,0.347686,0.034561,0.073404,0.215329
MERC,2025-08,2025-08-18,2025-08-19,204757702,42803.200000,42803.200000,0,0.020904,0.020904,3,2,3,0.380373,0,1,-0.503205,-0.330128,-0.853494,0.048716,0.058847,0.263931,0.035019,0.170002,0.347686,0.034561,0.073404,0.215329
EPSN,2025-08,2025-08-19,2025-08-20,124397801,141510.000000,141510.000000,0,0.113756,0.113756,3,2,3,0.200000,1,0,-0.163636,-0.121818,0.027273,0.061258,0.073119,0.262327,0.038551,0.178456,0.334364,0.041323,0.081680,0.208328
RVP,2025-08,2025-08-19,2025-08-20,23776091,116589.277300,0,116589.277300,0.490364,0.000000,10,1,0,0.003190,1,0,-0.031224,-0.198775,-0.139861,0.061258,0.073119,0.262327,0.038551,0.178456,0.334364,0.041323,0.081680,0.208328
ALSN,2025-08,2025-08-14,2025-08-25,7469434630,533999.400000,533999.400000,0,0.007149,0.007149,2,1,2,0.031226,0,0,-0.030764,0.326624,0.505261,0.062316,0.057101,0.252171,0.035397,0.128022,0.301226,0.043781,0.068237,0.205341
ASAN,2025-08,2025-08-21,2025-08-25,3257723000,39093004.955700,0,39093004.955700,1.200010,0.000000,13,1,0,0.004085,0,1,-0.137809,-0.534982,-0.332862,0.062316,0.057101,0.252171,0.035397,0.128022,0.301226,0.043781,0.068237,0.205341
LAB,2025-08,2025-08-26,2025-08-26,493592700,1101830.072000,0,1101830.072000,0.223227,0.000000,6,1,0,0.003347,0,1,0.100775,-0.108527,-0.494729,0.064594,0.064173,0.248302,0.049297,0.130984,0.289269,0.049177,0.071509,0.200564
D,2025-08,2025-08-27,2025-08-27,51421748000,250556.592000,250556.592000,0,0.000487,0.000487,1,1,1,0.026432,1,0,0.048451,0.077695,0.150718,0.072362,0.077951,0.263465,0.051133,0.128303,0.283928,0.054038,0.078102,0.205692
ASRV,2025-08,2025-08-28,2025-08-29,50548136,9120.000000,9120.000000,0,0.018042,0.018042,1,1,1,0.019108,1,0,0.052083,0.298611,0.677083,0.086899,0.067275,0.262635,0.060754,0.118501,0.262911,0.062383,0.069562,0.202292
AWRE,2025-08,2025-08-29,2025-09-02,46613600,26330.000000,26330.000000,0,0.056486,0.056486,2,2,2,1.000000,1,0,-0.027778,-0.240741,-0.435185,0.100958,0.066192,0.259953,0.051147,0.115210,0.270076,0.067397,0.068661,0.208287
BDSX,2025-08,2025-08-29,2025-09-03,63974999,1499999.960000,0,1499999.960000,2.344666,0.000000,1,1,0,0.166763,0,1,-0.035545,0.812796,2.164692,0.095040,0.073977,0.265255,0.071348,0.127173,0.275707,0.065322,0.070411,0.214893
