yr,ticker,mom,ret,qqq,fdate,roce,capexdep,dio,evsales,evebitda,ndebitda,curratio,fcfy,iq,ccc,pos_roce,pos_capexdep,pos_dio,pos_evsales,pos_fcfy,capexdep_ma8,ev_mid_ebitda,nd_mid_ebitda,d_roce,d_dio,d_capexdep
2010,AZZ,16.8,21.2,20.3,2009-08-31,0.0594847,0.894027,64.8456,4.73426,18.8636,1.17443,3.6748,0.0457426,2.083,111.615,0.346499,0.0267288,0.0922924,0.598686,0.413706,1.14646,26.4916,1.64934,-0.00648175,-6.98563,-0.331085
2010,CBRL,102.7,26.0,31.3,2009-10-30,0.0379023,1.05334,77.4319,2.36758,26.4092,11.9271,0.829107,0.0113125,1.29866,31.885,0.850574,0.18138,0.658073,0.258212,0.448608,1.24979,31.7443,14.3366,0.00798297,-14.6846,-0.4977
2010,CECO,31.6,-24.0,13.3,2009-09-30,-0.00538132,0.333919,17.3538,10.7,1572,40.0796,1.52757,-0.00170993,0.59292,75.4367,0.0527591,0,0.850311,0.986373,0.302336,0.674403,138.408,3.52884,-0.0470666,3.8688,-0.0593393
2010,CHH,30.1,30.2,33.4,2009-09-30,0.236142,1.2114,968.678,12.5558,38.9329,4.27177,0.910086,0.0156535,0.962936,-3723.39,0.478446,0.376001,1,0.238428,0.462924,1.40662,44.7962,4.91509,-0.0781788,962.774,0.0273975
2010,CLH,3.2,71.8,37.4,2009-09-30,0.0240729,0.689313,16.7569,4.97897,36.9584,2.22205,2.54897,0.00322838,1.90223,62.1128,0.144022,0.0535783,0.93078,0.653189,0.358214,1.2543,45.5745,2.74008,-0.0298889,3.67232,-0.0810791
2010,CW,1.4,20.4,29.1,2009-09-30,0.021619,1.22188,94.5228,4.6444,36.2961,8.53321,1.75353,0.0150362,2.32533,143.569,0.159936,0.453252,1,0.276802,0.51978,1.25249,33.2806,7.82429,-0.00773458,6.04639,-0.0674888
2010,DECK,100.7,146.3,52.1,2009-09-30,0.124151,0,129.525,4.48525,18.3502,-1.35433,4.72381,-0.0265747,-0.727001,138.18,0.687126,0,0.50407,0.077304,0.173646,2.41704,36.9783,-2.72916,-0.000362105,2.5556,-4.23694
2010,EBF,97.5,1.4,13.8,2009-08-31,-0.327441,1.81248,69340.9,2932.73,22.2854,2.87324,3.55704,0.0557847,2.59837,87223.8,0,1,1,1,0.677333,0.592126,27.6753,3.56816,-0.361646,69273.9,1.35812
2010,ENS,119.6,67.7,40.8,2009-09-27,0.0203932,0.847579,73.6051,3.24346,33.6194,4.19465,2.27322,0.00842769,1.44324,107.394,0.364006,0.197124,0.756493,0.834045,0.201649,1.08334,30.5978,3.81765,-0.0148956,8.14775,-0.197252
2010,EXP,10.7,25.1,25.3,2009-09-30,0.0130058,0.579072,74.2897,58.7409,71.0813,17.0799,2.26548,0.0256346,3.22134,246.237,0.0944862,0.124897,0.577358,1,0.611553,0.622131,35.6256,8.56035,-0.0081527,13.4007,0.319204
2010,FCN,-11.4,-2.8,20.3,2009-09-30,0.0342658,0.462863,0,6.99103,30.016,3.41346,1.85634,0.0511546,3.10976,85.358,0.809851,0.056961,0,0,0.803689,0.696782,38.8679,4.4201,0.00228765,0,-0.0614613
2010,GLNG,156.3,116.3,47.5,2009-09-30,0.00157643,1.38738,0,41.47,64.6858,47.0429,1.12156,-0.0435174,2.71234,1.18249,0.0161954,0.915043,0,0.302298,0.61438,-0.357862,32.8215,23.8695,-0.00340919,0,-0.683352
2010,GNTX,118.4,64.4,38.4,2009-09-30,0.0455169,0.51601,41.4363,10.3194,37.5637,-7.84925,6.74311,0.0149721,1.42402,55.7911,0.904371,0,0.174616,0.298019,0.802002,1.0889,44.2165,-9.23941,0.0146712,-5.86405,-0.468854
2010,GRC,2.6,34.9,33.2,2009-09-30,0.0372292,5.18226,82.4337,6.03009,39.5239,-3.00951,2.39196,0.0146538,3.23141,117.125,0.464192,0.587372,0.779385,0.535348,0.85759,4.0639,39.9044,-3.03848,-0.019255,3.61907,1.86322
2010,KFY,129.4,20.7,22.3,2009-10-31,0.00367642,1.7549,0,3.59455,67.0916,-23.2983,2.18485,-0.0104756,-0.880146,-17.5062,0.579462,0.55275,,0.737239,0.496683,1.1897,36.5881,-12.7056,-0.0329644,0,0.53302
2010,LNN,56.6,83.8,28.7,2009-08-31,0.0142053,1.72356,74.6771,6.15624,71.6971,-9.57054,3.20221,0.0564027,15.9625,94.9426,0.177609,0.334424,0.429813,0.475021,0.959527,1.2781,42.264,-5.64165,-0.0652448,30.8925,0.544363
2010,MLKN,94.5,27.5,18.0,2009-08-29,0.0307381,0.537037,20.1201,3.36916,43.6643,8.072,1.8131,0.0240502,3.2381,25.1398,0,0.132694,0.958006,0.421072,0.49561,0.736953,21.1552,3.91085,-0.082394,3.18293,-0.195106
2010,MTZ,39.2,21.0,26.4,2009-09-30,0.0264053,0.50999,8.53016,2.85581,25.4987,4.8185,1.66766,0.030094,1.53285,21.6597,0.468947,0.0650878,0.131493,0.231262,0.665358,1.08944,52.1257,9.85021,-0.0214524,0.59838,-0.512079
2010,NX,113.5,19.8,25.3,2009-10-31,0.0454547,0.0175186,28.0481,2.22556,2.05611,-0.575193,2.82817,0.0441774,1.81775,24.664,0.790139,0,0.362664,0.115955,0.882711,0.417725,14.1819,-3.96737,0.00280347,-0.816241,-0.488921
2010,PDS,114.7,29.7,31.7,2009-09-30,0.0115817,0.467378,5.72994,10.3225,33.1981,8.39631,2.53108,0.00294315,0.27823,15.9557,0.0798207,0,0.292173,0.157668,0.106737,2.19958,25.2721,6.39169,-0.0411121,0.715009,-2.84248
2010,PKE,63.3,5.2,17.3,2009-08-30,0.0186926,0.20605,31.3817,6.26938,46.3988,-30.5903,10.5295,0.0113678,1.13333,51.1882,0.62488,0,0.398129,0.112897,0.239387,1.0008,35.7867,-23.5938,0.00305533,0.226605,-0.989927
2010,PKG,76.8,31.8,26.9,2009-09-30,0.0552612,0,42.4029,4.5732,29.1608,5.26007,2.30108,0.0248387,0.936549,80.5361,0.489574,0,0.567701,0.410284,0.589292,0.699877,24.9364,4.49806,0.011857,3.88739,-0.908223
2010,PTEN,79.5,44.9,33.8,2009-09-30,-0.0111531,1.49148,26.71,12.373,48.1746,-2.63555,2.19437,-0.0185384,-3.30786,19.9111,5.16468e-05,0.525338,0.638869,1,0,1.44898,13.3952,-0.732828,-0.0812123,16.5482,-0.760056
2010,SSD,21.0,18.6,27.7,2009-09-30,0.0269669,0.392714,150.908,6.11576,35.8666,-7.72045,6.92499,0.0383144,3.96261,183.951,0.510379,0.00169574,0.142975,0.469619,1,1.58167,38.7941,-8.35061,-0.0215407,-23.1181,-0.076802
2010,STN,33.8,15.3,24.4,2009-09-30,0.0423989,0.236497,18.4634,4.81007,31.737,5.48456,1.56675,0.0496107,-6.29703,-20.048,0.463957,0,0.797906,0.422242,0.817538,0.817193,45.3946,7.84475,-0.0114809,3.54865,-0.727768
2010,TREX,121.9,33.4,29.8,2009-09-30,-0.0891173,0.13542,78.0095,5.0745,-25.8032,-3.34803,2.42115,0.0679238,-0.866753,78.8368,0.512098,0,0.0934625,0.242229,0.605711,0.326649,,,-0.118825,6.60577,-0.0843517
2010,TTEK,11.8,-2.0,21.2,2009-09-30,0.049113,0.82472,0,2.68725,37.6004,-1.90582,1.51743,0.0519268,4.4303,53.3179,0.59001,0.330777,0,0.486961,0.9504,0.848902,56.5836,-2.86801,-0.00506658,0,0.0735274
2010,WCC,54.0,88.3,44.0,2009-09-30,0.0244364,0.667863,47.8532,1.58786,30.5318,10.2261,2.22873,0.0672724,2.5626,57.412,0,0.293932,0.336901,0.173789,0.391744,0.927742,19.779,6.6246,-0.0408341,2.9395,-0.913192
2010,WOR,36.9,14.7,18.9,2009-08-31,-0.00446971,0.487481,56.9177,1.80806,25.779,3.85548,1.66122,0.137815,14.416,62.1813,0.740943,0,0.188281,0.7347,0.665981,0.804795,25.4282,3.80302,-0.0632788,-22.2846,-0.415745
2010,WSO,67.4,10.9,26.5,2009-09-30,0.0427135,1.03903,72.2972,2.16405,36.5193,-0.487933,3.01136,0.00511079,0.402491,79.5191,0.537463,0.262349,0,0,0.164538,0.642422,57.1972,-0.764209,-0.015513,-8.68731,0.223652
2011,AGI,15.3,22.8,15.2,2010-09-30,0.0237516,3.79482,166.928,52.934,63.3798,-5.60188,9.35134,-0.00233092,0.547954,105.927,0.259212,0.369357,0.31427,1,0.346415,2.9163,96.6934,-8.54632,-0.0341768,21.8689,2.21528
2011,AZZ,18.4,19.5,3.6,2010-08-31,0.0438235,0.56094,67.4364,6.0308,26.0431,4.47326,3.07637,0.0011929,0.398535,116.246,0.217277,0.100971,0.265331,1,0.123679,0.826006,34.1221,5.86094,-0.0156612,2.59078,-0.333087
2011,CBRL,17.8,11.5,11.3,2010-10-29,0.0405332,1.20803,83.0089,2.96945,29.4125,9.05554,1.34061,-0.0228293,-0.418682,33.917,0.869983,0.332453,0.886492,0.555914,0.246537,1.10848,38.0554,11.7165,0.00263091,5.57699,0.154689
2011,CECO,-24.1,-64.8,3.6,2010-09-30,0.0195513,0.199085,16.1802,9.36705,163.573,5.0098,1.77682,0.00511946,2.46805,19.8735,0.830735,0.121177,0.75231,0.591083,0.49207,0.388219,237.967,7.28829,0.0249326,-1.17367,-0.134834
2011,CHH,25.3,-10.4,9.1,2010-09-30,0.242184,2.6102,6.92642,12.7864,39.8547,3.03485,0.934782,0.0281923,1.64555,-1.77039,0.912424,0.709166,0.00502475,0.256916,0.918713,1.98401,51.9256,3.95402,0.00604234,-961.752,1.3988
2011,CLH,77.4,38.2,15.3,2010-09-30,0.0591551,1.76136,11.4596,3.65583,18.9654,-0.0108403,2.3691,0.00913336,1.45808,40.8794,1,0.82388,0.0883243,0,0.401374,1.18075,42.6889,-0.0244002,0.0350822,-5.29728,1.07204
2011,CW,20.3,4.3,8.3,2010-09-30,0.0255127,0.825377,87.569,3.97692,27.2391,6.79017,2.35161,0.0134701,1.26353,146.676,0.357815,0.18799,0.809693,0.102091,0.48091,0.984111,29.9823,7.47401,0.00389366,-6.95376,-0.396505
2011,DCH,72.3,-15.0,4.4,2010-09-30,0.0404856,0.747774,22.2903,2.28863,14.846,8.08814,1.1082,0.00527927,0.739018,-5.81864,1,0.248552,0.211741,0.117718,0.881741,0.925725,,,0.0108998,-2.37491,-0.390839
2011,DECK,153.7,-1.5,10.0,2010-09-30,0.116256,0,120.865,6.04379,24.2193,-3.613,4.7956,-0.0382714,-1.57486,122.091,0.59091,0,0.456867,0.151346,0.08881,0.40484,48.6418,-7.2563,-0.00789514,-8.66028,0
2011,EBF,13.0,-22.7,8.5,2010-08-31,-0.388878,4.83645,73110.7,2776.24,17.9633,0.0010983,3.30171,-0.0253509,0.00147217,87161.5,0.113107,0.75235,0.998291,0.854815,0.0543319,2.74137,24.6827,0.00150913,-0.0614375,3769.82,3.02397
2011,ENS,65.3,-9.5,6.1,2010-10-03,0.0340234,1.18742,75.066,2.8899,24.9803,2.94397,2.27361,0.00533337,0.746167,103.385,0.846859,0.607326,0.85347,0.630662,0.183449,1.108,35.4868,4.18219,0.0136302,1.46093,0.339838
2011,EXP,24.3,2.1,6.6,2010-09-30,0.00996717,0.179756,78.1347,10.3432,50.3315,12.0545,2.03063,0.00877261,1.17809,91.1707,0.140326,0.0153052,0.637816,0.0647275,0.381209,0.24038,33.299,7.97522,-0.00303867,3.84496,-0.399316
2011,FCN,-9.8,30.2,13.3,2010-09-30,0.0248656,0.212507,0,5.94237,34.5603,8.05671,1.94605,0.0448272,3.36525,102.632,0.543572,0,0,0,0.740545,0.510164,32.6507,7.61154,-0.00940026,0,-0.250356
2011,FTK,627.6,39.9,12.5,2010-09-30,0.0380178,0.265043,102.299,7.01483,32.7955,14.7346,2.64121,0.0386968,-5.95357,123.02,0.84573,0.0178284,0.381347,0.00336372,1,0.584971,104.042,46.7447,0.056468,-47.8729,0.0650434
2011,GLNG,128.4,76.5,17.2,2010-09-30,0.00992057,0.246538,0,33.6414,104.648,67.5265,0.727405,-0.0221684,-11.3777,-1.65972,0.209949,0.844,0,0.031782,0.737357,1.47321,42.3013,27.2959,0.00834414,0,-1.14085
2011,GNTX,78.4,-10.1,4.9,2010-09-30,0.054688,0.999312,62.2933,11.6977,42.4391,-5.32742,7.29921,0.00549791,0.729134,74.8268,0.910989,0.321993,0.820108,0.443924,0.327587,0.749912,59.1656,-7.42711,0.00917111,20.8571,0.483302
2011,GRC,44.6,22.3,8.1,2010-09-30,0.0431179,0,63.9414,5.65087,35.4152,-3.44127,3.45191,0.0133346,0.993339,104.34,0.615596,0,0.101842,0.419797,0.830405,3.35948,42.6691,-4.14613,0.00588864,-18.4924,-5.18226
2011,IOSP,161.2,12.5,7.7,2010-09-30,0.0498212,0.692308,88.027,1.79167,8.5411,-1.39178,2.2238,0.053234,0.733333,103.724,0.714228,0.134588,0,0.177652,0.317508,0.456554,18.4596,-3.00801,0.0546687,-17.8554,0.396853
2011,JBTM,9.6,-15.8,12.6,2010-09-30,0.05145,1,73.8865,2.71184,25.9785,5.80531,1.41697,-0.012283,0.0531915,98.9423,0.578704,0.751277,0.673199,0.736903,0.135377,0.8623,26.2788,5.87244,0.00735597,-16.7456,0.20339
2011,KFY,19.2,-26.4,7.6,2010-10-31,0.0294346,1.77449,0,3.26123,25.154,-6.0329,1.9233,0.0352355,2.42421,-5.37091,0.841375,0.385361,,0.629266,0.702597,1.41571,39.714,-9.52494,0.0257582,0,0.019596
2011,LNN,91.2,-15.7,13.4,2010-08-31,0.0376085,0.679091,66.2987,4.47053,30.9123,-5.59519,3.10085,0.0156887,1.51787,93.1812,0.435986,0.112558,0.313243,0.191649,0.571882,0.77595,35.2497,-6.38028,0.0234032,-8.37842,-1.04447
2011,MLKN,25.6,-13.2,16.8,2010-08-28,0.0653354,0.585859,23.5589,2.97665,29.7431,4.4252,1.25469,0.00435408,0.621118,25.5471,0.253927,0.252979,0.941258,0.29078,0.19197,0.544892,26.0192,3.87115,0.0345973,3.43883,0.0488215
2011,MRCY,42.9,-16.3,4.6,2010-09-30,0.0268663,1.23169,79.1654,3.72452,25.8253,-10.9034,4.3709,0.0260745,2.57576,99.2632,0.883922,0.867988,0.374968,0.260508,0.579104,0.899548,186.877,-78.8991,-0.00500754,13.3008,0.713328
2011,MTZ,18.7,11.5,14.0,2010-09-30,0.0603432,0.585969,10.7562,1.81142,15.6822,4.92268,1.48845,0.0811517,2.41353,38.055,1,0.146986,0.697433,0,1,0.579403,40.765,12.7962,0.0339379,2.226,0.0759794
2011,NX,21.8,-13.1,10.7,2010-10-31,0.0284851,0.407172,22.3161,2.10108,22.3076,-8.84683,2.94993,0.034416,3.05731,22.494,0.760338,0.382832,0.288548,0.102843,0.748152,0.453546,17.0194,-6.74962,-0.0169697,-5.73205,0.389653
2011,PDS,28.7,8.1,7.7,2010-09-30,0.0144212,0.756575,3.93756,6.73353,22.9636,4.51098,3.36534,0.0163583,1.10637,24.5689,0.161567,0.140106,0.0491939,0.0684809,0.169699,1.42062,25.1722,4.94484,0.0028396,-1.79238,0.289197
2011,PKE,6.4,-10.9,10.4,2010-08-29,0.0326423,0.725684,35.1763,7.33981,36.1094,-9.06905,12.5982,0.018774,1.1266,66.7823,0.903744,0.188201,0.827406,0.422643,0.48966,0.635273,48.4972,-12.1803,0.0139497,3.79461,0.519634
2011,PKG,34.1,-7.1,5.2,2010-09-30,-0.00699672,1.91189,42.8412,4.45974,107.362,19.0207,1.90821,0.0113961,1.09791,57.6368,0,1,0.621047,0.367999,0.518749,0.689034,30.7482,5.44751,-0.0622579,0.438288,1.91189
2011,PTEN,50.6,-24.2,4.9,2010-09-30,0.0195535,2.5536,3.75349,6.96713,19.0809,0.188769,1.44712,-0.0405605,3.70688,-6.88292,0.178791,0.785576,0,0.325129,0,1.56966,17.7641,0.175742,0.0307066,-22.9566,1.06212
2011,SSD,18.1,13.3,7.4,2010-09-30,0.0371297,0.667874,167.977,6.70811,28.4773,-8.46004,7.71386,0.024166,1.99604,199.148,0.637076,0.0850588,0.320966,0.518575,0.789906,1.86549,37.418,-11.1161,0.0101629,17.0697,0.27516
2011,STN,14.9,11.4,11.4,2010-09-30,0.0397366,0.936412,11.9486,3.88393,27.3307,4.77218,1.5302,0.0271617,1.36302,82.7528,0.339655,0.66293,0.382527,0.217844,0.625283,0.620671,42.215,7.3711,-0.00266228,-6.51481,0.699915
2011,TREX,49.8,-11.7,8.5,2010-09-30,-0.0223024,0.400163,100.39,5.44154,6219.68,748.075,2.94186,0.0719529,-2.61556,100.139,0.755417,0.111625,0.206591,0.273997,0.61578,0.337624,,,0.066815,22.3807,0.264743
2011,TTEK,-3.4,-4.6,5.6,2010-09-30,0.0405968,0.610898,0,1.91026,25.3353,-1.97491,1.80801,0.0282921,1.82702,54.8585,0.371507,0.118881,0,0,0.65353,0.680456,41.6023,-3.24294,-0.00851624,0,-0.213822
2011,WCC,91.1,9.2,5.9,2010-09-30,0.0340169,0.683333,46.5705,1.7293,34.0811,7.48209,1.81806,0.00145439,0.198813,55.3156,0.188496,0.305894,0.18989,0.258758,0.0231245,0.624132,27.3229,5.99841,0.00958052,-1.28269,0.0154706
2011,WOR,13.7,-7.1,2.3,2010-08-31,0.0206275,0.400303,62.3857,1.6724,18.7075,6.3562,1.75718,-0.110899,-2.96987,75.6604,0.843688,0.0580194,0.387451,0.497634,0.011521,0.702907,31.0848,10.5616,0.0250972,5.46794,-0.0871778
2011,WSO,8.6,15.5,8.6,2010-09-30,0.064766,0.674465,66.6009,1.99457,24.3729,-1.15881,2.78751,0.0224727,0.916058,69.6666,0.799053,0.124227,0,0.0201307,0.374322,0.653781,51.6259,-2.45455,0.0220526,-5.69638,-0.364564
2012,AGI,24.1,-34.4,3.4,2011-09-30,0.0365214,5.45259,164.183,36.0684,53.3993,-5.05285,9.76092,-0.0144198,1.22363,99.6794,0.448058,0.573143,0.313104,0.560592,0.0684784,3.96994,74.2849,-7.02912,0.0127698,-2.7445,1.65777
2012,AZZ,17.6,76.8,23.2,2011-08-31,0.0366158,1.06351,69.1165,5.84765,27.2757,3.0876,4.07249,0.0192679,1.80129,103.655,0.0938617,0.43213,0.318021,0.898174,0.241351,0.72107,34.9546,3.95684,-0.00720767,1.68013,0.502566
2012,CBRL,16.0,15.7,4.7,2011-10-28,0.0424053,1.2109,77.6145,2.4789,24.6927,8.33048,0.949979,0.00155851,0.850517,31.0328,0.501234,0.345735,0.819261,0.4271,0.390878,1.21407,28.6342,9.66022,0.0018721,-5.39443,0.00287201
2012,CDE,-7.0,-35.9,3.3,2011-09-30,0.0425365,0.643912,56.7967,5.48944,14.9907,-0.252373,1.64297,0.0749885,5.85676,45.1647,1,0.0271722,0.053011,0,1,0.790125,69.6625,-1.17279,0.038893,-38.1696,-0.312733
2012,CHH,-7.2,-0.3,6.4,2011-09-30,0.218087,1.45634,0.366691,9.87413,30.4977,2.06011,1.1538,0.0399966,1.74559,-6.91565,0.902004,0.196274,0,0.00571621,1,2.1939,42.6202,2.87898,-0.0240969,-6.55972,-1.15386
2012,CLH,46.3,-27.6,5.2,2011-09-30,0.0414054,1.42972,12.4839,5.40166,29.5303,2.78757,2.09943,0.0096442,2.03881,39.3255,0.659565,0.585586,0.251225,0.619186,0.409108,1.22642,60.237,5.6862,-0.0177497,1.0243,-0.331639
2012,CW,4.5,-1.2,7.0,2011-09-30,0.0258317,1.03255,86.6205,3.52732,26.0175,6.60951,1.52953,0.0112017,1.12646,154.399,0.373553,0.35548,0.783735,0,0.429999,0.79026,28.1103,7.14119,0.000319017,-0.948474,0.207169
2012,DCH,-12.6,-6.6,7.3,2011-09-30,0.0274963,1.12571,26.0853,2.33401,18.9887,11.7613,1.20443,-0.384668,-8.04867,19.4194,0.979535,0.718952,0.392156,0.133428,0.50356,0.941849,,,-0.0129893,3.79498,0.37794
2012,DECK,0.5,-55.3,2.3,2011-09-30,0.115504,0,151.857,8.57134,35.8331,-0.458306,2.87373,-0.0420397,-2.30779,145.058,0.587698,0,0.634193,0.271422,0.0718839,0,84.3728,-1.07913,-0.00075189,30.9925,0
2012,EBF,-24.4,-5.6,4.2,2011-08-31,0.0402824,0.694887,112.899,3.46867,23.9341,1.88892,2.06566,-0.00138994,0.151668,126.829,0.989196,0.0816784,0.000628441,0.000424074,0.263587,3.02744,27.6524,2.18237,0.429161,-72997.8,-4.14156
2012,ENS,-7.5,29.2,9.6,2011-10-02,0.0316118,1.02869,71.8561,1.97617,19.8015,3.57556,2.1557,-0.00254966,0.361271,99.1867,0.738756,0.34686,0.640392,0.0870931,0.131829,1.21431,26.5622,4.79634,-0.00241158,-3.20995,-0.15873
2012,EXP,8.1,111.8,19.6,2011-09-30,0.00465507,0.299604,77.1918,7.49333,244.611,66.4184,2.46522,0.0308438,4.38224,99.4956,0.169468,0.0494073,0.567888,0,0.719299,0.290331,31.2962,8.49777,-0.0053121,-0.94289,0.119847
2012,FCN,29.6,-17.4,4.3,2011-09-30,0.0314698,0.83697,2.63034,5.19187,29.3614,9.14713,1.53515,0.0323048,2.02697,172.269,0.61434,0.275201,0.169195,0,0.615578,0.480797,32.7537,10.204,0.00660421,2.63034,0.624463
2012,FTK,408.8,32.3,9.0,2011-09-30,0.0878403,0.910047,73.7094,7.39248,29.7148,3.99298,4.01958,0.0191025,0.642518,96.2073,0.965806,0.194624,0.0118945,0.0065935,0.758737,0.567035,127.046,17.072,0.0498225,-28.5891,0.645003
2012,GLNG,70.1,-11.2,5.4,2011-09-30,0.0227319,6.38957,0,46.688,84.5337,25.2664,0.606836,-0.0145233,3.40699,0.34023,0.507432,0.916816,0,0.498608,0.643148,2.48762,68.4869,20.4702,0.0128113,0,6.14303
2012,GNTX,-19.8,-30.5,6.9,2011-09-30,0.0611584,2.99323,78.0892,11.266,40.8734,-5.34651,6.49435,-0.00442263,0.479685,85.2708,0.993595,1,1,0.39073,0,1.62589,65.5375,-8.57275,0.00647043,15.7958,1.99392
2012,GRC,17.9,-9.4,6.5,2011-09-30,0.0469091,0.908556,95.6526,5.61834,35.1668,-0.786027,2.61841,0.0161216,1.43396,128.681,0.645741,0.111166,1,0.386063,0.957281,0.69891,46.6955,-1.04371,0.00379128,31.7112,0.908556
2012,IOSP,11.2,35.3,9.6,2011-09-30,-0.0537091,0.527778,85.8241,2.63208,-26.3338,2.08416,1.69512,0.0130652,-0.559524,93.6628,0,0.0694634,0,0.357768,0.198294,0.556019,32.3665,-2.56161,-0.10353,-2.20288,-0.16453
2012,JBTM,-14.9,26.8,1.3,2011-09-30,0.0434915,0.703125,72.7383,2.27915,25.3569,5.51691,1.43901,0.0642824,3.81481,90.6935,0.489188,0.469294,0.662738,0.619326,0.783212,0.94796,23.1675,5.04055,-0.00795847,-1.14816,-0.296875
2012,KAI,19.1,8.1,4.9,2011-10-26,0.0340569,0.718571,108.975,2.33639,22.7985,-3.4096,4.26598,0.0480648,0.53571,124.176,0.905724,0.436577,0.639973,0.0060778,0.584768,0.605569,33.4102,-4.99661,0.0118398,5.54024,0.332798
2012,KFY,-29.7,18.8,8.0,2011-10-31,0.033212,1.02331,0,2.6212,19.0575,-6.65359,2.39291,0.0595309,3.1533,-4.29188,0.879785,0.171822,,0.405255,0.812039,1.63404,31.3705,-10.9524,0.00377741,0,-0.751182
2012,LNN,-15.4,37.8,1.5,2011-08-31,0.032383,1.0604,51.7937,5.90489,53.3056,-7.74343,3.24882,0.0148877,2.50424,79.4068,0.378295,0.20322,0.127331,0.456679,0.564255,0.628107,54.6729,-7.94204,-0.0052255,-14.505,0.381308
2012,MLKN,-13.1,15.8,1.9,2011-09-03,0.0737213,0.808511,20.7373,2.4708,22.3249,1.33531,1.99915,0.0296944,1.5935,20.7378,0.311163,0.515659,0.576162,0.122863,0.545104,0.687614,27.2839,1.63192,0.00838598,-2.8216,0.222652
2012,MRCY,-16.0,-47.5,5.9,2011-09-30,0.0110323,0.623736,114.817,3.47754,25.6993,-24.9529,7.61565,0.00757383,1.58914,128.118,0.798755,0.247379,0.917966,0.213561,0.382548,1.24557,59.5577,-57.8279,-0.015834,35.6518,-0.607957
2012,MTZ,10.1,71.7,7.2,2011-09-30,0.0398208,1.2601,11.7056,2.22772,24.7687,5.59634,1.48337,-0.0474583,-1.43861,45.0918,0.616296,0.512705,0.859046,0.166746,0,0.696344,52.5944,11.8834,-0.0205224,0.949464,0.674128
2012,NX,-12.0,23.9,7.8,2011-10-31,0.0245575,0.89087,26.8389,1.94758,22.115,-4.28704,2.33962,0.0640784,6.96747,26.622,0.753441,1,0.347029,0.0866729,1,0.631143,23.9138,-4.63575,-0.00392762,4.52285,0.483699
2012,PDS,8.8,-21.3,5.9,2011-09-30,0.0303951,3.40562,2.25122,6.40974,16.9647,4.08538,3.10407,-0.0831246,0.242979,-4.69534,0.306041,0.76641,0.0575055,0.0604347,0,1.3326,27.9449,6.72958,0.0159738,-1.68634,2.64904
2012,PKE,-19.5,-4.3,7.7,2011-08-28,0.0224066,0.800981,37.1097,7.4821,49.4451,-19.6191,13.4634,0.00678444,0.615385,65.504,0.696936,0.215472,0.986391,0.33772,0.0845057,0.66033,44.7047,-17.7381,-0.0102357,1.93338,0.0752967
2012,PKG,-7.8,50.2,16.3,2011-09-30,0.0393094,0,41.2581,4.39303,26.2467,5.7023,1.58754,0.00362249,1.71468,56.846,0.531954,0,0.428357,0.343136,0.389725,0.796912,30.7667,6.68431,0.0463061,-1.58311,-1.91189
2012,PRIM,74.9,25.3,6.6,2011-09-30,0.094121,0.776376,9.03,1.37628,12.4655,-0.416224,1.21458,-0.0617462,-1.38934,37.7335,0.681706,0.25132,0.355989,0.510491,0,0.804258,38.1947,-1.27532,0.0424169,-1.02358,0.0746526
2012,PTEN,-25.7,11.4,10.0,2011-09-30,0.0372078,10.378,5.52494,4.52123,12.5151,1.64383,1.60335,-0.0238794,2.6929,10.6614,0.343938,1,0.0545848,0.128503,0.125825,2.63451,19.5056,2.56202,0.0176543,1.77145,7.82442
2012,RGR,174.3,33.6,6.5,2011-10-01,0.115114,1.53138,13.5828,5.009,23.8814,-3.15888,3.25176,0.0133653,0.986588,16.2804,0.871365,0.252808,0.155274,0.320461,0.516364,1.77696,46.316,-6.12639,0.0384185,-10.1841,-0.0308152
2012,SSD,15.3,-6.2,8.4,2011-09-30,0.0323444,0,178.244,5.77575,31.5021,-8.90732,6.54216,0.0149674,1.41512,203.861,0.611492,0,0.428018,0.224445,0.653314,0.904379,38.2041,-10.8023,-0.00478534,10.2665,-0.667874
2012,STN,6.1,30.8,6.7,2011-09-30,0.0396112,0.399011,8.9624,3.85448,24.8205,5.28178,1.60816,0.0544761,2.16419,17.5561,0.333798,0.153926,0.216713,0.21133,0.859205,0.618245,35.1342,7.47652,-0.000125456,-2.98616,-0.537402
2012,TTEK,-1.9,23.4,11.3,2011-09-30,0.0408866,0.376646,0,1.8134,20.968,0.974262,1.57812,0.0238849,1.2126,62.7996,0.501605,0.074525,0,0,0.598173,0.492061,39.0083,1.81249,0.000289869,0,-0.234251
2012,WCC,16.0,12.9,11.5,2011-09-30,0.0408757,1.05195,44.9308,1.45829,23.1794,6.81375,2.14138,0.02532,0.914826,55.8541,0.384871,0.590902,0.00195705,0.0959476,0.181399,0.757974,27.9618,8.21955,0.00685876,-1.63974,0.368615
2012,WFG,-5.5,65.2,10.6,2011-09-30,0.0102099,1.37439,64.8779,3.18718,40.9387,5.7523,2.46305,0.0116994,21.134,48.0225,0.303688,1,0.734365,0.287471,0.421421,0.611165,33.6756,4.73175,-0.0166812,-5.2716,1.04935
2012,WGO,-22.8,111.5,6.5,2011-08-27,0.00936329,0.399538,51.0158,1.06275,45.2654,-22.6124,3.2124,0.0164628,1.11193,49.9029,0.584493,0.422518,0.187213,0,0.675219,0.338879,122.258,-61.0742,-0.0186108,16.0149,0.126384
2012,WOR,-7.3,52.3,21.7,2011-08-31,0.0186957,0.503501,64.0382,1.89114,19.2644,7.14616,1.6758,-0.02974,-0.523623,79.9185,0.83578,0.233995,0.447645,0.745052,0.216049,0.44827,29.3699,10.8948,-0.00193182,1.65255,0.103197
2012,WSO,16.9,4.1,8.0,2011-09-30,0.0708618,1.11578,70.0242,1.9479,23.0025,1.21414,2.59405,-0.011827,-0.318345,87.6696,0.969445,0.715371,0.0732736,0,0.0897119,0.867783,51.981,2.74371,0.00609575,3.42332,0.441318
2013,AGI,-33.4,-24.6,19.5,2012-09-30,0.0499461,1.1643,134.025,29.7274,43.2079,-5.85298,9.48585,0.0086474,1.34779,82.2389,0.646588,0.0459935,0.251529,0.395388,0.598818,2.83319,75.6722,-10.2506,0.0134246,-30.1579,-4.28829
2013,AMRC,-46.4,30.9,32.1,2012-09-30,0.0194677,2.81124,4.94477,4.55518,48.3326,13.5403,2.03786,-0.0190543,0.454795,22.2484,0.413639,0.17724,0.734622,0.835874,0.23301,4.5793,55.929,15.6684,-0.0071425,0.95908,-1.58869
2013,AZZ,77.8,17.3,27.4,2012-08-31,0.0498413,1.23464,64.1328,6.04954,26.3841,3.63135,2.77988,0.00608448,0.878299,100.724,0.376025,0.715076,0.354727,0.961383,0.152981,0.898108,41.7005,5.73942,0.0132254,-4.98371,0.171136
2013,CBRL,25.7,36.6,36.0,2012-11-02,0.0406489,0.839276,37.0944,3.03172,31.0486,6.63098,1.11468,-0.0180629,-0.587616,18.5704,0.839995,0.064427,0.314262,1,0.274748,1.1953,37.8352,8.08035,-0.00175644,-40.52,-0.371622
2013,CDE,-34.1,-41.6,15.1,2012-09-30,-0.0029639,0.567179,134.036,11.0755,56.2305,-0.180343,1.66753,0.0194226,-5.03982,112.358,0.020234,0.0268741,0.959816,0.131055,0.797071,0.40023,61.3661,-0.196814,-0.0455004,77.2389,-0.0767334
2013,CHH,-0.1,31.6,31.9,2012-09-30,0.236512,3.15238,0,11.861,36.7941,10.3777,1.03622,0.043077,1.88102,-2.07931,0.933076,0.839255,0,0.168824,1,1.91157,55.2679,15.5883,0.0184249,-0.366691,1.69604
2013,CLH,-23.5,1.5,26.0,2012-09-30,0.0272281,1.18186,15.4289,5.32581,39.6042,3.98139,3.03446,0.00317033,4.60539,46.492,0.387646,0.382292,0.70214,0.534372,0.311093,1.25946,46.1886,4.64331,-0.0141773,2.945,-0.247855
2013,CW,-3.6,77.8,45.4,2012-09-30,0.0111767,0.710028,94.683,3.94608,41.3227,7.61679,1.99334,0.0127787,3.15939,162.484,0,0.0947345,1,0.213324,0.443374,0.88049,28.8418,5.31625,-0.0146551,8.06242,-0.322518
2013,DCH,-3.5,49.9,31.1,2012-09-30,0.0148686,1.31266,35.6207,3.16872,39.282,24.1781,1.57295,-0.317612,26.9756,32.057,0.965385,0.578741,0.842389,0.422392,0.570995,1.28352,1191.06,733.102,-0.0126277,9.53543,0.186947
2013,DECK,-55.2,103.6,52.2,2012-09-30,0.0805826,2.43362,201.545,4.04546,22.4032,3.13923,1.724,-0.178711,-4.9686,193.152,0.47227,0.43184,0.594528,0.0693025,0,0.765689,29.8336,4.18041,-0.0349216,49.6873,2.43362
2013,EBF,-0.6,4.9,21.2,2012-08-31,0.027204,0.220642,93.3208,3.17145,28.0137,3.62629,4.81007,0.0363,1.92229,116,0.967247,0.0286991,0.000360871,0.000332489,0.592739,0.967282,30.6101,3.96238,-0.0130783,-19.5778,-0.474245
2013,ENS,30.0,60.6,33.4,2012-09-30,0.0406478,0.841046,79.3235,3.15457,22.6174,0.474133,2.60421,0.0256717,1.2684,105.862,0.82954,0.101046,1,0.64915,0.316628,1.15848,36.2352,0.759606,0.00903601,7.46744,-0.187641
2013,EXP,112.5,14.3,23.1,2012-09-30,0.0302193,0.308457,74.2253,14.187,66.0154,5.90027,2.0736,0.0205548,2.65516,91.0595,1,0.117874,0.35512,0.130615,0.561691,0.464657,92.1201,8.23343,0.0255642,-2.96648,0.00885289
2013,FCN,-19.1,5.0,26.4,2012-09-30,0.0234951,0.493618,0,4.2569,26.5236,9.53702,1.88741,0.0609092,3.12209,123.407,0.359093,0.353855,0,0,0.92621,0.505306,24.3525,8.75637,-0.00797472,-2.63034,-0.343353
2013,FTK,30.5,62.3,34.7,2012-09-30,0.109751,1.94371,84.7549,8.85135,39.6719,1.94055,1.33574,0.0160397,1.67081,96.2328,0.90536,1,0.154634,0.0255992,0.721025,1.29214,106.265,5.19792,0.0219103,11.0455,1.03367
2013,GLNG,-12.8,-11.0,22.4,2012-09-30,0.030418,2.82925,0,35.0028,46.7917,12.8924,0.764682,0.000945116,1.19592,0,0.685907,0.751094,0,0.122438,0.716486,3.44406,81.9027,22.5665,0.00768614,0,-3.56031
2013,GNTX,-27.9,72.1,37.5,2012-09-30,0.0500791,2.25716,89.4884,7.82484,29.9408,-5.43616,7.09533,0.0188491,1.78906,105.463,0.803775,0.537684,0.834809,0.0333136,1,2.63811,40.3078,-7.31843,-0.0110793,11.3993,-0.736069
2013,GRC,-9.9,27.8,26.5,2012-09-30,0.0380373,1.04734,105.466,6.14991,42.8674,-0.515785,3.32093,0.00969187,1.29928,149.959,0.33797,0.128147,0.90447,0.538626,0.814413,1.08557,48.3284,-0.581493,-0.00887189,9.81336,0.138782
2013,IOSP,35.2,7.2,25.4,2012-09-30,0.0358698,1.85714,97.5283,3.7884,34.3957,-4.73267,2.46614,0.036058,2.17419,106.196,0.713449,1,0.283463,0.954891,0.264265,0.989471,38.5354,-5.30227,0.0895789,11.7042,1.32937
2013,JBTM,26.5,45.3,31.0,2012-09-30,0.0345638,1.01639,83.8356,2.74852,34.1983,5.6,1.16745,0.0300929,3.29032,102.968,0.194872,0.36618,0.599477,0.617038,0.497893,1.03068,26.2026,4.29069,-0.00892773,11.0973,0.313268
2013,KAI,8.9,35.6,35.6,2012-09-29,0.0304561,0.313461,80.0018,2.55732,18.2668,-3.42552,5.2092,0.0456582,1.64624,100.936,0.675965,0.152915,0.141439,0.0958935,0.592105,0.682749,34.3349,-6.43872,-0.00360082,-28.9729,-0.405111
2013,KFY,18.7,42.0,35.2,2012-10-31,0.00342908,0.83663,0,2.14853,51.1944,-22.4451,2.43147,0.0436097,26.0844,-13.7348,0.623338,0.118755,,0.258199,0.746195,1.28665,27.7109,-12.1493,-0.0297829,0,-0.186679
2013,LNN,63.9,-4.1,22.8,2012-08-31,0.0378761,0.751297,50.0539,5.41469,43.6567,-8.77809,3.71547,0.0291441,3.03037,78.4912,0.43894,0.285521,0.103557,0.366104,0.699993,0.754608,45.8703,-9.22319,0.00549305,-1.73986,-0.309101
2013,MLKN,16.3,12.7,27.2,2012-09-01,0.0577306,1.65263,18.75,2.68271,35.1724,1.91545,1.82828,0.0113964,1.435,18.8024,0.202023,1,0.387528,0.291409,0.264822,0.907811,31.2948,1.70428,-0.0159907,-1.98733,0.844121
2013,MTZ,71.1,27.0,32.6,2012-09-30,0.0538143,0.957057,8.86432,1.84741,19.578,4.39396,1.36833,0.0732265,4.98993,40.4378,0.921328,0.348304,0.322266,0.0838859,0.843855,0.829577,42.64,9.56987,0.0139935,-2.8413,-0.30304
2013,NX,13.3,5.9,26.0,2012-10-31,0.00211814,1.20895,30.6844,2.79278,64.149,-6.82635,1.9628,0.0128461,21.1684,25.7715,0.714034,0.869924,0.620926,0.175707,0.509102,0.939462,33.916,-3.60913,-0.0224393,3.84548,0.318077
2013,PKE,-8.3,15.4,19.3,2012-08-26,0.0117403,0.215888,42.5882,9.07562,79.0287,-24.0741,16.7061,0.00673041,1.21103,79.0945,0.481427,0.00356299,0.662607,0.615012,0.0915075,0.557513,54.7536,-16.6793,-0.0106663,5.47856,-0.585093
2013,PKG,45.7,68.8,39.7,2012-09-30,0.0428662,1.43705,41.841,5.69768,30.5378,5.05663,3.00997,0.0224192,2.55751,75.7093,0.572813,0.0738732,0.499301,0.94841,0.701708,3.08695,39.9362,6.61287,0.0035568,0.582861,1.43705
2013,PRIM,31.3,55.9,37.5,2012-09-30,0.0730884,1.30945,8.94701,1.59467,17.8924,0.131236,1.26871,-0.046434,-1.12779,45.2159,0.54136,0.423879,0.352717,0.591495,0.075859,0.87598,34.8581,0.255673,-0.0210327,-0.0829897,0.53307
2013,PTEN,22.6,7.3,22.0,2012-09-30,0.02162,1.89896,5.82259,4.46701,12.4055,2.22872,1.86793,0.0231487,5.6466,22.8432,0.403614,0.0790405,0.0637563,0.124144,0.480555,6.09532,17.168,3.08432,-0.0155878,0.297645,-8.47905
2013,RGR,34.5,26.3,32.4,2012-09-29,0.140703,2.36186,15.9194,6.75763,25.8115,-2.42857,3.18254,0.0186744,1.40002,14.7778,0.920263,0.689037,0.206055,0.942889,0.579109,1.80073,57.7794,-5.43639,0.0255889,2.33665,0.830482
2013,SSD,-6.7,-1.1,20.3,2012-09-30,0.0278013,0,160.617,6.95397,41.3369,-6.46812,5.5905,0.0240683,3.0682,194.695,0.668597,0,0.118135,0.388258,0.788455,0.447935,53.0491,-8.30078,-0.0045431,-17.6267,0
2013,STN,31.8,48.1,39.0,2012-09-30,0.0455191,0.683402,4.88032,3.87946,30.7503,4.53322,1.65787,0.0460478,2.40326,101.779,0.923038,0.517539,0.0617804,0.36022,0.787025,0.588646,43.1598,6.36263,0.00590788,-4.08208,0.284391
2013,TREX,77.1,45.5,35.1,2012-09-30,-0.109148,0.64427,11.2721,8.12205,-60.5915,0.0526704,1.18611,0.037737,-1.70689,41.0973,0.0979033,0.798615,0,0.593903,0.530276,0.46446,180.55,-0.156946,-0.144875,-47.3601,0.38224
2013,TTEK,20.4,0.5,22.0,2012-09-30,0.0415254,0.693925,0,2.27356,25.5392,-0.339928,1.70568,0.011838,0.976424,65.6607,0.525557,0.369866,0,0.334142,0.446854,0.390672,44.4965,-0.59225,0.000638828,0,0.317278
2013,WCC,14.0,16.5,24.8,2012-09-30,0.0410492,0.727273,45.279,2.17371,31.8754,5.9484,2.09431,0.0229489,1.17367,56.613,0.447997,0.296093,0.1439,0.753488,0.168174,0.902699,44.205,8.24927,0.000173498,0.348201,-0.324675
2013,WFG,66.2,22.7,29.0,2012-09-30,0.0288889,0.888889,60.5323,3.19559,25.2665,1.35192,2.33242,0.0334048,2.11538,45.5506,0.795728,0.402287,0.725389,0.290101,0.467001,1.07425,47.8011,2.55766,0.018679,-4.3456,-0.485505
2013,WGO,99.6,28.9,27.2,2012-08-25,0.0290419,0.631676,53.5904,1.53145,24.8961,-6.26955,3.06578,-0.0395386,-0.284394,51.7285,0.851519,1,0.208305,0.165373,0.424199,0.420693,,,0.0196786,2.57461,0.232138
2013,WLFC,14.2,11.0,26.3,2012-09-30,-0.0100492,1.59842,-407.409,26.5087,92.6248,62.6851,5.54465,-0.0067274,-2.78454,-407.409,0,0.0683456,0.0948487,0.591396,0.86384,2.53357,44.5577,30.1551,-0.0155439,-407.409,-0.194054
2013,WOR,52.1,59.1,35.6,2012-08-31,0.0236541,1.11463,60.3133,1.96465,18.3748,6.02567,2.15465,0.0617372,2.03637,71.6975,0.856079,0.893606,0.311966,0.828202,0.459566,0.547387,28.7233,9.41927,0.0049584,-3.72488,0.611132
2013,WSO,6.2,23.1,29.1,2012-09-30,0.0582334,0.528853,71.4674,2.74795,31.1295,1.73377,3.4764,0.0459595,2.08438,86.2523,0.802784,0.158853,0.104164,0.343905,0.724198,1.02412,70.2333,3.91166,-0.0126284,1.44321,-0.58693
2014,AGI,-25.6,-41.2,9.4,2013-09-30,0.0170162,0.824613,95.7096,24.2787,49.8681,-13.8401,11.7193,0.0063818,2.77835,49.9948,0,0.00200438,0.15373,0.252782,0.581509,1.62124,44.3085,-12.2971,-0.0329299,-38.3157,-0.339685
2014,AMRC,7.9,-21.2,13.9,2013-09-30,0.0158688,0.942704,6.43481,3.73949,47.1958,11.505,2.13137,-0.00266685,0.815771,50.3684,0.389059,0.0505059,0.551213,0.686195,0.248116,2.79472,50.4186,12.2906,-0.00359885,1.49004,-1.86853
2014,AZZ,0.9,12.4,17.4,2013-08-31,0.035187,1.11436,68.2991,7.22039,33.0573,9.90313,2.29262,0.00319253,0.935294,113.42,0.180901,0.69234,0.641304,0.6817,0.0148552,0.90962,52.6622,15.7763,-0.0146542,4.16625,-0.120278
2014,CBRL,37.5,34.2,22.5,2013-11-01,0.0419148,1.07338,35.2326,4.56977,48.859,5.64051,0.898048,-0.0102581,-0.339875,18.5033,0.854658,0.262844,0.328326,1,0.0987486,1.1632,55.6038,6.41916,0.00126597,-1.8618,0.234099
2014,CDE,-39.6,-40.9,9.4,2013-09-30,0.0128632,0.619295,107.718,6.52682,46.5266,3.50724,3.03228,-0.00488637,-0.579358,99.1391,0.355272,0.0270766,0.345796,0.062676,0.708295,0.455371,23.0079,1.73437,0.0158271,-26.3174,0.0521157
2014,CHH,30.4,30.1,21.1,2013-09-30,0.176711,2.28541,0,14.2908,48.6896,10.1367,1.44194,0.0265403,1.74545,2.11876,0.939961,0.252448,0,0.332861,0.654825,2.55301,70.458,14.6686,-0.0598012,0,-0.866967
2014,CLH,-13.3,13.7,19.2,2013-09-30,0.0223915,0.984632,21.5989,5.19031,32.9435,8.07788,1.70533,0.0208526,4.02992,40.9234,0.294881,0.234546,0.360677,0.390939,0.578804,1.14529,61.8862,15.1747,-0.00483661,6.17003,-0.197232
2014,CW,73.3,11.7,18.1,2013-09-30,0.0235438,0.875047,123.212,5.77579,31.0406,7.85194,2.58224,0.0216358,2.02373,178.853,0.489274,0.2854,1,1,0.518489,0.819507,42.9367,10.8611,0.0123671,28.5287,0.165018
2014,DCH,56.7,33.3,26.0,2013-09-30,0.0279573,1.2407,32.5449,3.61899,26.2409,12.8445,1.55049,0.0081769,2.18671,35.2339,0.980052,0.4941,0.80105,0.539935,0.888289,1.42688,48.446,23.7136,0.0130887,-3.07578,-0.0719613
2014,DECK,109.3,-3.8,10.0,2013-09-30,0.0578502,2.80322,182.018,6.29909,43.247,2.86449,1.82055,-0.0812594,-4.78046,175.575,0.424686,0.865534,0.491092,0.232413,0.237075,1.53196,44.6117,2.95488,-0.0227324,-19.5266,0.369601
2014,EBF,6.2,-13.0,18.7,2013-08-31,0.0356539,0.475949,91.7767,3.56423,25.4713,0.914849,4.40164,0.0366741,1.89297,110.553,0.984581,0.0690533,0.000194129,0.00045352,0.596006,0.454151,36.1998,1.30018,0.0084499,-1.54419,0.255308
2014,EFXT,13.9,-7.7,15.2,2013-09-30,0.0187573,0.97029,52.8015,2.88202,36.1126,-0.44116,1.77914,0.030368,3.2961,89.0319,0.228582,0.304666,0.524271,0.703949,0.550714,1.00583,22.7304,-0.27768,-0.0107133,-18.7907,0.23376
2014,ENS,60.3,-7.2,16.5,2013-09-29,0.0386534,0.936679,74.6579,4.90771,37.5627,-1.24655,2.58201,0.0155586,1.37992,99.1495,0.775349,0.114369,0.607695,1,0.250406,1.02874,53.314,-1.76927,-0.00199443,-4.66561,0.095633
2014,EXP,14.0,-2.1,16.4,2013-09-30,0.0347473,0.594495,75.5225,15.8342,56.486,6.27815,2.95705,0.0140749,1.51352,94.4753,1,0.36306,0.0371036,0.162757,0.462431,0.849577,136.093,15.1261,0.00452801,1.29721,0.286039
2014,FCN,-14.7,25.7,20.1,2013-09-30,-0.0180394,0.634412,0,4.93636,-99.9671,-27.7936,2.45586,0.0511405,-1.66802,77.8625,0.146796,0.626806,0,0.16775,0.790743,0.531863,35.9427,9.99305,-0.0415344,0,0.140794
2014,FTK,65.8,-30.3,11.0,2013-09-30,0.0495562,0.215155,104.739,13.6659,70.3517,3.78139,1.88163,0.0070825,1.10136,126.372,0.776416,0.00869138,0.405815,0.593097,0.610737,1.44682,181.329,9.74639,-0.0601944,19.9839,-1.72856
2014,GNTX,69.1,6.8,17.4,2013-09-30,0.0467203,0.945249,57.8487,12.8871,42.0639,0.461671,4.34406,0.0101724,0.925424,80.5794,0.746229,0.137614,0.280573,0.559107,0.424455,1.97763,62.1926,0.682592,-0.00335885,-31.6397,-1.31191
2014,GRC,27.3,1.8,16.2,2013-09-30,0.0420438,0.510065,95.2169,8.04676,52.82,-1.6098,3.17784,0.0177621,2.09237,135.502,0.525356,0.0624089,0.60366,1,0.872867,0.985296,67.9482,-2.07086,0.00400649,-10.249,-0.537272
2014,IOSP,5.5,-1.7,16.5,2013-09-30,0.035839,1.5,111.204,5.91938,48.7716,1.67094,2.36151,-0.0115229,-0.414286,126.132,0.713204,0.775449,0.771985,1,0,1.34436,56.414,1.93277,-3.07904e-05,13.6756,-0.357143
2014,JBTM,49.3,14.7,20.5,2013-09-30,0.0336329,1.06349,72.783,3.42354,43.2106,3.94054,1.46186,0.01638,2.51351,85.1318,0.20718,0.400774,0.429235,0.862387,0.480948,1.06149,38.6555,3.52515,-0.000930821,-11.0526,0.0470986
2014,KAI,35.4,13.8,19.9,2013-09-28,0.0266048,0.685056,89.5271,3.41983,25.4737,-4.78563,8.0428,0.0297831,1.94201,107.507,0.591546,0.439267,0.240113,0.508324,0.43892,0.655652,48.8329,-9.17403,-0.00385137,9.52526,0.371596
2014,KFY,42.4,19.0,18.2,2013-10-31,0.0259575,0.955623,0,3.90916,28.2306,-5.35613,2.06127,0.0222091,1.69103,-11.9793,0.891824,0.152581,,0.805961,0.710914,0.936395,60.2479,-11.4307,0.0225285,0,0.118993
2014,LNN,-3.4,0.0,14.6,2013-08-31,0.0385199,0.92764,56.225,5.56662,43.4294,-7.98733,3.61234,0.0139387,1.59369,94.5331,0.395955,0.47563,0.196746,0.523681,0.55522,0.838207,47.2826,-8.696,0.000643806,6.17115,0.176343
2014,MLKN,12.8,0.1,15.8,2013-08-31,0.0578231,0.585586,23.368,3.49429,32.6483,2.79242,1.43699,0.021193,1.69778,17.2058,0.381039,0.167153,0.809959,0.751847,0.541884,1.02332,51.7456,4.42581,9.25387e-05,4.618,-1.06705
2014,MRCY,37.1,34.3,23.6,2013-09-30,-0.0115091,0.268932,100.976,4.93415,519.821,-78.332,5.3012,0.0034775,-0.963209,161.236,0.636607,0.0817298,0.655915,0.592892,0.639507,0.469818,46.8134,-7.05433,0.0204018,-24.3568,0.0238708
2014,MTZ,26.5,-45.6,9.0,2013-09-30,0.0444151,0.795344,5.26573,2.49438,24.396,6.39819,1.51017,0.0344169,2.39008,52.5222,0.80807,0.46185,0,0.458339,0.60483,0.877691,51.8887,13.6085,-0.00939916,-3.59859,-0.161713
2014,NX,6.0,0.1,16.8,2013-10-31,-0.00397158,0.125908,23.6159,2.18068,24.7632,-2.01596,1.93884,0.0516476,-30.6335,27.8554,0.890146,0.0791408,0.325347,0.1094,0.895624,0.977653,58.2328,-4.74072,-0.00608972,-7.06854,-1.08304
2014,PATK,283.6,11.0,17.7,2013-09-29,0.0626273,1.00237,40.2793,1.8132,29.6219,5.84847,2.12874,0.0221591,1.17718,36.0076,0.967437,0.371518,0.188807,0.375176,0.248632,1.18405,182.776,36.0868,-0.0158228,1.87965,-1.67354
2014,PKE,14.1,-13.9,11.9,2013-09-01,0.0205684,0.149749,41.6799,11.1723,57.975,-6.75627,18.7375,0.0116147,0.819888,74.6805,0.659795,0,0.611852,1,0.254971,0.361378,66.5408,-7.7545,0.00882811,-0.9083,-0.0661391
2014,PRIM,56.4,-32.6,11.7,2013-09-30,0.0640835,1.50154,8.24901,2.47079,26.2832,0.931467,1.52069,0.00976139,1.39348,45.1476,0.30862,0.53335,0.279724,0.809425,0.35426,1.40232,50.1107,1.77591,-0.00900485,-0.698004,0.192094
2014,PTEN,21.7,-39.2,10.1,2013-09-30,0.0287516,1.07071,3.71444,4.89614,13.4556,1.84376,2.29278,0.0397218,3.67317,36.1771,0.613294,0.0529068,0,0.158641,0.605564,4.96907,19.4556,2.66592,0.0071316,-2.10815,-0.828248
2014,RGR,27.8,-36.7,10.7,2013-09-28,0.263076,2.48366,16.6397,6.87535,23.5363,-1.08653,1.8455,0.00172503,0.484845,17.2855,0.746046,0.746421,0.534113,0.965049,0,2.11032,51.8486,-2.39354,0.122373,0.720288,0.1218
2014,SSD,-0.7,5.3,17.5,2013-09-30,0.0371991,0.7082,159.405,6.94737,35.466,-5.59833,5.26174,0.0305628,2.64971,185.559,0.875228,0.127717,0.103388,0.29279,0.884895,0.368079,59.8592,-9.44882,0.00939775,-1.21203,0.7082
2014,STN,52.6,-14.9,14.1,2013-09-30,0.0526967,1.13036,5.38006,4.52229,33.7577,2.35508,1.74424,0.0395157,2.427,24.4745,1,0.82751,0.101979,0.811694,0.709858,0.765663,54.208,3.78179,0.00717762,0.499737,0.44696
2014,TREX,75.7,12.6,18.8,2013-09-30,-0.112996,0.941019,13.9523,11.2669,-73.1966,1.7609,1.58571,0.0319865,-1.99536,35.5489,0.0821348,1,0.0100339,0.784929,0.532591,0.541675,186.903,-4.49636,-0.0038475,2.68014,0.296749
2014,TTEK,-3.0,-12.1,14.3,2013-09-30,0.0308718,0.453646,0,2.49592,31.5863,1.42147,1.80415,0.00929327,0.887179,64.1086,0.851322,0.29662,,0.495606,0.414891,0.438405,52.9573,2.38323,-0.0106537,0,-0.240279
2014,WCC,12.0,-18.6,11.6,2013-09-30,0.0339436,0.517857,46.6466,2.51711,34.6119,10.5296,2.13993,0.0151375,0.86686,54.4628,0.695895,0.193291,0.256812,0.793727,0.124607,0.602473,57.1457,17.3848,-0.00710559,1.36764,-0.209416
2014,WFG,22.5,17.9,19.3,2013-09-30,0.0296869,2.4,72.247,4.56676,34.5656,0.49174,2.22796,0.00809599,2.32727,42.6904,0.688509,1,0.586375,0.699659,0.360479,1.49942,54.9446,0.781657,0.000797975,11.7147,1.51111
2014,WGO,33.4,-13.6,15.2,2013-08-31,0.0642068,0.698856,53.6619,2.72117,30.3425,-3.34532,3.18177,0.0248302,1.61756,52.4864,1,0.517797,0.208891,0.434633,0.712725,0.706057,323.449,-35.6609,0.0351649,0.071489,0.0671805
2014,WLFC,19.9,9.6,16.6,2013-09-30,-0.00295955,0.119972,0,29.603,42.1938,27.8016,4.81362,0.0485697,-9.19874,12.0515,0.352295,0,0.103443,0.754308,1,1.96645,55.1656,36.3487,0.00708968,407.409,-1.47844
2014,WOR,30.2,-25.5,14.5,2013-08-31,0.0243197,0.686228,58.3134,2.56899,18.5286,3.62746,2.00322,0.0567084,1.67629,67.5613,0.87395,0.439671,0.299923,0.86369,0.446179,0.641313,36.5012,7.14607,0.000665662,-1.99996,-0.428405
2014,WSO,20.2,17.7,17.0,2013-09-30,0.0633729,0.877415,70.3862,3.26226,35.309,2.56325,3.72629,0.0379259,1.93729,87.5049,0.870611,0.439109,0.0810218,0.526504,0.64589,0.902324,72.8226,5.28654,0.00513949,-1.08121,0.348562
2015,AGI,-42.0,-14.5,-0.4,2014-09-30,-0.00778446,0.547929,70.6734,8.04055,30.2142,-19.3385,10.6693,-0.0498272,0.00165605,50.8098,0.118938,0.0145376,0.161866,0,0,0.905282,16.96,-10.8552,-0.0248007,-25.0362,-0.276685
2015,AMRC,-16.8,-10.9,-2.4,2014-09-30,0.018504,0.996632,6.0844,2.46224,27.4271,6.50218,1.80115,-0.0754733,-2.4725,41.9361,0.534275,0.0541636,0.352379,0.226408,0.450987,2.18898,37.2987,8.84245,0.00263519,-0.350411,0.0539283
2015,AZZ,4.6,19.6,2.6,2014-08-31,0.0282195,0.473926,68.4891,7.97107,44.3421,10.1465,2.02111,0.0303832,3.03094,105.004,0.0897242,0.080079,0.654377,0.738233,0.478844,0.818625,53.2645,12.1882,-0.00696758,0.190046,-0.640438
2015,BCC,29.1,-49.2,-2.6,2014-09-30,0.0609535,1.38818,43.3613,1.34209,18.9074,1.88389,2.56578,0.0335665,1.82044,43.337,1,0.824717,0.769625,0.689817,0.819554,1.06863,37.6364,3.75,0.0276847,-0.370212,-0.295041
2015,CBRL,45.7,-3.1,-5.0,2014-10-31,0.0506924,1.05288,34.4295,4.44875,41.6762,3.94636,0.97623,0.00664558,1.0795,18.5947,0.946206,0.245474,0.317034,0.947742,0.350928,1.25321,52.9163,5.0107,0.00877754,-0.803159,-0.020494
2015,CDE,-40.6,-64.4,-4.0,2014-09-30,0.00927649,0.399762,123.306,4.2811,16.9023,5.16334,4.06187,0.0284938,9.02077,124.854,0.269017,0.482594,0.45165,0,0.615929,0.320254,22.9259,7.00344,-0.00358674,15.588,-0.219533
2015,CHH,34.6,-26.1,-4.3,2014-09-30,0.14414,1.99389,0,16.6466,52.1021,7.88891,2.03265,0.0223637,1.84291,-3.9846,0.910092,0.197804,0.128978,0.510402,0.567645,2.50607,74.833,11.3306,-0.0325714,0,-0.29152
2015,CLH,21.5,-25.3,-5.0,2014-09-30,-0.0135607,0.902839,25.7084,5.15943,156.404,40.5147,1.89521,0.00548432,-0.868841,53.9617,0,0.212246,0.505555,0.38307,0.384428,1.10913,49.3169,12.775,-0.0359522,4.10941,-0.0817926
2015,CW,11.9,-5.2,-5.2,2014-09-30,0.0258011,0.625558,99.5835,6.9535,37.4642,6.89073,2.79593,0.0158658,2.74661,149.922,0.589773,0.286232,0.535505,0.9415,0.463696,0.65653,50.4675,9.28239,0.00225736,-23.6282,-0.249488
2015,DCH,30.5,-53.1,-5.8,2014-09-30,0.0308391,1.0274,27.9756,2.72727,20.2902,10.3568,1.59364,0.0761724,3.06996,29.0734,0.602641,0.314007,0.490628,0.318,0.907977,1.31238,28.315,14.4529,0.00288187,-4.56938,-0.213303
2015,DECK,-2.8,-39.1,-0.1,2014-09-30,0.0607389,2.14375,169.066,7.16175,46.9351,1.00108,2.22876,-0.0664411,-4.77316,143.223,0.431387,0.764744,0.445004,0.280771,0.273124,1.70919,57.24,1.22087,0.0028887,-12.9517,-0.659475
2015,EBF,-25.5,44.2,11.0,2014-08-31,0.0326007,0.153277,99.6428,3.06413,22.7156,4.40475,5.07779,0.0490717,1.89956,120.687,0.978318,0.0180515,0.000301651,0,1,0.260913,28.8321,5.59079,-0.00305321,7.86611,-0.322672
2015,EFXT,-7.7,-33.6,-4.1,2014-09-30,0.0272972,0.621396,74.5991,4.61065,31.8876,5.74953,1.50938,-0.0330235,-1.25724,98.5593,0.332654,0.0262554,0.740702,1,0.13889,0.910068,42.0995,7.5908,0.00854,21.7976,-0.348894
2015,EGO,-29.9,-32.9,0.3,2014-09-30,0.00895158,2.6129,118.701,18.5308,45.2754,0.512647,4.51939,-0.00219667,4.28089,49.6814,0.747967,0.281153,0.358433,0.112979,0.633897,2.91383,56.6074,0.640958,-0.00362801,-4.61246,-0.329566
2015,ENS,-8.4,-20.2,-1.8,2014-09-28,0.0443134,0.906004,74.9389,4.71638,30.4606,2.28427,2.67193,-0.00145842,0.154624,105.357,0.934887,0.0694954,0.569876,0.812012,0.239064,1.09882,48.9304,3.66933,0.00566007,0.281014,-0.0306754
2015,EXP,1.6,-37.6,-1.5,2014-09-30,0.0482103,0.959258,81.8319,18.7884,62.7908,3.53429,2.56498,0.0119794,1.53725,95.0755,1,0.645714,0.217567,0.644383,0.598266,1.06627,151.834,8.54626,0.0134631,6.30935,0.364763
2015,FCN,24.5,-11.2,-4.5,2014-09-30,0.0224603,0.865348,0,4.26272,32.5626,9.01109,2.47777,0.0629493,4.33279,88.5696,0.739564,0.555373,0,0.00149612,0.92614,0.76558,38.1007,10.5437,0.0404996,0,0.230936
2015,FTK,-29.3,-65.6,0.6,2014-09-30,0.0589176,0.993725,103.696,12.567,57.9769,1.43404,2.88832,0.0118955,1.50343,115.496,0.500738,0.450415,0.461148,0.500576,0.669999,1.13392,100.695,2.49065,0.00936139,-1.04334,0.77857
2015,GNTX,0.5,-19.0,-0.3,2014-09-30,0.0571044,0.979721,57.487,10.6083,30.1764,-1.40633,5.58984,0.0168379,1.17987,76.2079,0.720379,0.148126,0.256003,0.299068,0.617656,0.953386,47.3161,-2.20511,0.0103841,-0.36169,0.0344719
2015,GRC,1.3,-21.2,-1.2,2014-09-30,0.044468,0.565487,101.18,7.00445,43.5368,-0.904418,2.86918,0.0136422,1.36021,136.968,0.582658,0.121153,0.710756,0.453943,0.620731,1.12704,57.245,-1.18919,0.00242423,5.96337,0.0554223
2015,IOSP,-2.1,13.5,-10.4,2014-09-30,0.0385793,1.01538,100.071,3.94951,27.562,0.752294,3.27512,0.0212165,1.21154,116.178,0.749678,0.438142,0.595151,0.58558,0.253372,1.00682,36.6076,0.999188,0.0027403,-11.1327,-0.484615
2015,JBTM,15.6,57.1,5.4,2014-09-30,0.043741,1.53521,69.6872,3.85135,41.4446,4.60177,1.28946,0.021858,3.23333,82.4363,0.587774,0.747256,0.575133,0.625282,0.53873,1.30874,45.993,5.1068,0.0101081,-3.09589,0.471719
2015,KAI,13.5,-4.9,-6.3,2014-09-27,0.0259987,0.634501,95.1092,4.26147,31.4675,-1.40018,6.85577,0.0307323,2.25724,115.278,0.486468,0.400308,0.399121,0.839701,0.649832,0.633517,39.7711,-1.76966,-0.000606014,5.58214,-0.0505557
2015,KFY,23.1,-13.7,-3.0,2014-10-31,0.0352654,0.69553,0,4.24102,25.7747,-5.69805,2.31374,0.0243037,1.49715,-21.7783,0.99044,0.0442141,,0.85835,0.72097,0.891834,44.7909,-9.90197,0.00930783,0,-0.260093
2015,LNN,-2.7,-15.3,8.9,2014-08-31,0.03957,2.69771,59.9693,5.52375,40.9629,-8.63831,3.21447,0.0162154,2.28431,81.914,0.272786,1,0.572196,0.513157,0.611335,1.04321,39.7929,-8.39158,0.00105019,3.74433,1.77007
2015,MLKN,0.6,-3.3,-1.2,2014-08-30,0.0598666,0.683333,37.1552,4.01329,37.7412,5.22694,0.945913,0.0191798,1.66667,28.2931,0.947353,0.243447,1,0.814047,0.72263,1.02984,72.5509,10.0479,0.00204352,13.7872,0.0977477
2015,MRCY,32.8,16.3,0.9,2014-09-30,0.00212303,0.249311,92.1226,5.53866,68.7544,-11.223,4.87185,0.00365488,4.36473,162.231,0.423529,0.0709277,0.53084,0.662158,0.642337,0.329362,56.4054,-9.20721,0.0136321,-8.85363,-0.0196207
2015,MTZ,-46.1,-30.7,-4.3,2014-09-30,0.033241,0.560424,8.4183,2.79328,27.5434,8.68166,1.72796,0.000919741,0.565955,65.3199,0.673424,0.23596,0.394651,0.401491,0.398525,0.901142,49.1435,15.49,-0.0111742,3.15257,-0.23492
2015,NX,1.1,-8.5,-2.8,2014-10-31,0.011966,0.571274,40.0048,3.55693,42.703,-8.76504,3.50623,0.00892947,2.22437,41.3915,0.676455,0.353132,0.35187,0.698262,0.53694,0.865615,52.4771,-10.7712,0.0159376,16.3889,0.445366
2015,PATK,29.5,-5.1,-4.8,2014-09-28,0.058459,0.60493,43.824,2.14756,32.3489,8.37062,2.62064,0.0156868,0.897987,44.2265,0.525052,0.187887,0.86051,0.914822,0.242719,0.96885,55.9581,14.4798,-0.00416834,3.54466,-0.397442
2015,PDS,-41.7,-53.9,-4.5,2014-09-30,0.0187762,2.20935,2.67224,8.16405,23.9361,6.20005,2.62891,-0.0256911,2.77835,3.73811,0.663601,0.45951,0.30821,0.353193,0.397197,1.67998,35.4419,9.18032,0.00591922,-0.209113,0.503562
2015,PKE,-15.2,-38.6,2.8,2014-08-31,0.0162577,0.206936,45.2028,13.6577,85.258,-1.53877,10.0168,0.0146596,1.7782,70.1722,0.248889,0.148994,0.758828,0.850159,0.55712,0.285823,71.4128,-1.28888,-0.00431072,3.52285,0.0571877
2015,PRIM,-44.9,16.9,-7.2,2014-09-30,0.0585901,1.71282,9.75221,2.40795,24.858,1.54093,1.52738,-0.0182159,0.0249726,54.4005,0.421324,0.641573,0.182072,0.503377,0.215656,1.60701,43.1005,2.67177,-0.00549337,1.5032,0.211282
2015,PTEN,-37.1,-25.6,-1.5,2014-09-30,0.00691433,1.20153,3.27945,6.33456,19.9616,2.40882,1.27347,-0.016899,12.904,24.8089,0.307706,0.0386509,0.0290806,0.202186,0.294729,1.16815,25.3903,3.06391,-0.0218373,-0.434985,0.130811
2015,RGR,-32.7,41.8,-9.4,2014-09-27,0.046048,0.657606,57.5602,9.25683,46.5027,-1.4333,2.68502,-0.0111921,-0.68151,69.8313,0,0,1,1,0,1.87653,32.4446,-1.00001,-0.217028,40.9205,-1.82605
2015,SSD,5.3,-5.1,-2.0,2014-09-30,0.0367221,1.12281,156.968,5.59164,29.2515,-6.4529,5.84021,0.0353035,2.84553,192.224,0.83404,0.347252,0.0670884,0,1,0.632667,45.7642,-10.0956,-0.000476984,-2.43696,0.414615
2015,STN,-16.1,-12.7,-5.4,2014-09-30,0.0464668,0.573725,5.15314,5.38084,42.5092,2.46029,1.68805,0.0255276,1.98551,21.9019,0.942022,0.396291,0.0979003,0.848325,0.586893,0.887217,63.7318,3.68858,-0.00622989,-0.22692,-0.556637
2015,TREX,20.9,-27.3,-3.7,2014-09-30,0.105425,1.02059,20.228,11.4321,59.8043,-0.046067,1.56732,0.0274567,3.80016,44.8385,0.735004,0.93543,0.0822851,0.475214,0.517233,0.753006,129.664,-0.09988,0.21842,6.27574,0.0795671
2015,TTEK,-14.2,2.7,2.2,2014-09-30,0.0194595,0.365125,0,2.68653,44.0332,2.14573,1.78343,0.00537971,0.575432,73.8804,0.792235,0.225344,,0.571657,0.259892,0.393358,47.6406,2.32152,-0.0114123,0,-0.0885201
2015,WCC,-17.7,-45.1,-0.7,2014-09-30,0.0352618,0.241379,45.995,2.35201,32.4415,9.33703,2.17462,0.0243604,1.10012,58.6723,0.762547,0,0.196463,0.624293,0.603584,0.363667,49.7386,14.3153,0.0013182,-0.651593,-0.276478
2015,WGO,-26.0,0.8,2.0,2014-08-30,0.0706852,3.35362,46.7546,2.54209,28.0065,-1.87045,2.72459,0.014358,1.00913,58.5426,1,1,0.44727,0.594892,0.449534,1.78117,79.5599,-5.3135,0.00647846,-6.90731,2.65477
2015,WLFC,5.6,-2.5,0.5,2014-09-30,0.00171444,1.73304,62.8979,28.9871,44.0036,26.6492,4.29148,-0.0341257,12.5408,87.1786,0.632939,0.281553,0.0139284,0.653316,0.620335,1.74334,66.1966,40.0897,0.004674,62.8979,1.61307
2015,WOR,-33.0,40.5,3.0,2014-08-31,0.0304395,1.17214,57.416,2.55581,29.5389,6.96498,1.88283,0.0181733,1.11604,62.8419,0.73401,1,0.353623,0.841722,0.574284,0.795613,33.578,7.91737,0.00611976,-0.89737,0.485913
2015,WSO,24.0,-4.1,-9.2,2014-09-30,0.0672775,0.752722,76.3604,2.95311,30.5432,3.06371,3.73098,0.0343182,1.50254,92.7446,0.907785,0.327621,0.208897,0.345944,0.769595,0.75399,55.7953,5.59668,0.00390466,5.97426,-0.124693
2015,WTI,-61.4,-42.5,-1.9,2014-09-30,0.00912372,1.47579,0,8.84862,13.8666,8.3088,0.512127,-0.0432778,224.993,-19.5614,0.114592,0.290465,0,0.537264,0.53858,1.27078,13.464,8.06761,-0.00605166,-13.5204,0.282968
2016,AZZ,19.6,27.9,17.8,2015-08-31,0.0317823,1.26646,63.3132,7.67597,43.3242,8.9564,2.0329,0.0267207,2.90756,105.066,0.239719,1,0.224151,0.632829,0.879493,0.772857,53.4606,11.0519,0.00356283,-5.17594,0.79253
2016,BCC,-64.1,94.7,43.0,2015-09-30,0.0404632,1.72152,42.6342,1.13481,20.7551,2.55414,2.65141,0.0333873,2.64511,40.9344,0.721125,1,0.75672,0.558227,0.817791,1.23386,29.7218,3.65758,-0.0204903,-0.727069,0.333336
2016,CBRL,1.1,14.4,24.9,2015-10-30,0.0580274,0.912774,35.8675,5.07455,42.4493,3.24376,1.03545,-0.00650214,-0.10657,16.3669,0.934412,0.090716,0.211563,0.938756,0.145923,1.26677,56.8673,4.34552,0.00733499,1.43802,-0.140107
2016,CDE,-63.9,367.2,109.5,2015-09-30,0.0177014,0.672198,119.931,4.3297,19.3379,9.3221,3.40017,0.0339512,-2.54849,136.027,0.479883,0.900118,0.428729,0.00364806,0.657103,0.377689,19.9645,9.6242,0.00842494,-3.37526,0.272436
2016,CHH,-23.3,15.1,24.4,2015-09-30,0.141482,2.33462,0,13.8487,43.897,8.11453,1.88121,0.019654,1.46896,2.60451,0.406783,0.261671,0.128978,0.276188,0.524841,2.29951,65.1369,12.0408,-0.00265806,0,0.340726
2016,CLH,-25.3,35.2,28.9,2015-09-30,0.0315882,0.975948,21.3079,4.22354,23.1459,7.45831,1.71604,0.0189177,2.87805,44.0671,0.821395,0.22295,0.323824,0,0.783977,0.973341,37.7023,12.1488,0.0451489,-4.40049,0.073109
2016,CW,-6.3,52.1,30.7,2015-09-30,0.0249645,0.327802,107.618,6.85995,40.5692,8.00077,2.76213,0.0340063,3.14541,165.301,0.67693,0.0901305,0.693452,0.776467,0.657033,0.454702,43.3906,8.55716,-0.000836576,8.03451,-0.297756
2016,DCH,-42.5,47.3,33.6,2015-09-30,0.0351928,0.828921,25.7838,2.75539,18.8664,8.18675,1.77862,0.0482368,1.86864,32.0931,0.718592,0,0.239955,0.337059,0.91612,1.04221,26.2503,11.3909,0.00435371,-2.19171,-0.198477
2016,DECK,-40.7,16.6,22.1,2015-09-30,0.0548617,1.34739,196.341,4.39188,33.1341,3.87357,1.68214,-0.168991,-8.28455,172.125,0.438041,0.480659,0.519572,0.1255,0.0236455,1.89426,34.8133,4.06987,-0.00587718,27.2751,-0.796354
2016,EBF,35.2,-14.5,17.1,2015-08-31,0.0404932,0.297439,79.9541,3.07257,25.2094,2.40267,4.32793,0.0683459,2.71076,96.7394,0.98899,0.0934529,0,0.14075,1,0.230548,42.9509,4.09357,0.00789246,-19.6887,0.144162
2016,EFXT,-33.6,63.7,34.7,2015-09-30,0.0164573,1.79463,82.6092,4.7231,34.2665,10.4429,1.65012,-0.0349937,-0.0158439,108.92,0.133362,0.325564,0.786526,1,0.12609,1.58403,33.9508,10.3467,-0.0108399,8.01009,1.17323
2016,EGO,-37.5,16.2,20.7,2015-09-30,0.00140286,2.10512,108.489,11.876,88.4118,7.19928,3.07345,-0.0175149,-0.549604,47.592,0.699848,0.142433,0.211545,0,0.187651,2.4131,31.664,2.57836,-0.00754872,-10.2122,-0.507774
2016,ENS,-21.0,62.9,31.3,2015-09-27,0.0327776,0.972815,75.172,4.67443,36.4196,4.75181,2.85274,0.0339092,2.32071,103.875,0.646861,0.140975,0.589999,0.691986,0.546701,1.19202,38.9945,5.08776,-0.0115358,0.233058,0.0668118
2016,EXP,-38.9,115.8,37.4,2015-09-30,0.0204334,1.16056,71.0237,11.893,40.1562,5.16658,2.1608,0.0170791,2.91673,91.1016,0.501469,0.481698,0,0.251,0.583055,1.19553,84.0638,10.8158,-0.0277769,-10.8081,0.201299
2016,FCN,-7.0,18.7,24.4,2015-09-30,0.0233447,0.689419,0,4.65637,55.0295,10.7687,2.35712,0.0392148,7.18149,86.5051,0.806903,0.405821,0,0.171046,0.78768,0.855038,44.8659,8.77978,0.000884413,0,-0.175929
2016,FTK,-64.8,76.5,35.9,2015-09-30,0.00820462,0.509251,133.966,10.8734,132.643,6.21029,2.44,0.00447526,3.2081,152.269,0.304587,0.170139,0.713216,0.313413,0.374042,1.04555,61.8473,2.89566,-0.050713,30.2706,-0.484474
2016,GNTX,-18.8,62.0,30.4,2015-09-30,0.0598557,1.35103,62.2629,10.7691,30.5316,-2.45111,5.3912,0.0137991,1.16521,78.598,0.894124,0.211932,0.1698,0.316349,0.529576,0.945509,45.0709,-3.61833,0.00275134,4.77592,0.371309
2016,GRC,-23.7,37.6,29.9,2015-09-30,0.0275323,0.66501,92.0832,5.71188,46.6096,-2.4937,3.79266,0.0396128,4.64755,138.288,0.182348,0.142475,0.366434,0.0268433,1,1.25101,41.8045,-2.23662,-0.0169357,-9.097,0.099523
2016,IOSP,13.8,44.7,31.5,2015-09-30,0.0502378,0.785714,91.6484,4.45267,22.2809,0.19685,2.25419,0.0257606,0.997191,100.823,0.831368,0.272388,0.28885,0.583953,0.732476,0.744689,37.3369,0.32987,0.0116585,-8.4228,-0.22967
2016,JBTM,57.9,56.0,27.4,2015-09-30,0.0462314,0.972603,62.8767,4.84257,46.2753,6.82168,1.3028,0.00088623,0.637795,72.864,0.611994,0.229112,0.416604,0.858405,0.317519,1.37312,60.8774,8.97424,0.00249037,-6.81044,-0.562609
2016,KAI,-4.1,56.1,33.4,2015-10-03,0.0320481,0.548375,125.938,4.4185,26.6092,-1.80092,7.73172,0.0334878,1.82924,138.498,0.512139,0.33394,1,0.519774,0.771409,0.585487,33.3601,-2.25782,0.00604932,30.8285,-0.0861261
2016,KFY,-11.7,14.1,22.8,2015-10-31,0.0279603,0.718663,0,5.31019,46.1164,-8.07056,2.44841,0.00637691,0.932168,0.600761,0.763178,0.15556,,1,0.634908,0.885247,54.8364,-9.5966,-0.00730502,0,0.0231326
2016,LNN,-5.3,13.7,19.8,2015-08-31,0.00627385,0.941839,74.8676,6.84489,95.7339,-2.45975,3.38724,0.0107005,-4.18013,90.0415,0,0.264454,1,0.836947,0.445545,1.06726,39.3296,-1.01052,-0.0332962,14.8983,-1.75587
2016,MLKN,-1.1,2.4,17.5,2015-08-29,0.0655406,1.21168,35.3442,3.2335,26.5729,3.13953,1.32332,0.0103584,0.985207,28.3909,0.968914,0.50751,0.901606,0.402513,0.523862,1.20347,49.438,5.841,0.00567397,-1.81096,0.528345
2016,MRCY,21.2,77.4,28.9,2015-09-30,0.00873052,0.565586,101.034,7.5746,49.7218,-8.8866,4.69743,0.00718315,2.86378,153.283,0.566388,0.245051,0.619577,1,0.718232,0.470795,75.1452,-13.4304,0.00660749,8.91171,0.316275
2016,MTZ,-29.3,158.3,53.3,2015-09-30,0.0101445,0.529316,8.37461,2.19098,35.9032,17.2607,1.57264,0.057292,12.7317,56.4351,0.428855,0.10655,0.389182,0.177588,0.658082,0.654695,31.2111,15.0049,-0.0230965,-0.0436828,-0.0311079
2016,NX,-7.6,2.3,20.3,2015-10-31,0.0346705,0.755127,38.9527,3.41651,25.085,1.23966,1.95189,0.049582,3.97647,38.9312,1,0.498909,0.313184,0.56065,0.87828,0.886012,61.8666,3.05735,0.0227045,-1.05206,0.183853
2016,PATK,7.6,105.5,44.4,2015-09-27,0.0432132,0.345417,48.1546,2.90956,41.1122,14.6962,2.53347,-0.00876296,-0.225781,57.311,0.382071,0.0725319,1,1,0.220382,0.666966,63.6256,22.7439,-0.0152458,4.33065,-0.259513
2016,PDS,-54.7,104.9,48.5,2015-09-30,-0.018829,0.427928,5.48572,8.53416,118.207,63.7612,2.85442,0.00521043,-0.704141,22.3559,0.116498,0,1,0.414534,0.818518,1.51923,23.014,12.4138,-0.0376052,2.81348,-1.78142
2016,PKG,-38.5,86.5,34.9,2015-09-30,0.0457674,0.799159,54.8193,5.41701,25.9438,7.03973,2.67234,0.0278187,1.85837,70.0964,0.375911,0.0410817,1,0.389395,0.866813,0.699008,41.8007,11.3424,0.00517025,8.49306,-0.137149
2016,PRIM,12.1,32.0,27.2,2015-09-30,0.0465091,1.00685,12.1522,1.96232,22.0848,3.3503,1.58491,-0.0175116,0.0293516,68.5764,0.458943,0.276099,0.644533,0.285946,0.219146,1.32627,29.725,4.50933,-0.012081,2.39997,-0.705976
2016,RGR,39.6,-23.2,16.4,2015-09-26,0.0806812,0.92962,42.2345,8.73848,39.0329,-2.22661,2.35103,0.00524505,1.17738,43.1824,0.455204,0.132052,0.701563,0.899056,0.315052,1.44445,35.7171,-2.03746,0.0346332,-15.3257,0.272014
2016,SSD,-5.2,38.5,26.3,2015-09-30,0.0410447,0.810161,155.662,6.46874,33.1338,-5.75385,5.9347,0.0255268,2.20027,191.551,1,0.399021,0,0.169608,0.829443,0.844874,51.7847,-8.99266,0.0043226,-1.30592,-0.312653
2016,STN,-13.5,22.1,25.2,2015-09-30,0.0409321,0.438366,0,4.11372,33.074,3.63658,1.69871,0.0271126,1.68396,32.7575,0.890514,0.29143,0,0.295664,0.698424,0.676697,48.2507,5.30529,-0.00553468,-5.15314,-0.13536
2016,TREX,-20.2,75.2,38.1,2015-09-30,0.0448526,1.16481,21.2291,11.5587,108.213,4.57712,1.28879,0.0344537,10.6974,85.4815,0.550923,0.404887,0.15028,0.451189,0.486497,1.18964,93.8441,3.96935,-0.0605721,1.00114,0.144228
2016,TTEK,0.4,82.9,35.2,2015-09-30,-0.018079,0.407434,0,2.61872,-159.993,-6.07901,1.82881,0.0169618,-0.907452,71.5286,0.49408,0.299326,,0.52726,0.26797,0.450689,45.0093,1.71015,-0.0375385,0,0.0423081
2016,WCC,-43.4,95.7,36.6,2015-09-30,0.0293315,0.222222,49.2835,1.72968,27.1353,11.1581,2.32706,0.0203127,0.683432,60.4638,0.550529,0,0.50103,0.18958,0.70233,0.330519,30.0294,12.3481,-0.00593028,3.28845,-0.0191571
2016,WFG,-50.4,39.2,35.3,2015-09-30,0.0295104,1.04082,65.3571,4.88685,27.7392,2.28252,1.87216,0.00811608,1.58929,56.3301,0.58524,0.261538,0.102686,0.380509,0.676025,2.00958,38.7896,3.19181,-0.0163006,-3.52849,-1.33696
2016,WGO,4.5,30.5,22.7,2015-08-29,0.060275,1.95199,45.2692,1.91124,24.6375,-3.60662,3.26206,0.0440448,2.27242,55.8831,0.864622,0.227928,0.271906,0.38988,0.748485,3.12774,44.6038,-6.52946,-0.0104102,-1.48543,-1.40163
2016,WLFC,-3.1,31.8,26.0,2015-09-30,0.00327887,3.36532,89.2294,21.2143,38.7912,26.6854,4.02404,-0.0530275,14.4482,115.059,0.717112,0.56646,0.0145402,0,0.533554,2.37387,59.1905,40.7186,0.00156442,26.3315,1.63228
2016,WOR,39.6,38.8,24.8,2015-08-31,0.0199913,1.79557,53.403,2.10358,27.2596,9.99938,1.88688,0.0983413,4.0016,60.3349,0.605833,1,0.316285,0.443688,0.891964,1.15097,24.4561,8.97101,-0.0104481,-4.01302,0.623428
2016,WSO,5.4,28.3,31.6,2015-09-30,0.0692433,1.23986,75.9398,3.78925,38.619,2.42046,3.97084,0.0401691,2.32952,94.6742,0.920957,0.370478,0.120331,0.469277,0.841462,1.23675,64.365,4.03411,0.00196576,-0.420653,0.487137
2017,BCC,86.8,69.6,38.2,2016-09-30,0.0269758,1.0189,44.0245,1.34581,28.2919,8.87188,2.06434,0.0475831,6.7364,42.8561,0.537559,0.311791,0.781396,0.662018,0.957462,1.32304,37.4872,11.7554,-0.0134874,1.39027,-0.702619
2017,CBRL,8.7,8.3,22.7,2016-10-28,0.066119,1.28616,36.4548,5.00787,36.929,2.85519,0.994241,0.00259956,0.722531,15.672,0.973838,0.34821,0.314258,0.857165,0.260808,1.368,48.7667,3.77044,0.00809163,0.587324,0.373386
2017,CDE,380.8,-31.8,15.1,2016-09-30,0.04415,0.923063,131.199,11.8261,36.8079,3.16506,4.1297,0.0116451,0.687379,124.827,0.795874,1,0.403084,1,0.58602,0.56027,84.6319,7.27739,0.0264486,11.2679,0.250865
2017,CHH,16.7,39.2,30.1,2016-09-30,0.133754,2.23443,0,11.8978,37.7487,7.83715,1.43882,0.0213571,1.27295,7.7943,0.361313,0.187156,0.128978,0.00296806,0.58555,2.41846,57.9896,12.0394,-0.00772765,0,-0.100193
2017,CLH,34.8,-11.2,19.9,2016-09-30,0.00529444,0.719275,32.4363,5.69301,38.9635,13.0868,1.94758,0.00217894,-5.73145,59.2819,0.386336,0.0713283,0.727346,0.437679,0.459192,0.895056,40.4426,13.5836,-0.0262938,11.1285,-0.256674
2017,CRAI,116.9,16.7,22.4,2016-10-01,0.0230978,2.68471,0,2.35329,27.1529,-3.55706,1.78299,0.0746459,6.75595,87.8649,0.986314,0.662998,1,0.340062,0.644021,2.23659,73.4338,-9.61992,0.00351278,0,-0.025796
2017,CW,50.8,30.5,28.4,2016-09-30,0.0303143,0.443581,111.487,8.97876,45.3095,5.12289,2.79322,0.0248094,2.40749,156.353,0.595677,0.233953,0.745209,1,0.59673,0.369061,50.813,5.74515,0.00534976,3.86876,0.115779
2017,DCH,42.4,-23.0,17.8,2016-09-30,0.0368524,1.06212,23.9143,2.27215,14.9923,6.35976,1.85317,0.0413716,1.7423,30.7771,0.857593,0.230674,0,0.124663,0.87584,1.00079,20.1758,8.55858,0.0016596,-1.86959,0.233204
2017,DECK,13.9,54.3,40.2,2016-09-30,0.052616,0.8949,193.02,4.34268,31.3664,2.97782,1.96942,-0.134406,-6.23834,184.243,0.449226,0.31924,0.350102,0.228483,0.0923198,1.54646,36.4388,3.45937,-0.0022457,-3.32185,-0.452493
2017,EBF,-10.3,19.9,19.8,2016-08-31,0.0369071,0.156869,39.5656,4.09974,26.3867,-3.89539,6.02729,0.0315204,2.06825,60.1511,0.985085,0.0676919,0.132803,0.896003,0.561068,0.222873,38.4171,-5.6714,-0.00358607,-40.3884,-0.140571
2017,EFXT,63.7,-21.5,16.2,2016-09-30,0.0113818,0.0603754,110.395,7.06147,38.8674,6.87869,2.09412,0.015239,1.05288,90.0775,0.325745,0,0.863733,1,0.609406,1.38363,40.7734,7.21602,-0.00507549,27.786,-1.73425
2017,EGO,15.0,-71.5,6.4,2016-09-30,0.00654399,5.06157,161.822,26.266,61.3198,4.7551,4.67401,-0.00912475,3.28997,52.0499,0.909428,0.949144,0.965117,0.545138,0.6558,2.73682,,,0.00514113,53.3333,2.95644
2017,ENS,62.0,-15.1,18.7,2016-10-02,0.0347935,0.989156,80.2976,5.49537,40.9722,2.34087,2.98442,0.0110864,1.08233,106.995,0.697193,0.361506,0.869359,0.889893,0.225277,1.00896,43.8313,2.50421,0.00201585,5.12566,0.0163402
2017,FCN,17.4,7.3,22.7,2016-09-30,0.0177492,0.894447,0,4.75471,41.2903,4.86014,2.36388,0.0326892,3.27057,89.4145,0.719085,0.517116,0,0.448186,0.749612,0.691299,46.0783,5.42371,-0.00559551,0,0.205028
2017,FTK,77.3,-47.6,12.2,2016-09-30,-0.0138582,0.804507,137.825,11.7591,1875.32,84.6061,2.21377,-0.000504042,-0.888201,177.015,0.4684,0.300017,0.74294,0.489912,0.567543,1.17595,64.4242,2.90653,-0.0220629,3.85887,0.295256
2017,GRC,39.2,-17.1,15.0,2016-09-30,0.0296789,0.80115,97.6638,6.49572,43.3804,-4.65572,3.93722,0.0236698,2.68774,150.812,0.249469,0.112524,0.284539,0.231135,0.669495,0.633544,43.0942,-4.625,0.00214659,5.58057,0.136139
2017,IOSP,46.3,-5.1,18.1,2016-09-30,0.0213728,0.489583,115.297,6.99971,50.1199,-0.682927,3.01384,0.0172149,2.61404,130.07,0,0.1004,1,1,0.539721,0.630602,42.6331,-0.580913,-0.0288649,23.6486,-0.296131
2017,JBTM,55.9,28.9,22.4,2016-09-30,0.0517362,0.43956,50.5127,6.67011,60.4111,6.67617,1.20973,0.0107031,1.27184,70.0127,0.813582,0,0.248833,0.893648,0.421068,1.14953,97.8133,10.8096,0.00550486,-12.364,-0.533042
2017,KAI,55.1,57.5,31.6,2016-10-01,0.0273695,0.533121,91.899,5.36485,35.3411,-0.122237,8.17679,0.0240911,1.69653,112.649,0.339109,0.327318,0.313596,0.753179,0.647891,0.548994,42.5636,-0.147219,-0.00467853,-34.0387,-0.0152534
2017,KFY,9.8,37.7,30.4,2016-10-31,0.0293746,1.46724,0,2.82002,20.0717,0.271355,1.95754,0.0261296,1.52647,5.18449,0.869088,0.928502,,0.214305,0.729736,0.896129,41.8464,0.565733,0.0014142,0,0.748577
2017,LNN,22.6,1.8,16.0,2016-08-31,0.0291381,0.346229,72.3768,5.91847,48.2396,0.976817,3.3245,0.0147933,1.64229,95.7237,0.36352,0,0.728504,0.679577,0.703335,0.804439,38.1392,0.772291,0.0228642,-2.49077,-0.59561
2017,MLKN,2.4,28.2,28.3,2016-09-03,0.0638804,1.58993,35.6972,3.88024,32.7604,2.38082,1.26586,0.0037606,0.827397,24.4791,0.977664,0.592425,0.920785,0.711576,0.375196,1.56281,53.3221,3.87511,-0.00166023,0.352999,0.378249
2017,MRCY,79.1,56.7,41.7,2016-09-30,0.00561873,0.826503,109.115,12.1832,77.0618,8.14982,4.12928,0.00443286,2.69259,161.144,0.523021,0.871489,0.746083,0.987084,0.673125,0.539833,158.026,16.7123,-0.00311179,8.08029,0.260917
2017,MTZ,155.2,42.4,33.8,2016-09-30,0.0477369,0.590748,7.12932,2.14368,22.5141,6.66976,1.50942,0.0307137,1.74518,47.4846,0.92381,0.255932,0.233292,0.160002,0.513626,0.573861,41.6943,12.3518,0.0375924,-1.24529,0.0614323
2017,NX,-1.0,-8.1,19.5,2016-10-31,0.0120156,0.844476,40.3371,3.20037,39.9739,12.2314,1.78714,0.0470788,6.87903,47.6888,0.676042,0.569754,0.341453,0.427194,0.957167,0.778476,61.383,18.7823,-0.0226549,1.38435,0.0893491
2017,PATK,97.6,19.4,24.5,2016-09-25,0.0460186,0.731098,40.9338,2.94256,33.5489,10.4498,2.04494,0.0448853,2.69896,42.8519,0.0839619,0.165493,0.58282,1,0.469901,0.556317,63.5929,19.8078,0.00280548,-7.22087,0.385681
2017,PKE,20.5,11.3,27.3,2016-08-28,0.00705408,0.0642424,48.4517,10.2091,100.595,-10.1519,17.6653,0.00106861,0.202928,84.9896,0,0.0288393,0.767185,0.377096,0.370489,0.101051,47.7263,-4.81647,-0.0104422,2.61324,0.00471861
2017,PRIM,28.7,-3.0,22.0,2016-09-30,0.0159088,0.575997,10.8728,2.33503,41.7004,4.18923,1.6801,0.0329268,9.48675,64.1592,0.146129,0,0.395609,0.404326,0.605402,1.08204,33.0006,3.31524,-0.0306004,-1.27941,-0.430849
2017,RGR,-21.7,-3.9,20.2,2016-10-01,0.109082,1.36746,35.2743,6.16038,25.4641,-2.59552,2.71249,0.00692179,0.972292,31.2267,0.517451,0.268967,0.534132,0.303257,0.404134,0.953797,28.4866,-2.9036,0.0284004,-6.96018,0.437836
2017,SSD,38.4,33.6,31.9,2016-09-30,0.0527107,1.87453,168.671,8.20919,36.1964,-4.17532,5.05158,0.0154901,1.51505,204.913,1,0.643476,0.21823,0.506163,0.636403,1.35792,61.4522,-7.08863,0.011666,13.0084,1.06437
2017,STN,20.5,8.7,23.0,2016-09-30,0.0243024,0.540608,7.79662,3.57806,39.3088,8.58286,1.51257,0.0109792,1.20122,29.5369,0.73575,0.370636,0.724905,0.0751385,0.573928,0.500325,64.4811,14.0791,-0.0166297,7.79662,0.102242
2017,TREX,78.6,57.0,33.1,2016-09-30,0.0653339,0.964327,19.4906,15.9868,120.872,-1.63346,2.02925,0.0365628,9.60534,45.3634,0.457499,0.3127,0.214858,0.691906,0.494496,1.24483,105.908,-1.43124,0.0204814,-1.73856,-0.200487
2017,TTEK,78.0,16.5,29.9,2016-09-30,0.0358541,0.156386,0,3.04479,36.0242,3.02972,1.93702,0.0247981,1.67451,69.9678,0.951862,0,,0.775719,0.384893,0.406704,62.942,5.29357,0.0539331,0,-0.251048
2017,WCC,94.9,-8.1,23.8,2016-09-30,0.0253623,0.358824,50.2794,2.35347,39.8767,12.59,2.33734,0.0242664,-2.52733,64.8217,0.408621,0.1753,0.593268,0.541996,0.447031,0.298172,38.0898,12.0258,-0.00396926,0.995903,0.136601
2017,WFG,36.5,65.0,31.5,2016-09-30,0.0509471,1.52,65.2774,3.93705,21.9676,1.83881,1.89676,0.04152,2.3271,47.9134,0.899147,0.295449,0.0366646,0.169341,0.881532,1.28937,32.2838,2.70233,0.0214367,-0.079741,0.479184
2017,WGO,38.7,48.9,32.8,2016-08-27,0.063425,3.0779,47.656,2.11773,27.3445,-4.19771,3.01874,0.0254741,1.59782,53.1164,0.893872,0.301591,0.161096,0.462376,0.570187,3.9819,40.7737,-6.25925,0.00314999,2.38681,1.1259
2017,WLFC,30.8,10.7,27.1,2016-09-30,0.00462067,3.12431,87.9024,25.739,39.7048,26.2287,4.05788,-0.0530093,7.05646,37.3653,0.789307,0.524392,0.548419,0.434555,0.533638,2.8956,54.9131,36.2752,0.0013418,-1.32699,-0.241014
2017,WOR,40.0,-19.5,12.8,2016-08-31,0.0372682,0.747378,56.1219,2.75933,16.677,3.26374,2.1681,0.0638962,1.76411,57.8768,0.859396,0.312338,0.477047,0.983066,0.60788,1.08398,30.3455,5.93872,0.0172768,2.71894,-1.04819
2017,WTI,-5.8,56.1,34.2,2016-09-30,-0.0956029,0.123806,0,10.3533,9.48328,8.09873,0.640961,-0.0263324,0.0457455,-86.4137,0.6186,0.0143617,0,0.277906,0.436543,0.504949,18.0348,15.4017,0.254112,-3.8267,-0.310731
2018,AGI,-40.2,-2.8,4.2,2017-09-30,0.00883273,1.35461,127.664,14.6454,36.9145,-2.8317,3.84647,0.00256028,1.50694,86.9241,0.79287,0.559834,0.994258,0.473093,0.752929,1.32267,410.665,-31.5021,0.00166875,8.16304,0.0164804
2018,AMRC,62.3,81.3,6.2,2017-09-30,0.020114,2.74783,4.73861,2.57798,25.2512,8.26379,1.2858,-0.161707,-4.48026,9.59086,1,0.513344,0,0.2574,0.163269,3.32736,53.6114,17.5451,0.00210387,-3.75853,-1.20702
2018,AZZ,-33.8,15.1,9.5,2017-08-31,0.0168602,0.517077,65.5358,8.236,52.8224,10.0464,2.72935,0.00952334,2.23184,135.726,0,0.0544465,0.512345,0.45759,0.570039,0.76547,44.2218,8.41067,-0.000812614,-5.75776,-0.209761
2018,BCC,62.2,-31.4,1.2,2017-09-30,0.0465328,0.917741,39.5763,1.31667,21.274,3.50178,2.26574,0.0497682,2.70547,38.8699,0.773323,0.216957,0,0.202493,0.987738,1.11206,38.1573,6.28081,0.0195569,-4.44823,-0.101158
2018,CBRL,0.9,4.7,5.0,2017-10-27,0.0618054,1.41524,37.5603,5.70089,43.7955,3.02595,0.929335,0.00203293,0.825291,14.3254,0.647622,0.415302,1,0.965749,0.202677,1.42213,48.7435,3.36783,-0.0043136,1.10545,0.129078
2018,CDE,-34.5,-30.0,4.9,2017-09-30,0.0284254,1.06116,127.609,10.6318,44.2564,1.37115,3.68225,-1.76017e-05,-1.76748,114.165,0.542346,0.924774,0.056564,0.317627,0.527777,0.698194,122.858,3.8064,-0.0157246,-3.59007,0.138097
2018,CECO,69.7,16.7,2.5,2017-09-30,0.0165112,0.0419101,33.8352,5.36922,48.2514,10.3273,1.5707,-0.00816677,-0.910408,66.6731,0.764992,0.0413142,0.359889,1,0.301417,0.0591849,77.1015,16.5021,-0.00864962,2.10593,-0.0133256
2018,CHH,35.2,4.9,3.6,2017-09-30,0.113105,2.25363,0,14.1415,50.2722,6.77591,1.66764,0.0260171,2.1202,9.63896,0.370789,0.191021,0.120828,0.181427,0.985415,2.26095,70.2246,9.46518,-0.0206491,0,0.0192076
2018,CLH,-11.4,20.2,4.5,2017-09-30,0.0148076,0.535738,29.9824,5.95635,37.874,10.6697,2.19107,0.0202349,8.6696,59.4365,0.628328,0,0.494501,0.516115,0.98541,0.735388,42.0532,11.8471,0.00951319,-2.45389,-0.183537
2018,CRAI,24.1,-3.8,4.4,2017-09-30,0.0238238,1.11449,0,3.43408,38.6991,-2.57885,1.62175,0.0405301,5.0462,91.8937,0.988779,0.244264,,0.958744,0.521891,1.52184,106.302,-7.08381,0.000725967,0,-1.57023
2018,DCH,-25.7,-3.4,3.5,2017-09-30,0.02188,1.177,25.0186,3.23774,19.0162,12.3518,1.72195,0.0323,2.4044,29.5541,0.409481,0.47962,0.129394,0.730176,0.639031,1.04961,40.0169,25.9927,-0.0149724,1.10432,0.114874
2018,DECK,57.0,45.7,-2.0,2017-09-30,0.0643781,0.518917,194.295,4.40351,26.5442,-0.815985,2.43206,-0.0830043,-3.54006,168.126,0.489234,0.185114,0.353596,0.233661,0.182879,0.819887,42.8215,-1.31636,0.011762,1.27525,-0.375984
2018,EBF,19.6,0.2,15.5,2017-08-31,0.0455368,0.241836,41.0378,4.53362,24.8487,-3.11143,5.89124,0.0123356,0.799766,62.145,1,0.436593,0.158517,1,0.3324,0.243618,42.0005,-5.25907,0.00862965,1.47212,0.0849667
2018,EFXT,-21.5,23.4,5.3,2017-09-30,0.00655627,0.645357,79.6059,7.35829,44.1743,4.77565,1.85696,0.0515086,3.89868,78.354,0.195012,0.1382,0.423988,1,0.926786,0.374755,56.4788,6.10588,-0.00482558,-30.7893,0.584982
2018,EGO,-71.2,-16.4,2.6,2017-09-30,-0.00617709,4.73876,234.406,18.6873,89.4889,2.6843,7.79812,-0.0551284,0.997143,180.564,0.923272,0.848489,0.946415,0.297891,0.0441003,3.80984,,,-0.0127211,72.5835,-0.322811
2018,ENS,-14.6,33.3,8.4,2017-10-01,0.0318992,1.00834,83.1318,5.12666,41.7867,2.66029,3.42571,0.00347636,0.552432,110.164,0.668453,0.377081,1,0.609114,0.177824,0.914272,44.2363,2.81624,-0.00289429,2.83413,0.019187
2018,FCN,16.8,45.0,7.3,2017-09-30,0.0248547,0.665958,0,3.63324,27.8726,5.17974,2.1485,0.0748005,3.29773,81.493,0.911503,0.276696,0,0,0.995277,0.612819,40.8791,7.59683,0.00710549,0,-0.228488
2018,FTK,-47.0,-43.3,3.0,2017-09-30,-0.0113459,0.722621,110.268,3.78534,1113.98,132.026,1.95836,0.0237734,-2.49196,142.831,0.654728,0.761581,0.312655,0,1,0.482551,24.3449,2.88529,0.0025123,-27.5572,-0.0818864
2018,GRC,-13.0,19.5,8.6,2017-09-30,0.0224939,0.37629,98.0018,8.1744,48.2233,-4.76824,4.76148,0.00939401,1.65293,141.016,0.0928695,0.0150032,0.424215,0.72614,0.373551,0.43298,55.2022,-5.4583,-0.00718505,0.338017,-0.42486
2018,IOSP,-4.3,10.3,7.9,2017-09-30,0.0281009,0.913386,81.4854,4.9869,37.2505,3.81124,2.23918,0.0231848,1.97854,103.407,0.134697,0.447523,0,0.30955,0.684611,0.558581,44.5724,4.56037,0.00672803,-33.8115,0.423802
2018,JBTM,22.9,-15.0,11.4,2017-09-30,0.0441238,0.78125,65.4026,8.53301,65.2853,6.64727,1.28193,0.0175499,2.52273,81.7031,0.723075,0.269828,0.547678,0.924043,0.603403,0.91314,122.738,12.497,-0.00761239,14.8899,0.34169
2018,KAI,57.9,-10.4,2.7,2017-09-30,0.025857,0.809655,92.3315,8.32398,41.3168,6.0881,8.64267,0.00153904,0.523297,115.909,0.409836,0.520542,0.208886,1,0.258596,0.506236,85.5224,12.6019,-0.00151251,0.432486,0.276534
2018,KFY,40.5,8.3,3.1,2017-10-31,0.0318194,0.906564,0,5.0068,33.3583,-0.534303,1.93815,0.0181828,1.45413,-9.94923,0.923421,0.363653,,0.897432,0.701743,0.922687,61.971,-0.992596,0.00244489,0,-0.560676
2018,LNN,4.1,2.9,13.9,2017-08-31,0.0278506,0.609076,82.3609,6.98032,57.2773,-0.288824,3.18279,0.0133307,2.3625,97.6372,0.351981,0.112438,0.879424,0.702202,0.673982,0.603562,47.0806,-0.237406,-0.0012875,9.98406,0.262848
2018,MLKN,27.6,-3.8,6.5,2017-09-02,0.0547945,1.60645,41.3346,3.71479,32.8112,1.88584,1.2987,-0.00295306,0.570997,29.827,0.952529,0.601622,0.944485,0.544733,0.2141,1.60337,45.0181,2.58745,-0.00908587,5.63738,0.0165236
2018,MRCY,56.0,0.0,-3.9,2017-09-30,0.0138784,0.388562,151.542,22.5,116.004,-1.26739,3.34586,0.00182374,0.447168,185.99,0.804048,0.176814,1,1,0,0.740829,252.388,-2.75743,0.00825968,42.4272,-0.437941
2018,MTZ,38.9,-16.7,2.5,2017-09-30,0.0425701,0.528462,4.40361,2.55209,28.4793,7.04692,1.744,0.0639316,4.15286,51.1938,0.867379,0.195292,0,0.180745,0.710146,0.622482,48.41,11.9786,-0.00516684,-2.72571,-0.062286
2018,NX,-5.7,-1.4,3.7,2017-10-31,0.0243189,0.54125,44.3772,4.2179,32.4414,7.35417,1.80171,0.0341095,3.10231,52.7793,0.839786,0.377823,0.423952,0.79185,0.835579,0.651617,57.6905,13.0779,0.0123033,4.04006,-0.303226
2018,PATK,26.0,-37.4,1.9,2017-09-24,0.0499006,0.510872,39.8691,2.78743,29.1918,6.51388,2.23167,0.00983407,0.732349,43.8422,0.141756,0.125837,0.40517,0.803781,0.293285,0.595563,57.6434,12.8626,0.00388197,-1.06465,-0.220226
2018,PKE,14.9,-9.3,-3.2,2017-08-27,-0.000578319,0.533784,47.3415,13.551,305.599,30.2789,15.229,-0.00396159,-2.01538,89.6136,0,0.963313,0.520149,0.829418,0.242952,0.148161,74.7181,7.40312,-0.00763239,-1.11025,0.469541
2018,PRIM,-4.1,-7.9,1.7,2017-09-30,0.036841,0.722883,6.62873,2.67176,27.545,1.89596,1.48813,0.0214709,2.03953,59.997,0.515083,0.178739,0,0.586308,0.485202,0.976586,41.4174,2.85082,0.0209322,-4.24404,0.146886
2018,RGR,-6.0,24.8,5.4,2017-09-30,0.0596642,0.316018,62.9359,8.24353,41.5135,-2.17925,2.8214,0.018448,2.03917,71.3699,0.409139,0,1,0.771993,0.661292,0.731807,24.0365,-1.2618,-0.0494173,27.6616,-1.05144
2018,SSD,29.1,8.5,6.1,2017-09-30,0.050277,1.22239,154.307,8.08694,38.2043,-3.60419,4.36035,0.0275718,2.72596,189.546,0.954841,0.372859,0,0.599525,0.858116,1.77307,60.858,-5.74135,-0.00243364,-14.3633,-0.652135
2018,STN,-3.4,-3.9,4.9,2017-09-30,0.0263357,0.515283,6.64296,3.50131,41.7443,5.61196,1.45392,0.00642191,0.916457,27.9259,0.324586,0.275894,0.165369,0.0914596,0.504406,0.511751,56.004,7.52899,0.0020333,-1.15366,-0.0253251
2018,TREX,57.1,39.0,5.0,2017-09-30,0.124001,0.875,27.5893,18.7089,75.1176,-0.731478,2.00372,0.0335048,4.61352,60.3615,0.567546,0.20809,0.398419,0.851682,0.613837,1.0331,112.998,-1.10035,0.0586666,8.09876,-0.0893268
2018,TTEK,16.8,-2.2,-4.7,2017-09-30,0.0400322,0.2393,-0.00695404,3.79417,41.7861,2.50013,1.93804,0.024288,1.92597,72.9715,1,0.13319,0,0.768622,0.539807,0.238903,76.3854,4.57026,0.00417803,-0.00695404,0.0829149
2018,WCC,-9.8,-18.8,-1.1,2017-09-30,0.0238582,0.385764,51.5539,2.03934,38.904,12.7926,2.30965,0.00295866,0.26729,64.1843,0.417439,0.574931,0.640727,0.273782,0.0655532,0.30101,35.9746,11.8293,-0.00150411,1.27453,0.0269405
2018,WGO,41.5,-30.4,4.5,2017-08-26,0.0591157,1.03479,33.5747,2.92371,27.8415,4.995,1.87928,0.023385,1.19476,39.5224,0.734089,0.0864114,0.040479,0.32513,0.520018,2.47447,63.8543,11.456,-0.00430926,-14.0813,-2.0431
2018,WLFC,12.1,30.0,3.0,2017-09-30,0.00370118,4.03897,73.4985,20.8183,35.6161,24.0084,5.0387,-0.0767871,5.83708,12.6062,0.526638,0.684041,0.723889,0.294959,0.424471,3.10038,45.8472,30.9052,-0.000919488,-14.4039,0.914658
2018,WOR,-15.2,-13.3,9.2,2017-08-31,0.0189579,0.710152,53.2822,2.95672,26.4331,6.16275,2.14243,0.0339743,1.73389,54.7517,0.729002,0.167774,0.401833,0.621481,0.424744,0.829538,34.2867,7.99377,-0.0183102,-2.83974,-0.0372258
2018,WTI,48.5,26.0,4.7,2017-09-30,0.0215678,0.968511,12.9621,11.8534,25.0278,16.9941,1.21619,0.0700542,-49.9113,-13.1529,0.938829,0.569583,0.685174,0.454345,0.617314,0.459237,32.6975,22.2018,0.117171,12.9621,0.844705
2019,AMRC,76.9,28.7,20.2,2018-09-30,0.0191506,2.49462,4.5946,3.97392,32.8838,7.49869,1.42435,0.0100455,2.3452,17.8208,0.971972,0.452502,0.0386719,0.725655,1,3.09864,65.9332,15.0351,-0.000963455,-0.144011,-0.253212
2019,AZZ,-9.3,3.8,27.5,2018-08-31,0.0184768,0.343074,57.7601,7.59459,55.3132,9.36529,3.13933,0.0181437,2.65324,126.001,0.389761,0.119453,0.32133,0.435549,0.747781,0.581105,51.0349,8.64093,0.00161654,-7.77569,-0.174002
2019,BCC,-33.1,45.4,35.7,2018-09-30,0.0233598,0.79366,43.2924,1.24031,38.1649,5.9266,2.36087,0.00863325,2.27361,41.8416,0.40907,0.139001,0.221662,0.117474,0.586586,0.875676,34.1227,5.29889,-0.023173,3.71608,-0.124081
2019,CBRL,1.3,1.2,21.8,2018-11-02,0.052124,1.47943,34.0122,5.71335,48.4418,3.44871,0.865614,0.00587805,1.2631,12.0869,0.312744,0.468356,0.724843,0.955226,0.337775,1.46879,47.1988,3.36023,-0.00968136,-3.54811,0.0641893
2019,CDE,-29.5,13.2,30.1,2018-09-30,0.00783534,1.26578,103.734,8.65877,88.9705,22.4048,1.95556,-0.0349431,-0.109136,81.3444,0.210371,0.896945,0.0253735,0.223874,0.115152,0.92392,219.615,55.3041,-0.0205901,-23.8745,0.204617
2019,CECO,15.2,-60.1,7.3,2018-09-30,-0.0355059,0.415791,33.6484,6.35736,-83.6428,-7.79025,1.53264,-0.0146988,0.477971,55.664,0.593615,1,0.121495,0.783477,0.299134,0.113429,105.111,9.78971,-0.0520171,-0.186754,0.373881
2019,CHH,3.1,29.8,34.7,2018-09-30,0.129039,1.52046,17.7676,18.2545,44.4819,6.28326,0.936851,0.0153563,1.03832,28.4252,0.822459,0.259978,0.887498,0.476326,0.698391,1.99709,79.1527,11.1807,0.0159342,17.7676,-0.733171
2019,CLH,36.3,19.5,23.2,2018-09-30,0.020558,0.793314,30.3849,6.38323,39.5466,10.3469,2.04203,0.0149893,3.78092,63.6781,0.755692,0.448835,0.788501,0.910969,0.874274,0.633508,49.9245,13.0622,0.00575034,0.402442,0.257576
2019,CRAI,8.8,-4.7,19.1,2018-09-29,0.0219947,1.68309,0,3.82501,50.9434,-0.879985,1.3723,0.0494024,6.24539,90.4812,0.615343,0.395895,,0.798446,0.546868,1.29984,58.9674,-1.01859,-0.00182907,0,0.568608
2019,DCH,10.6,-39.3,16.1,2018-09-30,0.0197014,0.893905,25.7641,2.96978,19.4454,12.4375,1.62534,0.053993,3.49688,33.7927,0.26665,0.250107,0.224637,0.607068,0.769623,1.07126,29.4555,18.84,-0.00217862,0.745494,-0.283093
2019,DECK,47.2,37.5,33.3,2018-09-30,0.0926589,0.634262,185.354,6.76752,33.2541,-0.778401,2.40612,-0.0505187,-2.26979,143.448,0.585429,0.17399,0.329103,0.434932,0.25197,0.639834,60.8737,-1.42491,0.0282808,-8.94033,0.115346
2019,EBF,-2.4,-13.7,11.0,2018-08-31,0.0386144,0.35495,46.0257,5.1745,30.3287,-2.94174,4.9905,0.0196894,1.29194,65.4348,0.9718,0.683321,0.212494,1,0.420051,0.267581,50.3858,-4.88719,-0.00692239,4.98791,0.113114
2019,EFXT,23.4,-42.7,15.8,2018-09-30,0.0228172,1.26606,50.1389,4.5997,29.2574,2.93515,1.9329,0.00337295,0.815179,48.0531,0.839651,0.284839,0.0605506,0.258576,0.478486,0.764582,46.0682,4.62164,0.0162609,-29.4671,0.620703
2019,EGO,-17.3,76.1,48.6,2018-09-30,-0.0280331,4.06143,170.351,11.8203,-8.66552,-2.01835,6.32703,-0.0779514,-0.177746,129.697,0.881196,0.662231,0.517683,0.201629,0,3.83054,,,-0.021856,-64.0553,-0.677329
2019,ENS,33.4,-12.8,21.8,2018-09-30,0.0312914,1.46707,71.4124,5.62388,47.4448,0.875613,3.39978,0.0105587,1.23203,97.1837,0.65222,0.675383,0.376134,0.64823,0.398471,1.23817,50.7755,0.937082,-0.000607813,-11.7194,0.458731
2019,EXP,-36.7,30.9,35.8,2018-09-30,0.039558,1.24887,75.8132,12.2619,35.6965,4.74074,2.82541,0.0129654,1.28048,89.0378,0.724984,0.48903,0.102912,0.0280945,0.463532,1.17403,51.6759,6.86292,-0.0018459,-1.18966,0.302161
2019,FCN,59.7,57.3,33.9,2018-09-30,0.030195,1.13155,0,5.39353,33.8204,0.663721,1.63617,0.0402692,2.72612,83.7728,0.930322,0.742844,0,1,0.797599,0.773284,55.0904,1.08114,0.00534032,0,0.46559
2019,GRC,17.0,15.1,30.8,2018-09-30,0.0354817,0.590093,97.7154,8.13383,49.8341,-6.03674,4.84037,0.0213579,2.07532,140.67,0.529481,0.0636294,0.430258,0.714177,0.621567,0.563169,57.3527,-6.94752,0.0129878,-0.286455,0.213803
2019,IOSP,12.4,38.6,36.8,2018-09-30,0.0276811,0.753968,93.4986,5.39708,42.0532,2.93562,2.26954,0.0138791,1.68932,119.352,0.126293,0.614673,0.431177,0.395966,0.526293,0.580675,47.3696,3.30674,-0.000419778,12.0132,-0.159418
2019,JBTM,-13.6,-17.0,4.3,2018-09-30,0.0357143,0.640523,66.5917,8.59986,79.8511,8.6262,1.38336,0.000459886,0.435606,83.7881,0.679648,0.158698,0.549469,0.874623,0.235779,0.749318,119.829,12.9449,-0.00840956,1.18909,-0.140727
2019,KAI,-10.2,27.9,33.6,2018-09-29,0.0387199,0.44962,89.1102,8.04126,40.0192,4.07026,7.31958,0.0120051,0.903908,112.165,1,0.228107,0.133055,0.900437,0.501471,0.754085,73.1672,7.44167,0.0128629,-3.22129,-0.360035
2019,KFY,7.2,-36.7,7.2,2018-10-31,0.0425366,1.03485,0,4.61817,29.0027,-2.02053,2.00095,0.029519,1.8028,-10.6629,1,0.445126,,0.397949,0.828173,0.886888,57.1312,-3.98017,0.0107172,0,0.128288
2019,LNN,-2.0,11.8,29.7,2018-08-31,0.0156939,1.12858,78.364,8.00027,91.4151,-4.07972,4.13328,0.0209911,5.17457,98.6246,0.383962,0.333202,0.509725,0.915604,0.82772,0.608182,60.4939,-2.69975,-0.0121566,-3.99688,0.519507
2019,MLKN,-6.1,-52.5,0.6,2018-09-01,0.0439981,1.41053,36.9011,3.92904,37.1267,2.72617,1.41404,0.00299049,0.935933,31.8147,0.910422,0.470307,0.740462,0.614359,0.342151,1.25893,46.7132,3.43009,-0.0107964,-4.43349,-0.195925
2019,MRCY,3.2,49.2,38.7,2018-09-30,0.0132252,0.322796,132.213,18.7898,100.702,6.2179,4.40064,0.00641899,2.67803,200.288,0.680839,0.0529675,0.572463,0.781255,0.335392,0.630962,186.075,11.4893,-0.000653199,-19.3284,-0.0657659
2019,MTZ,-16.1,23.4,24.7,2018-09-30,0.0466265,0.842407,6.73433,2.59173,22.9975,7.64646,1.9446,-0.0124726,0.0294752,74.7096,0.918727,0.548116,0.356362,0.198288,0.316572,0.730416,44.347,14.745,0.00405642,2.33071,0.313946
2019,NX,-2.4,3.2,20.7,2018-10-31,0.0182036,0.429232,33.2463,2.83901,28.6147,7.49692,1.85303,0.0992787,8.65034,39.1144,0.662199,0,0,0,1,0.555964,35.9476,9.41811,-0.00611525,-11.1309,-0.112018
2019,PATK,-33.7,29.4,34.8,2018-09-30,0.042788,0.830635,46.578,2.62251,25.4941,10.1673,2.23702,0.0266769,1.29577,48.4158,0,0.369031,0.88681,0.601261,0.454933,0.659836,52.2044,20.8197,-0.00711262,6.70886,0.319763
2019,PKE,0.7,-19.3,25.0,2018-08-26,0.006381,0.975155,44.5648,37.0164,348.732,-17.5244,12.0297,0.00822312,-7.08523,79.5791,0.241718,1,0.384074,1,0.551886,0.298273,93.763,-4.71176,0.00695932,-2.77661,0.441371
2019,PRIM,-1.9,-3.5,21.0,2018-09-30,0.053024,1.6647,0,1.72441,21.5421,4.26083,1.42564,-0.0372348,-0.349289,54.829,0.786442,0.946227,0,0,0.0102566,1.18502,38.9746,7.70882,0.016183,-6.62873,0.941815
2019,RGR,25.9,-14.2,22.8,2018-09-29,0.0470276,0.308822,27.141,9.28824,52.4225,-6.76809,3.4698,0.0100035,1.58408,32.4785,0.496758,0.0508781,0.208685,1,0.358219,0.719964,33.7828,-4.36158,-0.0126367,-35.7949,-0.00719617
2019,SSD,8.2,35.7,30.7,2018-09-30,0.0652119,0.602591,167.387,11.1082,44.8983,-2.35933,3.94692,0.0141248,1.18584,202.912,0.984078,0.0240394,0.367837,1,0.611347,1.43432,77.569,-4.07613,0.0149349,13.0798,-0.6198
2019,TREX,40.1,35.7,34.8,2018-09-30,0.108832,1.02973,32.1729,25.6191,99.4077,-2.50269,3.28031,0.0258887,3.97146,69.4137,0.285288,0.261459,0.483448,0.987039,0.575805,1.26215,137.89,-3.47151,-0.0151685,4.58361,0.154729
2019,TTEK,1.3,77.9,44.8,2018-09-30,0.032512,0.420189,0,5.27475,70.9864,2.3868,1.68676,0.0281355,3.79742,84.292,0.87059,0.418516,1,1,0.586124,0.237301,83.8831,2.82043,-0.00752016,0.00695404,0.180888
2019,WCC,-21.6,0.4,24.3,2018-09-30,0.0261631,0.467949,49.9462,1.92052,35.0925,10.1568,2.38367,0.0284995,1.31484,64.7354,0.455401,0.759312,0.507398,0.172328,0.522817,0.391958,36.2214,10.4835,0.00230494,-1.60773,0.0821847
2019,WFG,-17.4,-23.9,20.1,2018-09-30,0.0778912,1.75,67.1898,4.47206,14.534,0.577832,2.36842,0.0406035,1.67647,41.0258,0.710459,0.37037,0.0742887,0.130907,0.800638,1.59303,32.7909,1.30368,0.0300016,-0.861793,-0.0147059
2019,WGO,-30.6,-16.9,2.5,2018-08-25,0.0539015,1.60331,38.8222,2.7327,27.8844,5.50172,1.82157,0.0100234,0.749715,50.3247,0.623848,0.147692,0.189268,0.254746,0.395233,1.0554,53.7536,10.6058,-0.00521423,5.24746,0.568521
2019,WLFC,45.3,-8.3,12.2,2018-09-30,0.00665135,3.9202,85.4491,25.5973,39.0469,27.0694,5.27539,-0.0813109,2.90232,-29.0585,0.715517,0.297061,0.805925,0.614602,0.747737,5.52955,61.3483,42.5299,0.00295017,11.9505,-0.118771
2019,WOR,-14.3,-38.4,0.9,2018-08-31,0.0261544,0.793451,52.5994,2.36754,22.1469,6.18399,1.97945,0.0065302,0.534517,53.6987,0.829653,0.203227,0.44358,0.228708,0.179472,0.766781,31.0274,8.66364,0.00719641,-0.682808,0.0832994
2019,WTI,29.6,-50.2,8.5,2018-09-30,0.0871767,0.744489,17.3759,13.1133,21.1825,6.78808,1.09659,0.111253,3.8837,-12.2964,1,0.458026,0.918486,0.557931,0.694255,0.751271,77.1412,24.7204,0.0656089,4.41378,-0.224022
2020,AGI,33.8,15.3,30.3,2019-09-30,0.0116913,1.65337,87.5255,12.0291,26.5286,-2.36735,3.05421,0.000706265,3.83616,30.2336,1,0.660898,0.496848,0.453497,0.945419,1.37531,188.579,-16.8284,0.0115041,-10.5195,0.275867
2020,AMRC,31.4,148.4,77.3,2019-09-30,0.014574,2.95514,5.32579,4.84607,44.1117,11.993,1.3828,-0.0541651,-1.37691,32.9632,0.79102,0.21738,0.159517,0.613795,0.702241,3.37018,66.9756,18.2093,-0.00457654,0.731188,0.460525
2020,AZZ,7.9,5.0,32.9,2019-08-31,0.0228733,0.963452,54.1038,5.8317,40.7765,8.55916,2.54637,0.0407261,3.60785,115.299,0.492147,0.711052,0.235201,0.161254,1,0.553501,42.3906,8.89796,0.00439655,-3.65632,0.620378
2020,BCC,42.8,28.9,42.7,2019-09-30,0.0334767,0.949161,41.0899,1.17439,22.9825,3.34619,2.5298,0.084369,4.70715,39.0927,0.822881,0.320985,0.0843316,0.0753189,1,0.779405,31.5646,4.59572,0.0101169,-2.20241,0.155501
2020,CBRL,-2.5,-1.2,32.8,2019-11-01,0.0373831,0.972906,35.1557,6.28519,51.144,10.4242,0.662845,0.00451778,1.03729,11.9897,0,0.0497013,0.813526,1,0.300662,1.39381,50.01,10.1931,-0.0147409,1.14356,-0.506521
2020,CDE,12.4,43.8,42.2,2019-09-30,0.0259338,0.671614,82.1471,6.68268,32.3399,5.98282,1.15218,0.010418,-2.94151,53.9588,0.502173,0.429981,0,0.129977,0.669393,0.829904,39.2583,7.26271,0.0180984,-21.5873,-0.594163
2020,CLH,14.3,11.4,36.4,2019-09-30,0.0240489,0.774635,30.9658,6.45555,38.7027,9.71291,1.91251,0.0206584,4.02004,60.9061,0.770667,0.417996,0.835625,0.757802,0.786912,0.699642,50.4717,12.6665,0.0034909,0.58093,-0.0186791
2020,CRAI,-10.9,32.7,44.4,2019-09-28,0.0207127,1.56708,0,4.18618,50.2264,15.9338,1.04803,0.0531017,4.5656,84.1173,0.590813,0.371316,,0.739457,0.718871,1.32034,64.4151,20.4351,-0.001282,0,-0.116016
2020,DCH,-47.9,20.4,36.0,2019-09-30,-0.0171733,0.728763,25.393,2.58928,180.969,142.438,1.7769,0.15561,-1.94762,33.479,0.443853,0.0720634,0.379436,0.391333,1,1.00046,22.1323,17.42,-0.0368747,-0.371054,-0.165142
2020,EBF,-16.7,22.6,45.6,2019-08-31,0.0394843,0.16218,46.095,4.51678,27.8359,-1.80959,3.57303,0.0216219,1.26372,61.122,0.975344,0.272014,0.257768,0.712564,0.165797,0.233037,44.0227,-2.86189,0.000869921,0.0693101,-0.19277
2020,EFXT,-42.7,-13.0,23.5,2019-09-30,0.0351898,3.07001,74.0159,3.1616,15.827,3.00879,1.74306,-0.0322014,0.501966,55.7623,1,0.711015,0.383137,0,0.2492,1.97356,32.5088,6.18009,0.0123725,23.877,1.80395
2020,EGO,74.9,64.9,45.5,2019-09-30,0.00722419,0.829905,109.199,9.60084,21.8015,5.14233,2.26045,0.0134424,16.5665,42.7104,1,0,0.160059,0.124321,1,3.00055,,,0.0352573,-61.1516,-3.23152
2020,ENS,-12.8,22.4,38.6,2019-09-29,0.0227075,1.28212,80.3377,4.72665,45.3475,10.1591,2.89904,0.0173915,1.19107,105.558,0.337711,0.540091,0.689718,0.193156,0.471603,1.22618,49.259,11.0354,-0.00858385,8.9253,-0.18495
2020,EXP,24.3,22.9,35.4,2019-09-30,0.0448346,1.34614,70.1371,11.3939,34.504,7.1677,2.5006,0.025603,1.86645,87.2579,0.947757,0.544587,0,0.103956,0.847192,1.35661,53.6062,11.1359,0.00527658,-5.67612,0.0972681
2020,FCN,46.6,-0.1,33.5,2019-09-30,0.0383198,0.623714,0,6.85717,42.6689,1.95135,2.00472,0.0321922,2.17312,87.2931,0.911532,0.29707,0,1,0.682232,0.912767,70.6688,3.23185,0.00812482,0,-0.507834
2020,GLNG,-44.9,-4.1,32.2,2019-09-30,0.00677234,1.85249,8.05888,36.6234,-24416.4,-15569.2,0.396909,-0.00783493,-0.321855,-119.311,0.642398,0.0488845,0.414528,0.0456458,0.8223,3.4189,306.092,195.18,0.0017644,1.48493,1.8105
2020,GRC,6.1,-9.3,27.8,2019-09-30,0.0346148,1.31574,90.1139,8.31155,54.6352,-5.55157,4.45776,0.0300226,3.25923,128.794,0.673269,0.883488,0.195324,0.897381,0.80119,0.764518,57.9851,-5.89196,-0.000866952,-7.60151,0.725651
2020,IOSP,37.4,-3.4,29.2,2019-09-30,0.0318945,0.544,89.5016,6.02212,43.3197,1.09284,2.2693,0.0152075,1.3289,123.482,0.210646,0.329393,0.326875,0.564173,0.548893,0.623299,49.7088,1.25402,0.00421338,-3.99703,-0.209968
2020,JBTM,-20.5,79.9,70.9,2019-09-30,0.03361,0.662791,69.5143,7.95467,59.6174,11.0444,1.53363,0.00331041,0.653731,85.5565,0.493654,0.176282,0.605862,0.731352,0.220998,0.668692,90.4091,16.7487,-0.00210433,2.92264,0.0222678
2020,KAI,28.5,30.9,39.5,2019-09-28,0.0274284,0.236124,98.2694,7.22057,38.885,8.32373,6.78493,0.0239533,1.59342,121.662,0.386734,0.0271941,0.348669,0.72895,0.778742,0.604525,58.0466,12.4255,-0.0112915,9.15922,-0.213497
2020,KFY,-32.1,79.3,68.8,2019-10-31,0.0303903,1.03114,0,4.08536,27.2032,0.761335,2.32981,0.0223316,1.34367,-2.14841,0.839391,0.478471,,0.280033,0.803118,0.958025,41.7416,1.16822,-0.0121463,0,-0.00370774
2020,LNN,21.4,31.1,37.8,2019-08-31,0.00970867,0.841559,117.984,9.23417,133.526,-1.58232,3.81695,0.0214544,15.5855,147.092,0.367791,0.243226,1,0.921398,0.86751,1.17145,74.3684,-0.881285,-0.00598528,39.6199,-0.287024
2020,MLKN,-56.8,174.5,123.3,2019-08-31,0.047619,1.06736,38.3898,4.183,34.5612,3.88793,1.34791,0.0129282,1.1,34.3908,0.363611,0.261831,0.575631,1,0.435367,1.09621,42.9011,4.82611,0.00362092,1.4887,-0.343169
2020,MRCY,54.1,-9.5,28.4,2019-09-27,0.0141624,0.843072,126.177,24.27,150.408,-3.78315,5.34752,0.00333567,1.26305,186.574,0.514199,0.403912,0.495504,1,0.198758,0.524952,212.968,-5.35669,0.000937174,-6.03689,0.520276
2020,MTZ,21.3,70.2,62.2,2019-09-30,0.0546748,0.500761,5.67984,3.17354,25.8184,6.11582,1.64757,0.0127549,0.691362,59.5805,1,0.184173,0.22049,0.649862,0.392222,0.706765,48.0846,11.3902,0.00804832,-1.05448,-0.341647
2020,NX,-2.1,48.0,46.7,2019-10-31,-0.0443144,0.635581,33.0059,3.16472,-65.3468,-10.8489,1.73411,0.0921124,-2.14347,32.8041,0,0.457144,0,0.157753,0.952372,0.50518,42.5522,7.06454,-0.0625181,-0.240331,0.206349
2020,PATK,39.7,25.8,37.3,2019-09-29,0.0299554,0.249969,51.1642,2.29695,24.2577,11.9518,2.61033,0.036634,1.32378,48.8353,0,0,0.759747,0.228597,0.355859,0.623872,34.7901,17.1411,-0.0128326,4.58618,-0.580666
2020,PDS,-41.6,-11.4,26.4,2019-09-30,0.0046097,0.289647,8.55671,5.14786,19.7486,15.234,1.84779,0.0964566,-18.8331,26.6375,0.936049,0.026117,0.797575,0,1,0.410571,31.9789,24.6683,0.00736216,0.57862,-0.0304214
2020,PKE,-18.2,-16.8,24.0,2019-09-01,0.0106585,1.07357,42.0121,23.4333,141.913,-10.97,29.9849,-0.0115953,-1.76559,83.5665,0.48861,0.208374,0.258971,0.54101,0.111729,1.65555,89.7477,-6.93757,0.00427748,-2.55273,0.0984142
2020,PRIM,-9.1,50.6,52.6,2019-09-30,0.0497877,1.00884,0,1.79868,20.5238,7.33821,1.38929,0.0350726,1.5745,65.7697,0.898126,0.407163,0,0.226412,0.595421,1.31052,36.8396,13.1719,-0.0032363,0,-0.65586
2020,RGR,-12.8,33.3,39.2,2019-09-28,0.0199253,0.702645,39.5077,7.49374,51.0358,-1.48591,4.72009,0.0137833,3.18829,62.5147,0.530298,0.248267,0.405326,0.502427,0.448803,0.631744,25.7118,-0.748602,-0.0271023,12.3666,0.393823
2020,SSD,37.1,19.9,39.4,2019-09-30,0.0662215,0.969252,126.637,9.41679,41.4004,-2.36616,3.8299,0.028009,2.18958,157.85,1,0.212627,0,0.635427,1,0.926742,65.042,-3.71735,0.00100961,-40.7498,0.36666
2020,TTEK,77.7,49.3,48.5,2019-09-30,0.0149485,0.820951,0,5.81557,163.41,5.20198,1.40494,0.0187692,8.24762,70.662,0.525819,1,1,1,0.48381,0.409257,100.336,3.19409,-0.0175635,0,0.400762
2020,WCC,-3.4,76.4,58.7,2019-09-30,0.0237727,0.570707,49.5332,1.59718,31.1496,13.0275,2.33447,0.0583866,1.95108,64.3347,0.350357,0.617246,0.3004,0,1,0.577143,32.878,13.7504,-0.00239042,-0.412995,0.102758
2020,WFG,-21.9,51.0,40.1,2019-09-30,-0.0137825,2.04615,86.5292,3.67454,445.275,74.7304,1.99453,-0.00352911,-2.57778,69.7247,0.103058,1,0.376305,0.0194839,0.458036,1.57983,28.7238,4.8207,-0.0916738,19.3394,0.296154
2020,WGO,0.6,164.3,112.4,2019-08-31,0.0493829,1.45091,40.4763,2.31095,23.874,4.22397,2.07671,0.0413578,1.59724,50.8659,0.528315,0.131265,0.235495,0.12468,0.687868,1.62109,37.4237,6.62129,-0.00451856,1.65416,-0.152405
2020,WLFC,-17.4,2.5,39.1,2019-09-30,0.0153429,3.45954,88.7065,18.4556,31.5074,17.7294,4.32298,0.000638241,3.29315,38.5349,1,0.208072,0.495337,0.163293,0.941329,5.77159,55.6571,31.3185,0.00869158,3.25746,-0.46066
2020,WOR,-30.5,151.0,99.2,2019-08-31,0.0163177,0.917153,51.7615,2.14913,59.5319,22.7938,2.13414,0.0371731,-26.2196,62.6827,0.692075,0.301581,0.391378,0.125386,0.453331,0.835088,24.7556,9.47851,-0.00983663,-0.837826,0.123701
2020,WTI,-52.0,33.1,41.9,2019-09-30,0.0443166,4.84207,31.0575,9.84145,17.5276,9.25334,0.880365,-0.175476,1.05772,9.08942,0.780758,1,0.723677,0.199326,0.155922,1.43871,130.423,68.8545,-0.0428601,13.6816,4.09759
2021,AGI,19.0,-7.2,3.8,2020-09-30,0.0259656,1.25688,99.9103,14.9976,25.0995,-1.3341,2.24561,0.0220317,1.92636,14.6085,1,0.127229,0.652096,0.370103,1,1.79503,70.6684,-3.7562,0.0142742,12.3847,-0.396486
2021,AMRC,163.5,-3.6,6.2,2020-09-30,0.0196745,4.6341,3.53602,8.23626,65.4644,20.5577,1.34817,-0.0370236,-0.576347,27.3399,0.956876,0.377902,0.0393744,1,0.78173,4.49368,124.452,39.0815,0.00510044,-1.78977,1.67896
2021,AZZ,5.7,10.6,19.1,2020-08-31,0.000858894,0.73356,54.0064,5.34567,90.2882,16.5322,1.29106,0.0393291,-24.2179,106.421,0.186085,0.665823,0.270621,0.15587,0.736804,0.744278,34.8551,6.38213,-0.0220144,-0.0973707,-0.229893
2021,BCC,29.5,58.6,8.9,2020-09-30,0.114621,0.885597,32.4083,1.00579,9.66948,0.175815,2.0898,0.100258,1.70066,30.0248,1,0.282524,0,0,0.991011,0.790338,28.8525,0.524609,0.0811442,-8.68166,-0.0635641
2021,CBRL,-5.0,-12.8,5.1,2020-10-30,0.0957808,0.379685,32.8843,5.91441,14.3391,4.21908,1.85523,0.0169644,0.333906,7.26667,1,0,0.508999,0.459184,0.849438,1.75074,39.4204,11.5989,0.0583977,-2.27144,-0.593221
2021,CDE,43.3,-41.3,3.7,2020-09-30,0.0732724,0.713807,86.7553,8.77194,22.8075,2.67903,1.16237,0.0317512,2.95889,43.6013,1,0.424821,0.0315423,0.229252,0.908195,0.58106,51.376,6.03475,0.0473387,4.60825,0.0421925
2021,CECO,19.3,-36.6,3.0,2020-09-30,0.00326225,0.34278,31.7305,3.90034,91.3994,13.3829,1.67301,0.0237579,-29.318,53.075,0.807402,0.329566,0.213442,0.214891,0.231498,0.469606,68.2271,9.98995,-0.0109369,0.409176,-0.623799
2021,CLH,14.6,4.5,4.3,2020-09-30,0.0242066,0.339157,38.8554,5.57432,26.8607,7.60192,2.32998,0.0381046,2.62149,77.6423,1,0,0.805218,0.331254,1,0.694683,37.3285,10.5644,0.000157752,7.8896,-0.435479
2021,CRAI,43.3,42.2,17.7,2020-09-26,0.0227199,0.356,0,3.82718,33.1605,12.081,0.997358,0.106076,6.22765,104.122,0.629218,0.0688374,,0.630073,0.946024,0.806697,52.9154,19.278,0.00200715,0,-1.21108
2021,CW,-8.3,13.4,4.7,2020-09-30,0.0256753,0.248821,115.534,8.0998,39.1736,6.39198,2.37409,0.0126406,0.866496,175.867,0.269463,0,1,0.323812,0.639127,0.613814,40.1454,6.55057,-0.0115729,15.9777,-0.399183
2021,DCH,12.0,-14.9,5.2,2020-09-30,0.0309081,0.3248,24.4112,2.61533,13.5173,11.1279,1.86723,0.319546,2.12884,33.662,0.918596,0.0490811,0.0301386,0.0920816,1,0.663535,24.4988,20.1683,0.0480814,-0.98178,-0.403963
2021,EBF,21.6,-11.4,-3.0,2020-08-31,0.0273962,0.0372304,48.7892,4.72587,31.2814,-5.10462,4.48411,0.0275986,2.07195,63.4612,0.33818,0,0.353695,0.687379,0.635544,0.192839,26.8879,-4.38767,-0.0120881,2.69426,-0.12495
2021,EFXT,-13.0,-13.5,3.6,2020-09-30,0.0107557,0.918712,106.605,3.62702,22.9147,9.18829,1.96039,0.165432,8.44137,118.844,0.287487,0.220213,0.591591,0.117258,1,2.53829,17.7861,7.13183,-0.024434,32.5891,-2.1513
2021,EGO,54.0,-4.0,4.8,2020-09-30,0.0225346,0.850584,128.097,6.76554,12.5125,0.71969,1.78347,0.0634231,3.60754,-0.756146,0.995904,0.0478183,0.279215,0.0255625,1,1.73888,,,0.0153104,18.8979,0.0206789
2021,ENS,21.5,-21.5,5.8,2020-10-04,0.0200317,0.580079,87.5835,5.30979,50.3496,9.72727,2.75922,0.0287119,2.81853,108.241,0.422757,0.0265401,1,0.595279,0.850888,1.04717,52.863,10.2128,-0.00267586,7.24579,-0.702045
2021,EXP,27.3,27.2,8.6,2020-09-30,0.0412599,0.455179,62.9228,10.4405,30.2471,7.09308,3.97588,0.0694191,2.73928,82.0965,0.835455,0.0429364,0,0.0486365,1,1.0517,48.0894,11.2772,-0.00357465,-7.21428,-0.890959
2021,FCN,6.0,17.8,5.9,2020-09-30,0.0334243,1.0444,0,6.40308,47.5381,2.4775,1.93294,0.0265692,2.22361,88.8006,0.795032,0.593864,0,0.678055,0.640296,0.915045,63.0401,3.28541,-0.00489558,0,0.420687
2021,GLNG,-0.2,36.2,6.9,2020-09-30,0.0102677,2.55148,7.16159,32.6596,56.66,45.8541,0.152004,-0.0432792,-1.96866,-7.9591,0.720831,0.188812,0.368373,0.0466254,0.6031,2.98695,146.605,118.646,0.0034954,-0.897291,0.698982
2021,GRC,-8.0,22.2,7.7,2020-09-30,0.0280444,0.77136,112.487,7.53294,51.2968,-7.16806,5.24794,0.0154327,1.97686,153.892,0.355748,0.457097,0.881278,0.40956,0.622494,0.747254,48.043,-6.71337,-0.0065704,22.3728,-0.544384
2021,IOSP,-5.9,-5.6,3.2,2020-09-30,0.0150821,0.63964,115.783,5.73207,47.936,-1.14196,2.30113,0.0311099,4.37008,146.291,0.702758,0.48155,0.946016,0.452871,0.819444,0.65808,37.6878,-0.897817,-0.0168123,26.2817,0.0956396
2021,JBTM,79.5,-11.6,11.6,2020-09-30,0.0205474,0.361111,67.7158,8.3208,77.1699,12.115,1.45996,0.0182283,3.49419,86.3483,0.258547,0,0.571158,0.74896,0.46437,0.546323,69.6432,10.9334,-0.0130625,-1.79858,-0.30168
2021,KAI,30.5,45.1,9.0,2020-09-26,0.0271428,0.225328,113.384,9.29682,48.8224,6.94212,2.21755,0.0183058,1.64252,139.493,0.371218,0.0850935,0.972933,1,0.61652,0.31004,60.5164,8.60489,-0.000285668,15.1145,-0.0107959
2021,LNN,32.2,8.5,19.6,2020-08-31,0.0372887,1.748,113.578,8.63051,49.7576,1.14309,3.39797,0.0192973,2.04927,140.846,0.87317,0.705166,0.853654,0.718902,0.832318,1.37099,86.3508,1.98376,0.02758,-4.40601,0.906441
2021,MLKN,174.8,-24.7,8.9,2020-08-29,0.0654348,0.533019,44.5462,2.64772,14.3812,1.81456,1.58639,0.0721284,1.57902,38.5693,0.974442,0,0.49057,0,1,0.955231,24.2294,3.05716,0.0178158,6.15635,-0.534339
2021,MRCY,-3.9,-24.1,7.4,2020-10-02,0.0124587,0.844656,157.818,19.7481,131.018,-5.51247,4.61581,0.00282431,1.45139,200.484,0.484958,0.405102,0.89888,0.709298,0.214317,0.791194,158.366,-6.66314,-0.00170367,31.6417,0.00158467
2021,NX,47.0,-6.4,11.6,2020-10-31,0.0495756,0.444103,29.1086,2.78615,18.0741,3.00046,1.59172,0.0811875,2.40317,23.425,1,0.228927,0,0,0.879765,0.519099,35.5091,5.8948,0.09389,-3.89738,-0.191478
2021,PATK,25.7,-11.3,7.8,2020-09-27,0.0452568,0.594219,44.646,2.25946,20.273,9.3592,2.10253,0.0733672,1.96556,48.6132,0.606921,0.46915,0.291548,0.20288,0.583756,0.448137,35.2272,16.2629,0.0153013,-6.51816,0.34425
2021,PRIM,57.6,-22.8,5.2,2020-09-30,0.0546995,1.67723,0,1.27141,13.734,3.75934,1.42806,0.112727,2.97722,53.9906,0.999207,0.823482,0,0,0.933818,1.05767,24.8665,6.80661,0.00491179,0,0.668395
2021,RGR,31.9,-6.1,1.2,2020-09-26,0.13512,0.294248,12.9251,7.19006,26.0455,-0.69142,3.16023,0.00162538,0.156385,22.653,0.885155,0.0750712,0.0173514,0.392766,0.252821,0.589723,35.5052,-0.942544,0.115195,-26.5825,-0.408397
2021,SSD,23.9,5.2,7.2,2020-09-30,0.0839888,0.656682,122.36,11.0623,38.7828,-1.86596,4.2917,0.0189529,1.2952,158.414,1,0.0860196,0,0.675625,0.769811,0.806635,76.3276,-3.67235,0.0177673,-4.27754,-0.31257
2021,STN,31.4,33.6,5.5,2020-09-30,0.0216466,0.133913,5.9926,6.36115,47.8467,9.28542,1.60712,0.0344848,2.63446,48.3832,0.653793,0.0104807,0.535377,0.272483,0.809631,0.428344,60.9838,11.8349,-0.00519524,0.707235,-0.0680414
2021,WCC,51.3,61.2,6.5,2020-09-30,0.0190937,0.338618,63.2213,1.7329,31.9919,22.1729,2.20291,0.122953,3.57643,73.2631,0.71197,0.170286,0.188324,0.238091,1,0.694484,70.0304,48.5365,-0.00467895,13.6881,-0.232089
2021,WFG,48.6,50.1,13.6,2020-09-30,0.113627,0.94,72.6841,2.7222,8.29748,0.654538,2.13793,0.0987247,1.77481,36.3985,1,0.0631922,0.281769,0,1,1.2827,27.1133,2.13881,0.127409,-13.845,-1.10615
2021,WGO,144.7,-12.7,11.0,2020-08-29,0.0470476,0.490754,26.7589,3.00911,25.8481,2.97082,2.37561,0.0530298,2.54356,34.3131,0.683857,0.0277692,0,0.319492,0.78764,1.2937,59.0931,6.79182,-0.00233537,-13.7174,-0.960155
2021,WLFC,7.2,-11.3,1.5,2020-09-30,0.00225847,0.232537,175.818,24.1649,37.5749,30.2802,3.46766,0.105422,13.5754,155.324,0.0662763,0.0126012,1,0.667113,1,2.89823,38.5431,31.0604,-0.0130845,87.1111,-3.227
2021,WOR,149.0,-3.4,10.5,2020-08-31,-0.0073395,1.47994,48.7172,2.09926,1.81702,0.112542,3.25804,0.0610587,0.189722,58.33,0,1,0.111193,0.0936682,0.803284,1.04432,12.6491,0.783453,-0.0236572,-3.04436,0.56279
2021,WTI,41.3,81.9,8.8,2020-09-30,-0.0237713,0.0491105,0,11.5147,171.601,119.212,0.869228,0.078557,-1.59382,-71.1163,0.466964,0,0,0.463529,0.601188,1.81076,15.4678,10.7456,-0.0680879,-31.0575,-4.79296
2022,AGI,-5.4,38.5,-16.7,2021-09-30,0.0168302,2.10377,129.058,13.231,26.1974,-2.08,3.35359,-0.00240475,3.28287,38.8494,0.879881,0.48271,1,0.286252,0.542921,1.94007,48.6218,-3.86043,-0.00913542,29.1476,0.846893
2022,AMRC,6.0,-21.8,-14.7,2021-09-30,0.0146023,3.64922,3.48868,12.3052,93.9942,10.0666,1.39296,-0.0213532,-0.979339,43.0986,0.712699,0.218798,0.0784822,0.789959,0.854397,4.59049,143.383,15.3561,-0.00507215,-0.0473323,-0.984875
2022,AZZ,7.4,-21.2,-32.7,2021-08-31,0.0220758,0.510046,98.9516,11.7855,62.5993,8.61216,2.76524,0.0157855,1.40679,190.76,0.726718,0.377271,1,1,0.473567,0.744208,51.6063,7.09979,0.0212169,44.9452,-0.223513
2022,BCC,57.1,-8.6,-11.2,2021-09-30,0.0685282,0.96262,36.373,1.00381,12.5884,-1.61788,2.76739,0.101431,2.57268,36.5529,0.463277,0.462767,0.157851,0.143604,0.998022,0.925349,20.1838,-2.59405,-0.0460927,3.96472,0.0770228
2022,CBRL,-13.1,-18.4,-12.3,2021-10-29,0.0223146,0.486573,27.7661,5.25618,57.3935,13.8452,0.794452,0.00285132,0.689807,8.88053,0.46661,0.0158905,0.197038,0.189353,0.682284,1.47404,44.3134,10.6898,-0.0734662,-5.11815,0.106888
2022,CDE,-40.3,-41.0,-12.4,2021-09-30,0.0276675,2.30172,79.3345,9.32883,37.3802,7.102,1.26761,-0.0314477,-0.398883,14.6481,0.325677,0.934284,0.0150603,0.168344,0.211375,1.2698,44.6373,8.48079,-0.0456049,-7.42087,1.58792
2022,CRAI,36.7,43.5,-25.2,2021-10-02,0.0368017,0.0872954,0,6.43977,45.1628,6.63657,1.17483,0.0661432,4.57981,99.5762,0.805018,0.00586445,,1,0.79174,0.476119,75.6255,11.113,0.0140819,0,-0.268705
2022,DCH,-19.2,26.7,-18.3,2021-09-30,0.00997995,0.246313,35.9055,3.11927,22.3508,16.1843,1.81619,0.0540238,-37.4167,38.7956,0.826411,0,0.426569,0.135268,0.496475,0.408429,23.0865,16.717,-0.0209282,11.4943,-0.0784873
2022,EBF,-12.6,12.5,-4.6,2021-08-31,0.0324668,0.300515,50.5044,4.40299,28.8679,-4.1727,4.0024,0.0221625,1.69169,60.8046,0.523169,0.80612,1,0.434174,0.409188,0.207853,28.8936,-4.17641,0.00507059,1.71517,0.263284
2022,EFXT,-12.1,11.1,-13.6,2021-09-30,0.00491273,0.477243,107.979,5.87834,43.4293,9.67983,2.48011,0.000924291,1.64947,123.738,0.0199786,0.0965188,0.604929,0.649874,0.482802,1.51439,25.5674,5.69865,-0.005843,1.37416,-0.441469
2022,EGO,-7.2,-21.5,-12.3,2021-09-30,0.0115438,1.22638,128.557,6.24506,14.2242,0.752385,4.2782,0.0248634,11.5326,30.6121,0.878921,0.128426,0.282115,0.0117496,0.874814,1.04477,36.7057,1.94153,-0.0109908,0.459908,0.375799
2022,ENS,-20.6,16.6,-21.4,2021-10-03,0.0170616,0.76074,94.0286,4.97024,53.5866,9.59755,2.92454,-0.01103,-0.489193,117.239,0.33765,0.135758,1,0.458897,0.0925014,0.874268,53.4919,9.58058,-0.00297007,6.44505,0.180661
2022,GLNG,37.6,39.8,-22.1,2021-09-30,0.0107738,0.562988,1.62211,33.688,-249.461,-151.979,0.533454,0.0310136,-1.05035,10.426,0.721673,0.0391994,0.083437,0.0813796,1,3.37605,120.717,73.5444,0.000506059,-5.53948,-1.98849
2022,GRC,12.7,-17.4,-12.3,2021-09-30,0.0314404,0.699696,96.06,7.77428,56.6496,-9.35703,5.08526,0.0122763,1.52858,129.264,0.519866,0.399566,0.324694,0.478882,0.478047,0.664218,57.5294,-9.50234,0.00339607,-16.4267,-0.0716642
2022,IOSP,-3.6,22.8,-22.4,2021-09-30,0.026518,0.76699,93.7272,5.3702,48.6683,-1.34217,2.21537,-0.00245732,0.119658,119.306,0.870197,0.63301,0.408361,0.355958,0.255373,0.737612,47.9178,-1.32147,0.0114359,-22.0561,0.127351
2022,JBTM,-11.2,-8.9,-13.5,2021-09-30,0.0263723,0.68,58.5578,10.6674,84.3146,9.85099,1.3214,0.00431341,1.12628,69.5416,0.363387,0.443804,0.328926,0.915632,0.237361,0.521989,91.7668,10.7217,0.00582489,-9.15797,0.318889
2022,KAI,43.0,-3.7,-15.5,2021-10-02,0.0307426,0.366504,105.024,13.1441,69.1882,6.08173,1.89283,0.0144296,1.85387,122.033,0.566734,0.199418,0.699789,0.96046,0.486402,0.294505,95.0776,8.35744,0.00359983,-8.36012,0.141176
2022,LNN,0.0,12.8,-50.2,2021-08-31,0.0188858,0.886389,108.86,11.7661,133.944,0.808772,3.01,0.00519164,2.2929,129.808,0.537119,0.308337,0.651173,0.832577,0.69416,1.234,129.323,0.780869,-0.0184029,-4.71836,-0.861611
2022,MLKN,-3.4,-53.7,-21.8,2021-08-28,-0.0144511,0.311558,78.403,5.75829,-842.096,-308.241,1.40766,-0.0243858,0.863105,55.931,0,0,1,1,0,0.684029,69.6961,25.5115,-0.0798859,33.8568,-0.221461
2022,MRCY,-24.9,-13.1,-22.5,2021-10-01,-0.00310106,0.250209,154.434,12.591,195.336,12.1488,3.95451,-0.00277876,0.280952,226.557,0,0,0.778003,0.00683587,0,0.727144,95.993,5.97023,-0.0155598,-3.38449,-0.594447
2022,NX,-5.8,8.4,-16.2,2021-10-31,0.048439,0.785357,36.7149,2.67352,20.8619,1.77695,1.57624,0.0324422,1.49072,35.6966,0.987895,1,0.284726,0,0.555802,0.551421,36.0823,3.07337,-0.00113657,7.60639,0.341254
2022,PATK,-13.1,6.6,-18.9,2021-09-26,0.0478572,0.645688,51.3123,2.34279,20.5515,10.1108,2.10706,0.0403082,1.19644,53.0302,0.789246,0.532438,0.492392,0.250103,0.378654,0.470511,40.8652,20.1045,0.00260045,6.66634,0.0514688
2022,PRIM,-21.3,-0.6,-18.7,2021-09-30,0.0367721,1.44969,0,2.15913,21.2877,7.07147,1.47964,-0.0227225,0.214659,59.0666,0.652907,0.681756,0,0.581896,0.276382,0.97837,35.0749,11.6514,-0.0179274,0,-0.22754
2022,RGR,-4.9,-13.8,-10.4,2021-10-02,0.137561,0.572828,31.0316,7.28292,23.4374,-0.472449,3.84215,0.0276761,1.15917,36.8402,0.709187,0.174479,0.373121,0.415999,0.67275,0.949215,39.544,-0.797123,0.00244107,18.1065,0.278579
2022,SSD,5.7,1.6,-16.2,2021-09-30,0.0855428,1.14848,174.638,11.0324,38.604,-2.22496,3.87404,0.00615156,0.548483,200.027,0.945732,0.436434,0.685128,0.643053,0.44442,1.0356,69.8789,-4.0275,0.00155399,52.2785,0.4918
2022,WGO,-22.9,5.8,-14.2,2021-08-28,0.0702753,2.56103,36.2016,2.48292,20.7034,1.04099,2.59999,0.0278447,1.06232,39.1625,1,1,0.249276,0.101853,0.481406,1.09759,46.1044,2.31818,0.0232277,9.44273,2.07028
2022,WLFC,-10.8,78.4,-12.2,2021-09-30,0.00254456,5.01871,191.309,35.213,54.5403,39.4283,3.42352,-0.117278,8.93377,76.9719,0.300464,0.354268,0.937659,0.777716,0.6753,3.54892,55.1026,39.8348,0.000286093,15.4917,4.78617
2022,WOR,-2.4,-12.3,-13.2,2021-08-31,0.0218137,1.08435,69.8605,1.9974,10.4972,1.90341,2.27977,-0.0405944,-0.35209,66.581,0.638296,0.580088,0.974111,0.0289004,0,1.00475,18.0169,3.26694,0.0291532,21.1434,-0.395597
2022,WTI,72.8,1.5,-7.9,2021-09-30,0.0557926,0.386877,0,7.26921,729.896,337.798,1.0074,0.105009,-1.7147,-224.161,0.51533,0.0584728,0,0.0242941,0.623863,0.893203,16.9653,7.8516,0.0795639,0,0.337767
2023,AGI,36.6,17.2,36.5,2022-09-30,0.00871542,1.45491,112.754,13.0473,32.8643,-1.37146,2.39917,0.000482228,-52.8571,41.7609,0.773183,0.210351,0.692607,0.277529,0.596921,1.95927,46.1063,-1.92406,-0.00811475,-16.3036,-0.648864
2023,AMRC,-19.4,-60.7,12.9,2022-09-30,0.0178797,4.98425,3.258,9.4074,77.7018,13.1616,1.25187,-0.0102211,1.25019,83.4238,0.791522,0.390219,0.263672,0.547445,0.885697,4.53392,135.477,22.9479,0.00327732,-0.230681,1.33502
2023,AZZ,-20.9,35.2,44.9,2022-08-31,0.028705,0.580454,42.0113,5.71518,27.0319,14.7248,1.87986,0.0310963,1.81782,56.5828,0.880949,0.476226,0,0.152584,0.644754,0.662217,70.4258,38.3623,0.0066292,-56.9403,0.0704079
2023,BCC,-16.3,104.5,64.9,2022-09-30,0.114742,0.725745,41.6955,0.939415,6.11513,-0.988453,2.95003,0.15185,1.72173,42.0417,0.618312,0.138826,0.369758,0.15068,1,1.17277,13.4846,-2.17966,0.0462138,5.32247,-0.236875
2023,CBRL,-17.5,-33.6,21.7,2022-10-28,0.0129951,0.778517,36.2686,4.41744,71.8791,22.4664,0.705489,-0.00877815,-0.0350283,18.5299,0.398947,0.0592921,0.7521,0.109084,0.544545,0.723383,43.2376,13.5142,-0.00931952,8.50247,0.291943
2023,CDE,-41.6,-16.0,26.2,2022-09-30,-0.00438871,3.31385,74.7941,8.32009,-410.825,-154.182,1.7307,-0.121666,0.332794,20.8769,0,1,0.0479041,0.362623,0,2.40033,37.1572,13.9451,-0.0320562,-4.54038,1.01212
2023,CECO,174.7,57.4,51.0,2022-09-30,0.00800515,0.317919,29.302,3.61491,56.0667,12.4426,1.59264,0.000229559,0.464203,73.7912,0.590431,0.302847,0.329702,0.170314,0.228316,0.29436,73.7422,16.3653,0.00999005,0.0497157,0.0167436
2023,CRAI,25.4,7.9,35.1,2022-10-01,0.0460769,0.144072,0,5.23481,33.7413,6.31007,1.11406,0.0678523,3.68755,109.742,0.994148,0.0310482,,0.679918,0.795439,0.134535,53.4838,10.0022,0.00927521,0,0.0567763
2023,DCH,16.6,-7.6,28.4,2022-09-30,0.013952,0.374199,29.6156,2.22545,17.9439,13.833,1.69274,0.0491876,3.21509,35.076,0.859358,0.101084,0.209633,0,0.487304,0.357035,22.127,17.0577,0.00397208,-6.28993,0.127886
2023,EBF,13.5,-3.1,23.1,2022-08-31,0.0505227,0.176715,57.2946,4.22127,21.7321,-3.61603,4.70489,0.0123304,0.616533,74.1242,1,0.308226,1,0.356698,0,0.289931,29.3537,-4.88419,0.018056,6.79017,-0.1238
2023,EFXT,13.1,-19.4,26.7,2022-09-30,0.014158,1.31514,69.6838,2.40876,19.2912,4.55458,1.74322,0.0128535,-1.14951,61.58,0.285753,0.304665,0.233215,0,0.520307,0.677412,15.9302,3.76105,0.00924528,-38.2953,0.837899
2023,EGO,-22.1,34.7,43.4,2022-09-30,0.000870977,1.28936,90.1942,6.21099,18.6855,3.6723,3.61195,-0.0248346,-0.963613,40.9785,0.774467,0.146522,0.0557007,0.0242638,0.713467,1.3191,27.1647,5.33874,-0.0106729,-38.3625,0.0629816
2023,ENS,15.6,12.9,32.5,2022-10-02,0.0183859,0.730389,103.726,3.85916,44.2198,13.1979,2.91554,-0.00618006,0.0461244,130.255,0.416661,0.112951,1,0.0151745,0.45627,0.759692,46.8901,13.9949,0.00132424,9.69754,-0.0303502
2023,GLNG,41.1,-7.1,30.2,2022-09-30,0.00746166,3.625,2.17236,51.6707,7.35163,1.78211,2.56953,0.0472145,0.995608,31.2901,0.501017,0.269583,0.0446046,0.397354,0.968008,3.50089,36.2992,8.79929,-0.00331213,0.550254,3.06201
2023,GRC,-20.4,16.8,32.0,2022-09-30,0.0198614,0.405603,81.8393,6.75646,61.3104,24.6809,2.37708,0.00482122,2.61864,112.574,0.253939,0.106738,0,0,0.300842,0.834171,77.327,31.1285,-0.011579,-14.2208,-0.294092
2023,IOSP,19.9,7.3,34.8,2022-09-30,0.0389036,0.960396,96.2521,4.03239,34.8839,-0.924115,2.21919,0.0141753,1.02842,112.575,1,0.937624,0.46991,0,0.540269,0.879196,46.601,-1.23451,0.0123855,2.5249,0.193406
2023,JBTM,-7.7,-4.0,26.6,2022-09-30,0.0179817,1.2638,118.542,9.22568,68.7701,17.3308,1.41214,0.00846657,1.70817,127.426,0.212368,0.920554,1,0.687089,0.231702,0.872068,64.423,16.2353,-0.00839063,59.9838,0.583804
2023,KAI,-4.7,52.1,42.4,2022-10-01,0.0435038,0.754021,109.103,9.26414,43.4978,2.81397,1.8826,0.00952071,0.905774,129.678,0.578547,0.51323,0.832992,0.415113,0.27177,0.449605,61.7022,3.99166,0.0127612,4.07877,0.387517
2023,LNN,16.6,-24.1,26.0,2022-08-31,0.0505393,0.642721,131.049,9.43362,60.2012,1.12347,2.96443,0.0139764,1.56071,155.843,0.805254,0.196111,0.966088,0.475666,0.859368,1.07804,107.098,1.99866,0.0316534,22.1893,-0.243668
2023,MLKN,-37.4,45.3,45.0,2022-09-03,0.0139615,0.436869,78.3855,3.5485,42.5347,20.5022,1.72212,-0.0414034,-2.36496,70.8317,0.355664,0.114026,0.999578,0.289588,0,0.58844,55.5485,26.775,0.0284126,-0.0175141,0.125311
2023,MRCY,-11.2,-39.4,18.9,2022-09-30,-0.00331974,0.309185,173.142,12.2928,217.018,40.8642,4.82844,-0.0323089,4.60684,304.574,0,0.0773279,1,0,0,0.443627,89.9053,16.929,-0.000218678,18.7086,0.0589759
2023,NX,7.3,40.0,46.6,2022-10-31,0.0488565,1.42679,45.32,2.47783,19.9162,0.851886,2.007,0.0472678,1.95042,44.2136,0.908929,1,0.606834,0.0879898,0.654333,0.700122,30.9628,1.32439,0.000417478,8.60502,0.641435
2023,PATK,7.0,40.5,42.4,2022-09-25,0.0376963,0.569995,75.4391,1.88461,16.6282,11.5464,2.54052,0.213173,2.64391,79.1691,0.480277,0.439363,1,0.11703,1,0.610372,24.335,16.8979,-0.0101609,24.1267,-0.0756927
2023,PRIM,-1.6,53.7,50.3,2022-09-30,0.028066,0.345852,0,1.64871,22.4049,13.2596,1.531,-0.0240722,-0.253764,55.4245,0.509088,0,0,0.247317,0.370095,1.12814,35.2275,20.8481,-0.0087061,0,-1.10384
2023,RGR,-13.8,-22.6,24.1,2022-10-01,0.0495608,0.432091,55.0676,6.09515,30.6329,-1.72262,5.8308,0.0167242,0.972538,66.597,0.178662,0.103137,1,0,0.49621,1.32301,24.8843,-1.39936,-0.0880005,24.036,-0.140736
2023,SSD,-3.1,76.4,51.6,2022-09-30,0.0577274,0.601469,157.217,6.80666,26.946,2.94624,3.55941,0.034322,1.4159,182.864,0.520396,0.103534,0.592286,0,1,1.15023,46.9313,5.1314,-0.0278154,-17.4216,-0.547012
2023,WGO,4.1,14.3,35.5,2022-08-27,0.0630637,1.99155,48.8463,1.88271,16.6755,2.37736,2.09504,0.0686311,1.88087,48.0403,0.692655,0.724923,1,0.135941,0.661421,1.51082,28.3128,4.03644,-0.0072116,12.6447,-0.569486
2023,WLFC,82.4,-22.2,26.5,2022-09-30,0.0035327,6.4289,143.589,30.8038,50.6942,37.8893,2.57604,-0.196043,3.8391,100.511,0.546923,0.455479,0.61727,0.596474,0.56046,4.21872,52.2357,39.0414,0.00098814,-47.7199,1.41019
2023,WOR,-14.5,92.0,58.0,2022-08-31,0.0237115,0.767008,52.7511,1.63176,18.9445,6.38688,2.17433,0.0390907,1.24208,64.3426,0.704151,0.243245,0.289183,0.110657,0.684953,0.866215,17.4732,5.89086,0.00189779,-17.1094,-0.317337
2023,WTI,-3.6,-49.8,16.7,2022-09-30,0.124481,0.244071,0,4.14802,8.24422,1.9893,1.60351,0.0963037,1.33529,-29.8959,0.520635,0.0337508,0,0.0482089,0.607255,0.495234,15.8897,3.83412,0.0686886,0,-0.142806
