yr,ticker,sec,mb,cr,r40,mc,mom,ret,qqq
2007,AAP,Cons,0.022,0.040,0.286,0.933,15.2,-9.5,-2.2
2007,ABG,Cons,0.007,0.100,0.150,0.364,27.2,-43.1,-1.2
2007,AEM,Basi,0.957,0.905,0.988,0.997,28.9,60.6,-5.3
2007,AGCO,Indu,0.031,0.364,0.296,0.865,37.4,65.7,-4.0
2007,ALB,Basi,0.406,0.616,0.298,0.889,32.1,3.3,1.0
2007,ALV,Cons,0.040,0.289,0.383,0.880,7.2,-19.2,-0.1
2007,ARLP,Ener,0.331,0.271,0.623,0.510,-3.7,4.8,1.8
2007,AROC,Ener,0.680,0.452,0.812,0.526,25.6,-0.3,-1.3
2007,ASR,Indu,0.694,0.743,0.938,0.499,25.6,17.5,-3.9
2007,AVNT,Basi,0.053,0.510,0.097,0.286,-13.8,-13.4,0.1
2007,AXON,Indu,0.754,0.845,0.877,0.191,18.0,49.4,-1.4
2007,AZZ,Indu,0.588,0.397,0.831,0.010,59.6,13.2,15.1
2007,BAK,Basi,0.824,0.685,0.622,0.765,18.0,0.5,-1.6
2007,BALL,Cons,0.098,0.239,0.594,0.990,12.6,-6.3,0.6
2007,BC,Cons,0.289,0.330,0.129,0.840,5.6,-46.3,0.8
2007,BJRI,Cons,0.886,0.258,0.677,0.194,-9.1,-20.0,-0.1
2007,BKNG,Cons,0.783,0.304,0.601,0.689,26.0,128.3,5.5
2007,BTE,Ener,0.999,0.927,0.012,0.556,-13.4,54.0,17.6
2007,BVN,Basi,0.746,0.846,0.972,0.887,0.7,168.9,5.8
2007,BWA,Cons,0.163,0.299,0.346,0.913,29.4,21.9,-4.7
2007,BXC,Indu,0.076,0.833,0.041,0.092,12.3,-61.3,0.2
2007,BYD,Cons,0.950,0.820,0.141,0.941,30.0,-50.1,-1.1
2007,CAKE,Cons,0.069,0.144,0.353,0.710,1.1,-23.0,1.5
2007,CASY,Cons,0.094,0.327,0.372,0.512,7.9,6.2,1.1
2007,CBRL,Cons,0.238,0.251,0.133,0.628,15.4,-26.7,-1.9
2007,CBT,Basi,0.672,0.151,0.477,0.852,23.4,-38.4,-0.2
2007,CBZ,Indu,0.603,0.045,0.223,0.150,-6.9,24.2,0.6
2007,CDE,Basi,0.963,0.507,0.839,0.523,-0.8,3.0,-3.0
2007,CE,Basi,0.371,0.189,0.419,0.960,54.6,38.4,2.8
2007,CECO,Indu,0.589,0.682,0.887,0.122,43.7,-56.4,-2.3
2007,CENX,Basi,0.755,0.594,0.848,0.591,50.1,24.8,-0.8
2007,CHH,Cons,0.352,0.129,0.745,0.783,-1.2,-18.2,0.4
2007,CLF,Basi,0.711,0.765,0.603,0.727,48.9,114.3,-6.1
2007,CLH,Indu,0.239,0.067,0.510,0.411,8.5,21.1,3.0
2007,CMC,Basi,0.123,0.264,0.446,0.886,41.7,9.4,2.5
2007,CMCO,Indu,0.249,0.375,0.362,0.158,36.3,-1.0,1.0
2007,CMG,Cons,0.213,0.293,0.617,0.676,24.0,78.1,-0.3
2007,CMP,Basi,0.695,0.389,0.230,0.450,12.4,33.2,-0.3
2007,CPA,Indu,0.934,0.506,0.000,0.714,52.8,-26.5,2.1
2007,CRAI,Indu,0.435,0.529,0.592,0.280,10.9,-48.9,-3.4
2007,CRI,Cons,0.139,0.600,0.418,0.581,-5.9,-14.6,0.1
2007,CRK,Ener,0.900,0.805,0.842,0.518,8.6,10.7,-0.3
2007,CRS,Basi,0.391,0.139,0.704,0.821,4.7,6.7,1.8
2007,CSL,Basi,0.045,0.664,0.884,0.812,9.9,-29.2,-1.4
2007,CTRN,Cons,0.125,0.312,0.713,0.255,24.6,-63.8,0.3
2007,CW,Indu,0.092,0.169,0.587,0.644,26.8,3.0,-2.0
2007,DDS,Cons,0.199,0.094,0.238,0.793,-1.3,-49.7,-1.2
2007,DECK,Cons,0.521,0.604,0.801,0.331,29.7,107.3,5.2
2007,DHT,Indu,0.402,0.543,0.730,0.129,7.3,-20.6,-1.9
2007,DINO,Ener,0.629,0.501,0.367,0.828,23.8,-10.7,0.3
2007,DKS,Cons,0.293,0.584,0.595,0.834,19.5,-5.6,-2.5
2007,DY,Indu,0.254,0.123,0.271,0.377,-1.3,-34.8,1.1
2007,EGY,Ener,0.705,0.940,0.701,0.043,-24.4,-9.3,1.2
2007,ENS,Indu,0.089,0.148,0.456,0.326,-2.5,50.3,-2.7
2007,EPAC,Indu,0.109,0.381,0.629,0.620,4.0,13.5,-2.4
2007,EQT,Ener,0.673,0.563,0.815,0.806,23.7,23.4,1.8
2007,ESLT,Indu,0.304,0.541,0.771,0.550,11.4,56.8,-6.6
2007,ET,Ener,0.642,0.896,0.028,0.987,4.4,11.5,3.9
2007,EXP,Basi,0.686,0.488,0.516,0.743,45.9,-29.1,0.5
2007,EXPE,Cons,0.101,0.122,0.506,0.908,40.1,2.1,-4.9
2007,FCN,Indu,0.314,0.540,0.782,0.532,30.5,66.2,-2.1
2007,FIX,Indu,0.113,0.205,0.534,0.202,14.4,-12.3,1.5
2007,FMC,Basi,0.290,0.078,0.543,0.754,17.3,36.8,0.5
2007,FRO,Indu,0.890,0.717,0.733,0.768,-8.5,31.1,-0.8
2007,FSS,Indu,0.739,0.229,0.493,0.334,6.5,-34.5,-2.0
2007,FTK,Ener,0.386,0.828,0.957,0.757,192.0,-3.0,-10.5
2007,FUL,Basi,0.188,0.287,0.111,0.639,21.5,-19.6,4.4
2007,FUN,Cons,0.974,0.745,0.783,0.588,9.2,-23.7,-2.9
2007,FWRD,Indu,0.142,0.120,0.490,0.402,-8.1,-5.5,-0.2
2007,GBX,Indu,0.481,0.694,0.655,0.133,-3.2,-26.3,6.2
2007,GEO,Indu,0.235,0.667,0.843,0.399,67.5,2.4,1.5
2007,GIL,Cons,0.355,0.482,0.862,0.836,0.6,45.6,1.1
2007,GLNG,Ener,0.503,0.657,0.953,0.434,0.5,65.2,2.9
2007,GME,Cons,0.537,0.897,0.762,1.000,33.6,50.8,-9.1
2007,GNTX,Cons,0.220,0.119,0.573,0.752,20.7,-5.4,1.5
2007,GPK,Cons,0.380,0.048,0.194,0.472,48.5,-41.4,-1.4
2007,GRC,Indu,0.358,0.328,0.214,0.157,34.6,-3.3,-2.0
2007,GT,Cons,0.619,0.066,0.145,0.956,71.6,0.6,0.2
2007,HBM,Basi,0.949,0.777,0.946,0.739,47.2,-4.1,-1.6
2007,HEI,Indu,0.282,0.387,0.726,0.425,4.9,25.9,2.7
2007,HL,Basi,0.906,0.947,0.975,0.412,45.1,28.5,-3.7
2007,HLX,Ener,0.617,0.633,0.893,0.839,2.5,-3.0,-1.7
2007,HNI,Cons,0.167,0.195,0.235,0.738,13.9,-33.2,-1.2
2007,HP,Ener,0.572,0.422,0.921,0.817,22.5,34.5,1.1
2007,HTLD,Indu,0.736,0.075,0.045,0.597,3.4,-3.9,0.6
2007,HUBG,Indu,0.048,0.028,0.218,0.496,34.7,-7.5,-0.1
2007,HUN,Basi,0.478,0.526,0.082,0.978,13.7,9.4,-3.4
2007,HURN,Indu,0.236,0.383,0.881,0.441,54.2,-7.2,-3.6
2007,IAG,Basi,0.944,0.962,0.990,0.663,-11.8,2.4,1.9
2007,IESC,Indu,0.397,0.471,0.066,0.075,51.3,-11.2,6.4
2007,IFF,Basi,0.072,0.152,0.484,0.944,21.5,-9.6,1.6
2007,IIIN,Indu,0.465,0.525,0.144,0.019,-14.7,-47.3,2.3
2007,IOSP,Basi,0.437,0.545,0.606,0.277,84.2,-44.4,-2.1
2007,IT,Indu,0.267,0.245,0.393,0.718,23.9,-32.3,-2.0
2007,J,Indu,0.268,0.059,0.566,0.925,6.0,84.4,6.8
2007,JHX,Basi,0.087,0.415,0.013,0.896,39.2,-25.7,-6.7
2007,KAI,Indu,0.252,0.764,0.738,0.072,4.2,3.2,-1.8
2007,KBH,Cons,0.830,0.421,0.280,0.930,18.4,-65.4,3.1
2007,KEX,Indu,0.037,0.158,0.635,0.670,18.7,18.9,0.3
2007,KFRC,Indu,0.260,0.446,0.504,0.233,17.7,-37.8,1.2
2007,KNX,Indu,0.318,0.238,0.494,0.494,14.7,-22.1,-0.2
2007,KRO,Basi,0.469,0.110,0.287,0.576,6.4,-39.2,0.7
2007,LAD,Cons,0.025,0.201,0.312,0.213,18.6,-52.5,-1.2
2007,LCII,Cons,0.120,0.635,0.067,0.220,2.1,-7.2,-0.1
2007,LEU,Ener,0.745,0.858,0.274,0.531,55.5,-41.8,-1.8
2007,LKQ,Cons,0.116,0.279,0.780,0.478,-5.4,73.9,3.5
2007,LNN,Indu,0.499,0.698,0.639,0.067,7.4,87.3,22.5
2007,LYTS,Indu,0.274,0.413,0.427,0.103,9.3,-32.1,0.5
2007,LZB,Cons,0.296,0.191,0.073,0.308,5.4,-41.5,-0.1
2007,MATV,Basi,0.362,0.037,0.116,0.095,32.0,0.8,1.5
2007,MATX,Indu,0.393,0.211,0.277,0.474,11.7,-10.1,1.9
2007,MCRI,Cons,0.311,0.035,0.503,0.148,27.5,-19.3,-2.4
2007,MEOH,Basi,0.805,0.676,0.889,0.740,-6.6,-3.1,1.3
2007,MGRC,Indu,0.877,0.679,0.424,0.336,20.9,-34.1,-2.2
2007,MHO,Cons,0.216,0.562,0.227,0.185,0.8,-55.6,-1.3
2007,MIDD,Indu,0.248,0.161,0.765,0.314,45.3,11.6,2.8
2007,MLI,Indu,0.459,0.720,0.340,0.257,-5.9,-13.3,1.7
2007,MLKN,Cons,0.035,0.125,0.488,0.748,7.5,-22.9,-1.9
2007,MOD,Indu,0.387,0.437,0.380,0.353,6.8,-39.3,2.0
2007,MOV,Cons,0.095,0.103,0.468,0.318,12.9,-34.5,1.7
2007,MTH,Cons,0.708,0.713,0.063,0.501,7.7,-76.4,-0.2
2007,MTRN,Basi,0.255,0.585,0.799,0.371,67.4,-28.6,-1.0
2007,MTX,Basi,0.111,0.141,0.279,0.503,10.1,-11.0,0.7
2007,MTZ,Indu,0.806,0.714,0.845,0.309,-2.5,-27.1,1.8
2007,MWA,Indu,0.922,0.999,0.151,0.614,-3.7,-38.9,1.3
2007,MYE,Cons,0.273,0.462,0.111,0.249,2.7,-18.4,-2.1
2007,NAT,Indu,0.981,0.870,0.927,0.406,2.3,-12.5,-1.1
2007,NPO,Indu,0.169,0.202,0.006,0.340,27.1,-16.0,-0.2
2007,NWPX,Indu,0.041,0.456,0.645,0.016,17.3,10.7,-3.9
2007,NX,Basi,0.321,0.499,0.198,0.562,29.0,28.7,0.9
2007,OII,Ener,0.569,0.196,0.607,0.735,39.2,51.6,-5.0
2007,OIS,Ener,0.221,0.619,0.471,0.349,4.0,26.6,-1.9
2007,OKE,Ener,0.472,0.975,0.044,0.931,13.3,11.5,-3.5
2007,OLN,Basi,0.453,0.359,0.559,0.504,7.4,3.3,0.9
2007,ORLY,Cons,0.081,0.097,0.408,0.899,-1.8,-14.5,1.2
2007,OSK,Indu,0.135,0.318,0.644,0.918,6.6,-13.9,1.9
2007,OXM,Cons,0.390,0.801,0.136,0.374,13.8,-54.6,6.1
2007,PAAS,Basi,0.940,0.966,0.997,0.716,48.9,25.6,-3.6
2007,PDS,Ener,0.856,0.831,0.368,0.993,-29.7,-12.8,-0.2
2007,PENN,Cons,0.413,0.906,0.757,0.368,27.3,8.4,-4.2
2007,PII,Cons,0.204,0.267,0.147,0.619,11.3,-8.8,1.2
2007,PKE,Indu,0.361,0.336,0.413,0.226,-11.6,-8.1,3.7
2007,PKG,Cons,0.638,0.210,0.557,0.730,-5.5,14.6,4.2
2007,PNR,Indu,0.117,0.270,0.254,0.698,20.8,0.9,2.0
2007,POOL,Indu,0.136,0.402,0.195,0.658,-4.1,-48.3,-1.1
2007,POWL,Indu,0.365,0.779,0.777,0.054,37.8,18.6,-2.1
2007,PTEN,Ener,0.676,0.626,0.820,0.905,-0.8,-1.4,-1.4
2007,PVH,Cons,0.320,0.220,0.562,0.881,36.8,-40.8,-1.7
2007,PWR,Indu,0.430,0.349,0.276,0.786,33.6,0.9,-3.4
2007,RBA,Indu,0.370,0.724,0.553,0.674,6.8,33.8,-4.5
2007,RBC,Indu,0.148,0.084,0.598,0.443,8.0,-21.3,-3.0
2007,RES,Ener,0.532,0.370,0.855,0.613,38.8,-42.5,-0.4
2007,RGLD,Basi,0.843,0.695,0.963,0.327,19.2,-6.7,0.7
2007,ROST,Cons,0.144,0.038,0.466,0.982,29.3,-15.2,-2.1
2007,RRC,Ener,0.597,0.623,0.748,0.966,28.9,97.6,-5.1
2007,RRX,Indu,0.245,0.865,0.242,0.606,8.2,-22.1,-0.8
2007,RS,Basi,0.147,0.826,0.922,0.878,38.6,15.9,-2.4
2007,RUSHA,Cons,0.063,0.691,0.529,0.034,13.9,33.7,0.6
2007,SAH,Cons,0.009,0.079,0.186,0.516,27.5,-34.7,1.1
2007,SGI,Cons,0.463,0.260,0.523,0.446,44.1,-32.7,-1.0
2007,SHOO,Cons,0.565,0.298,0.686,0.236,-27.2,-41.3,0.9
2007,SIG,Cons,0.821,0.821,0.507,0.943,19.2,-50.9,0.4
2007,SKY,Cons,0.152,0.518,0.034,0.610,-0.1,-25.0,10.0
2007,SM,Ener,0.930,0.827,0.460,0.459,2.2,-3.5,-3.3
2007,SMG,Basi,0.903,0.186,0.056,0.900,21.4,-37.1,0.6
2007,SQM,Basi,0.299,0.221,0.768,0.975,50.9,35.2,-12.8
2007,SSD,Basi,0.389,0.438,0.188,0.611,24.2,-24.0,-2.2
2007,STLD,Basi,0.431,0.815,0.861,0.874,40.4,47.4,1.4
2007,STN,Indu,0.985,0.783,0.931,0.477,32.0,33.4,-4.5
2007,SWBI,Indu,0.425,0.487,0.743,0.111,-2.6,-64.0,0.6
2007,SWK,Indu,0.114,0.296,0.674,0.957,6.2,-11.9,0.5
2007,SXI,Indu,0.246,0.449,0.106,0.063,2.5,-35.3,-1.2
2007,TCOM,Cons,0.551,0.931,0.952,0.732,53.3,62.3,-4.0
2007,TFII,Indu,0.776,0.716,0.094,0.468,-16.0,-28.2,-1.2
2007,TK,Ener,0.702,0.411,0.054,0.938,38.7,-22.5,0.7
2007,TKR,Indu,0.330,0.468,0.031,0.673,-9.7,-2.5,-0.2
2007,TPC,Indu,0.026,0.911,0.830,0.346,36.5,28.0,-2.8
2007,TRN,Indu,0.554,0.405,0.394,0.767,36.6,-31.5,-2.3
2007,TSCO,Cons,0.097,0.236,0.304,0.692,2.0,-30.2,0.5
2007,TTEK,Indu,0.305,0.738,0.317,0.453,0.6,4.7,0.8
2007,UFPI,Basi,0.038,0.516,0.062,0.409,-1.1,-31.3,-0.7
2007,UGP,Ener,0.350,0.262,0.399,0.682,40.1,38.6,0.1
2007,ULH,Indu,0.348,0.613,0.352,0.141,8.8,-26.3,-2.1
2007,URBN,Cons,0.443,0.378,0.513,0.934,37.9,19.1,0.4
2007,URI,Indu,0.644,0.460,0.161,0.802,23.4,-33.0,-1.1
2007,VMI,Indu,0.103,0.343,0.314,0.570,8.0,47.9,0.6
2007,WAB,Indu,0.334,0.419,0.428,0.626,27.5,3.0,-3.5
2007,WCC,Indu,0.122,0.174,0.389,0.871,10.1,-43.8,0.4
2007,WCN,Indu,0.198,0.050,0.609,0.680,10.3,2.7,-0.2
2007,WEN,Cons,0.952,0.987,0.331,0.598,14.3,-54.9,1.0
2007,WGO,Cons,0.301,0.098,0.173,0.455,4.8,-40.8,-0.9
2007,WLK,Basi,0.723,0.645,0.085,0.685,2.8,-40.6,-1.7
2007,WNC,Indu,0.343,0.324,0.179,0.188,14.3,-43.5,-0.1
2007,WOR,Indu,0.408,0.230,0.164,0.465,21.0,-21.9,-2.4
2007,WPM,Basi,0.943,0.853,0.999,0.774,12.6,49.6,-4.0
2007,WSO,Indu,0.012,0.474,0.152,0.560,13.5,-28.1,-0.1
2007,WTI,Ener,0.512,0.642,0.933,0.711,-2.4,31.8,3.9
2007,WWW,Cons,0.208,0.004,0.374,0.595,11.6,-29.1,0.5
2009,AAL,Indu,0.800,0.041,0.309,0.341,-39.9,-25.2,28.0
2009,AAP,Cons,0.106,0.029,0.592,0.854,-7.9,30.7,44.5
2009,ACM,Indu,0.930,0.363,0.813,0.826,2.0,-5.7,27.3
2009,AGCO,Indu,0.063,0.428,0.433,0.738,-57.1,27.4,33.4
2009,AGI,Basi,0.912,0.820,0.951,0.275,-24.9,132.7,98.1
2009,ALB,Basi,0.226,0.283,0.333,0.719,-42.4,60.4,54.7
2009,ALGT,Indu,0.849,0.385,0.841,0.379,59.4,33.0,45.3
2009,ALK,Indu,0.987,0.039,0.254,0.465,21.4,32.4,44.8
2009,ALV,Cons,0.485,0.475,0.150,0.455,-61.9,113.9,68.6
2009,AMSC,Indu,0.719,0.946,0.515,0.343,-18.2,140.0,74.3
2009,ARLP,Ener,0.437,0.236,0.779,0.517,-12.8,34.4,42.4
2009,AROC,Ener,0.722,0.985,0.629,0.314,-75.2,22.7,46.3
2009,ASR,Indu,0.602,0.390,0.798,0.423,-46.8,71.8,60.8
2009,ATI,Indu,0.553,0.483,0.380,0.735,-66.4,89.1,64.8
2009,AVAV,Indu,0.494,0.554,0.559,0.317,44.7,-19.0,36.2
2009,AZZ,Indu,0.285,0.556,0.831,0.070,-14.9,25.8,43.9
2009,BAK,Basi,0.393,0.776,0.792,0.463,-76.0,275.8,157.1
2009,BALL,Cons,0.286,0.211,0.424,0.919,-4.8,25.6,42.5
2009,BCPC,Basi,0.693,0.873,0.546,0.107,-3.4,65.2,58.6
2009,BKNG,Cons,0.709,0.257,0.777,0.880,-32.8,207.3,104.6
2009,BVN,Basi,0.953,0.634,0.228,0.992,-51.0,68.6,63.6
2009,BWA,Cons,0.611,0.550,0.104,0.753,-52.0,64.7,47.7
2009,BYD,Cons,0.190,0.621,0.070,0.120,-81.3,68.9,65.6
2009,CASY,Cons,0.353,0.532,0.195,0.452,-24.3,68.8,75.2
2009,CBRL,Cons,0.354,0.125,0.431,0.180,-45.5,90.8,68.1
2009,CBT,Basi,0.447,0.446,0.327,0.454,-48.5,64.8,52.0
2009,CBZ,Indu,0.659,0.065,0.499,0.193,-10.7,-14.5,25.8
2009,CE,Basi,0.715,0.499,0.135,0.584,-76.2,211.3,93.4
2009,CECO,Indu,0.537,0.880,0.315,0.049,68.2,31.5,51.6
2009,CF,Basi,0.899,0.654,0.886,0.847,-49.7,87.5,57.5
2009,CHDN,Cons,0.933,0.724,0.280,0.109,-43.2,33.4,53.1
2009,CHH,Cons,0.220,0.174,0.564,0.610,-28.2,29.2,38.1
2009,CLF,Basi,0.876,0.808,0.834,0.732,-68.0,151.0,89.1
2009,CLH,Indu,0.361,0.037,0.590,0.538,-16.4,13.6,40.1
2009,CMC,Basi,0.389,0.720,0.151,0.558,-63.2,43.2,53.2
2009,CMI,Indu,0.356,0.289,0.337,0.995,-47.8,91.7,59.3
2009,CMP,Basi,0.759,0.611,0.862,0.717,36.9,4.5,27.9
2009,CRI,Cons,0.224,0.088,0.356,0.576,4.5,22.8,30.6
2009,CRK,Ener,0.784,0.932,0.207,0.689,21.7,-7.9,24.6
2009,CRS,Basi,0.496,0.543,0.304,0.408,-70.6,51.7,51.3
2009,CSL,Basi,0.234,0.237,0.338,0.528,-48.0,74.8,52.4
2009,CW,Indu,0.091,0.307,0.527,0.572,-28.1,0.3,33.3
2009,DECK,Cons,0.509,0.522,0.941,0.328,-58.2,92.9,72.7
2009,DINO,Ener,0.774,0.798,0.177,0.556,-52.8,11.8,38.6
2009,DK,Ener,0.993,0.834,0.093,0.039,-64.0,39.0,60.9
2009,DKS,Cons,0.130,0.376,0.301,0.605,-49.4,99.5,82.3
2009,DMLP,Ener,0.107,0.872,0.285,0.229,-10.6,10.8,25.8
2009,DRI,Cons,0.371,0.647,0.473,0.907,0.1,47.6,57.3
2009,EGO,Basi,0.846,0.967,0.997,0.870,31.3,56.5,60.5
2009,EGY,Ener,0.980,0.935,0.086,0.000,1.8,-17.7,33.1
2009,EMBJ,Indu,0.839,0.613,0.735,0.789,-64.9,62.6,55.5
2009,ENS,Indu,0.215,0.607,0.299,0.163,-62.6,117.7,68.5
2009,EPAC,Indu,0.169,0.535,0.223,0.216,-73.1,144.1,91.6
2009,EQT,Ener,0.976,0.302,0.722,0.777,-36.4,20.9,40.9
2009,ESLT,Indu,0.278,0.340,0.732,0.691,-25.3,37.2,55.8
2009,EXP,Basi,0.857,0.034,0.286,0.441,-39.4,15.3,35.8
2009,EXPE,Cons,0.060,0.324,0.005,0.519,-66.7,181.5,93.1
2009,FCN,Indu,0.148,0.403,0.776,0.745,-25.8,1.4,40.8
2009,FIX,Indu,0.380,0.270,0.603,0.055,-23.5,37.4,52.1
2009,FMC,Basi,0.328,0.195,0.598,0.808,-14.4,18.8,37.8
2009,FRO,Indu,0.865,0.852,0.982,0.636,-55.4,32.2,49.8
2009,FSS,Indu,0.504,0.519,0.190,0.046,-44.9,3.5,39.2
2009,FUL,Basi,0.450,0.202,0.846,0.293,-39.6,78.8,71.0
2009,FWRD,Indu,0.922,0.298,0.616,0.288,-26.9,2.8,27.5
2009,GEL,Ener,0.184,0.976,0.257,0.114,-48.3,97.5,69.6
2009,GEO,Indu,0.520,0.441,0.358,0.346,-45.9,38.5,44.1
2009,GIL,Cons,0.655,0.602,0.189,0.545,-71.4,115.9,63.1
2009,GME,Cons,0.236,0.524,0.771,0.967,-46.0,-24.1,25.9
2009,GNTX,Cons,0.467,0.496,0.229,0.527,-45.5,103.0,68.7
2009,GRC,Indu,0.210,0.086,0.528,0.125,-14.5,0.1,29.0
2009,GT,Cons,0.522,0.280,0.203,0.621,-76.5,117.9,74.9
2009,HEI,Indu,0.124,0.351,0.532,0.433,-27.5,35.3,47.1
2009,HL,Basi,0.925,0.745,0.031,0.062,-83.3,224.1,120.4
2009,HNI,Cons,0.177,0.015,0.420,0.218,-63.0,110.7,66.4
2009,HP,Ener,0.167,0.099,0.928,0.761,-43.0,101.7,68.2
2009,HTLD,Indu,0.883,0.151,0.665,0.546,-8.3,10.9,39.0
2009,HUBG,Indu,0.085,0.309,0.392,0.371,-26.6,26.2,42.7
2009,HUN,Basi,0.473,0.415,0.236,0.210,-90.0,430.9,201.9
2009,HURN,Indu,0.275,0.743,0.802,0.380,-26.9,-37.7,22.2
2009,ICFI,Indu,0.663,0.979,0.320,0.067,-7.0,8.7,43.9
2009,IFF,Basi,0.114,0.050,0.483,0.780,-18.1,23.2,34.9
2009,IT,Indu,0.377,0.078,0.569,0.491,-35.5,87.4,53.2
2009,J,Indu,0.098,0.379,0.795,0.943,-48.1,-2.2,33.3
2009,JHX,Basi,0.441,0.281,0.046,0.603,-42.4,56.6,25.6
2009,KEX,Indu,0.218,0.094,0.724,0.585,-40.8,35.3,42.7
2009,KFY,Indu,0.889,0.587,0.130,0.076,-51.0,126.9,91.6
2009,KMX,Cons,0.016,0.520,0.166,0.821,-34.0,89.9,64.7
2009,KNX,Indu,0.727,0.171,0.476,0.411,-17.9,39.6,44.1
2009,KRO,Basi,0.652,0.748,0.267,0.023,-65.8,139.3,96.6
2009,LEU,Ener,0.735,0.818,0.208,0.263,-42.9,-17.4,29.8
2009,LKQ,Cons,0.151,0.875,0.620,0.650,-45.0,57.8,59.5
2009,LNN,Indu,0.384,0.849,0.128,0.050,-70.6,61.3,55.4
2009,LVS,Cons,0.624,0.774,0.379,0.595,-95.1,341.2,140.6
2009,M,Cons,0.127,0.016,0.075,0.891,-68.7,122.8,79.5
2009,MAN,Indu,0.153,0.405,0.255,0.730,-51.7,92.0,59.4
2009,MAT,Cons,0.280,0.250,0.372,0.948,-43.4,68.4,54.7
2009,MATV,Basi,0.423,0.189,0.306,0.020,-12.1,227.0,95.1
2009,MATX,Indu,0.293,0.563,0.340,0.197,-52.3,52.8,48.1
2009,MELI,Cons,0.246,0.683,0.885,0.302,-60.3,183.2,101.4
2009,MEOH,Basi,0.920,0.766,0.091,0.390,-60.8,161.9,82.7
2009,MGA,Cons,0.366,0.410,0.145,0.852,-65.6,108.3,73.9
2009,MGM,Cons,0.689,0.366,0.050,0.418,-95.3,283.8,131.3
2009,MGRC,Indu,0.567,0.028,0.769,0.171,-2.8,21.9,43.0
2009,MLCO,Cons,0.834,0.963,0.808,0.515,-73.9,17.5,39.3
2009,MLI,Indu,0.216,0.470,0.169,0.112,-26.1,20.5,35.4
2009,MLKN,Cons,0.306,0.382,0.205,0.239,-64.3,92.6,72.3
2009,MLM,Basi,0.660,0.055,0.390,0.885,-22.8,-2.8,27.6
2009,MTX,Basi,0.493,0.062,0.343,0.350,-28.1,23.0,37.3
2009,MTZ,Indu,0.203,0.572,0.881,0.351,21.1,39.3,55.3
2009,MWA,Indu,0.273,0.146,0.002,0.367,-16.4,-32.1,21.0
2009,NAT,Indu,0.886,0.953,0.397,0.514,2.1,-4.6,28.9
2009,NBR,Ener,0.605,0.193,0.525,0.797,-65.8,147.7,84.8
2009,NPK,Indu,0.247,0.971,0.976,0.080,-12.3,132.8,86.1
2009,NPO,Indu,0.348,0.102,0.480,0.166,-22.9,8.2,31.3
2009,OII,Ener,0.068,0.460,0.698,0.644,-53.5,83.4,62.4
2009,OIS,Ener,0.312,0.626,0.893,0.177,-55.4,126.4,81.0
2009,OKE,Ener,0.398,0.719,0.224,0.720,-52.7,86.0,70.4
2009,OLN,Basi,0.761,0.823,0.659,0.550,-8.7,0.7,34.3
2009,ORLY,Cons,0.047,0.782,0.967,0.901,0.0,43.8,48.9
2009,OSK,Indu,0.420,0.889,0.281,0.246,-82.3,378.0,161.7
2009,PDS,Ener,0.694,0.758,0.940,0.392,-81.1,120.5,61.5
2009,PENN,Cons,0.076,0.073,0.836,0.093,-58.3,30.6,39.6
2009,PII,Cons,0.101,0.348,0.450,0.333,-49.7,98.8,67.3
2009,PKE,Indu,0.489,0.450,0.099,0.111,-37.3,51.2,48.9
2009,PKG,Cons,0.237,0.063,0.408,0.540,-51.1,74.4,64.0
2009,PNR,Indu,0.052,0.161,0.335,0.624,-27.6,31.6,40.7
2009,POOL,Indu,0.138,0.145,0.233,0.296,-31.8,56.6,55.5
2009,POWL,Indu,0.322,0.649,0.676,0.041,-29.0,3.4,28.8
2009,PTEN,Ener,0.410,0.426,0.767,0.597,-58.7,77.6,51.4
2009,PVH,Cons,0.400,0.263,0.283,0.457,-49.2,183.2,99.0
2009,PWR,Indu,0.276,0.702,0.519,0.912,-23.4,-4.4,34.2
2009,RBA,Indu,0.589,0.919,0.078,0.654,-36.1,36.8,53.5
2009,RBC,Indu,0.128,0.104,0.636,0.319,-14.6,54.7,46.1
2009,RES,Ener,0.512,0.367,0.803,0.402,-17.1,42.5,45.0
2009,RGLD,Basi,0.577,0.803,0.567,0.626,53.4,-5.8,28.6
2009,RHI,Indu,0.050,0.384,0.272,0.803,-25.8,45.9,46.8
2009,ROST,Cons,0.104,0.031,0.541,0.969,21.4,59.5,60.2
2009,RRX,Indu,0.081,0.465,0.488,0.507,-11.5,47.8,46.5
2009,RS,Basi,0.350,0.725,0.759,0.693,-52.4,77.1,62.7
2009,SHOO,Cons,0.192,0.338,0.543,0.034,-1.9,131.9,82.3
2009,SIG,Cons,0.902,0.904,0.772,0.501,-54.9,124.6,82.1
2009,SM,Ener,0.650,0.616,0.055,0.176,-57.3,127.1,86.0
2009,SMG,Basi,0.789,0.080,0.231,0.743,-0.4,17.7,36.4
2009,SSD,Basi,0.491,0.101,0.270,0.478,-15.9,19.7,35.1
2009,STN,Indu,0.891,0.528,0.922,0.415,-45.1,36.6,51.5
2009,SWK,Indu,0.055,0.184,0.317,0.802,-28.7,53.0,48.3
2009,TDG,Indu,0.317,0.407,0.880,0.706,-16.7,31.5,40.4
2009,TECK,Basi,0.917,0.620,0.374,0.649,-90.0,821.0,294.9
2009,TEN,Ener,0.254,0.646,0.184,0.976,-37.8,-15.7,30.1
2009,TEX,Indu,0.428,0.444,0.137,0.554,-78.1,45.8,46.5
2009,TFII,Indu,0.059,0.841,0.158,0.060,-49.5,161.8,86.5
2009,TK,Ener,0.754,0.411,0.829,0.582,-56.4,33.2,43.9
2009,TKR,Indu,0.452,0.506,0.265,0.504,-47.8,52.7,48.3
2009,TNK,Indu,0.863,0.246,0.902,0.003,-47.5,-4.0,30.1
2009,TPC,Indu,0.026,0.595,0.613,0.385,-57.4,28.4,46.1
2009,TPR,Cons,0.358,0.267,0.790,0.989,-49.6,154.4,95.2
2009,TRN,Indu,0.179,0.504,0.307,0.267,-65.8,67.3,56.9
2009,TSCO,Cons,0.140,0.083,0.538,0.561,4.8,43.8,45.4
2009,TT,Indu,0.335,0.870,0.138,0.961,-55.7,93.7,59.7
2009,TTEK,Indu,0.137,0.489,0.821,0.577,18.5,10.3,34.8
2009,TX,Basi,0.699,0.593,0.298,0.600,-81.5,313.6,144.0
2009,UAA,Cons,0.402,0.488,0.558,0.462,-52.8,46.9,49.7
2009,UAL,Indu,0.852,0.234,0.172,0.634,-65.8,17.2,40.2
2009,UFPI,Basi,0.150,0.182,0.244,0.130,-36.2,62.2,49.3
2009,ULTA,Cons,0.065,0.413,0.585,0.094,-55.5,241.9,126.8
2009,URBN,Cons,0.462,0.163,0.649,0.776,-48.0,125.5,94.4
2009,VMI,Indu,0.094,0.128,0.807,0.476,-55.1,83.9,61.1
2009,WAB,Indu,0.029,0.154,0.675,0.592,-17.1,35.6,48.4
2009,WCC,Indu,0.007,0.156,0.377,0.387,-55.7,52.2,51.5
2009,WCN,Indu,0.067,0.059,0.685,0.733,-8.1,16.6,31.1
2009,WEN,Cons,0.875,0.924,0.989,0.213,-54.7,9.1,45.3
2009,WOR,Indu,0.543,0.478,0.148,0.164,-43.6,80.7,65.2
2009,WPM,Basi,0.995,0.761,0.193,0.685,-60.0,136.3,87.1
2009,WSO,Indu,0.013,0.203,0.260,0.439,-4.0,56.4,53.3
2009,WWW,Cons,0.231,0.023,0.402,0.437,-22.5,50.3,47.3
2009,WYNN,Cons,0.585,0.920,0.262,0.828,-78.5,145.5,87.1
2011,AAL,Indu,0.827,0.378,0.243,0.555,74.7,-10.3,9.5
2011,ABG,Cons,0.023,0.504,0.092,0.232,65.8,27.1,12.1
2011,ACM,Indu,0.031,0.273,0.627,0.891,7.2,-19.4,4.0
2011,AER,Indu,0.938,0.907,0.876,0.632,58.9,-10.6,9.5
2011,AG,Basi,0.914,0.920,0.988,0.623,408.3,32.6,14.5
2011,AGI,Basi,0.670,0.526,0.842,0.691,15.3,22.8,15.2
2011,ALGT,Indu,0.742,0.088,0.599,0.391,-8.7,18.1,8.8
2011,ALK,Indu,0.555,0.269,0.485,0.742,87.6,23.4,8.0
2011,AMRC,Indu,0.096,0.204,0.691,0.254,185.9,-5.4,8.6
2011,ARLP,Ener,0.496,0.391,0.845,0.777,65.8,14.2,8.5
2011,AROC,Ener,0.297,0.149,0.100,0.359,-3.5,-45.5,5.6
2011,ASR,Indu,0.905,0.736,0.927,0.618,3.6,28.0,13.7
2011,AVAV,Indu,0.673,0.561,0.812,0.239,20.2,-3.3,10.2
2011,AVNT,Basi,0.358,0.673,0.335,0.539,82.6,9.8,11.3
2011,AZZ,Indu,0.319,0.493,0.699,0.136,18.4,19.5,3.6
2011,BC,Cons,0.703,0.727,0.170,0.676,81.4,6.2,5.7
2011,BCPC,Basi,0.220,0.331,0.655,0.465,65.2,-1.0,9.6
2011,BJRI,Cons,0.907,0.054,0.461,0.477,82.8,37.8,10.4
2011,BYD,Cons,0.166,0.603,0.766,0.368,21.3,-3.2,10.1
2011,CAKE,Cons,0.999,0.008,0.241,0.673,34.0,5.3,9.0
2011,CAR,Indu,0.834,0.177,0.103,0.620,17.7,-6.5,6.4
2011,CASY,Cons,0.226,0.570,0.480,0.607,28.7,24.1,14.7
2011,CBRL,Cons,0.266,0.001,0.218,0.503,17.8,11.5,11.3
2011,CBT,Basi,0.565,0.751,0.395,0.804,56.3,-12.9,5.8
2011,CECO,Indu,0.097,0.518,0.303,0.066,-24.1,-64.8,3.6
2011,CHDN,Cons,0.882,0.742,0.935,0.259,10.0,33.1,17.9
2011,CHH,Cons,0.165,0.232,0.624,0.762,25.3,-10.4,9.1
2011,CLH,Indu,0.330,0.842,0.877,0.780,77.4,38.2,15.3
2011,CLMT,Basi,0.614,0.572,0.445,0.354,20.9,-5.0,6.5
2011,CMCO,Indu,0.145,0.397,0.230,0.019,18.8,-18.5,6.1
2011,CMP,Basi,0.684,0.392,0.645,0.857,44.6,-22.6,5.0
2011,CODI,Indu,0.068,0.658,0.430,0.281,8.8,-6.5,10.9
2011,CPA,Indu,0.843,0.203,0.780,0.770,12.0,24.9,8.3
2011,CPS,Cons,0.459,0.731,0.031,0.381,48.4,-3.7,14.1
2011,CRI,Cons,0.562,0.420,0.530,0.616,-3.1,58.5,18.5
2011,CRK,Ener,0.404,0.855,0.022,0.524,-27.4,-56.6,3.1
2011,CROX,Cons,0.747,0.497,0.620,0.622,132.2,11.6,11.4
2011,CRS,Basi,0.369,0.808,0.728,0.684,47.7,33.2,8.6
2011,CSL,Basi,0.311,0.458,0.150,0.786,19.0,16.7,6.4
2011,CTRN,Cons,0.135,0.223,0.219,0.030,-22.4,-51.3,6.2
2011,CW,Indu,0.105,0.030,0.278,0.634,20.3,4.3,8.3
2011,CYD,Indu,0.812,0.781,0.197,0.469,67.1,-45.9,8.1
2011,DAC,Indu,0.491,0.084,0.815,0.162,3.3,-12.2,12.2
2011,DCH,Cons,0.655,0.891,0.611,0.472,72.3,-15.0,4.4
2011,DDS,Cons,0.357,0.108,0.272,0.776,101.9,29.1,12.8
2011,DECK,Cons,0.661,0.188,0.804,0.895,153.7,-1.5,10.0
2011,DHI,Cons,0.620,0.755,0.042,0.931,-3.0,10.2,5.6
2011,DKS,Cons,0.259,0.026,0.442,0.991,56.9,14.1,12.1
2011,DMLP,Ener,0.238,0.864,0.789,0.358,28.0,-14.8,9.2
2011,DY,Indu,0.247,0.196,0.138,0.209,105.2,32.4,14.9
2011,EBF,Indu,0.295,0.309,0.373,0.168,13.0,-22.7,8.5
2011,EGY,Ener,0.596,0.865,0.855,0.088,73.8,1.7,13.7
2011,ENS,Indu,0.070,0.646,0.564,0.651,65.3,-9.5,6.1
2011,EPAC,Indu,0.512,0.472,0.449,0.699,27.5,9.8,20.4
2011,EQT,Ener,0.780,0.428,0.709,0.911,5.3,9.0,5.9
2011,ESLT,Indu,0.080,0.258,0.362,0.735,-16.4,-32.7,8.6
2011,EXK,Basi,0.885,0.954,0.738,0.227,184.1,-1.7,17.0
2011,EXP,Basi,0.485,0.641,0.169,0.536,24.3,2.1,6.6
2011,EXPE,Cons,0.172,0.178,0.608,0.899,20.8,31.0,9.3
2011,FCN,Indu,0.349,0.073,0.261,0.614,-9.8,30.2,13.3
2011,FIX,Indu,0.285,0.368,0.468,0.143,7.1,-9.4,11.0
2011,FRO,Indu,0.854,0.696,0.139,0.704,-4.4,-78.5,2.3
2011,FSM,Basi,0.836,0.805,0.957,0.231,118.6,3.6,15.9
2011,FSS,Indu,0.092,0.282,0.026,0.031,-25.0,-17.5,15.1
2011,FTK,Ener,0.816,0.900,0.936,0.409,627.6,39.9,12.5
2011,FUL,Basi,0.281,0.305,0.262,0.431,-13.3,27.4,5.5
2011,FWRD,Indu,0.966,0.386,0.500,0.364,31.0,28.3,7.1
2011,GBX,Indu,0.534,0.500,0.396,0.114,104.8,13.0,3.4
2011,GEL,Ener,0.353,0.847,0.504,0.470,43.8,6.7,7.7
2011,GEO,Indu,0.246,0.358,0.584,0.646,24.2,-26.1,5.3
2011,GIII,Cons,0.457,0.401,0.745,0.265,37.2,-24.9,13.1
2011,GIL,Cons,0.615,0.578,0.841,0.914,40.7,-33.1,4.4
2011,GLNG,Ener,0.866,0.450,0.405,0.653,128.4,76.5,17.2
2011,GME,Cons,0.278,0.043,0.276,0.865,2.6,13.6,17.6
2011,GNRC,Indu,0.478,0.193,0.392,0.316,28.8,69.9,11.6
2011,GNTX,Cons,0.643,0.851,0.754,0.981,78.4,-10.1,4.9
2011,GPK,Cons,0.284,0.647,0.215,0.627,39.1,9.2,11.1
2011,GPRE,Basi,0.265,0.741,0.889,0.085,-29.0,-1.5,7.9
2011,GRC,Indu,0.392,0.501,0.785,0.204,44.6,22.3,8.1
2011,GT,Cons,0.547,0.476,0.255,0.870,0.0,-2.3,7.8
2011,HBM,Basi,0.862,0.969,0.732,0.785,26.6,-36.7,6.5
2011,HEI,Indu,0.224,0.370,0.745,0.665,46.2,37.6,14.2
2011,HL,Basi,0.908,0.916,0.030,0.814,86.9,-50.3,5.2
2011,HLIO,Indu,0.764,0.886,0.880,0.243,45.7,17.9,14.2
2011,HNI,Cons,0.323,0.477,0.323,0.603,29.5,-14.7,5.5
2011,HTHT,Cons,0.793,0.155,0.601,0.451,29.0,-15.8,8.7
2011,HTLD,Indu,0.736,0.469,0.588,0.577,8.3,-9.1,5.7
2011,HUBG,Indu,0.028,0.520,0.401,0.566,45.4,-7.6,5.0
2011,HUN,Basi,0.470,0.582,0.368,0.961,42.2,-30.6,4.3
2011,HURN,Indu,0.380,0.418,0.326,0.214,29.0,29.6,13.4
2011,HWKN,Basi,0.507,0.545,0.486,0.131,123.1,-11.6,6.1
2011,ICFI,Indu,0.151,0.227,0.311,0.097,-10.4,20.3,14.1
2011,IEP,Ener,0.824,0.977,0.723,0.888,-16.1,7.9,12.6
2011,IFF,Basi,0.134,0.224,0.393,0.957,33.4,2.7,7.3
2011,IOSP,Basi,0.146,0.301,0.305,0.257,161.2,12.5,7.7
2011,IT,Indu,0.109,0.341,0.562,0.896,73.7,7.0,7.5
2011,JBTM,Indu,0.138,0.382,0.549,0.191,9.6,-15.8,12.6
2011,JHX,Basi,0.572,0.320,0.424,0.795,-10.7,35.1,16.6
2011,KBH,Cons,0.704,0.516,0.049,0.497,-3.0,-35.4,4.8
2011,KEX,Indu,0.264,0.322,0.538,0.755,23.2,52.5,10.5
2011,KFRC,Indu,0.034,0.270,0.369,0.335,34.6,-28.6,4.6
2011,KFY,Indu,1.000,0.793,0.650,0.439,19.2,-26.4,7.6
2011,KNX,Indu,0.495,0.372,0.465,0.484,-1.5,-15.4,4.1
2011,KWR,Basi,0.418,0.628,0.299,0.084,70.8,1.1,10.2
2011,LAD,Cons,0.074,0.676,0.209,0.062,118.1,74.0,19.3
2011,LCII,Cons,0.678,0.873,0.185,0.170,11.2,13.7,7.2
2011,LEU,Ener,0.441,0.816,0.716,0.258,6.7,-76.7,3.3
2011,LKQ,Cons,0.196,0.180,0.585,0.880,25.7,35.4,13.8
2011,LNG,Ener,0.634,0.811,0.464,0.178,165.1,114.2,25.4
2011,LNN,Indu,0.370,0.716,0.799,0.436,91.2,-15.7,13.4
2011,LQDT,Cons,0.412,0.442,0.472,0.120,52.5,108.9,12.0
2011,LXU,Basi,0.439,0.674,0.858,0.311,112.7,11.9,10.1
2011,LZB,Cons,0.261,0.261,0.132,0.091,-28.9,69.2,13.2
2011,MATV,Basi,0.347,0.086,0.220,0.449,-14.6,16.0,6.8
2011,MATX,Indu,0.493,0.568,0.595,0.396,26.0,13.4,9.8
2011,MELI,Cons,0.030,0.319,0.838,0.830,63.8,45.7,15.6
2011,MEOH,Basi,0.628,0.908,0.805,0.815,28.4,-8.6,4.4
2011,MGRC,Indu,0.382,0.295,0.753,0.220,7.0,28.5,16.2
2011,MIDD,Indu,0.088,0.389,0.782,0.551,80.6,8.0,12.7
2011,MLCO,Cons,0.772,0.947,0.927,0.832,71.9,69.4,14.7
2011,MLI,Indu,0.132,0.801,0.508,0.241,35.3,39.7,11.2
2011,MLKN,Cons,0.011,0.580,0.600,0.580,25.6,-13.2,16.8
2011,MLM,Basi,0.759,0.361,0.427,0.936,19.4,-5.6,6.1
2011,MOD,Indu,0.314,0.950,0.400,0.324,64.6,-33.2,4.5
2011,MOV,Cons,0.861,0.438,0.076,0.080,51.2,32.5,20.9
2011,MRCY,Indu,0.309,0.427,0.618,0.086,42.9,-16.3,4.6
2011,MTH,Cons,0.669,0.566,0.054,0.312,8.9,16.7,6.7
2011,MTRN,Basi,0.411,0.903,0.872,0.373,106.9,-23.9,8.5
2011,MTX,Basi,0.381,0.496,0.178,0.500,35.1,2.8,6.7
2011,MTZ,Indu,0.128,0.441,0.793,0.523,18.7,11.5,14.0
2011,MWA,Indu,0.389,0.278,0.095,0.268,-5.8,-36.5,3.6
2011,MYE,Cons,0.484,0.332,0.038,0.039,4.1,32.4,8.3
2011,MYRG,Indu,0.149,0.207,0.115,0.126,35.8,-15.1,8.2
2011,NAT,Indu,0.946,0.788,0.016,0.489,-14.3,-42.9,6.0
2011,NMM,Indu,0.573,0.480,0.946,0.341,13.1,-17.6,5.4
2011,NPK,Indu,0.414,0.369,0.332,0.369,2.1,-36.9,9.0
2011,NPO,Indu,0.599,0.653,0.759,0.380,65.2,-9.0,5.2
2011,NX,Basi,0.549,0.791,0.141,0.285,21.8,-13.1,10.7
2011,OII,Ener,0.130,0.162,0.481,0.958,45.4,33.2,9.1
2011,OIS,Ener,0.161,0.703,0.692,0.750,90.8,9.8,6.8
2011,OLN,Basi,0.523,0.303,0.205,0.612,16.2,16.6,8.5
2011,OMAB,Indu,0.985,0.353,0.201,0.289,10.2,12.4,9.9
2011,OSK,Indu,0.532,0.918,0.061,0.881,1.7,-33.2,5.2
2011,OXM,Cons,0.693,0.230,0.082,0.076,6.4,101.5,32.6
2011,PAAS,Basi,0.868,0.943,0.859,0.919,60.1,-31.1,5.2
2011,PAC,Indu,0.630,0.772,0.857,0.715,8.4,3.0,11.4
2011,PBA,Ener,0.855,0.876,0.809,0.932,18.1,22.7,18.8
2011,PDS,Ener,0.581,0.523,0.724,0.826,28.7,8.1,7.7
2011,PII,Cons,0.200,0.581,0.707,0.788,67.8,65.2,6.9
2011,PKE,Indu,0.582,0.704,0.408,0.255,6.4,-10.9,10.4
2011,PKG,Cons,0.528,0.307,0.597,0.824,34.1,-7.1,5.2
2011,PNR,Indu,0.243,0.451,0.338,0.768,20.2,-0.6,5.6
2011,POOL,Indu,0.036,0.219,0.124,0.532,26.3,31.9,8.2
2011,POWL,Indu,0.477,0.186,0.108,0.112,27.0,-3.2,7.7
2011,PRIM,Indu,0.511,0.966,0.993,0.095,3.6,76.6,28.1
2011,PTEN,Ener,0.618,0.984,0.996,0.912,50.6,-24.2,4.9
2011,PVH,Cons,0.734,0.901,0.964,0.954,8.6,51.0,25.7
2011,PWR,Indu,0.258,0.557,0.324,0.986,17.5,-3.7,10.7
2011,QUAD,Indu,0.445,0.965,0.986,0.709,-13.1,-68.7,2.7
2011,RBA,Indu,0.192,0.146,0.251,0.805,19.8,-1.2,11.1
2011,RBC,Indu,0.204,0.591,0.628,0.615,50.6,-7.5,6.1
2011,RES,Ener,0.778,0.928,0.972,0.772,102.0,2.6,4.9
2011,RGLD,Basi,0.423,0.803,0.953,0.800,16.1,59.0,10.3
2011,RHI,Indu,0.124,0.597,0.389,0.985,25.5,-10.2,5.4
2011,RRX,Indu,0.378,0.535,0.497,0.796,36.7,-9.2,7.5
2011,RS,Basi,0.504,0.722,0.546,0.953,32.4,-9.9,5.6
2011,RUSHA,Cons,0.178,0.714,0.827,0.166,84.7,13.5,8.2
2011,SAH,Cons,0.073,0.826,0.123,0.315,51.8,12.5,12.3
2011,SB,Indu,0.334,0.393,0.951,0.205,8.9,-17.7,6.7
2011,SGI,Cons,0.750,0.904,0.966,0.695,367.7,60.6,13.4
2011,SHOO,Cons,0.405,0.316,0.750,0.507,54.0,50.3,15.2
2011,SIG,Cons,0.619,0.122,0.415,0.916,58.0,13.7,16.6
2011,SMG,Basi,0.808,0.342,0.019,0.873,26.3,-4.5,9.7
2011,SSD,Basi,0.776,0.338,0.085,0.588,18.1,13.3,7.4
2011,STLD,Basi,0.553,0.914,0.592,0.924,13.6,-15.2,4.7
2011,STN,Indu,0.832,0.446,0.062,0.550,14.9,11.4,11.4
2011,SUZ,Basi,0.738,0.161,0.646,0.984,-10.3,-61.6,3.1
2011,TDG,Indu,0.282,0.216,0.674,0.949,69.0,32.7,9.3
2011,TEN,Ener,0.182,0.657,0.439,0.842,-34.4,-33.6,10.3
2011,TFII,Indu,0.066,0.874,0.582,0.512,53.9,36.3,16.5
2011,THO,Cons,0.276,0.812,0.432,0.666,-10.9,-3.6,11.9
2011,TK,Ener,0.809,0.430,0.161,0.778,45.9,-21.5,8.1
2011,TKR,Indu,0.593,0.761,0.755,0.877,103.4,-1.6,5.3
2011,TNK,Indu,0.676,0.732,0.916,0.208,3.0,-44.7,8.9
2011,TPC,Indu,0.316,0.519,0.039,0.486,11.1,-33.6,7.8
2011,TREX,Indu,0.720,0.782,0.758,0.154,49.8,-11.7,8.5
2011,TRN,Indu,0.403,0.595,0.688,0.654,80.8,9.0,7.5
2011,TSCO,Cons,0.095,0.082,0.509,0.901,86.2,66.3,10.2
2011,TSLA,Cons,0.878,0.836,0.028,0.723,-4.4,45.4,10.8
2011,TTEK,Indu,0.008,0.266,0.347,0.604,-3.4,-4.6,5.6
2011,UAA,Cons,0.461,0.185,0.747,0.859,127.8,29.6,7.0
2011,UFPI,Basi,0.239,0.495,0.239,0.314,17.4,-15.4,7.1
2011,ULTA,Cons,0.328,0.039,0.553,0.793,95.5,108.8,25.8
2011,URI,Indu,0.632,0.924,0.280,0.638,231.3,23.4,5.4
2011,VET,Ener,0.639,0.770,0.695,0.982,43.8,-7.0,10.2
2011,VMI,Indu,0.359,0.546,0.836,0.784,37.4,12.9,7.5
2011,WAB,Indu,0.120,0.289,0.426,0.797,43.1,28.0,12.9
2011,WCC,Indu,0.009,0.464,0.412,0.811,91.1,9.2,5.9
2011,WCN,Indu,0.108,0.061,0.532,0.866,41.4,10.6,7.1
2011,WEN,Cons,0.227,0.976,0.109,0.693,0.7,9.7,12.9
2011,WLK,Basi,0.685,0.807,0.705,0.835,135.3,25.3,12.6
2011,WOR,Indu,0.497,0.785,0.581,0.377,13.7,-7.1,2.3
2011,WSO,Indu,0.069,0.850,0.376,0.714,8.6,15.5,8.6
2011,WWW,Cons,0.197,0.345,0.574,0.636,38.3,9.6,6.1
2013,AAON,Indu,0.622,0.322,0.775,0.088,31.9,68.1,40.3
2013,ABG,Cons,0.025,0.363,0.429,0.464,35.1,26.8,24.2
2013,AG,Basi,0.873,0.964,0.958,0.703,-12.2,-31.3,18.1
2013,AGI,Basi,0.478,0.983,0.975,0.627,-33.4,-24.6,19.5
2013,ALK,Indu,0.884,0.043,0.465,0.880,27.6,76.5,44.0
2013,ALSN,Cons,0.366,0.422,0.280,0.968,1.5,24.8,29.1
2013,ALV,Cons,0.092,0.303,0.349,0.980,0.2,34.2,30.5
2013,AMRC,Indu,0.213,0.646,0.115,0.028,-46.4,30.9,32.1
2013,ARCO,Cons,0.971,0.403,0.419,0.811,-34.2,-27.1,17.6
2013,ARLP,Ener,0.324,0.122,0.743,0.773,-18.3,21.7,26.5
2013,AROC,Ener,0.713,0.262,0.605,0.410,70.0,48.7,39.2
2013,ASR,Indu,0.805,0.461,0.805,0.920,85.2,-14.8,22.4
2013,ATI,Indu,0.350,0.604,0.149,0.878,-38.3,10.8,26.2
2013,AVAV,Indu,0.683,0.766,0.052,0.136,-20.0,41.6,33.2
2013,AVNT,Basi,0.315,0.093,0.348,0.720,54.2,46.5,32.0
2013,AXON,Indu,0.837,0.610,0.920,0.047,63.9,176.8,73.1
2013,AZZ,Indu,0.288,0.428,0.845,0.433,77.8,17.3,27.4
2013,BC,Cons,0.396,0.180,0.369,0.854,68.4,14.8,24.7
2013,BCPC,Basi,0.199,0.302,0.725,0.480,31.1,32.4,34.9
2013,BJRI,Cons,0.880,0.158,0.395,0.409,-38.5,-12.7,21.3
2013,BYD,Cons,0.182,0.991,0.301,0.243,-14.2,55.2,39.5
2013,BZH,Cons,0.484,0.875,0.675,0.102,11.9,25.2,26.2
2013,CAKE,Cons,0.978,0.111,0.257,0.664,4.8,37.7,33.5
2013,CAR,Indu,0.921,0.476,0.304,0.792,58.1,68.8,41.7
2013,CASY,Cons,0.023,0.489,0.311,0.749,12.2,15.6,27.5
2013,CBRL,Cons,0.968,0.101,0.411,0.632,25.7,36.6,36.0
2013,CBT,Basi,0.608,0.397,0.439,0.820,14.0,10.0,24.1
2013,CDE,Basi,0.842,0.972,0.502,0.631,-34.1,-41.6,15.1
2013,CHDN,Cons,0.852,0.740,0.334,0.484,27.4,42.7,36.4
2013,CHH,Cons,0.083,0.018,0.718,0.736,-0.1,31.6,31.9
2013,CLH,Indu,0.203,0.805,0.024,0.838,-23.5,1.5,26.0
2013,CLMT,Basi,0.497,0.708,0.623,0.726,60.0,-18.8,20.0
2013,CMC,Basi,0.162,0.587,0.146,0.687,6.9,23.5,28.1
2013,CMCO,Indu,0.239,0.173,0.478,0.025,15.3,49.7,36.7
2013,CMP,Basi,0.599,0.571,0.255,0.781,-0.1,15.0,26.4
2013,CMRE,Indu,0.911,0.329,0.740,0.353,5.7,17.7,26.0
2013,CODI,Indu,0.064,0.851,0.031,0.316,8.9,16.5,28.4
2013,CPA,Indu,0.815,0.223,0.753,0.995,61.0,19.3,29.0
2013,CPAC,Basi,0.749,0.462,0.848,0.595,20.7,-30.1,17.5
2013,CPS,Cons,0.171,0.353,0.214,0.236,-15.2,52.3,38.7
2013,CRI,Cons,0.651,0.145,0.606,0.870,14.4,23.8,31.6
2013,CROX,Cons,0.634,0.349,0.336,0.532,-28.5,3.0,25.8
2013,CRS,Basi,0.322,0.298,0.726,0.827,-5.6,11.6,23.7
2013,CSL,Basi,0.406,0.332,0.459,0.961,40.7,8.5,21.4
2013,CVCO,Cons,0.639,0.978,0.282,0.036,-2.5,43.0,30.4
2013,CW,Indu,0.260,0.159,0.462,0.625,-3.6,77.8,45.4
2013,CYD,Indu,0.499,0.488,0.450,0.176,-9.5,48.1,30.8
2013,DCH,Cons,0.562,0.274,0.590,0.397,-3.5,49.9,31.1
2013,DDS,Cons,0.405,0.011,0.487,0.911,33.0,16.1,30.5
2013,DECK,Cons,0.596,0.622,0.618,0.571,-55.2,103.6,52.2
2013,DK,Ener,0.229,0.916,0.443,0.771,187.2,-21.6,18.8
2013,DMLP,Ener,0.990,0.746,0.986,0.288,0.1,6.6,27.5
2013,DXPE,Indu,0.022,0.255,0.822,0.378,57.0,75.2,44.8
2013,DY,Indu,0.262,0.420,0.801,0.289,-2.6,22.8,32.4
2013,EBF,Indu,0.474,0.189,0.378,0.061,-0.6,4.9,21.2
2013,EFXT,Ener,0.060,0.861,0.448,0.403,-2.2,13.9,29.2
2013,EGY,Ener,0.934,0.860,0.097,0.161,19.9,-31.3,16.5
2013,ENS,Indu,0.340,0.391,0.329,0.707,30.0,60.6,33.4
2013,EPAC,Indu,0.050,0.735,0.354,0.768,6.7,6.0,25.6
2013,EQT,Ener,0.944,0.569,0.668,1.000,25.7,56.8,39.3
2013,ESLT,Indu,0.131,0.427,0.746,0.609,-10.7,58.8,38.4
2013,EXK,Basi,0.929,0.985,0.999,0.237,-30.3,-19.4,19.4
2013,EXP,Basi,0.727,0.527,0.866,0.866,112.5,14.3,23.1
2013,FCN,Indu,0.164,0.283,0.118,0.559,-19.1,5.0,26.4
2013,FET,Ener,0.408,0.836,0.358,0.791,22.5,-4.2,18.9
2013,FIVE,Cons,0.614,0.166,0.896,0.721,47.8,-2.5,21.5
2013,FIX,Indu,0.336,0.321,0.245,0.121,9.1,32.8,34.0
2013,FSM,Basi,0.847,0.924,0.782,0.182,-29.5,9.5,24.6
2013,FSS,Indu,0.473,0.434,0.259,0.118,29.2,75.9,43.2
2013,FTK,Ener,0.200,0.829,0.489,0.383,30.5,62.3,34.7
2013,FUL,Basi,0.246,0.289,0.585,0.676,40.0,43.9,34.1
2013,FUN,Cons,0.967,0.371,0.190,0.734,32.0,38.2,33.0
2013,FWRD,Indu,0.833,0.042,0.530,0.456,1.9,15.0,25.4
2013,GBX,Indu,0.071,0.892,0.362,0.211,-31.4,81.5,42.4
2013,GEO,Indu,0.190,0.611,0.231,0.716,89.6,-3.2,25.5
2013,GIII,Cons,0.418,0.273,0.708,0.331,38.7,89.3,41.2
2013,GIL,Cons,0.661,0.518,0.852,0.973,64.9,41.8,29.5
2013,GLNG,Ener,0.857,0.485,0.962,0.848,-12.8,-11.0,22.4
2013,GME,Cons,0.471,0.229,0.381,0.883,20.7,39.2,29.3
2013,GNRC,Indu,0.057,0.880,0.857,0.740,80.8,59.4,37.7
2013,GNTX,Cons,0.132,0.436,0.532,0.823,-27.9,72.1,37.5
2013,GPK,Cons,0.157,0.017,0.289,0.786,30.0,32.2,27.1
2013,GPRK,Ener,0.820,0.172,0.953,0.032,2.3,-1.7,22.5
2013,GRC,Indu,0.373,0.455,0.232,0.241,-9.9,27.8,26.5
2013,GT,Cons,0.238,0.558,0.161,0.882,4.6,74.4,41.6
2013,HBM,Basi,0.722,0.780,0.080,0.622,-11.6,-15.8,21.5
2013,HEI,Indu,0.107,0.222,0.497,0.785,-1.2,57.4,40.4
2013,HL,Basi,0.822,0.865,0.112,0.563,-10.4,-26.5,19.5
2013,HLIO,Indu,0.237,0.713,0.480,0.320,-2.4,45.2,36.4
2013,HLX,Ener,0.838,0.754,0.068,0.789,25.3,-7.4,23.7
2013,HNI,Cons,0.117,0.015,0.383,0.577,13.6,-0.3,19.9
2013,HTHT,Cons,0.781,0.373,0.752,0.401,2.1,76.9,41.3
2013,HUBG,Indu,0.004,0.748,0.389,0.553,8.3,8.3,23.6
2013,HUN,Basi,0.296,0.470,0.251,0.955,27.2,24.3,28.4
2013,HURN,Indu,0.682,0.358,0.833,0.327,-5.9,86.5,47.9
2013,HWKN,Basi,0.669,0.326,0.247,0.071,-5.1,-8.9,20.3
2013,IAG,Basi,0.744,0.832,0.684,0.828,-57.5,-43.5,14.4
2013,ICFI,Indu,0.098,0.034,0.447,0.130,-6.9,42.3,36.3
2013,IOSP,Basi,0.307,0.301,0.504,0.417,35.2,7.2,25.4
2013,IT,Indu,0.120,0.036,0.650,0.990,33.4,32.4,27.2
2013,J,Indu,0.009,0.152,0.375,0.999,0.1,42.6,33.7
2013,JBTM,Indu,0.041,0.419,0.225,0.218,26.5,45.3,31.0
2013,JHX,Basi,0.299,0.248,0.580,0.964,40.2,23.8,31.8
2013,KAI,Indu,0.504,0.561,0.126,0.004,8.9,35.6,35.6
2013,KBH,Cons,0.610,0.762,0.902,0.642,114.8,-20.0,20.0
2013,KEX,Indu,0.859,0.888,0.413,0.913,-0.5,50.4,33.0
2013,KFRC,Indu,0.189,0.280,0.197,0.127,3.9,34.6,31.2
2013,KFY,Indu,0.031,0.304,0.405,0.368,18.7,42.0,35.2
2013,KNX,Indu,0.795,0.228,0.512,0.389,-6.0,36.6,30.2
2013,KOS,Ener,0.989,0.466,0.786,0.926,-27.0,3.6,27.2
2013,KRO,Basi,0.896,0.690,0.140,0.706,-25.6,-14.1,20.5
2013,KWR,Basi,0.087,0.433,0.326,0.321,50.1,22.2,29.4
2013,LAD,Cons,0.037,0.038,0.654,0.446,75.9,43.3,36.6
2013,LCII,Cons,0.381,0.493,0.668,0.349,24.8,28.4,31.4
2013,LNN,Indu,0.264,0.544,0.777,0.460,63.9,-4.1,22.8
2013,LPX,Basi,0.743,0.636,0.897,0.837,147.6,-16.3,19.7
2013,LQDT,Cons,0.734,0.674,0.582,0.439,-11.7,-33.2,14.7
2013,LXU,Basi,0.717,0.659,0.153,0.262,6.9,-12.0,22.6
2013,LZB,Cons,0.191,0.084,0.483,0.343,7.2,77.5,42.6
2013,MAN,Indu,0.005,0.482,0.185,0.948,12.9,53.3,32.3
2013,MATV,Basi,0.623,0.401,0.278,0.516,20.8,14.5,23.8
2013,MATX,Indu,0.424,0.524,0.152,0.471,3.8,-6.1,24.0
2013,MELI,Cons,0.231,0.306,0.898,0.915,-12.8,11.1,29.5
2013,MEOH,Basi,0.932,0.577,0.065,0.864,23.7,66.9,36.6
2013,MGRC,Indu,0.568,0.345,0.803,0.298,-8.8,24.2,32.7
2013,MHO,Cons,0.459,0.725,0.842,0.210,137.5,-6.5,20.7
2013,MIDD,Indu,0.112,0.059,0.796,0.743,55.0,81.8,48.0
2013,MLI,Indu,0.227,0.632,0.324,0.603,13.0,10.6,22.7
2013,MLKN,Cons,0.088,0.506,0.409,0.587,16.3,12.7,27.2
2013,MLM,Basi,0.785,0.648,0.907,0.977,14.1,4.4,22.1
2013,MMYT,Cons,0.772,0.717,0.353,0.173,-38.7,54.0,32.0
2013,MOD,Indu,0.102,0.543,0.110,0.057,-15.7,40.5,30.6
2013,MOV,Cons,0.414,0.327,0.273,0.361,36.0,26.5,29.4
2013,MTH,Cons,0.368,0.767,0.892,0.623,82.8,6.1,22.5
2013,MTRN,Basi,0.338,0.670,0.157,0.200,-10.6,0.7,25.9
2013,MTX,Basi,0.106,0.090,0.332,0.583,27.5,31.8,28.0
2013,MTZ,Indu,0.259,0.473,0.631,0.762,71.1,27.0,32.6
2013,MWA,Indu,0.730,0.513,0.087,0.413,120.4,34.4,26.9
2013,MYE,Cons,0.266,0.023,0.474,0.115,-6.0,44.0,34.8
2013,MYRG,Indu,0.304,0.645,0.401,0.155,24.7,-0.8,24.4
2013,NMM,Indu,0.066,0.499,0.829,0.377,-8.6,27.2,28.4
2013,NOG,Ener,0.378,0.959,0.966,0.363,-42.2,14.7,29.4
2013,NPK,Indu,0.397,0.522,0.696,0.180,-0.4,0.6,23.0
2013,NPO,Indu,0.327,0.629,0.367,0.418,20.5,61.9,34.9
2013,NX,Basi,0.508,0.219,0.320,0.273,13.3,5.9,26.0
2013,OIS,Ener,0.489,0.454,0.660,0.799,-5.2,23.1,30.0
2013,OLN,Basi,0.479,0.429,0.818,0.697,8.0,12.1,25.3
2013,OMAB,Indu,0.851,0.675,0.783,0.546,68.7,-7.2,22.4
2013,OSK,Indu,0.329,0.586,0.195,0.918,69.2,25.2,27.5
2013,OXM,Cons,0.434,0.392,0.564,0.367,4.9,40.5,29.5
2013,PAAS,Basi,0.871,0.666,0.308,0.797,-35.9,-15.3,21.9
2013,PENN,Cons,0.099,0.117,0.526,0.482,21.1,2.7,21.6
2013,PKE,Indu,0.310,0.129,0.340,0.144,-8.3,15.4,19.3
2013,PKG,Cons,0.172,0.050,0.623,0.922,45.7,68.8,39.7
2013,PNR,Indu,0.573,0.825,0.961,0.936,39.4,40.3,30.6
2013,POOL,Indu,0.018,0.068,0.366,0.735,24.9,18.0,27.9
2013,POWL,Indu,0.636,0.643,0.223,0.189,20.5,28.0,25.6
2013,PRIM,Indu,0.141,0.876,0.739,0.437,31.3,55.9,37.5
2013,PTEN,Ener,0.811,0.884,0.278,0.884,22.6,7.3,22.0
2013,QUAD,Indu,0.194,0.973,0.194,0.432,47.0,12.9,28.3
2013,RBA,Indu,0.210,0.318,0.698,0.775,-7.3,5.0,27.6
2013,RBC,Indu,0.293,0.256,0.543,0.654,14.5,-8.9,18.7
2013,RES,Ener,0.385,0.833,0.479,0.850,33.4,32.1,28.1
2013,RGR,Indu,0.417,0.516,0.935,0.442,34.5,26.3,32.4
2013,RHI,Indu,0.046,0.168,0.461,0.983,12.7,23.8,25.9
2013,RRX,Indu,0.197,0.408,0.271,0.851,18.8,-1.0,23.6
2013,RUSHA,Cons,0.125,0.806,0.191,0.223,2.3,17.7,26.9
2013,SAH,Cons,0.045,0.060,0.346,0.520,31.2,-4.2,24.5
2013,SHOO,Cons,0.507,0.715,0.639,0.699,5.6,18.1,31.2
2013,SMG,Basi,0.889,0.185,0.046,0.813,-16.6,30.5,26.9
2013,SMP,Cons,0.354,0.287,0.482,0.215,27.7,22.8,30.4
2013,SSD,Basi,0.524,0.177,0.364,0.600,-6.7,-1.1,20.3
2013,STLD,Basi,0.411,0.625,0.187,0.894,-3.0,13.1,25.5
2013,STN,Indu,0.715,0.661,0.862,0.666,31.8,48.1,39.0
2013,SUZ,Basi,0.600,0.382,0.484,0.861,7.0,-15.0,17.9
2013,SWBI,Indu,0.662,0.618,0.903,0.163,80.7,13.6,26.6
2013,SXC,Basi,0.432,0.469,0.601,0.497,16.9,26.2,26.0
2013,SXI,Indu,0.196,0.181,0.501,0.290,33.2,0.7,21.7
2013,TCOM,Cons,0.241,0.954,0.076,0.845,-7.7,121.8,46.9
2013,TEN,Ener,0.052,0.437,0.254,0.535,-43.2,66.1,40.8
2013,TEX,Indu,0.561,0.730,0.120,0.924,48.4,25.6,30.2
2013,TFII,Indu,0.907,0.671,0.189,0.671,3.5,15.0,26.0
2013,THO,Cons,0.204,0.242,0.648,0.710,20.2,50.8,37.0
2013,THRM,Cons,0.275,0.987,0.548,0.146,1.5,70.7,41.9
2013,TK,Ener,0.927,0.186,0.025,0.777,23.5,57.2,40.6
2013,TKR,Indu,0.150,0.624,0.183,0.897,9.8,4.2,22.4
2013,TPC,Indu,0.097,0.839,0.276,0.364,12.6,24.4,32.5
2013,TREX,Indu,0.666,0.711,0.093,0.325,77.1,45.5,35.1
2013,TRGP,Ener,0.386,0.736,0.104,0.804,38.4,52.1,35.9
2013,TRN,Indu,0.308,0.562,0.476,0.753,20.8,49.6,38.2
2013,TTEK,Indu,0.135,0.377,0.252,0.673,20.4,0.5,22.0
2013,TTI,Ener,0.632,0.496,0.561,0.297,-6.2,30.4,33.7
2013,TX,Basi,0.454,0.573,0.220,0.952,-5.2,47.2,37.6
2013,UAN,Basi,0.855,0.887,0.229,0.679,-9.6,-29.7,17.6
2013,UFPI,Basi,0.113,0.369,0.389,0.334,28.0,18.4,27.8
2013,ULH,Indu,0.382,0.525,0.885,0.181,3.7,45.5,37.6
2013,VAC,Cons,0.243,0.013,0.466,0.564,52.8,24.7,32.8
2013,VIPS,Cons,0.436,0.750,0.992,0.494,310.9,588.5,166.0
2013,VMI,Indu,0.153,0.539,0.554,0.939,35.6,1.4,24.8
2013,WAB,Indu,0.070,0.218,0.692,0.989,40.1,52.5,37.2
2013,WCC,Indu,0.006,0.260,0.294,0.917,14.0,16.5,24.8
2013,WCN,Indu,0.042,0.131,0.757,0.972,10.9,20.9,28.6
2013,WEN,Cons,0.130,0.507,0.318,0.748,13.3,78.8,45.8
2013,WFG,Basi,0.977,0.317,0.485,0.903,66.2,22.7,29.0
2013,WGO,Cons,0.394,0.540,0.795,0.201,99.6,28.9,27.2
2013,WLFC,Indu,0.882,0.376,0.377,0.076,14.2,11.0,26.3
2013,WNC,Indu,0.554,0.925,0.666,0.307,17.0,20.8,24.8
2013,WOR,Indu,0.400,0.297,0.432,0.485,52.1,59.1,35.6
2013,WSO,Indu,0.036,0.239,0.571,0.809,6.2,23.1,29.1
2013,WWW,Cons,0.357,0.642,0.912,0.746,17.1,24.5,29.9
2013,ZWS,Indu,0.118,0.271,0.338,0.424,1.0,36.8,28.5
2015,AAON,Indu,0.588,0.352,0.673,0.475,23.4,-0.4,-5.7
2015,ABG,Cons,0.006,0.033,0.377,0.722,59.8,-42.4,-0.7
2015,AG,Basi,0.945,0.787,0.013,0.232,-52.0,-18.5,-4.7
2015,AGCO,Indu,0.285,0.450,0.127,0.966,-5.7,-1.3,1.4
2015,AGI,Basi,0.971,0.762,0.112,0.288,-42.0,-14.5,-0.4
2015,AGX,Indu,0.869,0.906,0.917,0.149,26.4,-1.7,2.8
2015,ALB,Basi,0.599,0.188,0.083,0.959,-12.4,-5.5,-0.7
2015,ALGT,Indu,0.681,0.103,0.499,0.827,77.3,-8.2,2.0
2015,ALNT,Indu,0.056,0.963,0.661,0.049,108.9,-21.1,-1.3
2015,AMRC,Indu,0.327,0.574,0.272,0.022,-16.8,-10.9,-2.4
2015,ARCO,Cons,0.430,0.375,0.133,0.436,-47.0,-46.0,-0.1
2015,ARLP,Ener,0.434,0.298,0.574,0.806,-1.3,-71.0,0.4
2015,AROC,Ener,0.650,0.685,0.617,0.541,-11.8,-80.1,-1.2
2015,ASR,Indu,0.840,0.240,0.838,0.932,23.4,2.2,-6.9
2015,ATI,Indu,0.429,0.553,0.426,0.824,-12.3,-72.6,0.2
2015,ATRO,Indu,0.492,0.893,0.890,0.496,69.8,-49.7,-3.7
2015,AU,Basi,0.794,0.857,0.197,0.982,-32.3,-6.0,-5.6
2015,AVAV,Indu,0.778,0.819,0.265,0.239,-11.6,-5.0,-3.5
2015,AVNT,Basi,0.521,0.666,0.131,0.848,7.1,-28.6,0.5
2015,AXON,Indu,0.435,0.113,0.680,0.473,19.9,-23.0,-4.1
2015,AZZ,Indu,0.491,0.537,0.591,0.432,4.6,19.6,2.6
2015,BAK,Basi,0.381,0.401,0.139,0.834,-42.7,35.5,-4.6
2015,BCC,Basi,0.221,0.276,0.330,0.562,29.1,-49.2,-2.6
2015,BCPC,Basi,0.366,0.858,0.951,0.628,13.7,9.3,-5.5
2015,BJRI,Cons,0.332,0.008,0.346,0.483,61.7,-6.1,-4.3
2015,BOOT,Cons,0.402,0.382,0.572,0.168,24.6,-70.5,0.4
2015,BSM,Ener,0.949,0.811,0.142,0.871,-4.2,-6.5,-3.3
2015,BTE,Ener,0.871,0.651,0.663,0.729,-63.2,-79.0,-0.6
2015,BURL,Cons,0.413,0.053,0.504,0.961,95.4,-3.1,-1.0
2015,BVN,Basi,0.873,0.472,0.081,0.809,-8.1,-53.3,-2.2
2015,BYD,Cons,0.063,0.573,0.082,0.584,25.7,9.5,-8.9
2015,BZH,Cons,0.485,0.661,0.100,0.095,-28.1,-49.1,0.3
2015,CAKE,Cons,0.094,0.004,0.344,0.779,17.0,-9.1,-6.3
2015,CASY,Cons,0.448,0.201,0.174,0.885,33.7,16.6,-2.3
2015,CBRL,Cons,0.057,0.087,0.436,0.879,45.7,-3.1,-5.0
2015,CBT,Basi,0.137,0.224,0.180,0.769,-14.7,-0.1,3.1
2015,CCS,Cons,0.557,0.726,0.962,0.062,-17.0,-19.7,-4.1
2015,CDE,Basi,0.939,0.104,0.072,0.274,-40.6,-64.4,-4.0
2015,CHDN,Cons,0.929,0.236,0.158,0.626,10.8,24.4,-8.3
2015,CHH,Cons,0.363,0.091,0.580,0.907,34.6,-26.1,-4.3
2015,CLF,Basi,0.833,0.371,0.010,0.420,-68.2,-78.2,0.3
2015,CLH,Indu,0.299,0.830,0.225,0.855,21.5,-25.3,-5.0
2015,CLMT,Basi,0.295,0.430,0.243,0.666,0.6,-49.4,-4.1
2015,CMC,Basi,0.119,0.502,0.282,0.610,-27.9,-5.7,8.1
2015,CMCO,Indu,0.097,0.304,0.258,0.156,-1.1,-45.6,-0.7
2015,CMP,Basi,0.957,0.597,0.688,0.820,4.4,-19.1,-3.9
2015,CMRE,Indu,0.447,0.479,0.800,0.378,-2.0,-61.8,0.1
2015,CODI,Indu,0.325,0.491,0.400,0.320,-7.8,-13.8,-5.0
2015,CPA,Indu,0.506,0.362,0.380,1.000,-16.7,-50.6,-2.2
2015,CPAC,Basi,0.460,0.310,0.491,0.381,-9.0,-23.6,-7.0
2015,CPS,Cons,0.212,0.264,0.171,0.340,-9.7,32.3,-9.1
2015,CRC,Ener,0.848,0.585,0.007,0.765,-17.3,-92.7,-0.3
2015,CRI,Cons,0.158,0.027,0.560,0.973,18.3,1.0,-6.2
2015,CROX,Cons,0.830,0.305,0.040,0.334,-32.4,-8.6,-4.8
2015,CRS,Basi,0.550,0.301,0.421,0.661,-38.5,-26.5,0.5
2015,CTRN,Cons,0.113,0.363,0.446,0.055,38.8,-18.5,-0.5
2015,CVCO,Cons,0.028,0.263,0.355,0.264,3.1,3.2,-1.3
2015,CW,Indu,0.545,0.583,0.153,0.861,11.9,-5.2,-5.2
2015,CYD,Indu,0.306,0.660,0.103,0.306,-1.8,-49.0,1.7
2015,CZR,Cons,0.499,0.979,0.990,0.134,3523.2,115.4,-3.9
2015,DAC,Indu,0.316,0.182,0.121,0.247,-0.5,-23.1,-3.8
2015,DCH,Cons,0.258,0.204,0.414,0.664,30.5,-53.1,-5.8
2015,DECK,Cons,0.749,0.441,0.649,0.799,-2.8,-39.1,-0.1
2015,DK,Ener,0.144,0.445,0.155,0.673,11.4,-58.7,-2.4
2015,DKL,Ener,0.659,0.299,0.122,0.369,20.0,-25.3,-4.4
2015,DMLP,Ener,0.745,0.696,0.683,0.293,-2.9,-60.6,-2.0
2015,DXPE,Indu,0.099,0.181,0.177,0.263,-55.7,-68.2,-1.8
2015,DY,Indu,0.330,0.759,0.433,0.500,41.8,60.8,-8.3
2015,EBF,Indu,0.167,0.175,0.030,0.035,-25.5,44.2,11.0
2015,EFXT,Ener,0.470,0.707,0.630,0.402,-7.7,-33.6,-4.1
2015,EGO,Basi,0.845,0.654,0.607,0.894,-29.9,-32.9,0.3
2015,ENPH,Ener,0.565,0.733,0.855,0.259,83.6,-84.1,-0.6
2015,ENS,Indu,0.169,0.343,0.265,0.801,-8.4,-20.2,-1.8
2015,EPAC,Indu,0.211,0.480,0.060,0.570,-24.2,-10.1,-1.1
2015,ESI,Basi,0.697,0.700,0.713,0.904,41.6,-68.6,-1.0
2015,ESLT,Indu,0.043,0.093,0.348,0.794,11.8,35.4,3.4
2015,EXP,Basi,0.806,0.580,0.817,0.913,1.6,-37.6,-1.5
2015,FANG,Ener,0.882,0.934,0.941,0.945,20.5,-6.0,-8.6
2015,FCN,Indu,0.329,0.031,0.275,0.557,24.5,-11.2,-4.5
2015,FET,Ener,0.058,0.318,0.562,0.567,-36.6,-43.5,-4.7
2015,FIVE,Cons,0.716,0.131,0.760,0.617,-15.2,22.7,2.7
2015,FIX,Indu,0.269,0.073,0.343,0.233,-0.3,60.7,-8.7
2015,FOXF,Cons,0.287,0.718,0.468,0.192,-10.8,-0.3,-5.7
2015,FSM,Basi,0.856,0.798,0.375,0.126,-8.9,8.4,0.7
2015,FSS,Indu,0.262,0.410,0.628,0.416,17.4,-10.1,-5.2
2015,FTK,Ener,0.291,0.464,0.748,0.362,-29.3,-65.6,0.6
2015,FUL,Basi,0.386,0.400,0.273,0.692,-22.7,-17.3,3.6
2015,FUN,Cons,0.456,0.621,0.459,0.807,-0.1,-0.6,-7.4
2015,FWRD,Indu,0.102,0.257,0.608,0.572,19.9,-15.0,-6.9
2015,GBX,Indu,0.576,0.639,0.340,0.612,56.1,-45.2,3.5
2015,GEO,Indu,0.115,0.456,0.558,0.847,36.4,-37.1,-4.3
2015,GIII,Cons,0.217,0.412,0.404,0.770,57.3,-2.2,-0.1
2015,GME,Cons,0.535,0.525,0.251,0.948,4.0,-21.8,1.6
2015,GNRC,Indu,0.394,0.682,0.574,0.867,-13.6,-43.0,-3.9
2015,GNTX,Cons,0.433,0.497,0.669,0.996,0.5,-19.0,-0.3
2015,GPRE,Basi,0.639,0.533,0.545,0.375,6.8,-34.6,-4.5
2015,GRC,Indu,0.103,0.398,0.542,0.315,1.3,-21.2,-1.2
2015,HEI,Indu,0.187,0.365,0.441,0.940,6.1,-12.1,-5.2
2015,HL,Basi,0.877,0.739,0.298,0.477,-2.6,-30.2,-2.6
2015,HLIO,Indu,0.214,0.324,0.699,0.426,-3.6,-27.6,-3.6
2015,HLX,Ener,0.844,0.849,0.161,0.613,-25.4,-83.0,-0.9
2015,HNI,Cons,0.105,0.258,0.517,0.733,61.7,-39.7,-5.3
2015,HNRG,Ener,0.733,0.943,0.991,0.058,42.5,-57.1,-1.1
2015,HTLD,Indu,0.443,0.822,0.581,0.707,22.8,-36.1,-0.5
2015,HUBG,Indu,0.032,0.048,0.260,0.480,-15.6,-11.9,-0.6
2015,HURN,Indu,0.667,0.452,0.017,0.589,13.6,-30.1,-4.8
2015,HWKN,Basi,0.343,0.765,0.291,0.094,11.6,-9.2,-0.7
2015,ICFI,Indu,0.112,0.267,0.567,0.318,20.0,-16.9,-2.5
2015,IIIN,Indu,0.309,0.473,0.638,0.092,4.6,-11.9,1.0
2015,IOSP,Basi,0.179,0.330,0.671,0.417,-2.1,13.5,-10.4
2015,J,Indu,0.128,0.110,0.298,0.947,-42.0,-0.2,0.3
2015,JBTM,Indu,0.317,0.184,0.487,0.425,15.6,57.1,5.4
2015,JHX,Basi,0.196,0.293,0.749,0.998,-13.5,7.8,-6.8
2015,KAI,Indu,0.421,0.523,0.507,0.118,13.5,-4.9,-6.3
2015,KBH,Cons,0.416,0.756,0.636,0.534,-21.0,-15.0,5.3
2015,KEX,Indu,0.292,0.316,0.664,0.950,-23.5,-32.5,1.5
2015,KFRC,Indu,0.122,0.216,0.313,0.280,32.7,-19.1,-6.5
2015,KFY,Indu,0.024,0.462,0.405,0.569,23.1,-13.7,-3.0
2015,KNX,Indu,0.333,0.358,0.757,0.634,48.9,-25.3,2.1
2015,KOS,Ener,0.881,0.900,0.107,0.854,-20.2,-54.9,-3.1
2015,KRO,Basi,0.762,0.221,0.310,0.531,-19.7,-49.5,-0.5
2015,KTOS,Indu,0.182,0.522,0.186,0.032,-25.7,-36.1,-0.6
2015,KWR,Basi,0.012,0.035,0.378,0.451,19.7,-17.4,-5.1
2015,LAD,Cons,0.026,0.677,0.906,0.748,48.9,-6.4,-6.2
2015,LCII,Cons,0.246,0.209,0.662,0.526,14.5,-3.3,-11.9
2015,LGIH,Cons,0.551,0.959,0.902,0.024,-15.5,50.4,-2.4
2015,LNN,Indu,0.135,0.683,0.198,0.392,-2.7,-15.3,8.9
2015,LQDT,Cons,0.568,0.111,0.021,0.009,-58.3,-40.4,-1.2
2015,LXU,Basi,0.783,0.577,0.526,0.243,16.1,-85.0,-0.9
2015,LZB,Cons,0.210,0.226,0.308,0.538,1.6,-23.7,-5.2
2015,MATV,Basi,0.610,0.247,0.212,0.466,-15.7,2.3,-4.6
2015,MATX,Indu,0.604,0.072,0.464,0.594,54.3,7.4,-5.5
2015,MCRI,Cons,0.462,0.554,0.370,0.014,-1.8,2.8,-6.8
2015,MEOH,Basi,0.994,0.692,0.285,0.955,-19.0,-43.4,1.2
2015,MGRC,Indu,0.410,0.336,0.746,0.323,-11.6,-17.4,-5.1
2015,MHO,Cons,0.055,0.492,0.416,0.220,-19.3,-16.7,-1.1
2015,MIDD,Indu,0.186,0.544,0.657,0.997,21.6,-13.4,-5.4
2015,MLI,Indu,0.020,0.277,0.398,0.652,12.2,-26.3,1.0
2015,MLKN,Cons,0.710,0.169,0.478,0.606,0.6,-3.3,-1.2
2015,MMYT,Cons,0.843,0.351,0.239,0.401,-3.2,-23.9,-1.0
2015,MOD,Indu,0.064,0.163,0.302,0.222,-3.1,-50.3,0.7
2015,MOV,Cons,0.271,0.278,0.295,0.282,-38.4,6.4,3.7
2015,MRCY,Indu,0.573,0.421,0.376,0.127,32.8,16.3,0.9
2015,MTH,Cons,0.308,0.705,0.732,0.558,-20.2,-22.6,-1.0
2015,MTRN,Basi,0.319,0.275,0.253,0.307,38.1,-34.3,-3.3
2015,MTUS,Basi,0.370,0.470,0.260,0.465,-29.9,-66.4,1.2
2015,MTX,Basi,0.360,0.901,0.946,0.681,9.6,-32.6,-0.2
2015,MTZ,Indu,0.132,0.387,0.332,0.614,-46.1,-30.7,-4.3
2015,MUX,Basi,0.907,0.883,0.000,0.003,-65.8,98.0,-5.8
2015,MWA,Indu,0.440,0.085,0.244,0.600,26.2,-25.6,-0.6
2015,MYE,Cons,0.392,0.567,0.075,0.225,-4.1,-40.1,-3.4
2015,MYRG,Indu,0.254,0.448,0.278,0.193,8.5,-12.3,0.6
2015,NBR,Ener,0.302,0.517,0.679,0.895,-32.8,-52.4,-5.5
2015,NMM,Indu,0.695,0.487,0.807,0.435,-29.6,-83.3,0.0
2015,NOG,Ener,0.930,0.625,0.987,0.139,-46.8,-59.2,-1.2
2015,NPK,Indu,0.191,0.335,0.450,0.083,-27.3,38.3,0.0
2015,NPO,Indu,0.300,0.309,0.358,0.598,-11.0,-33.1,-3.4
2015,NRP,Ener,0.931,0.740,0.900,0.399,-46.2,-86.4,-0.2
2015,NVGS,Indu,0.776,0.741,0.811,0.410,-25.6,-18.9,-2.7
2015,NX,Basi,0.675,0.786,0.039,0.273,1.1,-8.5,-2.8
2015,OIS,Ener,0.712,0.652,0.124,0.713,-26.3,-43.5,-3.9
2015,OLN,Basi,0.412,0.632,0.145,0.680,-3.9,-37.1,0.4
2015,OMAB,Indu,0.898,0.270,0.658,0.644,50.1,-1.5,-4.9
2015,OSK,Indu,0.188,0.256,0.136,0.893,-19.7,-24.3,-0.7
2015,OXM,Cons,0.566,0.094,0.461,0.379,-19.5,25.5,3.5
2015,PAGP,Ener,0.249,0.364,0.151,0.989,-1.5,-72.3,-1.4
2015,PATK,Cons,0.054,0.341,0.673,0.084,29.5,-5.1,-4.8
2015,PDS,Ener,0.811,0.785,0.052,0.608,-41.7,-53.9,-4.5
2015,PENN,Cons,0.027,0.460,0.031,0.468,30.0,-13.6,-0.2
2015,PKE,Indu,0.597,0.311,0.160,0.136,-15.2,-38.6,2.8
2015,POOL,Indu,0.018,0.051,0.320,0.822,27.1,14.9,-3.9
2015,POWL,Indu,0.631,0.546,0.104,0.148,-29.8,-40.0,0.8
2015,PRIM,Indu,0.303,0.589,0.146,0.346,-44.9,16.9,-7.2
2015,PRKS,Cons,0.966,0.155,0.170,0.597,-36.2,11.3,3.8
2015,PSIX,Indu,0.143,0.674,0.905,0.224,-22.2,-79.3,-1.5
2015,PTEN,Ener,0.759,0.579,0.793,0.759,-37.1,-25.6,-1.5
2015,QUAD,Indu,0.239,0.386,0.329,0.424,-10.7,-53.1,-3.2
2015,RBA,Indu,0.255,0.283,0.687,0.790,16.2,-11.7,-5.5
2015,RBC,Indu,0.320,0.241,0.540,0.599,0.3,-24.2,-0.6
2015,RES,Ener,0.335,0.633,0.804,0.760,-32.4,-9.6,2.0
2015,REX,Basi,0.906,0.560,0.286,0.146,16.8,-10.0,2.2
2015,RGR,Indu,0.803,0.839,0.025,0.354,-32.7,41.8,-9.4
2015,RRX,Indu,0.038,0.133,0.130,0.866,4.2,-26.4,-6.7
2015,RS,Basi,0.062,0.489,0.419,0.967,-19.6,6.5,-5.4
2015,RUSHA,Cons,0.150,0.693,0.791,0.314,5.8,-36.2,-5.1
2015,RYAM,Basi,0.774,0.495,0.065,0.299,-50.7,-61.1,1.2
2015,SAH,Cons,0.007,0.017,0.236,0.494,7.9,-33.9,-3.4
2015,SB,Indu,0.964,0.629,0.064,0.012,-63.7,-90.1,-1.3
2015,SGI,Cons,0.476,0.784,0.333,0.796,16.2,5.3,0.9
2015,SHAK,Cons,0.644,0.428,0.690,0.120,-10.0,18.4,12.5
2015,SHOO,Cons,0.224,0.135,0.303,0.701,1.0,-5.1,-6.6
2015,SID,Basi,0.752,0.852,0.094,0.728,-61.8,28.2,1.6
2015,SMG,Basi,0.917,0.353,0.042,0.928,17.1,3.8,1.5
2015,SMP,Cons,0.145,0.225,0.289,0.390,16.7,-13.8,-4.0
2015,SSD,Basi,0.345,0.154,0.361,0.588,5.3,-5.1,-2.0
2015,SSRM,Basi,0.870,0.962,0.948,0.108,-48.2,10.7,-5.2
2015,STLD,Basi,0.270,0.576,0.624,0.951,7.4,-8.5,2.5
2015,STN,Indu,0.037,0.238,0.321,0.741,-16.1,-12.7,-5.4
2015,STNG,Indu,0.884,0.855,0.974,0.542,-13.4,-35.2,-3.7
2015,SWBI,Indu,0.700,0.713,0.208,0.179,10.6,93.7,-5.6
2015,SXC,Basi,0.598,0.281,0.245,0.411,-29.0,-85.2,-0.2
2015,SXI,Indu,0.088,0.086,0.448,0.356,32.7,0.6,1.4
2015,TEN,Ener,0.162,0.202,0.223,0.744,8.9,-17.4,-1.1
2015,TEX,Indu,0.152,0.161,0.220,0.798,-42.1,-19.3,-7.4
2015,TFII,Indu,0.354,0.438,0.270,0.756,8.4,-24.5,0.8
2015,THO,Cons,0.281,0.593,0.721,0.849,4.3,-8.1,-2.6
2015,THRM,Cons,0.442,0.245,0.531,0.586,44.6,-6.5,-6.7
2015,TK,Ener,0.826,0.395,0.696,0.856,-15.7,-85.5,-0.7
2015,TKR,Indu,0.677,0.513,0.071,0.869,-5.4,-33.7,0.2
2015,TNET,Indu,0.503,0.501,0.595,0.787,73.2,-64.7,-1.9
2015,TNK,Indu,0.933,0.931,0.952,0.182,64.5,-25.5,-3.8
2015,TPC,Indu,0.125,0.379,0.386,0.502,12.5,-48.0,-2.7
2015,TREX,Indu,0.627,0.592,0.587,0.580,20.9,-27.3,-3.7
2015,TRGP,Ener,0.065,0.790,0.214,0.921,-2.5,-76.4,-1.0
2015,TRN,Indu,0.229,0.671,0.794,0.863,-0.8,-26.9,-3.3
2015,TROX,Basi,0.651,0.503,0.123,0.752,0.0,-83.9,-0.8
2015,TTEK,Indu,0.436,0.206,0.162,0.554,-14.2,2.7,2.2
2015,TX,Basi,0.446,0.021,0.326,0.892,-39.9,-27.0,-3.1
2015,UAN,Basi,0.890,0.514,0.524,0.384,-29.0,-56.9,-2.2
2015,UFPI,Basi,0.089,0.381,0.476,0.421,6.7,17.0,-8.1
2015,ULH,Indu,0.788,0.615,0.509,0.284,-7.8,-36.1,-3.2
2015,USAC,Ener,0.372,0.664,0.762,0.335,-27.0,-56.9,-4.8
2015,USLM,Basi,0.511,0.465,0.639,0.075,30.2,-23.1,-1.0
2015,VAC,Cons,0.378,0.130,0.249,0.751,45.9,-28.5,-4.4
2015,VET,Ener,0.815,0.618,0.233,0.994,-22.9,-40.6,-2.9
2015,VLRS,Indu,0.821,0.735,0.430,0.367,-17.8,108.9,-13.8
2015,VMI,Indu,0.437,0.393,0.202,0.825,-19.4,-14.3,-5.8
2015,VSEC,Indu,0.195,0.469,0.096,0.103,72.4,-26.8,-4.5
2015,VVX,Indu,0.595,0.312,0.119,0.041,50.5,-37.4,0.0
2015,W,Cons,0.036,0.292,0.479,0.725,-23.4,40.0,-8.1
2015,WCC,Indu,0.010,0.190,0.349,0.875,-17.7,-45.1,-0.7
2015,WEN,Cons,0.701,0.446,0.156,0.944,13.8,-10.3,-5.9
2015,WGO,Cons,0.098,0.669,0.279,0.181,-26.0,0.8,2.0
2015,WLFC,Indu,0.796,0.397,0.150,0.138,5.6,-2.5,0.5
2015,WNC,Indu,0.140,0.058,0.494,0.338,-2.2,-11.3,1.2
2015,WOR,Indu,0.279,0.521,0.171,0.419,-33.0,40.5,3.0
2015,WSO,Indu,0.009,0.039,0.338,0.935,24.0,-4.1,-9.2
2015,WTI,Ener,0.959,0.581,0.046,0.105,-61.4,-42.5,-1.9
2015,WWW,Cons,0.344,0.895,0.354,0.802,10.9,-37.9,-2.2
2015,ZWS,Indu,0.048,0.018,0.327,0.497,-6.7,-37.1,0.9
2017,AAON,Indu,0.276,0.381,0.410,0.431,30.8,11.9,26.5
2017,ABG,Cons,0.023,0.279,0.289,0.507,36.1,-0.9,19.9
2017,AG,Basi,0.939,0.769,0.218,0.532,101.1,-42.3,13.0
2017,AGX,Indu,0.693,0.838,0.955,0.388,88.3,-34.1,11.9
2017,ALGT,Indu,0.742,0.032,0.635,0.798,8.5,-7.3,24.2
2017,ALNT,Indu,0.195,0.372,0.440,0.015,14.7,39.2,32.5
2017,ARCB,Indu,0.315,0.100,0.288,0.299,74.1,16.8,29.2
2017,ARCO,Cons,0.348,0.380,0.390,0.558,145.6,27.0,26.9
2017,ARLP,Ener,0.848,0.505,0.532,0.607,78.1,-11.3,23.9
2017,AROC,Ener,0.389,0.847,0.476,0.369,272.7,-36.3,13.5
2017,ASR,Indu,0.987,0.659,0.629,0.979,12.3,15.8,24.1
2017,ATRO,Indu,0.487,0.463,0.308,0.313,56.2,19.8,27.3
2017,AVAV,Indu,0.914,0.650,0.069,0.204,-1.6,91.7,42.6
2017,AVNT,Basi,0.178,0.215,0.333,0.809,38.5,31.6,33.3
2017,AXON,Indu,0.520,0.459,0.880,0.488,32.5,9.7,26.0
2017,BBSI,Indu,0.871,0.145,0.502,0.121,68.2,14.2,26.7
2017,BCC,Basi,0.143,0.099,0.262,0.390,86.8,69.6,38.2
2017,BCPC,Basi,0.281,0.776,0.577,0.794,37.8,-12.6,20.7
2017,BJRI,Cons,0.200,0.090,0.526,0.304,-18.1,8.1,22.8
2017,BLBD,Cons,0.067,0.892,0.252,0.044,85.0,19.2,26.0
2017,BSM,Ener,0.971,0.604,0.032,0.874,32.6,2.3,23.0
2017,BYD,Cons,0.052,0.509,0.304,0.720,22.9,80.7,39.9
2017,BZH,Cons,0.138,0.499,0.185,0.085,54.2,31.2,25.9
2017,CAKE,Cons,0.055,0.057,0.557,0.812,21.7,-24.1,16.0
2017,CAPL,Ener,0.226,0.511,0.341,0.340,31.1,-9.8,20.5
2017,CAR,Indu,0.991,0.013,0.253,0.899,35.6,-1.8,21.4
2017,CASY,Cons,0.295,0.344,0.452,0.967,11.6,-2.7,21.8
2017,CBRL,Cons,0.151,0.012,0.381,0.917,8.7,8.3,22.7
2017,CBT,Basi,0.708,0.434,0.432,0.896,42.6,11.5,23.0
2017,CCJ,Ener,0.836,0.585,0.074,0.940,-12.2,-17.6,14.2
2017,CCS,Cons,0.069,0.941,0.846,0.135,66.4,24.3,23.7
2017,CDE,Basi,0.928,0.323,0.709,0.674,380.8,-31.8,15.1
2017,CHDN,Cons,0.877,0.754,0.489,0.742,14.9,70.5,38.8
2017,CHH,Cons,0.444,0.267,0.581,0.860,16.7,39.2,30.1
2017,CLF,Basi,0.795,0.865,0.925,0.766,658.0,-26.6,18.1
2017,CLH,Indu,0.544,0.496,0.200,0.851,34.8,-11.2,19.9
2017,CMC,Basi,0.384,0.271,0.115,0.732,47.9,9.4,25.0
2017,CMCO,Indu,0.233,0.275,0.186,0.179,91.3,37.4,28.3
2017,CMP,Basi,0.633,0.758,0.908,0.782,12.6,-13.8,17.6
2017,CMRE,Indu,0.312,0.140,0.157,0.030,-12.9,6.4,26.9
2017,CNX,Ener,0.919,0.577,0.170,0.921,113.4,-18.3,21.9
2017,CODI,Indu,0.447,0.724,0.789,0.354,13.9,-1.8,21.5
2017,CPA,Indu,0.639,0.494,0.591,0.934,84.2,33.1,29.0
2017,CPAC,Basi,0.530,0.291,0.410,0.303,43.1,27.4,24.3
2017,CPS,Cons,0.186,0.156,0.338,0.639,55.1,6.8,22.0
2017,CRAI,Indu,0.341,0.195,0.422,0.006,116.9,16.7,22.4
2017,CRC,Ener,0.955,0.516,0.136,0.278,213.9,14.7,26.5
2017,CRI,Cons,0.236,0.031,0.565,0.941,-12.4,41.0,33.4
2017,CROX,Cons,0.824,0.266,0.052,0.146,-29.5,103.9,44.7
2017,CRS,Basi,0.443,0.307,0.198,0.649,46.8,17.8,30.7
2017,CSW,Indu,0.635,0.544,0.363,0.194,24.2,20.1,24.1
2017,CVCO,Cons,0.250,0.502,0.525,0.332,22.7,47.8,30.2
2017,CW,Indu,0.320,0.238,0.435,0.958,50.8,30.5,28.4
2017,CZR,Cons,0.251,0.963,0.478,0.591,60.9,83.4,37.8
2017,DCH,Cons,0.244,0.136,0.281,0.560,42.4,-23.0,17.8
2017,DCO,Indu,0.587,0.246,0.171,0.024,103.8,-6.4,20.9
2017,DDS,Cons,0.672,0.065,0.189,0.604,-26.1,32.5,31.1
2017,DECK,Cons,0.668,0.429,0.225,0.605,13.9,54.3,40.2
2017,DHT,Indu,0.910,0.997,0.523,0.161,-22.1,-26.7,15.4
2017,DKL,Ener,0.719,0.627,0.656,0.283,9.1,-2.1,22.0
2017,DMLP,Ener,0.876,0.880,0.964,0.143,68.0,-6.7,21.1
2017,DXPE,Indu,0.033,0.318,0.093,0.241,170.5,-14.9,17.7
2017,DY,Indu,0.640,0.272,0.685,0.839,62.2,18.0,25.9
2017,EBF,Indu,0.375,0.675,0.075,0.099,-10.3,19.9,19.8
2017,EFXT,Ener,0.560,0.729,0.506,0.463,63.7,-21.5,16.2
2017,EGO,Basi,0.902,0.549,0.047,0.753,15.0,-71.5,6.4
2017,EMBJ,Indu,0.549,0.853,0.078,0.955,-8.5,9.3,24.7
2017,ENR,Indu,0.499,0.435,0.730,0.855,41.4,1.8,26.1
2017,ENS,Indu,0.197,0.205,0.315,0.881,62.0,-15.1,18.7
2017,EPAC,Indu,0.159,0.169,0.243,0.564,15.5,-12.1,19.4
2017,ESI,Basi,0.436,0.976,0.690,0.914,49.0,-19.9,19.0
2017,ESLT,Indu,0.028,0.021,0.467,0.998,19.2,17.1,25.5
2017,ETSY,Cons,0.230,0.732,0.636,0.496,64.0,74.3,41.3
2017,EXK,Basi,0.894,0.471,0.043,0.078,57.1,-31.5,15.2
2017,FCN,Indu,0.388,0.098,0.223,0.576,17.4,7.3,22.7
2017,FET,Ener,0.760,0.592,0.040,0.688,170.9,-37.9,12.9
2017,FIVE,Cons,0.728,0.041,0.755,0.660,-2.0,80.9,39.9
2017,FIX,Indu,0.373,0.176,0.327,0.462,21.4,24.2,26.2
2017,FND,Cons,0.193,0.711,0.693,0.819,1.1,39.1,26.0
2017,FOXF,Cons,0.325,0.352,0.639,0.396,81.8,48.1,33.9
2017,FRO,Indu,0.931,0.960,0.210,0.349,-39.1,-3.1,16.4
2017,FSM,Basi,0.842,0.821,0.943,0.263,16.7,3.5,19.7
2017,FSS,Indu,0.727,0.832,0.909,0.335,25.5,31.8,30.0
2017,FTAI,Indu,0.982,0.961,0.627,0.382,64.1,10.1,25.0
2017,FTK,Ener,0.309,0.375,0.197,0.215,77.3,-47.6,12.2
2017,FUL,Basi,0.327,0.029,0.449,0.756,54.2,8.8,29.2
2017,FUN,Cons,0.332,0.342,0.603,0.907,21.4,1.1,19.2
2017,FWRD,Indu,0.446,0.486,0.414,0.502,8.6,24.7,27.5
2017,GBX,Indu,0.355,0.809,0.088,0.528,85.3,13.0,27.1
2017,GEL,Ener,0.717,0.491,0.173,0.935,43.6,-39.9,12.4
2017,GEO,Indu,0.208,0.252,0.599,0.898,65.2,-36.4,11.6
2017,GIII,Cons,0.426,0.226,0.561,0.366,-55.8,90.5,41.2
2017,GLP,Ener,0.070,0.643,0.263,0.238,46.6,-15.4,19.1
2017,GME,Cons,0.580,0.188,0.161,0.737,-20.9,-42.1,10.5
2017,GNRC,Indu,0.387,0.606,0.719,0.743,21.5,20.6,23.0
2017,GOLF,Cons,0.326,0.004,0.271,0.469,-4.1,28.5,27.5
2017,GPK,Cons,0.121,0.119,0.384,0.926,6.1,21.7,24.5
2017,GPRE,Basi,0.528,0.582,0.690,0.377,62.9,-31.3,15.2
2017,GPRK,Ener,0.932,0.817,0.567,0.041,131.1,50.9,34.3
2017,GRBK,Cons,0.506,0.876,0.867,0.111,44.0,16.5,28.0
2017,GRC,Indu,0.237,0.110,0.228,0.320,39.2,-17.1,15.0
2017,GSM,Basi,0.821,0.705,0.404,0.590,-0.6,51.8,32.7
2017,HBM,Basi,0.794,0.968,0.398,0.635,219.2,-3.0,20.4
2017,HESM,Ener,0.623,0.974,0.250,0.505,1.8,-17.2,16.4
2017,HGV,Cons,0.561,0.095,0.653,0.833,19.6,39.1,30.5
2017,HL,Basi,0.909,0.851,0.865,0.726,152.9,-33.8,13.3
2017,HLIO,Indu,0.455,0.379,0.559,0.397,28.9,47.6,33.1
2017,HLX,Ener,0.830,0.584,0.027,0.386,187.2,-18.1,17.1
2017,HNI,Cons,0.253,0.359,0.318,0.666,48.7,-22.2,16.4
2017,HTHT,Cons,0.809,0.373,0.429,0.925,95.1,175.0,67.6
2017,HTLD,Indu,0.261,0.017,0.156,0.582,16.6,0.8,19.7
2017,HUBG,Indu,0.181,0.154,0.401,0.516,46.5,5.1,22.9
2017,HURN,Indu,0.741,0.313,0.214,0.371,-10.7,-6.0,22.3
2017,HWKN,Basi,0.470,0.561,0.697,0.158,35.8,-32.6,14.2
2017,ICFI,Indu,0.183,0.087,0.360,0.384,50.3,9.2,25.6
2017,IESC,Indu,0.153,0.350,0.675,0.061,77.1,-10.0,18.0
2017,IIIN,Indu,0.768,0.383,0.329,0.236,49.5,-12.8,22.5
2017,IOSP,Basi,0.564,0.608,0.355,0.587,46.3,-5.1,18.1
2017,JBTM,Indu,0.163,0.387,0.740,0.762,55.9,28.9,22.4
2017,KAI,Indu,0.322,0.366,0.247,0.255,55.1,57.5,31.6
2017,KBH,Cons,0.188,0.465,0.606,0.549,65.2,106.0,50.2
2017,KEX,Indu,0.390,0.351,0.232,0.885,26.7,16.3,29.8
2017,KFRC,Indu,0.087,0.075,0.255,0.182,11.0,14.1,23.0
2017,KFY,Indu,0.081,0.656,0.484,0.594,9.8,37.7,30.4
2017,KGC,Basi,0.747,0.615,0.583,0.997,53.7,-0.5,18.9
2017,KNX,Indu,0.086,0.449,0.373,0.631,44.4,41.8,37.1
2017,KOS,Ener,0.889,0.799,0.079,0.709,33.6,-4.8,21.4
2017,KRNT,Indu,0.482,0.517,0.632,0.178,56.5,-20.3,15.2
2017,KRO,Basi,0.805,0.564,0.645,0.563,127.5,70.9,41.2
2017,KTOS,Indu,0.670,0.552,0.269,0.186,138.0,36.8,30.8
2017,KWR,Basi,0.090,0.083,0.442,0.592,77.6,14.9,26.1
2017,LAD,Cons,0.008,0.781,0.500,0.758,10.8,13.3,21.6
2017,LCII,Cons,0.468,0.134,0.670,0.797,97.9,-1.3,20.5
2017,LGIH,Cons,0.036,0.690,0.818,0.281,36.0,103.4,47.6
2017,LIND,Cons,0.811,0.316,0.395,0.079,-12.5,1.4,22.8
2017,LNN,Indu,0.330,0.349,0.350,0.357,22.6,1.8,16.0
2017,LPX,Basi,0.843,0.525,0.643,0.834,52.4,35.4,27.6
2017,LZB,Cons,0.333,0.152,0.351,0.512,41.2,-1.2,20.7
2017,MATV,Basi,0.303,0.533,0.178,0.487,6.8,-7.6,20.1
2017,MATX,Indu,0.472,0.390,0.359,0.546,-9.3,-4.3,20.0
2017,MCRI,Cons,0.398,0.056,0.618,0.090,26.3,85.1,38.7
2017,MEOH,Basi,0.990,0.682,0.652,0.936,87.0,32.7,34.0
2017,MGRC,Indu,0.365,0.143,0.545,0.345,42.2,28.9,30.6
2017,MHO,Cons,0.265,0.251,0.520,0.280,44.0,32.2,34.4
2017,MLI,Indu,0.307,0.187,0.283,0.728,66.7,-26.5,14.8
2017,MLKN,Cons,0.041,0.174,0.268,0.596,2.4,28.2,28.3
2017,MMYT,Cons,0.873,0.646,0.815,0.599,83.8,-6.7,20.7
2017,MOD,Indu,0.202,0.224,0.321,0.233,123.8,72.9,45.0
2017,MOV,Cons,0.409,0.207,0.169,0.200,-9.2,32.8,21.5
2017,MRCY,Indu,0.289,0.713,0.916,0.466,79.1,56.7,41.7
2017,MTH,Cons,0.185,0.303,0.538,0.527,8.9,36.5,35.4
2017,MTRN,Basi,0.173,0.558,0.365,0.274,49.9,31.2,26.5
2017,MTX,Basi,0.246,0.833,0.322,0.800,99.9,-6.5,24.3
2017,MTZ,Indu,0.497,0.707,0.748,0.826,155.2,42.4,33.8
2017,MUSA,Cons,0.370,0.508,0.354,0.729,7.8,34.7,34.5
2017,MUX,Basi,0.883,0.944,0.037,0.401,81.8,-36.7,13.0
2017,MWA,Indu,0.831,0.553,0.071,0.686,72.4,-14.0,22.4
2017,MYE,Cons,0.356,0.388,0.144,0.063,12.3,46.3,32.3
2017,MYRG,Indu,0.068,0.426,0.676,0.206,59.3,-10.5,20.0
2017,NAT,Indu,0.869,0.952,0.036,0.328,-37.2,-77.3,4.4
2017,NBR,Ener,0.538,0.624,0.199,0.939,145.1,-55.2,10.5
2017,NPK,Indu,0.861,0.680,0.132,0.243,17.6,1.3,23.3
2017,NPO,Indu,0.172,0.200,0.138,0.524,36.2,20.5,22.4
2017,NRP,Ener,0.980,0.840,0.352,0.132,267.9,-27.6,15.8
2017,NVGS,Indu,0.880,0.334,0.503,0.213,-29.3,0.9,21.0
2017,NX,Basi,0.413,0.743,0.150,0.220,-1.0,-8.1,19.5
2017,OII,Ener,0.799,0.322,0.049,0.755,-5.7,-29.3,16.5
2017,OIS,Ener,0.789,0.378,0.042,0.644,64.0,-31.9,13.0
2017,OLN,Basi,0.521,0.975,0.421,0.951,67.4,35.1,28.7
2017,OMAB,Indu,0.865,0.276,0.859,0.616,-0.8,16.9,23.1
2017,OXM,Cons,0.567,0.299,0.313,0.334,-26.3,43.9,26.0
2017,P,Indu,0.720,0.915,0.706,0.697,-27.9,91.3,40.9
2017,PAGP,Ener,0.512,0.742,0.567,0.880,97.9,-39.9,12.1
2017,PATK,Cons,0.056,0.329,0.737,0.307,97.6,19.4,24.5
2017,PENN,Cons,0.139,0.172,0.466,0.475,3.8,105.5,44.8
2017,PKE,Indu,0.536,0.405,0.097,0.032,20.5,11.3,27.3
2017,PLNT,Cons,0.584,0.414,0.774,0.676,47.5,54.1,31.2
2017,POOL,Indu,0.062,0.125,0.342,0.992,42.6,17.4,24.1
2017,POWL,Indu,0.588,0.602,0.056,0.101,51.6,-20.6,16.0
2017,PR,Ener,0.999,0.858,0.233,0.824,82.4,3.9,23.2
2017,PRIM,Indu,0.324,0.500,0.611,0.473,28.7,-3.0,22.0
2017,PRKS,Cons,0.944,0.198,0.095,0.540,-13.2,-18.8,14.1
2017,QUAD,Indu,0.525,0.085,0.164,0.493,151.1,-17.9,17.3
2017,RBA,Indu,0.076,0.264,0.728,0.910,49.6,-6.8,20.9
2017,RBC,Indu,0.269,0.639,0.453,0.601,32.0,-3.2,19.4
2017,RES,Ener,0.772,0.610,0.051,0.990,90.0,12.1,29.2
2017,REX,Basi,0.752,0.614,0.634,0.167,56.5,4.2,22.7
2017,RGLD,Basi,0.656,0.716,0.778,0.975,124.3,14.7,26.1
2017,RGR,Indu,0.494,0.664,0.609,0.368,-21.7,-3.9,20.2
2017,RRX,Indu,0.361,0.398,0.328,0.867,33.6,5.1,24.8
2017,RUSHA,Cons,0.111,0.617,0.124,0.329,77.8,47.4,28.1
2017,RYAM,Basi,0.677,0.268,0.294,0.272,134.0,8.3,26.4
2017,SAH,Cons,0.030,0.037,0.295,0.439,44.9,-21.8,18.3
2017,SBLK,Indu,0.907,0.891,0.041,0.166,209.4,28.9,30.2
2017,SEDG,Ener,0.546,0.936,0.229,0.222,-47.3,149.1,48.6
2017,SHAK,Cons,0.207,0.554,0.838,0.321,-14.5,9.8,21.1
2017,SHOO,Cons,0.283,0.121,0.346,0.654,6.4,18.4,28.0
2017,SID,Basi,0.581,0.862,0.927,0.883,23.8,2.0,13.9
2017,SKY,Cons,0.450,0.621,0.326,0.202,247.6,50.0,36.5
2017,SMP,Cons,0.308,0.237,0.495,0.437,65.5,-3.0,21.0
2017,SSD,Basi,0.401,0.077,0.540,0.652,38.4,33.6,31.9
2017,SSRM,Basi,0.901,0.967,0.883,0.474,96.8,-24.1,16.0
2017,STN,Indu,0.712,0.850,0.938,0.827,20.5,8.7,23.0
2017,SUN,Ener,0.862,0.998,0.251,0.770,-4.8,8.3,22.8
2017,SUZ,Basi,0.814,0.451,0.076,0.994,26.9,137.1,41.1
2017,SWBI,Indu,0.416,0.721,0.694,0.316,-23.7,-53.6,10.1
2017,SXC,Basi,0.753,0.111,0.292,0.231,182.1,20.4,30.8
2017,SXI,Indu,0.229,0.082,0.236,0.468,42.9,1.1,26.4
2017,TDW,Ener,0.945,0.524,0.015,0.821,-55.3,-59.5,10.7
2017,TEN,Ener,0.075,0.135,0.349,0.489,-23.7,-30.3,16.7
2017,TEX,Indu,0.419,0.542,0.018,0.879,57.2,34.6,24.1
2017,TFII,Indu,0.393,0.779,0.861,0.741,89.2,-11.2,19.2
2017,TGLS,Basi,0.644,0.501,0.768,0.039,-14.7,-14.0,20.2
2017,THRM,Cons,0.199,0.062,0.562,0.501,-6.4,-17.8,17.2
2017,TK,Ener,0.808,0.673,0.142,0.312,23.8,-20.8,16.3
2017,TKR,Indu,0.529,0.402,0.122,0.889,58.1,9.8,23.9
2017,TNET,Indu,0.238,0.097,0.475,0.627,105.1,56.1,37.0
2017,TNK,Indu,0.942,0.943,0.065,0.049,-46.2,-54.4,9.6
2017,TPC,Indu,0.278,0.290,0.312,0.494,105.5,-18.0,19.4
2017,TREX,Indu,0.851,0.270,0.626,0.662,78.6,57.0,33.1
2017,TRN,Indu,0.352,0.658,0.106,0.825,33.8,23.0,26.8
2017,TTEK,Indu,0.175,0.546,0.598,0.735,78.0,16.5,29.9
2017,TTI,Ener,0.853,0.792,0.038,0.095,-18.1,-16.5,18.3
2017,TX,Basi,0.769,0.315,0.448,0.972,87.3,54.8,32.4
2017,UAN,Basi,0.954,0.815,0.655,0.237,-10.7,-40.1,12.9
2017,UFPI,Basi,0.136,0.369,0.725,0.672,64.6,3.2,21.5
2017,ULH,Indu,0.684,0.014,0.147,0.053,-12.8,62.9,34.4
2017,URBN,Cons,0.394,0.042,0.370,0.817,-9.8,42.6,31.7
2017,USAC,Ener,0.707,0.598,0.535,0.400,135.4,-6.9,16.7
2017,USLM,Basi,0.679,0.466,0.585,0.081,35.3,1.7,27.1
2017,VAC,Cons,0.646,0.219,0.495,0.775,58.5,46.4,34.7
2017,VET,Ener,0.911,0.725,0.492,0.983,44.0,-15.8,18.5
2017,VMI,Indu,0.465,0.356,0.431,0.852,30.0,9.3,23.0
2017,VNOM,Ener,0.912,0.674,0.958,0.548,28.7,33.7,25.0
2017,VSEC,Indu,0.372,0.628,0.863,0.107,38.5,18.1,26.0
2017,W,Cons,0.020,0.635,0.638,0.865,-13.8,148.0,52.4
2017,WCC,Indu,0.004,0.044,0.208,0.906,94.9,-8.1,23.8
2017,WEN,Cons,0.736,0.417,0.131,0.892,41.0,17.6,25.6
2017,WFG,Basi,0.701,0.532,0.642,0.845,36.5,65.0,31.5
2017,WGO,Cons,0.122,0.722,0.917,0.355,38.7,48.9,32.8
2017,WING,Cons,0.157,0.175,0.857,0.286,5.9,71.6,35.4
2017,WLFC,Indu,0.674,0.587,0.298,0.134,30.8,10.7,27.1
2017,WNC,Indu,0.458,0.507,0.139,0.429,65.0,34.1,35.9
2017,WOR,Indu,0.489,0.450,0.403,0.640,40.0,-19.5,12.8
2017,WTI,Ener,0.974,0.700,0.646,0.034,-5.8,56.1,34.2
2017,WWW,Cons,0.381,0.151,0.190,0.731,50.6,21.7,25.6
2017,ZWS,Indu,0.272,0.167,0.275,0.423,43.0,28.2,32.9
2019,AAON,Indu,0.758,0.215,0.518,0.672,7.5,27.8,25.3
2019,ABG,Cons,0.010,0.131,0.329,0.520,8.7,31.0,29.0
2019,AGCO,Indu,0.040,0.281,0.295,0.999,-5.7,15.3,28.9
2019,AGX,Indu,0.801,0.913,0.030,0.279,17.9,-27.0,6.3
2019,ALGT,Indu,0.639,0.087,0.542,0.640,-21.0,35.8,34.2
2019,ALNT,Indu,0.082,0.524,0.434,0.172,30.5,-18.8,10.8
2019,AMRC,Indu,0.206,0.390,0.347,0.298,76.9,28.7,20.2
2019,AR,Ener,0.782,0.820,0.820,0.789,-47.9,-81.3,4.9
2019,ARCB,Indu,0.267,0.044,0.375,0.406,15.5,-38.7,15.5
2019,ARCO,Cons,0.304,0.514,0.105,0.518,-28.8,-40.9,1.4
2019,ARLP,Ener,0.547,0.552,0.582,0.730,-8.0,-48.8,13.7
2019,AROC,Ener,0.298,0.384,0.802,0.477,10.5,-15.6,22.5
2019,ATI,Indu,0.267,0.030,0.501,0.902,-14.0,-33.2,18.2
2019,ATRO,Indu,0.374,0.629,0.585,0.366,-4.0,-35.9,13.0
2019,AVAV,Indu,0.917,0.777,0.597,0.607,51.9,-29.2,13.7
2019,AVNT,Basi,0.142,0.192,0.308,0.744,-25.2,3.7,26.9
2019,AXON,Indu,0.668,0.365,0.526,0.887,121.0,33.5,26.4
2019,AZZ,Indu,0.316,0.621,0.685,0.427,-9.3,3.8,27.5
2019,BALY,Cons,0.130,0.196,0.700,0.437,3.4,-14.1,17.7
2019,BBSI,Indu,0.810,0.141,0.232,0.160,2.0,7.9,23.3
2019,BC,Cons,0.284,0.177,0.472,0.953,-16.4,25.1,30.3
2019,BCC,Basi,0.179,0.326,0.107,0.413,-33.1,45.4,35.7
2019,BCPC,Basi,0.062,0.178,0.467,0.798,18.1,26.3,33.1
2019,BJRI,Cons,0.285,0.074,0.349,0.426,34.3,-17.1,22.9
2019,BLBD,Cons,0.160,0.859,0.150,0.141,-9.5,6.5,28.2
2019,BOOT,Cons,0.259,0.156,0.551,0.226,33.9,78.7,41.3
2019,BSM,Ener,0.897,0.966,0.996,0.924,0.1,-44.4,13.7
2019,BTU,Ener,0.214,0.499,0.190,0.898,-20.5,-76.9,5.8
2019,BYD,Cons,0.019,0.398,0.767,0.850,-24.8,20.5,33.2
2019,BZH,Cons,0.031,0.052,0.295,0.085,-25.8,27.4,30.0
2019,CAAP,Indu,0.561,0.466,0.315,0.444,-36.3,-77.5,-0.2
2019,CAKE,Cons,0.080,0.069,0.247,0.659,0.3,-13.4,23.1
2019,CAPL,Ener,0.051,0.425,0.205,0.171,-28.9,11.1,24.0
2019,CAR,Indu,0.788,0.102,0.288,0.693,-24.5,40.5,37.4
2019,CARG,Cons,0.000,0.548,0.765,0.991,32.2,-19.4,21.0
2019,CASY,Cons,0.218,0.277,0.214,0.990,16.6,31.9,21.1
2019,CBRL,Cons,0.133,0.051,0.350,0.913,1.3,1.2,21.8
2019,CBT,Basi,0.294,0.041,0.533,0.797,-25.1,-17.1,18.7
2019,CBZ,Indu,0.776,0.045,0.257,0.409,12.2,41.3,39.3
2019,CCJ,Ener,0.863,0.534,0.513,0.994,44.7,-29.9,18.8
2019,CCS,Cons,0.172,0.767,0.622,0.252,-18.4,33.9,35.2
2019,CDE,Basi,0.896,0.612,0.200,0.420,-29.5,13.2,30.1
2019,CECO,Indu,0.295,0.601,0.663,0.162,15.2,-60.1,7.3
2019,CHDN,Cons,0.914,0.663,0.594,0.918,12.2,55.7,30.2
2019,CHH,Cons,0.716,0.253,0.546,0.967,3.1,29.8,34.7
2019,CLF,Basi,0.873,0.795,0.723,0.892,49.9,-35.8,18.5
2019,CLH,Indu,0.299,0.077,0.476,0.908,36.3,19.5,23.2
2019,CMC,Basi,0.418,0.673,0.259,0.617,-33.7,37.8,36.1
2019,CMCO,Indu,0.478,0.560,0.276,0.305,-4.9,-2.7,23.7
2019,CMP,Basi,0.688,0.643,0.481,0.597,-24.0,11.9,29.7
2019,CMRE,Indu,0.691,0.226,0.724,0.067,-21.9,67.2,42.9
2019,CNR,Ener,0.567,0.516,0.598,0.345,7.5,-72.2,7.6
2019,CNX,Ener,0.977,0.873,0.939,0.720,-11.3,-45.1,13.3
2019,CODI,Indu,0.254,0.400,0.671,0.353,-4.4,23.4,23.9
2019,CPA,Indu,0.791,0.262,0.063,0.923,-28.5,12.9,29.7
2019,CPAC,Basi,0.351,0.283,0.508,0.312,-15.7,-8.4,24.1
2019,CPS,Cons,0.450,0.133,0.087,0.485,-36.2,-72.3,7.1
2019,CRAI,Indu,0.322,0.087,0.465,0.081,8.8,-4.7,19.1
2019,CRC,Ener,0.962,0.711,0.906,0.404,8.5,-69.0,6.0
2019,CRI,Cons,0.140,0.108,0.506,0.973,-14.5,10.7,27.3
2019,CRK,Ener,0.955,0.830,0.983,0.248,-4.1,-13.6,17.6
2019,CROX,Cons,0.622,0.156,0.206,0.595,109.8,31.9,26.4
2019,CRS,Basi,0.149,0.237,0.540,0.691,-6.2,-7.4,22.4
2019,CSW,Indu,0.604,0.421,0.547,0.296,28.7,42.2,32.8
2019,CVCO,Cons,0.302,0.233,0.366,0.533,8.7,35.2,31.9
2019,CVI,Ener,0.522,0.659,0.498,0.874,35.1,-22.7,20.6
2019,CVNA,Cons,0.181,0.408,0.952,0.566,123.5,148.9,48.3
2019,CYD,Indu,0.020,0.563,0.162,0.229,-24.4,-24.1,14.6
2019,CYRX,Indu,0.552,0.456,0.652,0.010,7.7,68.3,36.1
2019,CZR,Cons,0.724,0.886,0.873,0.897,47.7,17.1,22.7
2019,DCH,Cons,0.389,0.853,0.059,0.618,10.6,-39.3,16.1
2019,DCO,Indu,0.145,0.260,0.464,0.123,50.8,-1.7,26.5
2019,DDS,Cons,0.622,0.099,0.215,0.589,-19.8,-13.1,18.8
2019,DECK,Cons,0.659,0.325,0.691,0.903,47.2,37.5,33.3
2019,DHT,Indu,0.959,0.733,0.896,0.166,17.9,41.2,35.3
2019,DK,Ener,0.477,0.934,0.234,0.790,2.4,-23.5,17.0
2019,DKL,Ener,0.424,0.330,0.556,0.256,-2.0,-3.7,21.4
2019,DKS,Cons,0.143,0.221,0.175,0.857,5.3,-0.4,9.2
2019,DMLP,Ener,0.773,0.844,0.932,0.175,15.7,-17.4,16.5
2019,DQ,Ener,0.928,0.907,0.179,0.100,-31.5,68.8,22.4
2019,DXPE,Indu,0.015,0.445,0.535,0.170,-3.2,-13.1,16.5
2019,DY,Indu,0.495,0.399,0.374,0.492,-60.3,-1.4,19.1
2019,EBF,Indu,0.193,0.216,0.577,0.135,-2.4,-13.7,11.0
2019,ECVT,Basi,0.352,0.193,0.499,0.684,17.2,-9.3,25.0
2019,EFXT,Ener,0.277,0.778,0.141,0.455,23.4,-42.7,15.8
2019,EGO,Basi,0.936,0.848,0.005,0.226,-17.3,76.1,48.6
2019,EMBJ,Indu,0.925,0.941,0.943,0.886,-23.6,-67.2,1.2
2019,ENPH,Ener,0.831,0.551,0.499,0.335,190.0,407.9,131.9
2019,ENR,Indu,0.369,0.071,0.496,0.796,-19.0,6.8,26.5
2019,ENS,Indu,0.129,0.126,0.319,0.907,33.4,-12.8,21.8
2019,EPAC,Indu,0.203,0.149,0.236,0.531,6.0,-27.7,-2.4
2019,EQT,Ener,0.603,0.608,0.041,0.975,-37.3,-72.8,5.7
2019,ERO,Basi,0.968,0.979,0.997,0.424,89.1,-36.3,6.1
2019,ESI,Basi,0.141,0.762,0.037,0.848,4.6,-5.2,18.6
2019,EXP,Basi,0.327,0.389,0.381,0.858,-36.7,30.9,35.8
2019,FCN,Indu,0.329,0.290,0.421,0.800,59.7,57.3,33.9
2019,FET,Ener,0.667,0.642,0.011,0.135,-65.5,-78.5,5.9
2019,FIX,Indu,0.065,0.362,0.667,0.627,23.7,-11.2,18.0
2019,FND,Cons,0.007,0.296,0.428,0.911,-15.3,43.1,39.5
2019,FOXF,Cons,0.115,0.382,0.754,0.706,58.2,3.8,20.5
2019,FRO,Indu,0.891,0.652,0.787,0.407,65.9,14.0,22.8
2019,FSM,Basi,0.845,0.734,0.106,0.168,-21.9,-17.2,11.0
2019,FSS,Indu,0.131,0.535,0.554,0.529,14.9,25.2,25.0
2019,FTAI,Indu,0.609,0.775,0.971,0.440,-1.0,17.0,23.2
2019,FUL,Basi,0.183,0.566,0.517,0.683,-21.2,13.1,30.9
2019,FUN,Cons,0.228,0.434,0.561,0.802,-22.9,4.0,28.2
2019,FWRD,Indu,0.110,0.170,0.575,0.573,-1.0,13.9,29.9
2019,GBX,Indu,0.597,0.683,0.340,0.472,-22.8,-20.0,20.3
2019,GEL,Ener,0.448,0.855,0.145,0.760,2.6,-18.6,21.7
2019,GEO,Indu,0.050,0.032,0.405,0.774,14.3,-24.1,19.9
2019,GIII,Cons,0.239,0.260,0.368,0.632,18.4,-88.5,-0.4
2019,GLP,Ener,0.052,0.693,0.719,0.195,18.3,-11.6,16.8
2019,GME,Cons,0.846,0.315,0.061,0.388,-28.5,-58.9,-0.1
2019,GNK,Indu,0.905,0.722,0.893,0.043,-36.2,-13.8,18.2
2019,GNRC,Indu,0.184,0.176,0.679,0.846,15.9,117.9,58.7
2019,GOLF,Cons,0.111,0.213,0.217,0.614,11.2,8.0,21.6
2019,GPK,Cons,0.052,0.620,0.746,0.899,-20.7,34.7,34.9
2019,GPRK,Ener,0.806,0.691,0.938,0.427,87.6,-5.5,16.2
2019,GRBK,Cons,0.099,0.517,0.776,0.107,-11.6,23.7,24.0
2019,GRC,Indu,0.266,0.240,0.457,0.311,17.0,15.1,30.8
2019,GSM,Basi,0.754,0.591,0.602,0.044,-86.0,-63.4,5.7
2019,GT,Cons,0.186,0.129,0.212,0.948,-39.2,-29.4,19.3
2019,HBM,Basi,0.719,0.687,0.187,0.570,-22.1,-49.9,13.7
2019,HCC,Ener,0.882,0.997,0.935,0.539,19.4,-28.7,19.2
2019,HESM,Ener,0.126,0.273,0.862,0.431,1.9,13.3,28.5
2019,HGV,Cons,0.637,0.586,0.876,0.833,-25.0,-15.9,16.7
2019,HLIO,Indu,0.514,0.676,0.911,0.464,-32.9,8.2,26.7
2019,HLX,Ener,0.809,0.654,0.135,0.370,5.9,20.8,30.4
2019,HNI,Cons,0.169,0.097,0.345,0.608,18.8,-9.2,23.7
2019,HTLD,Indu,0.645,0.647,0.296,0.566,-0.3,1.5,28.1
2019,HUBG,Indu,0.113,0.503,0.124,0.542,1.3,21.7,32.0
2019,HURN,Indu,0.488,0.188,0.478,0.441,28.1,22.9,26.5
2019,HWKN,Basi,0.359,0.274,0.377,0.098,29.2,-0.4,24.9
2019,IAG,Basi,0.738,0.479,0.108,0.586,-36.3,-17.2,22.1
2019,ICFI,Indu,0.240,0.206,0.566,0.507,28.1,10.8,21.9
2019,IESC,Indu,0.127,0.397,0.580,0.040,-1.5,50.7,34.8
2019,IIIN,Indu,0.579,0.568,0.324,0.083,-31.1,-0.6,25.5
2019,IOSP,Basi,0.182,0.649,0.521,0.605,12.4,38.6,36.8
2019,JBTM,Indu,0.226,0.281,0.359,0.814,-13.6,-17.0,4.3
2019,KAI,Indu,0.391,0.670,0.557,0.372,-10.2,27.9,33.6
2019,KBH,Cons,0.230,0.396,0.238,0.676,-36.0,68.3,43.7
2019,KEX,Indu,0.138,0.751,0.174,0.956,0.0,13.2,27.4
2019,KFRC,Indu,0.046,0.003,0.323,0.337,46.5,5.6,26.4
2019,KFY,Indu,0.043,0.195,0.448,0.747,7.2,-36.7,7.2
2019,KGC,Basi,0.823,0.312,0.184,0.922,-24.8,55.5,40.9
2019,KOS,Ener,0.912,0.964,0.889,0.768,4.4,-21.9,19.3
2019,KRNT,Indu,0.449,0.556,0.601,0.263,51.9,109.2,55.1
2019,KRO,Basi,0.747,0.656,0.108,0.587,-37.1,-45.7,7.8
2019,KTOS,Indu,0.237,0.581,0.100,0.604,42.7,17.8,29.2
2019,KWR,Basi,0.044,0.094,0.305,0.780,46.6,-24.6,12.0
2019,LAD,Cons,0.003,0.130,0.370,0.620,-26.1,69.9,44.7
2019,LBRT,Ener,0.787,0.957,0.358,0.610,-15.9,-49.9,12.4
2019,LCII,Cons,0.328,0.496,0.221,0.628,-29.9,48.9,40.9
2019,LGIH,Cons,0.135,0.804,0.441,0.521,-6.8,59.1,34.3
2019,LIND,Cons,0.712,0.419,0.265,0.186,47.6,1.5,22.1
2019,LNN,Indu,0.362,0.321,0.120,0.344,-2.0,11.8,29.7
2019,LPG,Ener,0.903,0.753,0.731,0.006,-29.9,132.1,59.1
2019,LPX,Basi,0.802,0.530,0.089,0.901,-12.6,19.8,31.5
2019,LZB,Cons,0.073,0.138,0.510,0.537,11.5,-0.4,26.5
2019,MAN,Indu,0.002,0.261,0.179,0.990,-35.5,18.9,29.1
2019,MAT,Cons,0.819,0.198,0.202,0.943,-19.3,17.4,33.1
2019,MATV,Basi,0.323,0.289,0.411,0.397,-16.4,-0.5,27.4
2019,MATX,Indu,0.452,0.078,0.369,0.541,2.8,5.0,23.6
2019,MCFT,Cons,0.422,0.744,0.859,0.092,5.3,-26.7,19.1
2019,MCRI,Cons,0.311,0.057,0.511,0.299,1.6,-28.0,11.3
2019,MEOH,Basi,0.979,0.686,0.683,0.957,-8.5,-35.7,16.2
2019,MGRC,Indu,0.334,0.120,0.686,0.483,11.2,47.3,31.7
2019,MGY,Ener,0.981,0.000,0.959,0.636,29.1,-26.7,19.1
2019,MHO,Cons,0.195,0.227,0.527,0.295,-8.5,50.0,37.2
2019,MLI,Indu,0.187,0.073,0.379,0.588,7.7,-4.1,22.2
2019,MLKN,Cons,0.122,0.132,0.389,0.648,-6.1,-52.5,0.6
2019,MLR,Cons,0.074,0.372,0.460,0.064,34.0,-11.4,15.2
2019,MMYT,Cons,0.840,0.883,0.027,0.793,-16.6,-11.5,26.2
2019,MOD,Indu,0.023,0.685,0.341,0.265,-36.0,-49.8,12.3
2019,MOV,Cons,0.364,0.538,0.741,0.347,4.3,-74.8,0.6
2019,MRCY,Indu,0.303,0.570,0.785,0.711,3.2,49.2,38.7
2019,MTH,Cons,0.163,0.082,0.412,0.562,-18.4,73.2,43.6
2019,MTRN,Basi,0.276,0.490,0.196,0.421,7.2,5.0,28.3
2019,MTX,Basi,0.260,0.161,0.440,0.652,-22.3,-5.4,22.9
2019,MTZ,Indu,0.361,0.635,0.544,0.872,-16.1,23.4,24.7
2019,MUR,Ener,0.766,0.424,0.762,0.987,-14.8,-17.6,19.9
2019,MUSA,Cons,0.202,0.231,0.268,0.746,-5.6,41.1,35.5
2019,MUX,Basi,0.960,0.962,0.024,0.225,-7.4,-68.5,3.4
2019,MWA,Indu,0.566,0.606,0.414,0.552,-15.1,19.8,28.5
2019,MYE,Cons,0.431,0.211,0.222,0.228,-7.4,-26.8,14.6
2019,MYRG,Indu,0.215,0.501,0.532,0.134,-10.2,-15.7,14.5
2019,NBR,Ener,0.286,0.483,0.697,0.401,-53.9,-26.1,19.7
2019,NOG,Ener,0.978,0.905,0.999,0.322,12.9,-59.7,4.0
2019,NPK,Indu,0.509,0.764,0.122,0.269,11.2,-24.7,9.5
2019,NPO,Indu,0.377,0.458,0.312,0.505,-19.2,-13.6,19.7
2019,NRP,Ener,0.273,0.648,0.836,0.176,36.9,-62.8,7.7
2019,NVGS,Indu,0.490,0.159,0.351,0.190,-1.0,-61.0,0.1
2019,NVT,Indu,0.132,0.002,0.479,0.962,-1.9,0.8,26.3
2019,NX,Basi,0.302,0.189,0.197,0.159,-2.4,3.2,20.7
2019,OII,Ener,0.368,0.446,0.079,0.538,-18.6,-16.1,21.6
2019,OIS,Ener,0.533,0.842,0.781,0.383,-38.9,-38.1,16.8
2019,OLN,Basi,0.595,0.214,0.292,0.926,-33.1,-37.4,14.9
2019,OMAB,Indu,0.898,0.467,0.848,0.673,8.0,44.6,40.7
2019,OR,Basi,0.998,0.999,0.009,0.561,8.4,-0.7,26.4
2019,OSW,Cons,0.417,0.149,0.319,0.236,16.6,13.9,22.1
2019,OXM,Cons,0.472,0.122,0.301,0.486,3.7,-52.0,1.1
2019,P,Indu,0.075,0.267,0.458,0.997,-6.0,-22.6,15.5
2019,PAC,Indu,0.490,0.816,0.856,0.996,0.2,40.8,38.8
2019,PAGP,Ener,0.704,0.593,0.630,0.899,11.6,-28.2,16.6
2019,PATK,Cons,0.095,0.561,0.462,0.234,-33.7,29.4,34.8
2019,PENN,Cons,0.054,0.594,0.841,0.805,-5.0,25.3,32.9
2019,PKE,Indu,0.602,0.766,0.046,0.077,0.7,-19.3,25.0
2019,PLNT,Cons,0.699,0.444,0.835,0.998,73.5,48.1,31.9
2019,POWL,Indu,0.456,0.811,0.449,0.024,-4.5,44.2,33.3
2019,PR,Ener,0.818,0.986,0.817,0.855,-34.0,-77.0,5.7
2019,PRIM,Indu,0.235,0.709,0.829,0.453,-1.9,-3.5,21.0
2019,PUMP,Ener,0.789,0.930,0.802,0.564,10.2,-88.4,1.1
2019,QUAD,Indu,0.255,0.108,0.274,0.242,-47.8,-65.8,9.1
2019,RBA,Indu,0.942,0.840,0.962,0.932,12.3,10.5,22.1
2019,RBC,Indu,0.072,0.145,0.384,0.643,11.4,-4.5,22.1
2019,RES,Ener,0.626,0.959,0.130,0.695,-52.1,-57.1,11.5
2019,RGR,Indu,0.474,0.569,0.417,0.393,25.9,-14.2,22.8
2019,ROAD,Indu,0.342,0.450,0.273,0.174,-5.0,52.8,41.0
2019,RRC,Ener,0.726,0.884,0.865,0.767,-16.3,-74.6,5.1
2019,RRX,Indu,0.084,0.075,0.420,0.865,7.5,1.4,22.9
2019,RUSHA,Cons,0.025,0.337,0.645,0.385,-20.4,13.7,29.9
2019,RYAM,Basi,0.520,0.965,0.821,0.275,-27.1,-82.0,4.1
2019,SAH,Cons,0.009,0.059,0.167,0.232,-20.5,93.9,51.6
2019,SBLK,Indu,0.860,0.814,0.956,0.254,-36.0,4.1,29.4
2019,SEDG,Ener,0.473,0.799,0.788,0.635,12.5,161.2,69.5
2019,SHAK,Cons,0.209,0.175,0.642,0.543,26.8,43.2,35.3
2019,SHOO,Cons,0.087,0.092,0.451,0.772,15.7,2.6,20.3
2019,SID,Basi,0.635,0.662,0.745,0.939,21.2,-60.2,8.7
2019,SIG,Cons,0.721,0.172,0.110,0.517,-27.3,-73.6,-0.2
2019,SKY,Cons,0.648,0.559,0.738,0.350,-17.6,113.2,46.0
2019,SM,Ener,0.999,0.752,0.965,0.418,-7.5,-55.6,11.8
2019,SMG,Basi,0.958,0.590,0.256,0.915,-22.3,53.0,38.5
2019,SMP,Cons,0.048,0.357,0.336,0.417,-5.3,4.5,28.3
2019,SSD,Basi,0.388,0.110,0.357,0.781,8.2,35.7,30.7
2019,SSRM,Basi,0.786,0.518,0.172,0.574,69.6,32.8,36.6
2019,STNG,Indu,0.837,0.677,0.615,0.324,-19.2,16.9,31.6
2019,STRL,Indu,0.315,0.684,0.226,0.071,20.9,-8.1,14.0
2019,SWBI,Indu,0.580,0.665,0.203,0.112,20.9,-4.8,20.4
2019,SXC,Basi,0.229,0.177,0.294,0.219,-8.9,-45.1,12.5
2019,SXI,Indu,0.159,0.449,0.219,0.376,-21.6,-8.7,22.3
2019,TALO,Ener,0.920,0.920,0.976,0.462,-37.4,-62.1,5.0
2019,TEN,Ener,0.100,0.731,0.906,0.478,-16.4,-33.9,-3.6
2019,TEX,Indu,0.423,0.607,0.536,0.751,-16.4,-25.6,19.3
2019,TFII,Indu,0.581,0.505,0.176,0.769,30.9,6.7,25.9
2019,TGLS,Basi,0.552,0.414,0.633,0.026,-4.6,-16.0,14.0
2019,TH,Indu,0.851,0.899,0.969,0.289,3.0,-74.3,2.3
2019,THO,Cons,0.432,0.813,0.048,0.858,-49.5,13.4,18.8
2019,THRM,Cons,0.440,0.165,0.268,0.524,25.2,10.5,29.7
2019,TK,Ener,0.658,0.761,0.863,0.074,-47.8,-32.4,4.9
2019,TKR,Indu,0.231,0.248,0.604,0.851,-8.7,33.0,34.6
2019,TNET,Indu,0.117,0.007,0.351,0.884,19.1,3.1,27.7
2019,TPC,Indu,0.382,0.124,0.268,0.317,-19.8,-34.2,12.8
2019,TREX,Indu,0.436,0.367,0.704,0.976,40.1,35.7,34.8
2019,TRMD,Ener,0.935,0.309,0.218,0.095,-22.7,18.5,16.5
2019,TRN,Indu,0.470,0.406,0.128,0.889,2.5,-15.2,22.6
2019,TROX,Basi,0.711,0.595,0.287,0.530,-41.0,-26.7,15.8
2019,TTEK,Indu,0.094,0.212,0.209,0.787,1.3,77.9,44.8
2019,UFPI,Basi,0.027,0.309,0.271,0.634,-10.5,50.9,40.2
2019,ULH,Indu,0.166,0.147,0.589,0.223,7.1,-24.7,18.7
2019,URBN,Cons,0.280,0.183,0.376,0.854,-17.9,-24.2,14.7
2019,USAC,Ener,0.545,0.948,0.976,0.535,-13.2,-2.9,25.8
2019,USLM,Basi,0.455,0.209,0.307,0.060,-8.6,36.9,33.1
2019,VAC,Cons,0.496,0.865,0.968,0.986,-29.7,5.8,20.7
2019,VET,Ener,0.705,0.781,0.837,0.917,-19.1,-63.1,6.7
2019,VMI,Indu,0.250,0.219,0.212,0.823,-11.0,8.7,28.9
2019,VNOM,Ener,0.628,0.824,0.931,0.554,29.4,-29.2,18.6
2019,VSEC,Indu,0.053,0.608,0.186,0.062,-25.0,-19.8,16.0
2019,VVX,Indu,0.024,0.494,0.394,0.021,2.2,90.8,37.7
2019,WCC,Indu,0.003,0.170,0.240,0.717,-21.6,0.4,24.3
2019,WEN,Cons,0.822,0.721,0.729,0.942,9.6,29.2,26.3
2019,WFG,Basi,0.837,0.671,0.044,0.913,-17.4,-23.9,20.1
2019,WGO,Cons,0.071,0.832,0.170,0.330,-30.6,-16.9,2.5
2019,WHD,Ener,0.824,0.889,0.854,0.496,35.2,-26.2,14.3
2019,WING,Cons,0.830,0.587,0.852,0.628,41.0,54.1,40.1
2019,WLDN,Indu,0.708,0.851,0.698,0.082,66.2,-17.7,17.7
2019,WLFC,Indu,0.781,0.805,0.946,0.261,45.3,-8.3,12.2
2019,WMS,Indu,0.573,0.140,0.274,0.522,4.3,71.1,45.0
2019,WNC,Indu,0.323,0.689,0.406,0.302,-36.3,-20.7,24.1
2019,WOR,Indu,0.441,0.191,0.244,0.484,-14.3,-38.4,0.9
2019,WSC,Indu,0.263,0.988,0.034,0.435,-21.8,63.2,23.1
2019,WTI,Ener,0.975,0.628,0.917,0.235,29.6,-50.2,8.5
2019,WWW,Cons,0.305,0.291,0.302,0.861,19.7,-15.9,18.7
2019,XPO,Indu,0.070,0.259,0.280,0.775,-33.9,56.6,39.6
2019,YETI,Cons,0.612,0.980,0.680,0.616,28.8,58.5,42.7
2019,ZWS,Indu,0.246,0.142,0.360,0.538,-8.6,24.2,29.8
2021,AAON,Indu,0.476,0.195,0.533,0.917,33.1,-23.6,7.3
2021,ABG,Cons,0.037,0.271,0.603,0.755,45.5,11.6,6.4
2021,ACEL,Cons,0.181,0.862,0.034,0.403,73.2,9.1,0.9
2021,AG,Basi,0.787,0.750,0.746,0.913,88.0,-27.1,0.6
2021,AGI,Basi,0.797,0.478,0.835,0.807,19.0,-7.2,3.8
2021,AGX,Indu,0.638,0.936,0.905,0.298,46.7,-26.4,0.6
2021,ALGT,Indu,0.796,0.766,0.066,0.812,18.5,-6.5,10.0
2021,ALNT,Indu,0.073,0.301,0.456,0.236,49.4,-27.5,2.8
2021,ALSN,Cons,0.464,0.470,0.468,0.974,-6.8,-3.1,6.0
2021,AM,Ener,0.437,0.994,0.721,0.941,92.2,9.6,6.8
2021,AMRC,Indu,0.326,0.557,0.445,0.787,163.5,-3.6,6.2
2021,AMSC,Indu,0.717,0.572,0.247,0.243,295.6,-68.2,3.4
2021,APG,Indu,0.266,0.037,0.202,0.823,81.8,14.1,11.5
2021,ARCB,Indu,0.164,0.201,0.537,0.452,85.1,86.5,18.2
2021,ARCO,Cons,0.427,0.580,0.185,0.404,66.1,39.8,2.7
2021,ARIS,Basi,0.603,0.435,0.706,0.016,50.3,-19.6,-7.5
2021,ARKO,Cons,0.640,0.539,0.290,0.956,2.1,-26.1,5.9
2021,ARLP,Ener,0.566,0.562,0.255,0.247,-39.6,163.6,22.0
2021,AROC,Ener,0.415,0.293,0.610,0.517,20.1,-17.7,4.6
2021,ARRY,Ener,0.441,0.998,0.160,0.946,-3.9,-66.0,5.3
2021,ATI,Indu,0.540,0.530,0.014,0.689,-7.7,3.1,12.5
2021,ATRO,Indu,0.560,0.557,0.086,0.076,-25.8,-11.1,5.2
2021,AVAV,Indu,0.491,0.652,0.627,0.726,98.5,-31.6,7.0
2021,AVNT,Basi,0.106,0.709,0.836,0.903,19.3,14.5,7.0
2021,AZZ,Indu,0.166,0.514,0.224,0.460,5.7,10.6,19.1
2021,BALY,Cons,0.703,0.761,0.151,0.557,97.2,-32.3,5.2
2021,BBSI,Indu,0.677,0.062,0.304,0.174,-4.9,-21.3,7.5
2021,BCC,Basi,0.303,0.466,0.737,0.645,29.5,58.6,8.9
2021,BCPC,Basi,0.072,0.063,0.608,0.889,11.0,21.0,5.1
2021,BJRI,Cons,0.563,0.626,0.095,0.430,21.4,-35.0,3.9
2021,BLBD,Cons,0.203,0.477,0.190,0.168,-0.9,-27.5,5.3
2021,BOOT,Cons,0.377,0.313,0.560,0.567,41.6,60.5,7.7
2021,BSM,Ener,0.839,0.799,0.398,0.629,-2.8,19.2,6.7
2021,BTU,Ener,0.719,0.327,0.081,0.053,-60.3,267.3,36.6
2021,BVN,Basi,0.980,0.569,0.254,0.768,-9.9,-15.9,6.8
2021,BWMX,Cons,0.337,0.961,0.990,0.511,362.8,-49.6,4.7
2021,BXC,Indu,0.202,0.678,0.775,0.072,536.5,104.7,19.4
2021,BZH,Cons,0.109,0.212,0.401,0.163,6.0,0.6,6.8
2021,CAKE,Cons,0.361,0.577,0.143,0.646,15.8,-12.3,5.5
2021,CAPL,Ener,0.376,0.374,0.430,0.231,-7.0,14.1,7.3
2021,CAR,Indu,0.694,0.683,0.115,0.825,5.8,296.6,13.2
2021,CARG,Cons,0.177,0.640,0.540,0.905,1.8,-10.7,-1.4
2021,CBRL,Cons,0.504,0.504,0.175,0.879,-5.0,-12.8,5.1
2021,CBT,Basi,0.489,0.406,0.544,0.730,15.1,20.5,10.1
2021,CCS,Cons,0.176,0.232,0.715,0.540,53.7,34.7,13.0
2021,CDE,Basi,0.915,0.463,0.831,0.660,43.3,-41.3,3.7
2021,CECO,Indu,0.295,0.169,0.317,0.001,19.3,-36.6,3.0
2021,CHRD,Ener,0.964,0.813,0.105,0.427,91.2,106.7,23.3
2021,CLH,Indu,0.328,0.236,0.311,0.998,14.6,4.5,4.3
2021,CMC,Basi,0.339,0.518,0.416,0.735,-2.1,64.4,28.3
2021,CMCO,Indu,0.119,0.304,0.222,0.362,11.3,9.1,7.4
2021,CMP,Basi,0.471,0.305,0.285,0.686,15.2,-17.8,4.5
2021,CMRE,Indu,0.474,0.477,0.647,0.268,2.0,75.8,0.5
2021,CNX,Ener,0.868,0.479,0.293,0.767,80.3,14.7,7.8
2021,CODI,Indu,0.050,0.447,0.656,0.506,20.9,0.5,1.6
2021,CPAC,Basi,0.296,0.689,0.716,0.270,-4.7,-24.3,2.5
2021,CPS,Cons,0.385,0.452,0.287,0.194,85.1,-56.5,2.7
2021,CRAI,Indu,0.236,0.050,0.589,0.133,43.3,42.2,17.7
2021,CRC,Ener,0.863,0.604,0.156,0.666,318.0,53.4,5.3
2021,CRI,Cons,0.501,0.290,0.365,0.879,-13.6,5.2,8.1
2021,CRK,Ener,0.934,0.962,0.684,0.514,1.3,32.2,4.6
2021,CSW,Indu,0.099,0.151,0.470,0.574,65.5,-5.6,9.5
2021,CTOS,Indu,0.582,0.192,0.463,0.633,218.1,-1.1,6.9
2021,CTRN,Cons,0.610,0.546,0.650,0.316,474.6,-64.4,-0.3
2021,CVCO,Cons,0.082,0.138,0.486,0.549,-13.6,51.1,19.4
2021,CW,Indu,0.205,0.107,0.481,0.999,-8.3,13.4,4.7
2021,CYD,Indu,0.206,0.786,0.947,0.193,22.5,-18.3,2.6
2021,DAC,Indu,0.194,0.068,0.811,0.345,584.5,141.1,15.1
2021,DCH,Cons,0.231,0.593,0.411,0.411,12.0,-14.9,5.2
2021,DCO,Indu,0.026,0.442,0.237,0.233,31.2,-17.2,0.9
2021,DDS,Cons,0.721,0.472,0.226,0.568,41.8,201.4,16.8
2021,DHT,Indu,0.962,0.891,0.104,0.374,6.4,-19.0,5.5
2021,DKL,Ener,0.788,0.270,0.689,0.588,57.9,1.0,5.0
2021,DMLP,Ener,0.913,0.758,0.488,0.140,-3.6,45.8,7.3
2021,DNUT,Cons,0.998,0.913,0.639,0.808,-9.0,-36.1,-12.3
2021,DXPE,Indu,0.021,0.449,0.155,0.200,40.6,-3.4,12.9
2021,DY,Indu,0.372,0.160,0.338,0.751,188.0,-3.5,9.1
2021,EBF,Indu,0.110,0.429,0.267,0.146,21.6,-11.4,-3.0
2021,EFXT,Ener,0.370,0.777,0.190,0.189,-13.0,-13.5,3.6
2021,EGO,Basi,0.960,0.916,0.120,0.630,54.0,-4.0,4.8
2021,EMBJ,Indu,0.786,0.731,0.687,0.619,58.5,15.5,3.7
2021,ENR,Indu,0.294,0.658,0.674,0.868,-4.5,-29.9,4.8
2021,ENS,Indu,0.017,0.285,0.390,0.914,21.5,-21.5,5.8
2021,EPAC,Indu,0.350,0.439,0.270,0.483,27.2,-14.5,10.8
2021,ERO,Basi,0.855,0.920,0.876,0.583,183.2,-22.4,1.0
2021,ESI,Basi,0.068,0.671,0.686,0.955,68.1,29.9,6.6
2021,EXP,Basi,0.459,0.139,0.741,0.971,27.3,27.2,8.6
2021,FCN,Indu,0.384,0.121,0.504,0.922,6.0,17.8,5.9
2021,FIX,Indu,0.122,0.279,0.369,0.684,37.8,37.1,10.2
2021,FLNG,Ener,0.925,0.892,0.907,0.141,39.0,113.0,13.3
2021,FRO,Indu,0.961,0.865,0.088,0.491,-3.1,4.3,7.3
2021,FSM,Basi,0.854,0.707,0.896,0.451,158.3,-39.9,7.8
2021,FSS,Indu,0.025,0.311,0.382,0.670,20.9,-1.2,9.7
2021,FUL,Basi,0.056,0.043,0.500,0.739,3.2,49.8,17.2
2021,FUN,Cons,0.777,0.888,0.005,0.734,-14.5,32.5,9.3
2021,FWRD,Indu,0.184,0.242,0.294,0.677,26.7,24.2,8.5
2021,GBX,Indu,0.329,0.724,0.083,0.431,29.4,30.2,25.9
2021,GEL,Ener,0.626,0.213,0.127,0.297,-55.2,64.5,10.9
2021,GIII,Cons,0.523,0.605,0.149,0.525,326.3,-18.9,6.7
2021,GLNG,Ener,0.851,0.787,0.625,0.459,-0.2,36.2,6.9
2021,GLP,Ener,0.564,0.650,0.121,0.224,33.7,26.5,13.6
2021,GNK,Indu,0.653,0.355,0.047,0.093,44.8,91.4,3.1
2021,GOLF,Cons,0.129,0.464,0.563,0.836,70.9,0.2,9.8
2021,GOOS,Cons,0.952,0.797,0.748,0.979,34.7,-20.0,8.0
2021,GPK,Cons,0.170,0.014,0.552,0.944,2.1,16.6,9.3
2021,GPRK,Ener,0.906,0.700,0.029,0.378,-1.8,-15.7,3.3
2021,GRBK,Cons,0.190,0.197,0.600,0.366,78.2,14.9,15.5
2021,GRC,Indu,0.052,0.100,0.300,0.295,-8.0,22.2,7.7
2021,GSM,Basi,0.759,0.213,0.101,0.229,374.3,84.9,9.7
2021,GT,Cons,0.333,0.353,0.386,0.826,16.7,61.2,11.2
2021,HBM,Basi,0.467,0.399,0.339,0.612,129.0,5.1,1.7
2021,HESM,Ener,0.274,0.647,0.856,0.067,-9.1,38.4,10.3
2021,HGV,Cons,0.753,0.749,0.063,0.866,50.6,24.0,8.3
2021,HL,Basi,0.799,0.670,0.292,0.797,65.0,-9.9,2.4
2021,HLIO,Indu,0.180,0.612,0.637,0.664,70.7,13.3,7.3
2021,HLX,Ener,0.679,0.082,0.261,0.282,-29.1,-24.0,4.2
2021,HNI,Cons,0.084,0.198,0.295,0.534,-1.2,9.7,7.0
2021,HTLD,Indu,0.425,0.314,0.422,0.518,-5.0,-17.8,11.2
2021,HUBG,Indu,0.140,0.185,0.430,0.611,2.5,30.6,9.2
2021,HURN,Indu,0.386,0.369,0.138,0.456,-5.8,-21.3,1.9
2021,HWKN,Basi,0.332,0.163,0.624,0.156,20.5,45.9,17.6
2021,IAG,Basi,0.707,0.417,0.744,0.524,6.0,-7.5,1.1
2021,ICFI,Indu,0.366,0.113,0.500,0.523,8.8,3.3,5.2
2021,IESC,Indu,0.207,0.111,0.550,0.369,99.8,0.7,9.4
2021,IIIN,Indu,0.574,0.305,0.678,0.144,11.4,44.2,15.8
2021,IOSP,Basi,0.347,0.434,0.213,0.704,-5.9,-5.6,3.2
2021,JBTM,Indu,0.022,0.259,0.335,0.932,79.5,-11.6,11.6
2021,KAI,Indu,0.124,0.316,0.384,0.551,30.5,45.1,9.0
2021,KBH,Cons,0.118,0.491,0.198,0.830,-7.9,23.4,23.0
2021,KEX,Indu,0.123,0.296,0.163,0.816,-32.7,18.5,8.0
2021,KFRC,Indu,0.029,0.049,0.474,0.374,34.1,44.5,9.9
2021,KOS,Ener,0.948,0.950,0.478,0.421,-30.2,59.6,10.8
2021,KRNT,Indu,0.698,0.661,0.847,0.962,126.7,0.8,3.5
2021,KRO,Basi,0.305,0.229,0.512,0.577,98.2,-12.2,3.4
2021,KRP,Ener,0.833,0.937,0.006,0.063,-7.2,54.8,7.8
2021,KRT,Cons,0.419,0.359,0.661,0.031,-2.4,-15.2,3.6
2021,KTOS,Indu,0.067,0.223,0.511,0.877,47.6,-42.3,4.8
2021,LCII,Cons,0.196,0.596,0.787,0.894,40.3,-16.8,7.5
2021,LGIH,Cons,0.135,0.588,0.865,0.777,45.1,4.9,7.9
2021,LNN,Indu,0.555,0.465,0.393,0.505,32.2,8.5,19.6
2021,LPG,Ener,0.921,0.955,0.807,0.223,2.8,-7.5,10.3
2021,LPX,Basi,0.869,0.714,0.928,0.978,32.5,57.7,2.8
2021,LQDT,Cons,0.499,0.288,0.569,0.218,281.3,-3.5,10.0
2021,LZB,Cons,0.094,0.395,0.394,0.597,22.9,-11.2,3.1
2021,MATV,Basi,0.083,0.150,0.617,0.476,30.5,-31.0,1.1
2021,MATX,Indu,0.580,0.326,0.776,0.828,101.5,20.6,11.7
2021,MCFT,Cons,0.507,0.741,0.690,0.155,44.9,-8.7,8.9
2021,MCRI,Cons,0.909,0.686,0.355,0.438,140.1,10.1,10.7
2021,MEC,Indu,0.171,0.864,0.258,0.011,117.1,-32.7,5.5
2021,MEOH,Basi,0.948,0.524,0.134,0.727,-7.6,31.2,9.8
2021,MGRC,Indu,0.178,0.211,0.649,0.609,3.3,-7.1,4.6
2021,MGY,Ener,0.822,0.794,0.256,0.561,11.0,95.4,18.5
2021,MHO,Cons,0.183,0.173,0.691,0.501,16.0,5.0,10.9
2021,MLI,Indu,0.186,0.371,0.694,0.631,6.7,45.5,14.2
2021,MLKN,Cons,0.215,0.354,0.297,0.717,174.8,-24.7,8.9
2021,MLR,Cons,0.147,0.615,0.275,0.127,39.6,-30.4,3.1
2021,MMYT,Cons,0.864,0.853,0.049,0.833,3.8,-17.3,7.5
2021,MOD,Indu,0.137,0.281,0.164,0.251,75.1,-31.4,6.6
2021,MOV,Cons,0.449,0.642,0.415,0.186,129.0,35.6,15.6
2021,MRCY,Indu,0.262,0.331,0.532,0.925,-3.9,-24.1,7.4
2021,MTH,Cons,0.319,0.310,0.730,0.874,34.4,12.0,8.3
2021,MTRN,Basi,0.452,0.230,0.594,0.477,21.2,29.6,8.6
2021,MTX,Basi,0.020,0.174,0.462,0.681,19.4,6.5,11.1
2021,MUR,Ener,0.925,0.694,0.045,0.620,-39.1,138.0,16.1
2021,MUSA,Cons,0.510,0.392,0.194,0.873,13.9,53.5,16.4
2021,MWA,Indu,0.111,0.215,0.596,0.615,1.4,4.4,11.9
2021,MYE,Cons,0.345,0.277,0.574,0.259,48.2,-18.5,4.1
2021,MYRG,Indu,0.153,0.430,0.454,0.379,136.2,40.9,12.1
2021,NBR,Ener,0.197,0.534,0.192,0.195,-24.4,30.5,12.4
2021,NOG,Ener,0.856,0.868,0.017,0.209,49.5,62.7,6.9
2021,NPK,Indu,0.465,0.397,0.645,0.271,42.7,-26.7,2.2
2021,NPO,Indu,0.813,0.393,0.324,0.544,34.6,37.1,8.0
2021,NVGS,Indu,0.374,0.153,0.636,0.155,137.9,16.4,8.0
2021,NVT,Indu,0.133,0.080,0.397,0.909,-12.5,47.0,9.0
2021,NWPX,Indu,0.584,0.885,0.387,0.025,4.3,-18.1,2.3
2021,NX,Basi,0.300,0.225,0.584,0.286,47.0,-6.4,11.6
2021,OII,Ener,0.249,0.419,0.153,0.395,-8.6,34.2,2.2
2021,OLN,Basi,0.383,0.330,0.605,0.906,57.2,98.5,13.4
2021,OMAB,Indu,0.959,0.740,0.350,0.696,-27.2,24.2,2.2
2021,OR,Basi,0.954,0.824,0.849,0.599,5.9,10.0,1.8
2021,OXM,Cons,0.314,0.538,0.119,0.475,104.8,3.6,13.2
2021,PAGP,Ener,0.451,0.623,0.110,0.596,-44.5,33.6,9.5
2021,PATK,Cons,0.019,0.573,0.792,0.441,25.7,-11.3,7.8
2021,POWL,Indu,0.134,0.546,0.161,0.026,-28.1,-1.6,7.6
2021,PR,Ener,0.779,0.695,0.050,0.391,44.9,99.0,9.8
2021,PRIM,Indu,0.330,0.366,0.546,0.527,57.6,-22.8,5.2
2021,PUMP,Ener,0.546,0.875,0.032,0.371,314.0,17.8,6.9
2021,RBC,Indu,0.095,0.265,0.327,0.815,47.9,42.6,20.3
2021,REAL,Cons,0.178,0.844,0.054,0.720,91.1,-72.1,1.3
2021,RES,Ener,0.670,0.513,0.072,0.339,-8.0,33.5,9.9
2021,RGR,Indu,0.681,0.759,0.911,0.440,31.9,-6.1,1.2
2021,RIG,Ener,0.373,0.289,0.176,0.665,-20.2,-4.8,5.3
2021,ROAD,Indu,0.335,0.394,0.492,0.504,84.6,-13.0,5.5
2021,RUSHA,Cons,0.063,0.519,0.325,0.529,39.1,20.2,7.9
2021,RVLV,Cons,0.388,0.345,0.408,0.736,90.1,43.2,5.9
2021,SAH,Cons,0.010,0.199,0.389,0.595,42.5,22.4,7.6
2021,SB,Indu,0.511,0.058,0.578,0.014,149.6,42.6,-5.4
2021,SBLK,Indu,0.888,0.631,0.299,0.478,66.2,91.4,11.9
2021,SHAK,Cons,0.522,0.674,0.277,0.948,61.6,-33.8,8.0
2021,SHOO,Cons,0.102,0.687,0.203,0.780,15.3,8.1,5.5
2021,SIG,Cons,0.690,0.508,0.495,0.891,544.4,26.7,10.5
2021,SKY,Cons,0.040,0.388,0.538,0.626,-3.1,94.3,22.9
2021,SM,Ener,0.984,0.626,0.041,0.532,203.0,144.3,-3.3
2021,SMP,Cons,0.346,0.315,0.660,0.330,-21.8,17.2,6.9
2021,SSD,Basi,0.292,0.059,0.616,0.953,23.9,5.2,7.2
2021,SSRM,Basi,0.733,0.842,0.956,0.795,-18.4,18.9,1.5
2021,STN,Indu,0.466,0.047,0.378,0.935,31.4,33.6,5.5
2021,STRL,Indu,0.321,0.580,0.395,0.226,70.6,25.2,9.9
2021,SUN,Ener,0.479,0.579,0.126,0.738,5.0,31.8,8.2
2021,SWBI,Indu,0.534,0.866,0.910,0.306,96.9,14.5,14.2
2021,SXC,Basi,0.112,0.444,0.162,0.117,-0.2,22.5,11.1
2021,SXI,Indu,0.317,0.298,0.247,0.384,14.9,14.0,11.8
2021,TEN,Ener,0.488,0.872,0.531,0.114,-22.5,-22.6,6.0
2021,TEX,Indu,0.280,0.362,0.249,0.744,43.6,14.6,10.1
2021,TGLS,Basi,0.509,0.537,0.542,0.043,26.2,175.6,22.9
2021,THRM,Cons,0.536,0.544,0.733,0.722,56.6,18.6,10.8
2021,TK,Ener,0.782,0.534,0.132,0.029,21.4,-6.5,4.7
2021,TPC,Indu,0.011,0.336,0.559,0.340,54.1,-39.9,1.0
2021,TRMD,Ener,0.739,0.659,0.053,0.182,12.3,-5.1,5.0
2021,TRN,Indu,0.448,0.603,0.098,0.857,39.2,1.8,9.1
2021,TROX,Basi,0.506,0.851,0.615,0.753,148.3,25.2,7.8
2021,TTI,Ener,0.518,0.721,0.048,0.019,87.8,12.6,7.1
2021,UFPI,Basi,0.075,0.454,0.785,0.891,21.1,29.6,11.7
2021,UGP,Ener,0.013,0.431,0.145,0.943,-27.6,-24.1,3.1
2021,ULH,Indu,0.374,0.365,0.426,0.192,29.0,-26.7,7.3
2021,URBN,Cons,0.348,0.320,0.276,0.845,46.0,-18.5,6.7
2021,USAC,Ener,0.970,0.845,0.424,0.493,-5.1,7.8,3.7
2021,USLM,Basi,0.979,0.187,0.649,0.234,32.4,4.6,11.1
2021,VET,Ener,0.843,0.874,0.615,0.423,-7.8,175.9,30.6
2021,VMI,Indu,0.104,0.093,0.599,0.983,46.1,-0.7,6.2
2021,VNOM,Ener,0.951,0.666,0.067,0.405,-22.9,58.5,8.8
2021,VSEC,Indu,0.024,0.403,0.189,0.122,53.2,22.0,7.3
2021,VVX,Indu,0.052,0.109,0.333,0.219,3.1,-16.7,4.7
2021,WCC,Indu,0.002,0.848,0.934,0.904,51.3,61.2,6.5
2021,WEN,Cons,0.454,0.081,0.641,0.961,-8.1,13.0,12.3
2021,WFG,Basi,0.920,0.834,0.844,0.951,48.6,50.1,13.6
2021,WFRD,Ener,0.660,0.391,0.142,0.277,50.3,212.8,19.5
2021,WGO,Cons,0.482,0.655,0.783,0.706,144.7,-12.7,11.0
2021,WHD,Ener,0.612,0.811,0.106,0.723,32.9,44.8,9.1
2021,WING,Cons,0.277,0.114,0.700,0.934,45.9,9.5,6.8
2021,WLDN,Indu,0.423,0.837,0.128,0.153,46.9,-26.5,3.7
2021,WLFC,Indu,0.539,0.833,0.096,0.225,7.2,-11.3,1.5
2021,WNC,Indu,0.192,0.587,0.139,0.313,32.6,17.6,12.6
2021,WOR,Indu,0.233,0.228,0.408,0.644,149.0,-3.4,10.5
2021,WTI,Ener,0.986,0.639,0.109,0.126,41.3,81.9,8.8
2021,WWW,Cons,0.174,0.411,0.065,0.764,20.2,-26.2,5.5
2021,XPEL,Cons,0.220,0.437,0.722,0.564,526.3,10.9,8.9
2021,XPO,Indu,0.061,0.184,0.539,0.942,30.1,-10.8,5.6
2021,YPF,Ener,0.633,0.637,0.124,0.546,-19.2,10.1,12.2
2021,ZIM,Indu,0.836,0.983,0.925,0.818,132.9,164.0,3.9
2021,ZWS,Indu,0.316,0.087,0.245,0.737,38.7,40.6,10.7
2023,AAON,Indu,0.528,0.648,0.941,0.956,39.2,58.0,51.9
2023,ACEL,Cons,0.141,0.762,0.803,0.282,-30.7,14.8,37.8
2023,ACVA,Cons,0.241,0.662,0.103,0.570,-2.3,29.3,40.3
2023,AG,Basi,0.836,0.630,0.073,0.585,-50.4,-34.6,19.8
2023,AGI,Basi,0.748,0.479,0.710,0.905,36.6,17.2,36.5
2023,AGX,Indu,0.179,0.726,0.295,0.155,-1.7,27.0,36.3
2023,ALGT,Indu,0.692,0.937,0.676,0.514,-52.1,-6.3,28.0
2023,ALNT,Indu,0.149,0.235,0.759,0.235,23.2,-30.5,22.3
2023,ALSN,Cons,0.077,0.399,0.688,0.940,12.8,37.9,40.0
2023,AMR,Ener,0.881,0.958,0.576,0.739,37.3,143.4,78.0
2023,AMRC,Indu,0.367,0.735,0.168,0.762,-19.4,-60.7,12.9
2023,ARCB,Indu,0.144,0.361,0.380,0.667,-7.4,47.7,42.2
2023,ARCO,Cons,0.481,0.586,0.689,0.559,4.7,52.6,49.8
2023,ARHS,Cons,0.196,0.109,0.861,0.487,17.7,25.2,41.7
2023,ARLP,Ener,0.893,0.480,0.900,0.778,67.2,-3.4,30.4
2023,AROC,Ener,0.336,0.189,0.769,0.483,11.8,88.2,59.7
2023,ARRY,Ener,0.634,0.874,0.920,0.773,77.1,-28.4,20.7
2023,ATAT,Cons,0.842,0.761,0.179,0.801,83.2,-19.5,23.4
2023,ATRO,Indu,0.275,0.420,0.651,0.080,10.6,23.2,40.5
2023,AVAV,Indu,0.759,0.382,0.794,0.661,20.0,47.0,48.0
2023,AVNT,Basi,0.451,0.745,0.096,0.898,-16.7,-15.0,23.7
2023,AZZ,Indu,0.445,0.635,0.886,0.382,-20.9,35.2,44.9
2023,BALY,Cons,0.691,0.870,0.040,0.382,-46.3,-45.8,16.6
2023,BBSI,Indu,0.585,0.031,0.408,0.231,58.2,19.8,40.1
2023,BCC,Basi,0.459,0.622,0.282,0.766,-16.3,104.5,64.9
2023,BCPC,Basi,0.096,0.052,0.558,0.945,-4.5,11.1,36.5
2023,BE,Indu,0.619,0.296,0.582,0.982,52.6,-50.5,15.0
2023,BJRI,Cons,0.354,0.706,0.516,0.289,5.7,0.4,30.1
2023,BOOT,Cons,0.117,0.610,0.525,0.674,-21.6,-0.6,32.2
2023,BROS,Cons,0.670,0.450,0.753,0.647,-20.1,-28.6,22.3
2023,BSM,Ener,0.726,0.689,0.951,0.858,33.1,-1.6,31.2
2023,BTE,Ener,0.719,0.893,0.676,0.686,7.9,-17.1,26.7
2023,BTU,Ener,0.940,0.722,0.845,0.989,99.8,-13.1,25.2
2023,BVN,Basi,0.938,0.821,0.294,0.611,-22.2,98.2,64.5
2023,BWMN,Indu,0.076,0.546,0.902,0.045,101.1,13.4,37.8
2023,BWMX,Cons,0.773,0.954,0.884,0.029,-56.7,54.1,46.6
2023,BXC,Indu,0.290,0.602,0.216,0.259,-0.5,42.8,45.3
2023,BZH,Cons,0.359,0.335,0.315,0.153,-4.7,83.3,46.3
2023,CAAP,Indu,0.718,0.836,0.887,0.501,63.7,63.3,49.3
2023,CAKE,Cons,0.195,0.786,0.431,0.624,-0.5,-14.6,26.6
2023,CAPL,Ener,0.044,0.625,0.337,0.277,4.9,3.3,33.8
2023,CARG,Cons,0.979,0.852,0.227,0.634,-47.1,39.8,45.8
2023,CBRL,Cons,0.251,0.473,0.424,0.708,-17.5,-33.6,21.7
2023,CBT,Basi,0.307,0.448,0.405,0.923,32.2,-0.2,29.6
2023,CCS,Cons,0.467,0.445,0.352,0.634,-5.6,40.1,41.0
2023,CDE,Basi,0.871,0.354,0.412,0.324,-41.6,-16.0,26.2
2023,CECO,Indu,0.263,0.325,0.630,0.138,174.7,57.4,51.0
2023,CMCO,Indu,0.147,0.432,0.469,0.395,-10.6,0.8,29.5
2023,CMP,Basi,0.534,0.275,0.445,0.592,-19.6,-50.9,13.5
2023,CMRE,Indu,0.518,0.783,0.892,0.337,-32.7,2.4,29.5
2023,CNR,Ener,0.601,0.836,0.978,0.675,163.0,30.6,35.9
2023,CNX,Ener,0.920,0.853,0.806,0.848,10.8,23.8,38.5
2023,CODI,Indu,0.163,0.311,0.613,0.518,-9.8,5.5,35.3
2023,CPA,Indu,0.806,0.984,0.901,0.889,8.2,4.2,28.9
2023,CPAC,Basi,0.214,0.924,0.542,0.099,-18.7,-3.6,27.4
2023,CRAI,Indu,0.065,0.099,0.489,0.279,25.4,7.9,35.1
2023,CRC,Ener,0.595,0.594,0.781,0.824,11.9,26.5,41.9
2023,CRGY,Ener,0.929,0.890,0.842,0.620,-30.8,-3.2,32.4
2023,CRI,Cons,0.239,0.380,0.248,0.763,-23.8,10.4,36.6
2023,CRK,Ener,0.846,0.824,0.933,0.850,69.0,-37.5,18.5
2023,CSW,Indu,0.332,0.372,0.694,0.677,30.0,44.0,36.3
2023,CTOS,Indu,0.686,0.398,0.775,0.536,-21.9,-3.5,31.1
2023,CVCO,Cons,0.221,0.453,0.621,0.717,0.3,19.4,30.1
2023,CYD,Indu,0.280,0.528,0.141,0.052,-23.6,-2.4,31.2
2023,CYRX,Indu,0.240,0.076,0.181,0.359,-38.4,-20.5,25.6
2023,DAC,Indu,0.667,0.517,0.922,0.426,-39.1,28.4,37.9
2023,DCH,Cons,0.207,0.795,0.484,0.379,16.6,-7.6,28.4
2023,DCO,Indu,0.097,0.084,0.515,0.229,14.8,-6.9,27.9
2023,DFH,Cons,0.189,0.618,0.702,0.476,-44.8,176.9,90.1
2023,DKL,Ener,0.559,0.404,0.847,0.663,18.8,-10.1,29.4
2023,DMLP,Ener,0.703,0.865,0.937,0.414,36.8,1.3,30.7
2023,DNUT,Cons,0.068,0.176,0.399,0.660,-12.2,5.8,30.7
2023,DQ,Ener,0.890,0.885,0.984,0.883,-7.9,-55.9,14.5
2023,DRVN,Cons,0.233,0.591,0.779,0.970,-10.7,-47.6,16.2
2023,DXPE,Indu,0.043,0.364,0.743,0.155,-4.3,27.8,37.9
2023,DY,Indu,0.308,0.241,0.572,0.782,7.1,26.4,42.3
2023,EBF,Indu,0.212,0.018,0.509,0.147,13.5,-3.1,23.1
2023,ECO,Indu,0.934,0.987,0.996,0.222,70.3,67.8,47.4
2023,ECVT,Basi,0.433,0.794,0.517,0.446,-3.5,-2.6,32.1
2023,EE,Ener,0.972,0.988,0.777,0.146,-26.6,-28.1,21.2
2023,EFXT,Ener,0.557,0.851,0.940,0.278,13.1,-19.4,26.7
2023,EGO,Basi,0.941,0.125,0.374,0.519,-22.1,34.7,43.4
2023,EGY,Ener,0.915,0.840,0.968,0.108,-32.0,-6.7,27.5
2023,EMBJ,Indu,0.563,0.803,0.835,0.743,8.7,87.8,64.7
2023,ENR,Indu,0.211,0.091,0.307,0.727,1.4,-12.3,25.6
2023,ENS,Indu,0.116,0.013,0.496,0.870,15.6,12.9,32.5
2023,EPAC,Indu,0.326,0.245,0.438,0.542,31.3,25.2,36.6
2023,ERO,Basi,0.942,0.717,0.479,0.539,10.9,3.4,33.6
2023,ESI,Basi,0.393,0.374,0.259,0.977,-16.9,22.4,38.8
2023,EXK,Basi,0.776,0.819,0.910,0.172,-46.8,-35.5,21.4
2023,FA,Indu,0.042,0.488,0.434,0.657,-23.2,16.1,37.8
2023,FET,Ener,0.413,0.477,0.612,0.019,65.9,-38.9,19.8
2023,FIGS,Cons,0.200,0.810,0.457,0.558,-34.4,-35.3,21.3
2023,FIX,Indu,0.026,0.348,0.677,0.957,46.8,95.2,60.3
2023,FLNG,Ener,0.711,0.879,0.764,0.599,55.4,-18.6,23.0
2023,FRO,Indu,0.952,0.909,0.986,0.935,129.4,20.4,39.2
2023,FSM,Basi,0.887,0.871,0.023,0.357,-18.2,-11.7,27.8
2023,FSS,Indu,0.038,0.169,0.721,0.870,72.2,41.7,47.2
2023,FTAI,Indu,0.883,0.739,0.949,0.705,12.5,122.8,67.4
2023,FUL,Basi,0.088,0.034,0.480,0.909,-5.2,9.2,35.1
2023,FUN,Cons,0.664,0.928,0.500,0.699,-23.0,-8.0,28.0
2023,FWRD,Indu,0.525,0.262,0.494,0.802,3.4,-64.8,10.7
2023,FWRG,Cons,0.344,0.693,0.462,0.342,24.6,60.7,53.5
2023,GBTG,Cons,0.850,0.817,0.894,0.779,-31.0,-17.0,28.3
2023,GBX,Indu,0.568,0.845,0.716,0.340,-35.9,54.7,49.8
2023,GEL,Ener,0.630,0.265,0.663,0.484,2.2,-6.7,29.9
2023,GEO,Indu,0.186,0.068,0.603,0.431,53.3,11.0,32.4
2023,GIII,Cons,0.373,0.342,0.536,0.239,-49.2,98.6,60.2
2023,GLBE,Cons,0.341,0.521,0.738,0.979,-20.1,36.6,42.6
2023,GLNG,Ener,0.725,0.482,0.116,0.716,41.1,-7.1,30.2
2023,GLP,Ener,0.023,0.697,0.390,0.403,33.0,29.5,42.5
2023,GNK,Indu,0.877,0.756,0.220,0.276,-1.7,-3.0,30.2
2023,GOLF,Cons,0.224,0.651,0.378,0.882,21.0,31.4,43.5
2023,GOOS,Cons,0.731,0.743,0.590,0.625,-34.5,-36.3,16.1
2023,GPRK,Ener,0.248,0.834,0.777,0.264,-12.7,-36.0,20.3
2023,GRBK,Cons,0.457,0.555,0.409,0.486,31.4,86.6,60.6
2023,GRC,Indu,0.110,0.417,0.844,0.258,-20.4,16.8,32.0
2023,GRNT,Ener,0.975,0.976,0.999,0.248,-44.0,9.8,32.5
2023,GSL,Indu,0.771,0.666,0.871,0.251,-25.2,0.3,34.8
2023,GSM,Basi,0.903,0.709,0.163,0.284,-42.3,18.7,37.0
2023,GT,Cons,0.284,0.508,0.384,0.816,-29.6,21.2,36.8
2023,HBM,Basi,0.616,0.624,0.150,0.438,-37.4,11.4,35.9
2023,HCC,Ener,0.978,0.861,0.492,0.644,29.3,47.2,41.0
2023,HESM,Ener,0.008,0.063,0.837,0.469,6.5,10.7,35.8
2023,HL,Basi,0.833,0.510,0.326,0.776,-7.2,-34.2,18.4
2023,HLIO,Indu,0.209,0.670,0.275,0.659,-14.4,-34.7,21.4
2023,HMY,Basi,0.643,0.811,0.357,0.621,-17.7,192.9,95.8
2023,HNI,Cons,0.219,0.147,0.262,0.464,-21.4,34.0,40.6
2023,HPK,Ener,0.891,0.880,0.988,0.841,20.3,-42.5,17.9
2023,HTLD,Indu,0.299,0.803,0.970,0.449,3.5,-18.9,22.7
2023,HUBG,Indu,0.543,0.265,0.397,0.795,21.4,-1.5,24.9
2023,HURN,Indu,0.225,0.299,0.627,0.480,50.9,52.5,49.9
2023,HWKN,Basi,0.236,0.065,0.560,0.297,7.8,71.5,50.2
2023,IAG,Basi,0.751,0.535,0.054,0.420,-21.3,-2.0,29.4
2023,ICFI,Indu,0.137,0.134,0.594,0.606,12.1,54.6,50.6
2023,IESC,Indu,0.381,0.267,0.566,0.296,-9.7,108.9,57.3
2023,IIIN,Indu,0.651,0.384,0.268,0.152,-31.9,34.2,43.5
2023,IOSP,Basi,0.063,0.340,0.635,0.770,19.9,7.3,34.8
2023,JBI,Basi,0.277,0.268,0.703,0.527,13.9,41.6,42.3
2023,JBTM,Indu,0.298,0.329,0.200,0.863,-7.7,-4.0,26.6
2023,KAI,Indu,0.024,0.162,0.554,0.693,-4.7,52.1,42.4
2023,KBH,Cons,0.271,0.345,0.617,0.812,-15.2,74.0,55.0
2023,KEX,Indu,0.139,0.326,0.628,0.942,10.6,11.1,32.6
2023,KFRC,Indu,0.048,0.033,0.356,0.418,-15.6,19.1,34.8
2023,KNTK,Ener,0.695,0.913,0.780,0.448,-7.1,14.5,37.6
2023,KOS,Ener,0.892,0.969,0.659,0.902,75.9,-30.3,22.8
2023,KRNT,Indu,0.749,0.878,0.058,0.425,-74.7,-28.8,19.9
2023,KRO,Basi,0.637,0.386,0.086,0.437,-24.3,-20.1,25.3
2023,KRP,Ener,0.503,0.664,0.907,0.398,0.6,-3.4,29.5
2023,KRUS,Cons,0.702,0.980,0.583,0.113,-30.9,52.3,52.3
2023,KTOS,Indu,0.297,0.102,0.518,0.496,-29.7,60.2,51.0
2023,KWR,Basi,0.306,0.266,0.243,0.856,0.1,1.6,32.3
2023,LCII,Cons,0.516,0.699,0.109,0.785,-6.7,0.6,29.7
2023,LEU,Ener,0.969,0.894,0.855,0.212,-11.4,10.6,35.5
2023,LGIH,Cons,0.476,0.688,0.102,0.714,-19.2,21.3,38.5
2023,LIND,Cons,0.832,0.985,0.857,0.100,-48.9,12.0,36.9
2023,LNN,Indu,0.537,0.251,0.525,0.584,16.6,-24.1,26.0
2023,LPG,Ener,0.844,0.501,0.943,0.324,81.5,69.3,47.1
2023,LPX,Basi,0.933,0.835,0.134,0.925,-16.6,21.1,38.0
2023,LQDT,Cons,0.138,0.259,0.459,0.126,-10.7,16.0,32.3
2023,LTH,Cons,0.416,0.637,0.709,0.853,37.4,-29.0,22.7
2023,LXU,Basi,0.961,0.676,0.820,0.369,-0.7,-43.3,19.1
2023,LYTS,Indu,0.202,0.403,0.552,0.086,111.9,-8.2,28.6
2023,LZB,Cons,0.177,0.518,0.351,0.421,-24.6,38.4,43.9
2023,MAN,Indu,0.063,0.307,0.206,0.966,-20.1,-12.2,27.4
2023,MATV,Basi,0.499,0.467,0.884,0.478,-10.1,-53.0,14.6
2023,MATX,Indu,0.812,0.679,0.120,0.711,-25.2,79.0,56.8
2023,MCFT,Cons,0.109,0.858,0.483,0.198,29.7,-41.1,17.0
2023,MCRI,Cons,0.140,0.601,0.631,0.538,11.3,-15.0,24.2
2023,MEC,Indu,0.249,0.531,0.478,0.021,64.2,-22.5,26.3
2023,MEOH,Basi,0.849,0.736,0.160,0.861,14.4,-9.6,25.3
2023,METC,Ener,0.869,0.895,0.861,0.088,-27.0,92.8,61.9
2023,MGRC,Indu,0.484,0.127,0.773,0.728,46.6,22.7,38.2
2023,MGY,Ener,0.610,0.863,0.836,0.951,14.0,-12.1,25.0
2023,MHO,Cons,0.204,0.254,0.608,0.564,15.3,121.8,64.9
2023,MLI,Indu,0.551,0.642,0.433,0.943,38.4,30.3,36.2
2023,MLKN,Cons,0.071,0.576,0.273,0.532,-37.4,45.3,45.0
2023,MLR,Cons,0.218,0.280,0.495,0.012,-10.6,64.3,52.1
2023,MMYT,Cons,0.826,0.929,0.796,0.829,18.1,72.6,52.0
2023,MOD,Indu,0.106,0.217,0.504,0.447,161.0,173.7,81.3
2023,MOV,Cons,0.155,0.695,0.353,0.215,-25.0,-6.0,28.5
2023,MRCY,Indu,0.409,0.111,0.281,0.771,-11.2,-39.4,18.9
2023,MTH,Cons,0.352,0.120,0.778,0.914,9.0,53.7,45.0
2023,MTRN,Basi,0.099,0.152,0.502,0.679,23.1,13.1,33.9
2023,MTX,Basi,0.259,0.083,0.465,0.697,4.3,-10.1,22.7
2023,MWA,Indu,0.391,0.130,0.585,0.640,4.1,4.8,29.2
2023,MYE,Cons,0.310,0.366,0.455,0.286,26.6,-11.2,30.6
2023,MYRG,Indu,0.071,0.218,0.684,0.556,14.0,70.7,55.9
2023,NBR,Ener,0.201,0.499,0.870,0.543,56.0,-56.5,12.0
2023,NMM,Indu,0.603,0.979,0.892,0.268,-17.4,16.0,37.7
2023,NOG,Ener,0.750,0.947,0.876,0.735,36.7,9.7,33.2
2023,NPK,Indu,0.609,0.315,0.444,0.162,-3.7,2.0,30.7
2023,NPO,Indu,0.267,0.122,0.153,0.676,-3.6,53.2,48.6
2023,NRP,Ener,0.722,0.806,0.903,0.428,55.8,53.2,50.7
2023,NVGS,Indu,0.660,0.433,0.422,0.364,10.8,18.1,36.7
2023,NWPX,Indu,0.536,0.489,0.046,0.043,27.1,-18.0,27.0
2023,NX,Basi,0.080,0.269,0.265,0.291,7.3,40.0,46.6
2023,OII,Ener,0.363,0.194,0.549,0.618,29.6,14.5,34.7
2023,OMAB,Indu,0.697,0.946,0.921,0.887,28.7,-7.5,26.6
2023,OR,Basi,0.730,0.551,0.878,0.683,2.2,13.0,35.1
2023,OXM,Cons,0.230,0.416,0.685,0.598,41.0,-3.4,29.3
2023,PAAS,Basi,0.752,0.568,0.063,0.843,-35.3,-17.8,25.6
2023,PAGS,Indu,0.548,0.529,0.846,0.765,-54.5,62.8,53.6
2023,PATK,Cons,0.101,0.742,0.191,0.415,7.0,40.5,42.4
2023,PL,Indu,0.785,0.295,0.081,0.347,-30.3,-28.0,21.4
2023,POWL,Indu,0.357,0.281,0.524,0.118,36.7,101.1,62.7
2023,PR,Ener,0.838,0.760,0.981,0.799,16.2,65.9,54.1
2023,PRIM,Indu,0.307,0.436,0.810,0.481,-1.6,53.7,50.3
2023,PRKS,Cons,0.994,0.962,0.628,0.934,-7.7,-24.4,24.9
2023,PRM,Basi,0.896,0.668,0.024,0.466,-29.3,-34.0,20.5
2023,PUMP,Ener,0.778,0.769,0.757,0.370,-24.2,-9.3,28.3
2023,PVH,Cons,0.153,0.464,0.453,0.975,-16.8,91.0,58.2
2023,RERE,Cons,0.269,0.714,0.042,0.249,-15.3,-60.3,13.3
2023,RES,Ener,0.672,0.725,0.939,0.643,54.1,-28.1,23.3
2023,REX,Basi,0.626,0.658,0.253,0.129,-17.7,55.2,47.1
2023,RGR,Indu,0.653,0.584,0.289,0.361,-13.8,-22.6,24.1
2023,RIG,Ener,0.231,0.224,0.173,0.998,106.0,-28.5,22.7
2023,ROAD,Indu,0.213,0.277,0.527,0.479,2.6,85.4,56.2
2023,RUSHA,Cons,0.073,0.391,0.786,0.836,11.9,24.4,36.1
2023,RVLV,Cons,0.175,0.507,0.420,0.594,-50.7,-31.4,22.0
2023,RXO,Indu,0.191,0.341,0.157,0.695,-3.7,11.1,31.4
2023,RYAM,Basi,0.234,0.469,0.673,0.095,30.5,-34.8,21.3
2023,SAH,Cons,0.046,0.309,0.375,0.680,13.2,-5.3,26.4
2023,SB,Indu,0.794,0.618,0.734,0.054,-30.1,27.5,38.0
2023,SBLK,Indu,0.851,0.859,0.258,0.685,-16.4,1.9,30.9
2023,SD,Ener,0.738,0.730,0.877,0.122,-14.0,-0.9,31.2
2023,SEI,Ener,0.957,0.887,0.729,0.003,-35.9,-18.2,26.7
2023,SG,Cons,0.358,0.902,0.128,0.375,-56.5,33.5,42.5
2023,SHAK,Cons,0.094,0.569,0.456,0.671,-24.6,37.8,41.3
2023,SHOO,Cons,0.123,0.842,0.190,0.760,-15.7,22.3,39.3
2023,SID,Basi,0.866,0.864,0.875,0.969,-36.5,-4.8,30.6
2023,SIG,Cons,0.314,0.721,0.372,0.929,-9.2,35.7,40.8
2023,SKY,Cons,0.607,0.446,0.588,0.854,-11.0,18.4,34.5
2023,SM,Ener,0.902,0.938,0.596,0.874,-16.6,33.8,41.7
2023,SMG,Basi,0.803,0.435,0.161,0.955,-45.1,-31.5,20.3
2023,SMP,Cons,0.059,0.196,0.365,0.326,-11.8,-1.6,30.4
2023,SSD,Basi,0.396,0.253,0.624,0.962,-3.1,76.4,51.6
2023,SSRM,Basi,0.724,0.819,0.176,0.798,-31.0,-65.8,11.1
2023,STRL,Indu,0.495,0.139,0.587,0.416,29.8,134.6,76.6
2023,SWBI,Indu,0.690,0.604,0.131,0.117,-41.9,26.8,42.2
2023,SWIM,Indu,0.698,0.860,0.075,0.084,-75.9,-15.0,27.4
2023,SXC,Basi,0.517,0.328,0.745,0.265,30.9,13.1,28.6
2023,SXI,Indu,0.035,0.116,0.477,0.491,24.4,22.2,30.8
2023,SYM,Indu,0.574,0.905,0.963,0.274,36.7,272.9,120.6
2023,TALO,Ener,0.840,0.912,0.423,0.508,35.1,-25.8,24.4
2023,TEN,Ener,0.931,0.952,0.954,0.174,48.2,46.1,48.4
2023,TEX,Indu,0.210,0.292,0.638,0.867,17.3,24.4,37.5
2023,TFPM,Basi,0.187,0.761,0.800,0.653,7.4,-10.8,27.8
2023,TGLS,Basi,0.658,0.274,0.932,0.608,81.7,16.5,37.9
2023,TH,Indu,0.861,0.691,0.961,0.566,242.8,-48.7,17.9
2023,THO,Cons,0.206,0.752,0.082,0.980,2.1,42.1,45.5
2023,THRM,Cons,0.523,0.651,0.700,0.655,-27.9,-24.6,23.5
2023,TNET,Indu,0.418,0.070,0.312,1.000,-4.8,40.8,40.3
2023,TRIP,Cons,0.041,0.962,0.733,0.869,-14.0,1.3,28.8
2023,TRMD,Ener,0.899,0.932,0.982,0.781,322.2,-2.1,29.4
2023,TRN,Indu,0.685,0.443,0.742,0.656,-11.6,1.7,31.5
2023,TROX,Basi,0.530,0.500,0.130,0.720,-30.0,-20.3,22.8
2023,TTI,Ener,0.529,0.777,0.646,0.134,23.1,-2.0,32.0
2023,UAN,Basi,0.873,0.940,0.830,0.374,-6.3,-25.4,23.7
2023,ULH,Indu,0.521,0.389,0.371,0.387,147.6,-22.9,23.4
2023,URBN,Cons,0.512,0.415,0.333,0.726,-0.4,70.4,55.8
2023,USAC,Ener,0.181,0.151,0.731,0.639,27.1,13.7,33.6
2023,USLM,Basi,0.428,0.086,0.760,0.318,20.8,64.5,45.1
2023,VET,Ener,0.772,0.660,0.959,0.669,-39.0,-13.5,27.4
2023,VIST,Ener,0.864,0.828,0.937,0.576,158.5,87.4,58.2
2023,VNOM,Ener,0.617,0.889,0.936,0.658,14.4,20.0,38.0
2023,VVX,Indu,0.147,0.764,0.965,0.444,19.4,-22.1,26.4
2023,W,Cons,0.055,0.449,0.158,0.929,-69.8,27.3,38.5
2023,WEN,Cons,0.831,0.072,0.606,0.979,-2.2,-13.2,28.5
2023,WFRD,Ener,0.436,0.351,0.698,0.937,65.2,48.1,41.0
2023,WGO,Cons,0.055,0.775,0.155,0.637,4.1,14.3,35.5
2023,WHD,Ener,0.623,0.720,0.871,0.875,-6.8,-3.7,31.6
2023,WLFC,Indu,0.608,0.319,0.661,0.412,82.4,-22.2,26.5
2023,WNC,Indu,0.243,0.250,0.754,0.493,73.9,-13.8,21.8
2023,WOR,Indu,0.648,0.779,0.043,0.544,-14.5,92.0,58.0
2023,WRBY,Cons,0.197,0.387,0.233,0.511,-53.0,15.6,38.1
2023,WTI,Ener,0.863,0.759,0.739,0.302,-3.6,-49.8,16.7
2023,WWW,Cons,0.482,0.478,0.049,0.442,-34.2,-42.8,17.8
2023,XPEL,Cons,0.273,0.540,0.576,0.595,-8.0,-16.8,25.8
2023,YETI,Cons,0.769,0.256,0.203,0.851,-36.8,22.6,38.6
2023,ZIM,Indu,0.889,0.939,0.189,0.723,-72.2,-44.1,19.3
2023,ZWS,Indu,0.618,0.690,0.792,0.911,-30.0,39.4,38.6
