yr,ticker,mom,ret,qqq,acel,magn,racha,sorp,guia,desg,mop,reinv,reac,ps,dil,dmop,pos_mop,pos_mb,pos_cr,pos_ps,mop_vs_media
2007,AAP,15.2,-9.5,-2.2,-2.380,0.696,-5,0.000,0.054,-0.001,0.0631,0.408,0.047,0.900,-0.0239,-0.0099,0.241,0.760,0.087,0.227,0.761
2007,ABG,27.2,-43.1,-1.2,-10.670,-1.146,-2,0.068,-0.061,-0.004,0.0320,0.121,0.013,0.150,0.0356,0.0021,0.937,0.692,0.000,1.000,1.146
2007,AEM,28.9,60.6,-5.3,58.030,1.678,1,0.234,0.282,-1.155,0.6354,0.050,0.054,9.710,0.3995,0.2889,1.000,1.000,1.000,0.000,2.875
2007,AGCO,37.4,65.7,-4.0,22.240,-4.207,2,,-0.869,-1.048,-0.0550,0.110,-0.041,0.610,0.0452,-0.0937,0.000,0.038,0.422,0.769,-1.284
2007,ALB,32.1,3.3,1.0,-20.600,-0.031,-1,,-0.111,-0.105,0.1315,0.123,0.000,1.490,0.0097,0.0643,1.000,1.000,0.000,0.276,1.393
2007,ALV,7.2,-19.2,-0.1,7.970,6.866,4,-0.010,0.143,0.050,0.0850,0.108,-0.003,0.550,-0.0440,-0.0077,0.614,0.447,0.590,0.028,1.045
2007,ARLP,-3.7,4.8,1.8,-2.430,0.866,-1,,-0.025,-0.183,0.1831,0.035,-0.002,1.280,0.0000,-0.0184,0.873,0.699,0.513,0.000,1.381
2007,AROC,25.6,-0.3,-1.3,20.780,2.099,2,0.037,0.948,0.551,0.1738,0.129,-0.016,1.390,-0.0595,-0.0426,0.629,0.640,1.000,0.317,1.025
2007,ASR,25.6,17.5,-3.9,63.500,50.973,4,,13.759,13.111,0.3673,0.165,-0.005,5.990,-0.2123,0.2645,0.295,0.698,1.000,0.242,0.943
2007,AVNT,-13.8,-13.4,0.1,-31.410,-1.085,-2,-0.160,0.120,0.284,0.0376,0.085,-0.008,0.260,0.0054,-0.0474,0.744,0.040,0.585,0.000,1.160
2007,AXON,18.0,49.4,-1.4,-3.850,0.932,-1,,,,0.1970,0.436,0.026,7.820,-0.0247,0.1646,0.776,0.511,0.278,0.059,1.475
2007,AZZ,59.6,13.2,15.1,16.040,1.511,2,0.047,,,0.1281,0.134,0.002,1.320,0.0310,0.0670,0.914,0.910,0.988,1.000,1.597
2007,BALL,12.6,-6.3,0.6,8.230,1.547,1,,,,0.0868,0.048,0.010,0.720,-0.0118,0.0376,0.047,0.700,0.728,0.071,0.700
2007,BC,5.6,-46.3,0.8,-1.220,1.181,-5,-0.053,-0.212,-0.133,0.0222,0.174,0.046,0.540,-0.0476,-0.0462,0.087,0.000,0.000,0.097,0.346
2007,BJRI,-9.1,-20.0,-0.1,3.980,1.133,1,0.001,0.334,-0.004,0.0516,-1.315,-0.020,2.240,0.1345,-0.0106,0.703,0.982,0.533,0.000,1.072
2007,BKNG,26.0,128.3,5.5,6.420,1.304,3,,-0.044,-0.319,0.0484,0.130,0.011,1.830,-0.0369,0.0188,0.745,0.952,1.000,1.000,2.444
2007,BTE,-13.4,54.0,17.6,13.180,0.224,1,,-0.090,-0.052,-0.6851,0.060,0.017,2.940,0.0832,-1.2733,0.000,0.000,0.076,0.000,-1.189
2007,BVN,0.7,168.9,5.8,16.390,1.198,1,-0.103,,,0.4652,0.073,0.000,5.490,-0.0001,0.2255,0.876,0.168,1.000,0.000,1.609
2007,BWA,29.4,21.9,-4.7,13.820,,1,0.042,0.106,-0.041,0.0102,0.106,0.062,0.840,0.0149,-0.0760,0.000,0.053,0.569,0.474,0.127
2007,BYD,30.0,-50.1,-1.1,-51.110,-3.791,-2,0.182,-0.152,0.252,0.3656,-0.201,0.067,1.900,-0.0232,0.2478,1.000,0.000,0.000,0.600,2.266
2007,CAKE,1.1,-23.0,1.5,-1.230,0.889,-4,0.083,0.164,0.065,0.0656,-0.035,0.003,1.660,-0.0224,-0.0381,0.000,0.545,0.000,0.012,0.653
2007,CASY,7.9,6.2,1.1,10.810,3.480,1,-0.044,-0.016,-0.168,0.0219,0.112,0.001,0.320,0.0035,0.0049,0.373,0.255,0.425,0.040,0.727
2007,CBRL,15.4,-26.7,-1.9,0.020,0.999,1,-0.130,-0.128,-0.010,0.0690,0.532,-0.039,0.680,-0.3053,-0.0014,0.812,0.842,0.001,0.116,1.171
2007,CBT,23.4,-38.4,-0.2,-7.230,0.616,-2,,0.049,-0.067,0.1221,0.105,0.002,1.210,0.0147,0.0625,0.973,0.599,0.304,0.328,2.214
2007,CBZ,-6.9,24.2,0.6,-2.080,0.651,-3,0.212,-0.054,-0.092,0.0262,0.038,0.028,0.770,-0.1136,-0.0138,0.354,0.278,0.381,0.000,0.553
2007,CDE,-0.8,3.0,-3.0,-1.090,0.965,-1,-0.024,0.816,0.514,0.3226,0.085,0.002,6.030,0.0998,0.2663,0.993,0.628,0.502,0.249,1.223
2007,CECO,43.7,-56.4,-2.3,9.230,1.151,4,,,,0.0590,0.131,0.031,3.230,0.2359,-0.0295,0.989,0.456,1.000,0.756,0.561
2007,CENX,50.1,24.8,-0.8,4.120,1.101,1,-0.006,0.346,-0.103,0.1941,0.025,0.018,1.010,0.0076,0.1091,0.809,0.702,1.000,0.692,1.976
2007,CHH,-1.2,-18.2,0.4,11.840,2.884,1,0.037,-0.028,-0.209,0.2775,1.935,0.014,4.920,0.0155,-0.0204,0.403,0.542,0.971,0.000,0.952
2007,CLF,48.9,114.3,-6.1,4.340,1.338,2,0.056,0.439,0.268,0.1525,0.049,0.012,1.200,-0.0707,0.0472,0.868,0.486,0.094,0.101,5.260
2007,CLH,8.5,21.1,3.0,-3.100,0.843,-1,,0.852,0.685,0.0982,0.149,-0.072,0.680,0.1669,0.0659,0.248,0.596,0.118,0.138,1.101
2007,CMC,41.7,9.4,2.5,1.390,1.092,1,-0.115,0.070,-0.094,0.0601,0.072,-0.008,0.430,-0.0163,-0.0204,0.613,0.634,0.129,0.064,1.119
2007,CMCO,36.3,-1.0,1.0,-0.520,0.926,-1,,-0.081,-0.146,0.1049,0.166,0.019,0.830,0.0764,0.0065,0.767,0.751,0.395,1.000,1.169
2007,CMP,12.4,33.2,-0.3,-28.530,-0.905,-1,-0.048,0.440,0.575,0.2108,0.066,0.004,1.580,0.0142,-0.0570,0.717,0.673,0.137,1.000,1.316
2007,CRAI,10.9,-48.9,-3.4,1.310,1.084,1,-0.089,0.172,0.002,0.1492,0.216,0.057,1.900,0.0417,-0.0001,0.915,0.050,0.186,0.061,1.114
2007,CRI,-5.9,-14.6,0.1,2.370,1.445,1,0.000,-0.264,-0.341,0.1322,0.248,0.019,1.150,0.0082,0.0300,0.120,0.277,0.255,0.000,0.901
2007,CRK,8.6,10.7,-0.3,-44.690,0.445,-1,,-0.158,-0.516,0.2796,0.031,-0.018,3.240,0.0312,-0.3391,0.447,0.592,0.280,0.000,0.715
2007,CRS,4.7,6.7,1.8,10.750,1.636,1,-0.046,0.148,-0.129,0.1402,0.076,0.042,1.720,0.0135,-0.0446,0.788,0.584,0.780,0.009,1.529
2007,CSL,9.9,-29.2,-1.4,57.310,8.279,4,0.023,0.150,-0.502,0.1049,0.107,0.114,1.120,0.0126,0.0060,0.401,0.240,1.000,0.000,1.146
2007,CTRN,24.6,-63.8,0.3,6.280,1.255,1,0.043,0.134,-0.176,0.1179,0.266,0.017,1.640,-0.0139,-0.0015,0.987,0.574,0.231,0.158,2.183
2007,CW,26.8,3.0,-2.0,4.060,1.272,3,-0.091,-0.064,-0.253,0.1208,0.215,-0.002,1.370,0.0118,-0.0204,0.604,0.526,0.129,0.103,1.025
2007,DDS,-1.3,-49.7,-1.2,1.800,,1,,0.400,0.383,0.0624,0.247,-0.007,0.350,0.0290,-0.0139,0.875,0.562,0.474,0.714,2.996
2007,DECK,29.7,107.3,5.2,17.760,1.936,3,,-0.119,-0.486,0.1743,0.187,-0.034,2.590,0.0033,-0.0365,0.697,0.987,0.362,0.100,1.089
2007,DINO,23.8,-10.7,0.3,-15.590,0.386,-2,,,,0.0731,0.020,-0.020,0.740,-0.0618,0.0035,0.562,0.121,0.000,0.026,1.348
2007,DKS,19.5,-5.6,-2.5,-0.760,0.965,-1,0.053,0.209,0.001,0.1122,0.200,0.010,0.970,0.0262,0.0024,0.127,1.000,0.224,0.099,1.067
2007,DY,-1.3,-34.8,1.1,-0.830,0.875,-1,0.077,0.127,0.069,0.0464,0.083,-0.061,0.840,0.0081,0.0064,0.693,0.226,0.314,0.000,0.818
2007,EGY,-24.4,-9.3,1.2,-11.080,4.095,-2,,0.399,0.545,0.5599,-0.071,-0.069,3.410,0.0271,-0.1838,0.941,0.825,0.000,0.000,6.289
2007,ENS,-2.5,50.3,-2.7,1.170,1.072,1,0.056,0.011,-0.163,0.0561,0.148,0.015,0.540,0.0160,0.0029,0.515,0.000,0.687,0.660,0.914
2007,EPAC,4.0,13.5,-2.4,2.730,1.131,3,0.000,0.166,-0.070,0.1082,0.196,0.024,1.250,0.0054,-0.0181,0.000,0.310,0.353,0.080,0.843
2007,EQT,23.7,23.4,1.8,38.170,-2.182,1,0.077,0.313,0.052,0.3098,0.100,0.005,2.240,-0.0083,-0.0418,0.895,0.702,0.735,0.849,1.200
2007,ESLT,11.4,56.8,-6.6,7.610,1.202,1,,0.153,-0.299,0.0459,0.169,-0.007,0.910,0.0143,0.0074,0.301,0.112,1.000,0.000,0.705
2007,EXP,45.9,-29.1,0.5,-14.380,0.081,-3,0.064,-0.285,-0.297,0.2558,0.026,0.034,2.540,-0.0794,-0.0020,0.564,0.608,0.050,0.330,1.153
2007,FCN,30.5,66.2,-2.1,9.080,1.419,1,0.135,0.308,0.000,0.2067,0.263,0.141,1.890,-0.0322,-0.0176,0.571,0.406,0.229,0.105,0.937
2007,FIX,14.4,-12.3,1.5,5.030,1.277,2,0.000,0.574,0.342,0.0419,0.128,0.022,0.520,0.0161,0.1535,0.955,0.140,1.000,0.462,2.575
2007,FMC,17.3,36.8,0.5,0.480,1.039,2,,0.036,-0.091,0.1502,0.177,-0.012,1.050,-0.0060,0.0080,1.000,0.571,0.941,0.667,2.199
2007,FRO,-8.5,31.1,-0.8,-56.910,-0.466,-1,0.011,-0.332,-0.151,0.6312,0.035,-0.014,1.620,0.0000,0.0808,0.481,0.587,0.109,0.033,1.147
2007,FSS,6.5,-34.5,-2.0,20.720,-17.946,1,-0.050,-0.076,-0.272,0.0535,0.106,-0.002,0.660,-0.0062,-0.1247,0.466,0.000,0.971,0.625,1.008
2007,FTK,192.0,-3.0,-10.5,-12.330,0.897,-1,0.053,,,0.1875,0.204,0.094,24.660,0.0154,0.0105,0.986,0.878,0.659,0.464,5.372
2007,FUL,21.5,-19.6,4.4,-24.720,-1.869,-1,-0.035,-0.212,-0.051,0.0745,0.164,-0.028,1.180,0.0289,0.0091,0.790,1.000,0.000,1.000,1.387
2007,FUN,9.2,-23.7,-2.9,-17.390,0.755,-1,-0.125,0.351,-0.185,-0.0157,0.166,0.013,1.890,-0.0041,-0.0956,0.712,0.147,0.786,0.000,-0.130
2007,FWRD,-8.1,-5.5,-0.2,-1.960,0.703,-3,-0.070,0.124,0.078,0.2026,0.229,-0.016,2.670,-0.0375,-0.0062,0.753,0.600,0.000,0.000,1.097
2007,GBX,-3.2,-26.3,6.2,32.360,,4,0.000,0.444,0.121,0.0486,0.069,-0.023,0.440,0.0103,-0.0445,0.945,0.092,0.218,0.000,1.259
2007,GEO,67.5,2.4,1.5,9.720,1.209,4,0.059,0.179,-0.383,0.0760,0.056,-0.037,1.090,0.3793,0.1556,0.963,0.562,1.000,0.468,2.352
2007,GIL,0.6,45.6,1.1,22.760,1.725,4,,0.261,-0.281,0.1419,0.141,0.007,3.610,0.0027,-0.0645,0.646,0.268,1.000,0.000,0.929
2007,GLNG,0.5,65.2,2.9,30.360,1.988,1,,0.490,-0.121,0.5553,0.049,0.016,4.190,-0.0401,0.1603,1.000,1.000,1.000,0.009,1.230
2007,GME,33.6,50.8,-9.1,-51.140,0.428,-2,0.025,0.093,-0.289,0.0976,0.130,0.114,0.940,0.0323,0.0061,0.926,0.000,0.438,0.050,1.901
2007,GNTX,20.7,-5.4,1.5,5.850,3.564,1,,-0.075,-0.156,0.2215,0.127,0.099,4.300,-0.0945,-0.0243,0.106,0.106,0.262,0.278,0.806
2007,GPK,48.5,-41.4,-1.4,0.900,1.444,4,,0.699,0.670,0.0178,0.091,-0.020,0.460,0.0091,0.0058,0.132,0.019,0.079,1.000,0.397
2007,GRC,34.6,-3.3,-2.0,-18.600,0.075,-3,,0.169,0.154,0.0471,0.130,-0.090,1.770,0.0002,-0.0305,0.111,0.000,0.229,0.419,0.637
2007,GT,71.6,0.6,0.2,-4.200,0.169,-1,,-0.410,-0.419,-0.0364,0.126,-0.009,0.220,0.0000,-0.0765,0.000,0.000,0.000,1.000,-1.075
2007,HBM,47.2,-4.1,-1.6,-53.780,0.524,-1,,1.221,0.629,0.4761,0.026,-0.004,2.460,0.3721,0.3203,1.000,0.926,0.733,0.000,0.004
2007,HEI,4.9,25.9,2.7,-14.480,0.667,-2,-0.125,0.316,0.026,0.1508,0.179,-0.042,2.360,0.0221,-0.0227,0.537,0.135,0.558,0.000,1.004
2007,HL,45.1,28.5,-3.7,68.210,2.039,1,,0.070,-1.269,0.1479,-0.096,0.114,4.470,0.0101,0.3902,0.951,0.476,1.000,0.115,4.189
2007,HLX,2.5,-3.0,-1.7,-28.940,0.633,-2,-0.123,0.562,0.063,0.2789,0.103,0.003,2.250,0.1542,-0.0044,0.816,0.829,0.546,0.000,1.386
2007,HNI,13.9,-33.2,-1.2,-7.220,0.177,-4,0.041,-0.017,-0.033,0.0607,0.257,-0.032,0.880,-0.1202,-0.0255,0.000,0.000,0.125,0.113,0.740
2007,HP,22.5,34.5,1.1,-2.550,0.953,-3,0.152,0.330,-0.184,0.3795,0.028,0.040,2.160,0.0109,0.0666,1.000,1.000,0.940,0.011,1.883
2007,HTLD,3.4,-3.9,0.6,-3.140,0.605,-4,-0.083,-0.169,-0.217,-0.3156,1.419,-0.005,2.780,-0.0018,-0.0104,0.316,0.518,0.000,0.000,-2.104
2007,HUBG,34.7,-7.5,-0.1,-7.010,0.141,-1,0.062,-0.050,-0.061,0.0515,0.027,-0.001,0.740,-0.0234,0.0126,1.000,0.878,0.395,1.000,1.879
2007,IAG,-11.8,2.4,1.9,97.870,1.892,1,,2.291,0.216,0.1071,0.063,0.003,6.140,0.6487,0.0804,0.516,0.126,1.000,0.000,1.347
2007,IESC,51.3,-11.2,6.4,-3.660,1.233,-1,,,,0.0066,0.155,0.020,0.410,-0.6170,-0.0086,0.881,1.000,0.576,0.552,0.403
2007,IFF,21.5,-9.6,1.6,2.080,1.223,3,-0.063,0.059,-0.055,0.1295,0.270,-0.049,2.050,-0.0236,0.0688,0.526,0.173,0.807,0.821,0.834
2007,IIIN,-14.7,-47.3,2.3,-3.550,1.273,-3,0.104,-0.097,0.068,0.1346,0.061,-0.029,0.940,-0.0144,-0.0147,0.639,0.454,0.138,0.054,1.382
2007,IOSP,84.2,-44.4,-2.1,31.950,,3,,0.181,-0.135,0.0097,0.226,0.054,1.230,-0.0350,0.0120,0.738,0.000,1.000,1.000,0.128
2007,IT,23.9,-32.3,-2.0,-2.060,0.710,-1,-0.091,0.001,-0.050,0.1351,0.362,-0.036,2.130,-0.0901,0.0323,0.942,0.342,0.505,0.478,2.364
2007,J,6.0,84.4,6.8,-5.010,0.834,-2,0.211,0.059,-0.194,0.0454,0.084,-0.012,0.510,0.0150,0.0047,0.793,1.000,0.830,0.031,1.085
2007,JHX,39.2,-25.7,-6.7,-5.320,3.538,-5,,,,-0.5979,-0.193,0.006,2.330,0.0102,-1.1295,0.000,0.605,0.000,0.232,-4.148
2007,KAI,4.2,3.2,-1.8,-3.680,0.908,-1,0.185,-0.187,-0.548,0.0932,0.301,-0.014,1.080,0.0070,0.0617,0.201,0.314,0.547,0.000,0.900
2007,KBH,18.4,-65.4,3.1,6.640,2.123,1,0.216,-0.534,-0.660,-0.0145,0.116,0.029,0.370,-0.0499,-0.1710,0.000,0.000,0.173,0.022,-0.135
2007,KEX,18.7,18.9,0.3,-15.260,0.540,-1,0.000,0.166,-0.013,0.1731,0.112,0.002,1.990,0.0228,0.0076,0.981,0.599,0.579,0.099,1.221
2007,KFRC,17.7,-37.8,1.2,4.220,1.279,1,0.000,-0.040,-0.234,0.0642,0.274,-0.006,0.630,0.0483,0.0065,0.987,0.919,0.426,0.143,2.654
2007,KNX,14.7,-22.1,-0.2,-13.200,0.322,-2,-0.029,0.117,0.055,0.1878,0.225,0.001,1.790,0.0070,0.0012,0.911,0.394,0.000,0.016,1.071
2007,KRO,6.4,-39.2,0.7,-14.410,-0.065,-1,,,,0.1267,0.139,-0.055,1.200,0.0010,0.0172,0.468,0.461,0.000,0.148,1.035
2007,LAD,18.6,-52.5,-1.2,8.800,7.914,1,-0.046,0.245,0.144,0.0331,0.127,-0.016,0.180,0.0034,-0.0086,0.468,0.526,0.541,0.500,0.944
2007,LCII,2.1,-7.2,-0.1,-29.470,-4.057,-4,-0.150,-0.472,-0.236,0.0508,0.151,-0.002,0.790,0.0099,-0.0359,0.038,0.073,0.000,0.056,0.594
2007,LEU,55.5,-41.8,-1.8,-0.240,,-2,0.045,-0.886,-0.876,0.1178,0.086,-0.004,0.720,0.0058,0.0205,0.791,0.750,0.346,1.000,2.725
2007,LKQ,-5.4,73.9,3.5,-5.780,0.879,-1,0.000,0.225,-0.197,0.0897,0.343,-0.052,1.430,0.0241,-0.0025,0.035,0.000,0.818,0.000,0.648
2007,LNN,7.4,87.3,22.5,-10.870,0.737,-1,,0.602,0.298,0.0507,0.191,-0.006,1.530,0.0163,0.0415,0.396,0.799,0.821,0.000,0.819
2007,LYTS,9.3,-32.1,0.5,-10.890,0.510,-1,0.150,0.479,0.366,0.1015,0.170,0.056,1.330,0.0724,0.0180,0.977,0.811,0.643,0.302,1.420
2007,LZB,5.4,-41.5,-0.1,-16.500,6.334,-1,,-0.438,-0.242,0.0225,0.249,0.036,0.410,-0.0048,-0.0143,0.587,0.233,0.489,1.000,0.729
2007,MATV,32.0,0.8,1.5,-2.660,2.048,-2,,-0.133,-0.081,-0.0307,0.090,-0.070,0.600,0.0122,-0.0780,0.000,0.000,0.000,1.000,-0.422
2007,MATX,11.7,-10.1,1.9,8.280,-0.294,1,0.118,0.112,0.094,0.0909,0.097,0.008,0.690,-0.0319,0.0224,0.403,0.399,0.473,0.192,0.939
2007,MCRI,27.5,-19.3,-2.4,-3.800,0.591,-1,-0.005,0.023,-0.032,0.2027,0.306,0.016,3.040,0.0095,-0.0121,0.539,0.684,0.282,0.683,1.081
2007,MEOH,-6.6,-3.1,1.3,-3.380,0.931,-1,,0.359,-0.095,0.3163,0.000,0.012,1.130,-0.0647,0.0053,0.974,0.891,0.616,0.000,1.520
2007,MGRC,20.9,-34.1,-2.2,-9.100,,-2,0.236,-0.034,0.055,0.3037,0.168,0.006,3.000,0.0100,0.0317,0.986,0.622,0.149,0.242,5.967
2007,MHO,0.8,-55.6,-1.3,2.880,0.635,1,,-0.373,-0.323,0.1211,0.117,0.014,0.380,-0.0118,-0.0208,0.525,0.176,0.054,0.111,0.961
2007,MIDD,45.3,11.6,2.8,0.220,1.008,2,0.100,0.041,-0.237,0.2081,0.189,0.045,1.840,0.0185,0.0346,1.000,0.945,0.246,0.298,1.302
2007,MLI,-5.9,-13.3,1.7,-33.970,0.269,-2,-0.206,0.107,-0.019,0.0289,0.000,-0.002,0.250,0.0040,-0.0725,0.000,0.000,0.301,0.000,0.380
2007,MLKN,7.5,-22.9,-1.9,0.440,1.032,2,,,,0.1013,0.229,0.016,1.300,-0.0483,-0.7669,0.207,0.719,0.792,0.038,0.968
2007,MOD,6.8,-39.3,2.0,5.590,1.677,2,,-0.226,-0.365,0.0383,0.002,-0.022,0.480,-0.0516,-0.0170,0.420,0.122,0.469,0.032,0.809
2007,MOV,12.9,-34.5,1.7,-4.520,0.739,-1,0.118,-0.885,-1.013,0.1057,0.506,-0.169,1.400,0.0189,-0.0101,0.022,0.743,0.416,0.111,0.388
2007,MTH,7.7,-76.4,-0.2,-37.360,-1.299,-3,,-0.857,-0.645,0.0053,0.116,-0.006,0.350,-0.0300,-0.1492,0.000,0.010,0.000,0.022,0.050
2007,MTRN,67.4,-28.6,-1.0,-0.010,1.000,-1,0.073,0.685,0.207,0.0630,-0.210,0.333,1.150,0.0813,0.0640,0.962,0.987,1.000,1.000,5.417
2007,MTX,10.1,-11.0,0.7,-4.340,0.421,-2,-0.030,-0.073,-0.105,0.0789,0.126,0.012,1.160,0.0221,0.0085,0.268,0.088,0.065,0.289,0.854
2007,MTZ,-2.5,-27.1,1.8,55.820,14.172,2,-0.125,0.002,-0.599,0.0378,0.081,-0.019,0.770,0.1033,-0.1314,0.225,0.360,1.000,0.567,0.608
2007,MYE,2.7,-18.4,-2.1,-4.110,1.345,-2,-0.046,-0.209,-0.049,0.0737,0.193,-0.026,0.720,0.0090,0.0000,0.884,0.118,0.000,0.314,1.659
2007,NAT,2.3,-12.5,-1.1,-2.850,0.952,-2,-0.175,1600.928,1600.365,0.3965,0.070,-0.056,6.200,0.2788,-0.7644,0.340,0.416,0.300,0.017,0.658
2007,NPO,27.1,-16.0,-0.2,3.670,1.253,2,,0.038,-0.144,-1.1303,0.206,0.096,0.870,0.0174,-1.2665,0.000,0.694,1.000,1.000,-306.796
2007,NWPX,17.3,10.7,-3.9,19.980,4.061,2,,0.010,-0.255,0.0938,0.073,0.001,0.900,0.3045,0.0098,0.498,0.722,0.813,1.000,1.167
2007,NX,29.0,28.7,0.9,-19.240,-0.460,-1,,,,0.1124,0.045,-0.001,0.730,-0.0086,-0.0405,0.604,0.616,0.000,0.255,1.172
2007,OII,39.2,51.6,-5.0,-9.610,0.659,-3,0.000,0.103,-0.082,0.1399,0.081,0.016,1.820,0.0175,0.0339,0.684,0.622,0.544,0.089,1.308
2007,OIS,4.0,26.6,-1.9,-13.320,0.385,-7,0.077,-0.087,-0.170,0.1512,-0.108,-0.004,0.430,-0.0044,0.0190,0.911,0.784,0.256,0.000,1.354
2007,OKE,13.3,11.5,-3.5,-17.410,2.008,-6,0.029,-0.086,0.261,0.0660,0.000,0.001,0.340,0.0348,0.0292,0.185,0.168,0.086,0.081,0.729
2007,OLN,7.4,3.3,0.9,-18.330,0.566,-1,,-0.635,-0.874,0.0560,0.058,-0.007,0.390,0.0208,-0.0120,0.699,0.339,0.439,0.000,1.549
2007,ORLY,-1.8,-14.5,1.2,-1.570,0.843,-4,0.000,0.088,0.004,0.1147,0.331,-0.039,1.580,0.0126,-0.0081,0.537,0.901,0.000,0.000,1.003
2007,OSK,6.6,-13.9,1.9,17.600,2.798,2,-0.068,0.850,0.576,0.0830,0.081,-0.007,1.090,0.0163,-0.0270,0.565,0.682,0.695,0.125,1.028
2007,OXM,13.8,-54.6,6.1,2.530,0.838,2,-0.015,-0.210,-0.079,0.0860,0.306,0.025,0.870,0.0065,0.0125,0.401,1.000,0.438,0.744,1.173
2007,PAAS,48.9,25.6,-3.6,145.970,3.637,1,0.154,1.427,-0.587,0.3744,0.025,0.035,8.750,0.1273,0.8107,0.767,0.787,1.000,0.332,3.915
2007,PDS,-29.7,-12.8,-0.2,-45.320,-1.048,-2,0.056,-0.238,-0.006,0.4036,0.068,0.011,3.840,0.0000,-0.0075,0.876,0.915,0.312,0.000,1.837
2007,PENN,27.3,8.4,-4.2,-93.640,0.136,-1,-0.066,0.005,-0.143,0.3308,0.048,-0.026,0.370,0.0028,0.1185,1.000,0.843,0.226,0.068,1.824
2007,PII,11.3,-8.8,1.2,-4.970,1.509,-1,0.073,-0.103,0.044,0.1210,0.145,0.022,1.000,-0.1507,-0.0016,0.781,0.848,0.000,0.167,1.190
2007,PKE,-11.6,-8.1,3.7,-14.300,0.259,-2,0.074,0.032,-0.019,0.1577,0.106,0.045,2.260,0.0045,-0.0010,0.769,0.577,0.504,0.037,19.975
2007,PKG,-5.5,14.6,4.2,4.740,1.386,4,0.094,0.101,-0.069,0.1245,0.097,-0.007,1.060,0.0078,0.0950,0.937,0.924,1.000,0.000,1.577
2007,PNR,20.8,0.9,2.0,-7.120,0.173,-2,0.219,-0.021,-0.036,0.0810,0.200,0.029,0.680,-0.0257,0.0066,0.099,0.647,0.404,1.000,0.819
2007,POOL,-4.1,-48.3,-1.1,-20.500,0.233,-1,0.111,1.502,1.439,-0.0128,0.273,0.012,0.970,-0.0455,-0.0253,0.087,0.165,0.000,0.000,-0.201
2007,POWL,37.8,18.6,-2.1,40.290,7.496,1,,1.451,0.986,0.0422,0.133,-0.055,0.840,0.0106,0.0208,0.579,0.313,0.711,0.302,1.080
2007,PTEN,-0.8,-1.4,-1.4,-23.540,0.462,-4,-0.058,-0.110,-0.312,0.3803,0.025,0.000,1.440,-0.0956,0.0205,0.899,0.934,0.382,0.000,1.818
2007,PVH,36.8,-40.8,-1.7,14.490,3.202,2,0.068,0.093,-0.118,0.0847,0.417,0.019,1.630,0.0269,-0.0077,0.627,1.000,0.898,1.000,1.131
2007,PWR,33.6,0.9,-3.4,12.110,,1,0.012,0.058,-0.073,-0.0218,0.083,0.034,1.270,0.0129,-0.0872,0.806,0.876,0.608,0.815,-14.680
2007,RBA,6.8,33.8,-4.5,-32.990,0.265,-1,,-0.026,-0.146,0.1715,0.589,-0.058,8.920,0.0048,-0.1968,0.290,0.000,0.642,0.049,0.546
2007,RES,38.8,-42.5,-0.4,3.210,1.097,1,0.000,0.354,-0.010,0.2951,0.150,-0.021,2.740,0.0087,-0.0414,0.897,0.975,0.661,0.111,2.223
2007,RGLD,19.2,-6.7,0.7,24.280,1.535,3,,2.055,1.358,0.6096,0.119,0.017,21.320,0.0157,0.1802,0.888,0.828,0.898,0.000,1.188
2007,ROST,29.3,-15.2,-2.1,3.830,1.379,1,0.063,0.092,-0.048,0.0933,0.142,0.001,0.840,-0.0311,0.0116,0.727,0.598,0.597,0.250,1.186
2007,RRC,28.9,97.6,-5.1,-49.240,0.183,-1,,-0.124,-0.234,0.3495,0.115,0.016,5.790,0.0712,-0.1885,0.520,0.711,0.021,0.125,1.089
2007,RRX,8.2,-22.1,-0.8,-23.770,-0.120,-1,,,,0.1077,0.135,-0.079,1.000,0.0308,0.0059,0.664,0.928,0.000,0.057,1.223
2007,RS,38.6,15.9,-2.4,-6.150,0.929,-2,-0.197,0.683,-0.124,0.0888,0.149,0.034,0.590,0.1446,-0.0354,0.061,0.000,0.886,0.075,0.692
2007,RUSHA,13.9,33.7,0.6,-11.550,0.662,-1,0.024,-0.027,-0.253,0.0472,0.090,0.039,0.140,0.0190,0.0020,0.940,0.000,0.473,0.000,1.354
2007,SAH,27.5,-34.7,1.1,0.730,,1,0.048,0.017,0.019,0.0377,0.115,-0.035,0.160,0.0168,0.0048,1.000,0.594,0.328,1.000,1.159
2007,SHOO,-27.2,-41.3,0.9,1.650,1.071,1,,-0.015,-0.263,0.1459,0.296,-0.034,1.260,0.0040,0.0071,0.822,0.787,0.862,0.000,1.442
2007,SIG,19.2,-50.9,0.4,-7.470,0.467,-2,,,,0.1965,0.029,-0.026,1.240,-0.0071,-0.0069,0.860,0.428,0.348,0.333,1.952
2007,SKY,-0.1,-25.0,10.0,-28.410,14.236,-3,,,,-0.0050,0.114,-0.055,3.510,0.0000,-0.0504,0.212,0.216,0.000,0.413,-0.249
2007,SM,2.2,-3.5,-3.3,-8.470,4.271,-5,0.027,0.078,0.189,0.3418,-0.153,0.015,1.380,-0.0039,-0.0137,0.684,0.569,0.000,0.000,1.017
2007,SMG,21.4,-37.1,0.6,-6.490,0.573,-1,-0.011,0.079,-0.008,-0.3119,0.524,0.009,1.340,-0.0118,-0.0049,0.095,0.000,0.240,0.432,-22.455
2007,SQM,50.9,35.2,-12.8,13.570,2.268,1,,,,0.2479,0.060,0.015,4.370,0.0000,0.0264,1.000,0.633,0.830,0.506,1.433
2007,SSD,24.2,-24.0,-2.2,-8.900,3.933,-5,-0.050,-0.027,0.092,0.1601,0.233,0.028,1.890,0.0007,0.0000,0.247,0.581,0.000,0.268,0.878
2007,STLD,40.4,47.4,1.4,-35.430,0.572,-1,0.020,0.224,-0.251,0.2087,0.064,0.045,1.040,0.1066,0.0088,0.576,0.601,0.402,0.023,1.175
2007,STN,32.0,33.4,-4.5,38.960,1.756,1,,0.127,-0.779,0.0745,0.271,0.044,1.530,0.1371,-0.0069,0.139,0.000,1.000,0.380,0.768
2007,SWBI,-2.6,-64.0,0.6,-3.450,0.919,-2,,0.266,-0.126,0.0666,111.457,0.067,2.050,0.0346,0.0185,0.640,0.649,0.863,0.000,0.947
2007,SWK,6.2,-11.9,0.5,5.930,1.299,1,,0.045,-0.213,0.1297,0.235,-0.019,1.110,-0.0004,0.0033,0.774,0.791,1.000,0.000,1.064
2007,SXI,2.5,-35.3,-1.2,-4.520,1.369,-6,,,,0.0568,0.218,0.006,0.610,-0.0058,-0.0058,0.137,0.000,0.000,0.900,0.813
2007,TCOM,53.3,62.3,-4.0,36.100,1.704,2,,0.448,-0.426,0.2852,0.452,-0.005,27.370,0.0282,-0.0128,0.731,0.317,0.759,0.179,0.858
2007,TFII,-16.0,-28.2,-1.2,-39.470,-0.355,-3,-0.195,0.694,0.798,-0.0256,0.164,0.000,0.810,0.0830,-0.0651,0.000,0.725,0.000,0.000,-0.241
2007,TK,38.7,-22.5,0.7,-1.810,0.853,-1,,0.051,-0.054,-0.3328,0.101,-0.045,2.120,-0.0091,-0.0529,0.166,0.417,0.161,0.210,-1.548
2007,TKR,-9.7,-2.5,-0.2,-25.820,-20.968,-2,-0.216,-0.220,0.027,-0.0972,0.169,0.010,0.400,0.0125,-0.1622,0.000,0.102,0.000,0.000,-2.315
2007,TPC,36.5,28.0,-2.8,-46.780,0.547,-1,,0.093,-0.472,0.0328,0.027,-0.010,0.270,0.0182,0.0714,0.966,0.344,0.643,0.120,1.501
2007,TRN,36.6,-31.5,-2.3,-2.230,0.755,-2,0.121,-0.058,-0.127,0.1174,0.070,0.004,0.770,0.0146,0.0532,0.958,1.000,0.385,0.322,3.097
2007,TSCO,2.0,-30.2,0.5,-11.250,0.322,-1,0.000,0.203,0.149,0.0766,0.231,0.020,0.890,0.0157,-0.0061,0.828,1.000,0.000,0.000,1.388
2007,TTEK,0.6,4.7,0.8,-25.780,0.241,-1,,-0.259,-0.341,0.0579,0.063,0.026,0.730,0.0100,0.0077,0.937,0.046,0.381,0.000,2.430
2007,UFPI,-1.1,-31.3,-0.7,-16.840,3.499,-3,0.067,0.767,1.003,0.0217,0.115,-0.023,0.360,0.0068,-0.0232,0.000,0.575,0.000,0.091,0.492
2007,UGP,40.1,38.6,0.1,4.740,1.554,1,-0.194,0.429,0.296,0.0572,0.110,-0.010,0.920,0.0000,0.0242,0.301,0.306,0.104,0.311,0.619
2007,ULH,8.8,-26.3,-2.1,-15.470,0.421,-1,0.031,0.688,0.576,0.0504,-0.062,0.004,0.710,0.0007,-0.0010,0.119,0.829,0.059,0.075,0.741
2007,URBN,37.9,19.1,0.4,6.480,1.957,1,0.000,0.165,0.032,0.1338,0.233,-0.033,3.400,0.0046,-0.0319,0.381,0.311,0.124,0.175,0.890
2007,URI,23.4,-33.0,-1.1,-33.380,-2.635,-4,-0.138,-0.076,0.167,0.2356,0.182,-0.003,0.770,0.0161,0.0965,1.000,0.791,0.000,0.947,2.657
2007,VMI,8.0,47.9,0.6,-11.550,0.317,-2,0.033,-0.018,-0.072,0.0841,0.176,0.030,1.160,0.0253,0.0085,0.794,0.587,0.373,0.091,1.122
2007,WAB,27.5,3.0,-3.5,4.210,1.827,2,0.091,0.106,0.013,0.1237,0.140,0.006,1.550,0.0032,0.0138,0.864,0.554,0.048,0.369,1.457
2007,WCC,10.1,-43.8,0.4,-7.440,0.602,-3,0.029,0.251,0.138,0.0677,0.134,0.069,0.630,0.0019,0.0075,0.870,1.000,0.531,0.042,1.656
2007,WCN,10.3,2.7,-0.2,-2.940,0.801,-4,0.080,0.023,-0.095,0.2084,0.108,-0.004,2.450,-0.0112,-0.0001,0.144,0.378,0.328,0.060,0.869
2007,WEN,14.3,-54.9,1.0,-21.290,0.285,-3,,0.422,0.337,0.0658,0.057,-0.011,1.280,0.2148,0.2004,0.545,0.000,0.244,0.083,1.285
2007,WGO,4.8,-40.8,-0.9,9.540,0.273,1,0.044,0.472,0.508,0.0470,0.022,0.098,1.290,-0.0417,-0.0040,0.000,0.000,0.207,0.640,0.526
2007,WLK,2.8,-40.6,-1.7,-28.750,-1.597,-2,,0.626,0.803,0.0162,0.043,-0.111,0.820,0.0014,-0.1605,0.000,0.000,0.000,0.208,0.127
2007,WNC,14.3,-43.5,-0.1,-19.360,0.169,-1,0.000,1.634,1.595,-0.0165,0.053,0.004,0.400,-0.0048,-0.0771,0.502,0.233,0.305,0.333,-0.937
2007,WOR,21.0,-21.9,-2.4,-4.880,-0.148,-2,0.000,-0.213,-0.207,0.0032,0.080,0.063,0.360,-0.0431,-0.0343,0.000,0.000,0.142,0.316,0.055
2007,WPM,12.6,49.6,-4.0,18.810,1.144,1,0.110,0.887,-0.611,1.1509,0.045,-0.008,16.510,0.1950,0.7099,1.000,0.989,1.000,0.000,4.852
2007,WSO,13.5,-28.1,-0.1,-13.010,-1.121,-2,-0.003,0.012,0.081,0.0496,0.201,-0.036,0.810,-0.0069,-0.0066,0.478,0.600,0.000,0.323,0.861
2007,WTI,-2.4,31.8,3.9,33.850,1.865,2,,1.307,0.577,0.2655,0.044,-0.049,2.710,0.1668,-0.2354,0.000,0.005,1.000,0.000,0.595
2007,WWW,11.6,-29.1,0.5,-0.610,0.913,-2,0.050,0.016,-0.049,0.1094,0.279,0.059,1.390,-0.0911,0.0083,0.500,0.446,0.155,0.000,0.957
2008,AAP,-8.6,-9.3,-48.3,-2.150,0.596,-2,-0.054,-0.057,-0.089,0.0606,0.410,0.010,0.700,-0.1028,-0.0025,0.000,0.595,0.021,0.000,0.692
2008,ABG,-44.8,-83.9,-8.3,0.010,0.993,1,-0.087,-0.082,-0.063,0.0298,0.123,-0.030,0.080,-0.0213,-0.0022,0.855,0.882,0.172,0.000,1.055
2008,ALB,8.2,-42.7,-30.6,6.420,-0.638,1,0.017,0.069,0.044,0.1293,0.132,0.048,1.570,-0.0391,-0.0021,0.866,0.868,0.103,0.378,1.290
2008,ALV,-15.3,-61.6,-18.7,1.010,1.098,2,0.115,-0.050,-0.164,0.0920,0.096,0.048,0.390,-0.0822,0.0069,0.927,0.374,0.644,0.000,1.134
2008,ARLP,4.9,-5.7,-50.9,-10.540,-0.634,-2,0.098,-0.225,-0.185,0.1669,0.044,0.001,1.260,-0.0003,-0.0162,0.741,0.710,0.000,0.000,1.088
2008,AROC,2.3,-75.0,-13.6,20.060,1.098,3,,1.696,-0.557,0.0920,0.102,0.026,1.400,1.2289,-0.0818,0.162,0.159,1.000,0.341,0.558
2008,ASR,18.1,-46.5,-26.9,-6.580,0.733,-4,,12.143,11.962,0.3601,-0.212,0.005,6.620,0.1765,-0.0072,0.683,0.330,0.481,0.479,0.942
2008,AVAV,-10.0,50.3,-93.6,-13.950,0.259,-2,0.078,0.141,0.093,0.1639,0.245,-0.005,2.250,0.3713,-0.1208,0.754,0.809,0.042,0.788,0.928
2008,AVNT,-14.8,-65.9,-14.7,6.280,,1,-0.045,0.293,0.232,0.0295,0.083,-0.016,0.220,0.0032,-0.0082,0.711,0.095,0.756,0.000,0.912
2008,AXON,38.9,-65.8,-19.8,5.050,1.090,1,,,,0.2330,0.321,-0.071,7.730,0.0597,0.0361,0.800,0.103,0.302,0.057,1.457
2008,AZZ,27.6,-23.9,-43.6,2.710,1.091,1,0.222,,,0.1475,0.086,0.128,1.230,0.0285,0.0194,0.903,0.628,0.708,0.593,1.651
2008,BAK,9.8,-75.9,-14.7,19.850,1.426,2,,1.780,1.115,0.1318,0.071,0.092,0.440,0.2525,-0.2279,0.482,0.310,1.000,0.278,1.989
2008,BALL,-8.2,-5.0,-45.6,5.710,2.235,1,,,,0.0694,0.040,-0.020,0.560,-0.0503,-0.0174,0.027,0.357,0.280,0.000,0.563
2008,BC,-43.3,-82.6,-8.5,5.620,,4,-0.100,-0.190,-0.238,0.0099,0.168,0.057,0.290,-0.0402,-0.0124,0.310,0.000,0.312,0.000,0.173
2008,BCPC,29.2,-3.4,-52.2,4.970,1.049,4,0.072,0.940,-0.119,0.1225,0.108,-0.005,2.160,0.0250,-0.0631,0.548,0.000,1.000,0.531,0.762
2008,BJRI,-25.5,-29.0,-32.4,-0.870,0.971,-2,0.077,0.219,-0.073,0.0534,0.646,-0.069,1.260,-0.0029,0.0018,0.342,1.000,0.400,0.000,0.986
2008,BKNG,122.3,-32.8,-33.9,-4.370,0.868,-1,0.143,0.003,-0.284,0.1314,0.150,-0.026,3.300,0.0175,0.0831,0.810,0.979,0.923,1.000,3.079
2008,BTE,23.9,-59.5,-26.7,23.610,1.917,2,0.081,2.117,1.623,0.4368,0.044,0.028,3.390,0.1042,1.1218,0.474,0.591,0.312,0.213,0.853
2008,BWA,23.1,-58.7,-17.6,-9.700,0.595,-1,0.057,0.019,-0.124,0.0896,0.099,0.010,0.900,0.0105,0.0794,0.936,0.465,0.552,0.828,1.147
2008,BYD,-50.5,-83.6,-9.0,59.600,-2.413,2,0.054,-0.142,-0.564,0.1687,0.250,-0.009,1.070,0.0065,-0.1969,0.314,0.887,0.715,0.000,0.992
2008,CASY,1.8,-24.6,-45.5,7.340,1.403,3,-0.071,0.086,-0.170,0.0194,0.104,-0.041,0.280,0.0039,-0.0025,0.307,0.097,0.659,0.000,0.662
2008,CBRL,-18.5,-53.2,-27.3,-0.460,0.889,-1,0.232,0.078,0.041,0.0716,0.529,0.113,0.380,-0.3403,0.0026,0.894,0.785,0.720,0.062,1.135
2008,CBT,-33.9,-52.1,-24.0,6.740,4.724,2,,0.405,0.320,0.0619,0.103,0.073,0.730,-0.0725,-0.0603,0.835,0.284,0.318,0.000,1.298
2008,CDE,2.6,-85.5,-7.9,-15.110,-2.387,-1,,1.591,1.698,0.2345,0.122,-0.004,12.310,0.9806,-0.0881,0.961,0.480,0.000,1.000,1.359
2008,CENX,22.2,-94.7,-2.7,-17.340,0.095,-1,-0.250,0.184,0.166,0.0944,0.044,-0.021,1.360,0.2625,-0.0997,0.334,0.187,0.067,0.930,0.723
2008,CHDN,9.7,-45.3,-33.7,73.600,-31.014,2,,0.373,-0.340,-0.0579,0.175,0.046,1.620,0.0228,-0.1151,0.458,0.081,1.000,0.671,-2.661
2008,CHH,-16.8,-24.0,-29.7,-1.880,0.888,-1,0.024,-0.002,-0.151,0.2911,1.918,0.017,3.410,-0.0613,0.0136,0.486,0.510,0.721,0.000,0.989
2008,CLH,31.2,-21.0,-42.6,-0.660,0.955,-2,,0.075,-0.066,0.1076,0.161,0.084,0.780,0.0013,0.0095,0.670,0.863,0.105,0.581,1.289
2008,CMC,12.2,-65.6,-15.5,6.330,1.536,2,,0.762,0.581,0.0356,0.070,0.026,0.440,-0.0310,-0.0245,0.167,0.000,0.248,0.073,0.589
2008,CMCO,-0.2,-53.5,-25.1,4.280,1.859,2,0.221,0.430,0.337,0.1235,0.176,0.008,0.790,0.0099,0.0186,0.960,0.958,0.452,0.609,1.272
2008,CMP,43.7,38.9,-56.2,41.610,4.235,1,0.248,0.205,-0.340,0.2128,0.062,0.079,1.770,0.0127,0.0020,0.727,0.654,1.000,1.000,1.351
2008,CRAI,-6.3,-47.7,-35.4,11.090,3.183,1,0.192,-0.038,-0.200,0.1344,0.248,-0.062,1.400,-0.0720,-0.0148,0.627,0.328,0.201,0.000,0.983
2008,CRI,-12.1,-0.1,-30.7,-0.620,0.872,-1,-0.059,-0.030,-0.072,0.1288,0.236,0.029,0.910,-0.0595,-0.0034,0.411,0.181,0.204,0.080,1.001
2008,CRK,13.4,23.6,-50.1,22.060,1.682,1,,-0.140,-0.684,0.3890,0.047,0.025,2.130,0.0188,0.1094,0.578,0.819,0.363,0.053,0.974
2008,CRS,15.8,-73.1,-14.2,-16.270,0.066,-4,0.072,0.048,0.037,0.1803,0.083,0.086,1.580,-0.0702,0.0401,0.810,0.795,0.169,0.000,1.285
2008,CSL,-19.4,-50.6,-23.4,-9.530,0.524,-1,,0.285,0.180,0.1609,0.109,0.138,0.790,-0.0172,0.0559,0.841,0.253,0.386,0.000,1.568
2008,CW,2.9,-23.3,-34.4,4.510,1.167,3,0.118,0.249,-0.067,0.1229,0.208,-0.001,1.150,0.0098,0.0021,0.642,0.504,0.298,0.000,1.060
2008,DAC,0.4,-83.5,-8.4,-6.340,0.324,-1,0.031,0.056,0.026,0.4804,0.034,-0.046,4.960,0.0000,-0.0649,0.508,0.424,0.401,0.268,0.733
2008,DDS,-48.3,-79.7,-11.1,-3.910,1.807,-2,-0.173,3.000,3.087,0.0476,0.257,0.027,0.170,-0.0773,-0.0148,0.742,0.605,0.000,0.000,2.167
2008,DECK,106.2,-56.2,-23.8,-0.990,0.983,-1,0.125,0.158,-0.404,0.2932,0.189,-0.006,3.700,0.0207,0.1189,1.000,0.962,0.504,0.470,1.624
2008,DINO,0.2,-51.7,-21.1,50.460,17.446,1,,,,0.0455,0.009,0.123,0.570,-0.0853,-0.0276,0.249,0.000,0.638,0.000,0.649
2008,DKS,-6.8,-56.9,-28.6,-0.260,0.986,-2,0.033,0.173,-0.009,0.1028,0.208,-0.013,0.760,0.0516,-0.0094,0.927,0.968,0.179,0.000,1.900
2008,DMLP,-1.6,-12.0,-17.9,30.180,-1.338,2,,,,0.6696,0.060,-0.007,9.190,0.0000,0.0413,0.974,0.968,0.413,0.163,1.779
2008,DRI,-27.7,-3.6,-51.4,7.530,1.764,3,0.037,0.484,0.310,0.1014,0.090,0.014,0.640,-0.0310,-0.0142,0.570,0.474,1.000,0.000,1.116
2008,DY,-34.8,-68.3,-18.5,-8.270,0.553,-2,,-0.138,-0.240,-0.0083,0.078,0.000,0.480,0.0049,-0.0547,0.000,0.000,0.373,0.000,-0.122
2008,EBF,-27.9,-48.2,-21.8,5.570,2.307,2,-0.163,,,0.1122,0.136,-0.055,0.720,0.0009,-0.0159,0.290,0.381,0.120,0.000,0.927
2008,EGY,-11.1,3.2,-51.3,96.990,3.707,4,-0.056,8.166,6.838,0.4715,-0.165,-0.019,2.400,0.0050,-0.0883,0.412,0.389,0.744,0.000,0.744
2008,ENS,56.1,-61.9,-16.5,16.070,1.529,3,,0.273,-0.192,0.0567,0.117,0.039,0.670,0.0223,0.0007,0.528,0.000,1.000,0.906,0.928
2008,EPAC,13.7,-71.8,-12.4,-3.850,0.817,-1,0.049,0.033,-0.139,0.1070,0.207,0.001,1.210,0.0195,-0.0012,0.000,0.604,0.147,0.066,0.852
2008,EQT,28.5,-32.0,-33.1,11.350,-3.406,1,0.058,0.380,0.292,0.2441,0.134,0.042,2.710,0.0101,-0.0657,0.730,0.359,0.702,0.929,0.951
2008,ESLT,72.8,-24.0,-43.1,-11.310,0.700,-1,0.013,0.140,-0.125,0.0647,0.200,0.102,1.230,0.0166,0.0188,0.787,0.772,0.566,0.627,1.040
2008,EXP,-30.1,-48.2,-25.0,-1.290,1.072,-7,0.064,1.481,1.673,0.1613,0.025,-0.013,1.930,-0.0901,-0.0945,0.118,0.170,0.000,0.022,0.716
2008,EXPE,6.4,-64.0,-17.1,1.500,1.063,5,-0.016,0.197,-0.055,0.1929,0.560,0.042,1.300,-0.1156,0.0055,0.695,0.504,1.000,0.063,1.080
2008,FCN,68.8,-34.6,-39.4,-26.950,0.521,-1,0.035,0.074,-0.219,0.1995,0.249,0.015,2.570,0.1399,-0.0071,0.548,0.204,0.250,0.527,0.971
2008,FIX,-18.1,-20.0,-43.9,9.960,,1,-0.192,-0.117,-0.211,0.0446,0.141,-0.065,0.400,-0.0163,0.0027,0.894,0.779,0.801,0.000,1.991
2008,FMC,37.7,-13.6,-37.4,5.090,1.536,1,-0.143,0.094,-0.052,0.0639,0.168,0.007,1.270,-0.0156,-0.0863,0.489,0.523,0.892,0.571,0.891
2008,FRO,36.1,-50.2,-26.8,-52.800,-0.238,-1,0.029,0.336,0.438,0.2613,-0.031,0.038,2.130,0.0000,-0.3699,0.314,0.395,0.133,0.201,0.512
2008,FSS,-25.6,-48.5,-28.3,10.270,4.442,2,,-0.185,-0.318,0.0484,0.171,0.136,0.470,-0.0021,-0.0051,0.444,0.325,0.782,0.000,1.004
2008,FTK,-17.8,-90.9,-4.0,-12.490,0.709,-3,-0.105,0.694,0.389,0.1444,0.221,-0.153,12.670,0.0512,-0.0464,0.955,0.725,0.154,0.010,2.053
2008,FUL,-22.9,-36.5,-37.0,-6.000,2.107,-3,-0.133,-0.054,0.060,0.1122,0.202,-0.041,0.940,-0.0116,0.0378,1.000,1.000,0.168,0.056,1.735
2008,FUN,-22.4,-55.4,-19.1,-8.370,-0.788,-2,,0.746,0.783,-0.1701,0.154,0.017,1.230,-0.0093,-0.1544,0.712,0.099,0.066,0.000,-0.951
2008,FWRD,-3.9,-23.5,-31.0,14.760,2.827,4,0.152,0.236,0.007,0.1746,0.218,0.016,2.210,-0.0427,-0.0280,0.305,0.630,1.000,0.000,0.910
2008,GEO,9.0,-43.1,-27.5,-15.820,0.280,-4,0.112,0.108,0.046,0.0891,0.067,0.065,1.290,0.2950,0.0132,0.969,0.905,0.250,0.640,2.165
2008,GIL,43.2,-70.9,-13.5,26.420,3.996,1,0.103,0.266,-0.086,0.1830,0.130,-0.017,4.210,0.0017,0.0411,0.812,0.545,0.583,0.160,1.197
2008,GLNG,64.3,-76.6,-13.7,-15.140,6.063,-2,0.041,1.553,1.735,0.4146,0.078,-0.006,6.380,-0.1304,-0.1407,0.147,0.537,0.000,0.877,0.882
2008,GNTX,-9.8,-45.3,-25.4,-0.920,0.939,-1,,0.132,-0.009,0.1975,0.128,-0.047,3.500,0.0322,-0.0240,0.000,0.037,0.501,0.000,0.762
2008,GRC,-4.6,-1.4,-44.5,12.680,3.366,1,0.100,-0.102,-0.282,0.0979,0.124,-0.014,1.500,0.0002,0.0508,0.702,0.778,0.694,0.138,1.188
2008,HBM,-11.3,-73.0,-15.1,0.170,1.044,1,,0.248,0.207,0.1928,0.029,-0.075,1.730,-0.0008,-0.2834,1.000,0.428,0.459,0.000,0.002
2008,HEI,24.8,-29.2,-41.3,-9.230,0.662,-3,,0.188,0.007,0.1730,0.176,-0.009,2.360,0.0148,0.0222,0.879,0.417,0.370,0.000,1.086
2008,HL,25.8,-83.0,-8.6,-12.050,6.123,-4,0.077,0.529,0.673,0.0880,-0.178,-0.021,5.610,0.0200,-0.0599,0.665,0.335,0.113,0.781,11.876
2008,HLIO,58.8,-47.8,-29.2,2.590,1.167,1,0.105,0.122,-0.059,0.1953,0.128,0.172,2.510,0.0122,0.0169,0.909,0.820,0.368,0.563,1.355
2008,HLX,-1.6,-91.3,-5.1,3.370,1.146,1,0.012,0.003,-0.261,0.0975,0.090,0.015,1.720,0.0047,-0.1814,0.000,0.000,0.224,0.000,0.417
2008,HNI,-33.5,-60.1,-16.2,1.360,0.284,2,,0.088,0.093,0.0741,0.277,-0.005,0.580,-0.0537,0.0134,0.403,0.744,0.224,0.000,0.929
2008,HP,41.0,-36.9,-30.8,-7.080,0.720,-2,0.053,0.368,0.186,0.3693,0.030,0.049,2.440,0.0080,-0.0103,0.812,1.000,0.534,0.127,1.499
2008,HTLD,-8.8,-10.4,-48.5,4.400,,1,,0.039,-0.002,-0.3726,1.301,-0.051,2.400,-0.0207,-0.0569,0.211,0.225,0.148,0.020,-6.026
2008,HUBG,-8.1,-24.2,-31.1,7.980,-1.434,1,0.162,0.050,0.003,0.0574,0.023,-0.007,0.630,-0.0549,0.0059,0.961,0.696,0.630,0.268,1.565
2008,HURN,-9.3,-15.9,-48.5,-22.460,0.700,-1,,0.155,-0.369,0.1576,0.184,-0.023,1.740,0.0387,0.0087,0.944,0.281,0.451,0.000,1.099
2008,IAG,2.0,12.8,-63.3,-103.190,0.359,-1,,0.540,-0.037,0.1218,0.042,-0.004,3.380,0.2024,0.0148,0.546,0.386,0.272,0.000,1.485
2008,ICFI,28.6,-0.8,-56.3,-20.730,0.754,-2,0.016,0.154,-0.483,0.0934,0.177,-0.003,0.480,0.0530,-0.0383,0.762,0.201,0.206,0.000,1.126
2008,IFF,-18.0,-29.4,-34.1,-0.580,0.930,-1,-0.019,0.114,0.038,0.1280,0.275,-0.092,1.390,-0.1016,-0.0015,0.515,0.074,0.589,0.000,0.837
2008,IOSP,-39.7,-72.8,-12.9,-1.370,0.752,-2,,0.127,0.085,0.0770,0.199,0.084,0.650,-0.0048,0.0674,0.829,0.052,0.407,0.000,1.723
2008,IT,-21.0,-13.3,-38.3,1.470,1.111,2,0.043,-0.294,-0.440,0.1952,0.355,0.168,1.420,-0.0554,0.0601,1.000,1.000,0.812,0.000,3.030
2008,JHX,-25.1,-41.5,-13.4,-9.440,3.447,-1,,,,0.0738,0.178,0.008,1.770,-0.0278,0.0195,0.595,0.334,0.000,0.066,0.774
2008,KAI,10.3,-72.9,-18.5,10.000,5.294,2,0.227,-0.162,-0.285,0.1051,0.274,0.069,1.120,0.0070,0.0119,0.220,0.300,0.367,0.054,1.018
2008,KEX,18.7,-42.2,-29.7,8.110,1.566,1,0.016,0.170,-0.054,0.1958,0.100,-0.002,1.980,0.0004,0.0227,0.935,0.836,0.604,0.093,1.252
2008,KFRC,-39.6,-11.3,-34.3,-1.730,0.823,-4,0.021,0.101,0.020,0.0661,0.276,-0.029,0.340,-0.0099,0.0019,0.892,0.839,0.236,0.000,1.577
2008,KMX,-18.8,-37.9,-29.7,1.970,1.297,1,,0.741,0.655,0.0182,0.108,0.024,0.530,0.0191,-0.0025,0.406,0.444,0.107,0.000,0.801
2008,KNX,-13.5,-21.6,-39.3,3.410,2.053,1,-0.042,0.165,0.099,0.1198,0.324,0.111,1.450,0.0068,-0.0680,0.000,0.000,0.091,0.000,0.700
2008,KRO,-49.2,-62.4,-21.2,-291.070,0.014,-1,,,,0.0319,0.130,-0.020,0.400,0.0000,-0.0948,0.000,0.000,0.263,0.000,0.283
2008,LCII,-1.3,-71.7,-13.5,3.890,0.042,4,-0.033,-0.125,-0.123,0.0738,0.155,0.063,0.860,0.0107,0.0230,0.359,0.471,0.286,0.140,0.847
2008,LEU,-39.5,-41.2,-30.9,-38.500,0.258,-1,,0.513,0.379,0.0569,0.064,0.039,0.530,0.2661,-0.0609,0.583,0.204,0.491,0.240,1.313
2008,LKQ,106.0,-47.5,-28.8,79.570,4.431,2,,0.900,-0.127,0.1041,0.326,0.185,2.600,0.2619,0.0143,0.051,0.031,1.000,0.796,0.764
2008,LNN,176.4,-69.5,-11.4,22.930,1.484,4,,0.636,-0.067,0.1462,0.131,0.180,3.140,0.0270,0.0879,1.000,1.000,1.000,1.000,2.376
2008,LXU,102.5,-60.6,-21.4,-10.680,0.444,-1,,-0.171,-0.257,0.0835,0.143,0.004,0.800,0.8023,0.0304,0.684,0.911,0.521,0.667,2.276
2008,LZB,-42.6,-88.4,-5.1,9.420,0.447,3,,-0.096,-0.020,0.0083,0.281,-0.018,0.280,-0.0004,-0.0142,0.505,1.000,0.735,0.188,0.502
2008,MAN,-19.8,-51.8,-26.5,9.900,1.707,2,0.085,0.036,-0.203,0.0396,0.147,0.028,0.220,-0.0636,0.0035,0.639,0.507,0.976,0.000,1.381
2008,MATV,-4.9,-9.8,-45.9,-0.640,0.955,-1,-0.167,,,0.0308,0.095,-0.057,0.510,-0.0198,0.0615,0.446,0.292,0.684,0.269,0.552
2008,MCRI,-19.9,-59.3,-21.9,-3.870,0.058,-2,-0.192,0.512,0.509,0.1526,0.350,-0.007,2.330,0.0028,-0.0501,0.207,0.504,0.000,0.000,0.759
2008,MEOH,-0.8,-60.2,-20.0,33.370,-0.393,1,,0.804,0.710,0.3300,0.000,0.023,1.020,-0.0692,-0.0464,1.000,0.921,0.306,0.000,1.469
2008,MGRC,-37.3,1.5,-52.0,-2.570,0.305,-2,0.021,-0.049,-0.060,0.3167,0.177,-0.050,1.710,-0.0452,0.0130,0.988,0.669,0.223,0.000,90.357
2008,MIDD,15.0,-67.3,-21.7,16.330,1.515,2,0.111,0.522,0.042,0.1890,0.189,0.031,1.770,0.0383,-0.0191,0.902,0.479,1.000,0.310,1.106
2008,MLI,-15.5,-24.9,-34.5,5.170,1.571,2,,-0.095,-0.237,0.0839,0.000,-0.025,0.190,-0.0027,0.0551,0.612,0.540,0.268,0.000,1.173
2008,MLKN,-23.6,-66.4,-14.8,0.820,1.605,1,,,,0.1245,0.219,-0.008,0.860,-0.0879,0.0233,0.098,0.766,0.346,0.000,0.988
2008,MLM,-14.4,-24.6,-33.6,-2.540,0.047,-1,-0.139,0.226,0.225,0.1914,0.069,-0.102,1.980,-0.0724,-0.0018,0.846,0.771,0.166,0.099,1.296
2008,MOD,-41.6,-93.8,-3.0,7.230,-4.253,1,,0.769,0.711,-0.0468,0.030,-0.038,0.270,-0.0036,-0.0851,0.000,0.146,0.266,0.000,-1.210
2008,MOV,-24.9,-61.5,-14.2,-10.950,-0.311,-2,0.143,-0.200,-0.174,0.0229,0.567,0.147,1.020,0.0250,-0.0827,0.000,0.155,0.000,0.000,0.257
2008,MTRN,-40.2,-46.5,-24.5,0.700,1.046,1,-0.125,-0.122,-0.281,0.0781,0.120,-0.163,0.530,-0.0268,0.0152,0.659,0.083,0.313,0.000,1.876
2008,MTX,-8.5,-29.5,-35.9,-7.550,-1.252,-2,0.235,-0.245,-0.203,0.3264,0.113,0.028,0.960,-0.0791,0.2475,1.000,1.000,0.000,0.000,4.622
2008,MTZ,-28.1,18.6,-72.2,8.380,2.638,1,0.071,0.087,-0.048,0.0476,0.071,-0.014,0.520,0.0271,0.0098,0.265,0.366,0.511,0.000,0.819
2008,MYE,-31.4,-72.0,-16.0,4.670,1.309,2,,-0.069,-0.267,0.0185,0.206,-0.160,0.470,0.0079,-0.0553,0.815,0.000,0.764,0.000,0.501
2008,NAT,-16.6,0.2,-43.4,33.500,0.018,1,,-0.018,-0.011,0.3700,0.063,-0.047,4.420,0.1137,-0.0265,0.317,0.486,0.112,0.000,0.607
2008,NPO,-22.8,-29.7,-32.1,2.040,1.193,1,0.045,0.059,-0.067,-0.0131,0.219,-0.081,0.600,-0.0120,1.1172,0.882,0.629,0.736,0.000,-1.803
2008,NWPX,12.0,-25.6,-37.1,1.200,,1,,0.017,0.010,0.1038,0.080,0.011,0.930,0.0183,0.0099,0.560,0.940,0.279,0.912,1.216
2008,NX,33.7,-85.3,-8.5,-63.830,-10.177,-1,,-0.413,0.168,-0.2438,0.041,0.039,1.070,-0.0138,-0.3562,0.000,0.668,0.000,0.923,-3.002
2008,OII,53.6,-53.3,-23.5,-3.260,0.926,-1,0.000,0.267,-0.140,0.1540,0.075,0.013,2.070,0.0112,0.0142,0.796,0.695,0.924,0.476,1.341
2008,OIS,29.3,-56.6,-21.5,9.950,1.995,3,0.011,0.098,-0.101,0.1233,-0.094,0.021,0.520,0.0125,-0.0279,0.541,0.421,0.352,0.118,1.004
2008,OKE,14.4,-50.2,-25.9,23.500,4.669,1,0.089,0.347,0.048,0.0642,0.000,0.026,0.330,-0.0604,-0.0019,0.175,0.122,0.305,0.071,0.807
2008,OLN,6.6,-10.3,-47.9,12.970,0.780,1,0.111,-0.479,-0.020,0.0904,0.083,0.033,0.570,0.0150,0.0344,0.883,0.789,0.128,0.692,1.840
2008,ORLY,-16.3,-1.6,-48.9,-2.590,0.760,-1,0.000,0.133,0.051,0.1054,0.342,-0.021,1.210,0.0127,-0.0093,0.292,0.939,0.000,0.000,0.897
2008,OSK,-19.8,-74.6,-12.7,-49.220,0.499,-2,0.020,0.001,-0.489,0.0733,0.082,-0.068,0.470,-0.0041,-0.0098,0.346,0.529,0.418,0.000,0.850
2008,OXM,-55.2,-68.1,-13.3,106.540,89.605,2,,-0.128,-1.205,0.0565,0.328,0.008,0.290,-0.0179,-0.0173,0.067,0.976,0.566,0.000,0.689
2008,PAAS,25.7,-52.8,-23.1,-32.780,0.109,-1,-0.121,1.324,1.284,0.2686,0.070,0.001,9.610,0.0302,-0.1058,0.503,0.712,0.335,0.371,2.474
2008,PDS,-10.8,-80.2,-8.0,4.400,0.839,2,0.093,-0.080,0.148,0.3124,0.075,0.023,4.690,0.0000,-0.0912,0.660,0.798,0.315,0.090,1.162
2008,PENN,8.1,-65.0,-15.4,-5.160,-1.048,-2,-0.098,0.120,0.147,0.1890,0.166,-0.003,0.400,0.0294,-0.1418,0.356,0.593,0.082,0.136,0.989
2008,PII,-7.0,-46.0,-25.0,9.700,1.882,4,0.039,0.005,-0.202,0.1160,0.122,0.020,0.820,-0.0504,-0.0051,0.727,0.423,1.000,0.000,1.141
2008,PKE,3.2,-37.3,-28.2,7.920,-0.189,3,0.000,0.274,0.262,0.1399,0.121,0.123,2.500,0.0088,-0.0177,0.600,0.654,0.419,0.257,1.476
2008,PKG,11.9,-46.5,-26.8,2.120,1.763,1,-0.087,0.133,0.084,0.1293,0.097,-0.023,1.120,-0.0036,0.0049,0.940,0.923,0.425,0.158,1.490
2008,PNR,1.9,-31.0,-33.4,4.050,1.526,4,0.117,-0.070,-0.187,0.1108,0.200,0.010,0.650,0.0031,0.0298,0.543,1.000,0.728,0.711,1.076
2008,POOL,-46.6,-22.6,-37.8,-3.780,3.120,-3,0.167,-0.224,-0.169,-0.0425,0.307,0.033,0.500,-0.0314,-0.0298,0.000,0.106,0.000,0.000,-0.679
2008,POWL,27.9,-33.9,-24.1,-50.610,0.282,-1,,-0.148,-0.346,0.0448,0.137,0.079,0.770,0.0226,0.0025,0.796,0.575,0.448,0.170,1.628
2008,PTEN,-4.4,-55.9,-20.1,3.750,0.831,1,0.079,-0.078,0.107,0.2523,0.030,-0.030,1.620,-0.0179,-0.1280,0.531,0.608,0.035,0.038,0.948
2008,PVH,-37.0,-53.4,-24.6,-17.610,0.219,-1,0.038,0.034,-0.016,0.0902,0.410,0.063,0.850,-0.0401,0.0055,0.659,0.981,0.218,0.013,0.996
2008,PWR,6.2,-34.9,-36.6,24.360,2.011,2,,0.259,-0.226,0.0611,0.096,0.053,1.560,0.4407,0.0830,0.873,0.962,1.000,0.478,2.083
2008,RBA,26.9,-37.6,-32.6,124.600,6.608,2,,0.425,-1.043,0.2682,0.505,-0.052,8.120,0.0069,0.0967,0.477,0.159,1.000,0.000,0.842
2008,RBC,-23.2,-9.4,-40.0,-1.760,0.742,-1,-0.022,0.077,0.026,0.1879,0.001,-0.023,2.490,0.0184,0.0007,0.918,0.880,0.021,0.409,1.211
2008,RES,-38.9,-17.9,-41.2,11.100,3.208,1,0.212,0.482,0.321,0.1863,0.154,0.062,1.460,0.0076,-0.1088,0.535,0.638,0.239,0.000,1.024
2008,RGLD,-8.2,53.5,-78.1,-11.500,0.556,-3,,2.615,2.471,0.4343,0.134,-0.016,17.150,0.2586,-0.1752,0.360,0.472,0.175,0.085,0.820
2008,RHI,-38.6,-27.0,-37.6,0.330,1.023,1,0.064,0.142,-0.009,0.1057,0.323,0.018,0.850,-0.0618,-0.0068,0.905,1.000,0.315,0.000,1.268
2008,ROST,-16.4,22.4,-51.8,-5.110,0.345,-2,0.059,0.103,0.076,0.0904,0.144,-0.014,0.630,-0.0408,-0.0029,0.680,0.482,0.000,0.075,1.222
2008,RRX,-21.5,-11.4,-38.4,22.290,4.108,4,,,,0.0954,0.127,0.008,0.680,-0.0252,-0.0123,0.497,0.456,0.291,0.000,0.999
2008,RS,18.4,-60.3,-19.4,-2.110,0.813,-3,0.045,-0.021,-0.113,0.0892,0.153,0.021,0.530,-0.0396,0.0005,0.592,0.207,0.087,0.000,0.957
2008,RUSHA,32.3,-40.8,-23.2,-7.550,1.379,-5,0.032,-0.240,0.035,0.0465,0.122,-0.010,0.220,0.0161,-0.0007,0.913,0.480,0.000,0.727,1.202
2008,SAH,-32.2,-66.6,-9.6,2.140,1.374,2,,-0.028,-0.107,0.0366,0.113,0.038,0.100,-0.0489,-0.0012,0.891,0.271,0.484,0.000,1.114
2008,SHOO,-36.0,-6.7,-53.2,-1.970,1.247,-1,0.212,0.131,0.230,0.0677,0.340,0.091,0.850,-0.0437,-0.0783,0.383,0.523,0.139,0.000,0.642
2008,SKY,-28.6,-28.5,-41.0,-1.790,1.107,-1,,,,-0.0508,0.126,-0.047,3.540,0.0000,-0.0459,0.191,0.134,0.380,0.312,-5.507
2008,SM,-6.5,-54.2,-23.2,11.230,1.457,1,0.076,0.192,-0.166,0.2055,-0.138,-0.032,1.120,0.1026,-0.1363,0.000,0.240,0.317,0.000,0.578
2008,SMG,-37.1,-6.7,-47.3,10.410,4.050,1,-0.136,-0.052,-0.190,-0.2261,0.467,-0.001,0.750,-0.0446,0.0858,0.242,0.139,0.414,0.000,-18.779
2008,SSD,-26.9,-15.5,-37.3,1.780,0.573,1,,0.379,0.403,0.0294,0.248,-0.038,1.460,0.0033,-0.1307,0.000,0.000,0.194,0.000,0.171
2008,STLD,51.6,-58.8,-22.0,45.940,2.712,2,0.020,0.953,0.225,0.1228,0.052,0.028,1.140,-0.0187,-0.0859,0.195,0.152,0.550,0.096,0.704
2008,STN,39.0,-42.0,-30.3,-7.270,0.730,-1,,0.364,0.167,0.0685,0.276,0.041,1.750,0.0023,-0.0060,0.077,0.002,0.309,0.581,0.674
2008,SWK,-7.5,-36.7,-32.4,2.820,1.241,3,0.051,0.044,-0.101,0.1362,0.235,0.050,0.880,-0.0531,0.0065,0.787,0.741,0.684,0.000,1.075
2008,TCOM,54.2,-37.8,-17.3,2.280,1.036,1,,0.622,-0.032,-0.5878,0.425,-0.050,21.440,0.0231,-0.8983,0.403,0.529,0.656,0.031,-2.103
2008,TFII,-37.6,-58.3,-20.7,21.320,1.621,4,,0.176,-0.381,-0.0730,0.159,-0.131,0.390,-0.0018,-0.0474,0.000,0.669,0.492,0.000,-0.823
2008,THO,-36.0,-63.4,-20.8,-2.360,0.523,-1,-0.025,-0.104,-0.129,0.0499,0.067,-0.009,0.550,-0.0003,0.0092,0.000,0.000,0.177,0.000,0.673
2008,TK,-24.5,-56.7,-20.2,-18.180,0.327,-2,,0.469,0.380,0.1498,0.004,-0.026,1.310,-0.0255,0.4826,0.582,0.260,0.153,0.000,0.915
2008,TKR,2.1,-41.9,-28.3,39.840,,4,-0.073,-0.019,-0.409,0.0506,0.135,0.047,0.390,0.0084,0.1479,0.803,0.505,0.765,0.000,1.058
2008,TRN,-31.7,-65.3,-17.5,7.650,1.313,2,0.089,-0.021,-0.342,0.1324,0.055,-0.003,0.450,0.0038,0.0151,0.928,0.894,0.693,0.000,2.082
2008,TSCO,-33.3,1.8,-52.2,2.310,1.184,2,0.000,,,0.0695,0.237,-0.046,0.470,-0.0995,-0.0071,0.696,0.993,0.264,0.000,1.210
2008,TTEK,5.0,12.4,-57.7,17.510,2.767,1,,-0.278,-0.552,0.0483,0.071,0.003,0.680,0.0162,-0.0096,0.926,0.040,0.602,0.000,2.401
2008,UFPI,-34.4,-34.2,-28.5,1.860,,4,,-0.220,-0.247,-0.0220,0.123,-0.044,0.240,-0.0213,-0.0436,0.000,0.000,0.453,0.061,-0.561
2008,ULH,-26.0,-46.4,-28.0,4.780,,1,0.035,0.020,-0.027,0.0417,-0.068,0.004,0.490,-0.0032,-0.0087,0.056,0.818,0.071,0.133,0.632
2008,URBN,15.6,-44.0,-30.4,5.980,1.260,5,0.104,0.153,-0.137,0.1726,0.223,-0.029,3.220,0.0107,0.0388,0.661,0.606,0.425,0.162,1.090
2008,URI,-34.4,-76.2,-12.7,34.500,-3.857,1,0.157,-0.082,-0.356,0.1882,0.159,-0.020,0.570,0.1549,-0.0474,0.908,0.374,1.000,0.000,1.617
2008,VMI,49.4,-52.4,-21.2,-2.310,0.882,-1,0.000,0.097,-0.077,0.1038,0.168,0.010,1.500,0.0098,0.0197,0.887,1.000,0.649,0.613,1.310
2008,WAB,1.8,-26.6,-41.3,-7.900,0.753,-1,0.000,0.109,-0.132,0.1265,0.135,-0.011,1.260,0.0029,0.0028,0.849,0.497,0.783,0.041,1.294
2008,WCC,-34.9,-55.9,-21.5,-6.860,0.545,-1,0.052,-0.037,-0.119,0.0663,0.130,0.157,0.310,-0.1512,-0.0014,0.839,0.765,0.372,0.000,1.343
2008,WCN,2.4,-5.6,-38.2,1.790,1.113,1,,0.143,-0.033,0.2007,0.101,-0.002,2.080,-0.0349,-0.0076,0.052,0.121,0.760,0.000,0.872
2008,WEN,-55.1,-41.4,-13.2,-7.210,-0.823,-1,0.212,-0.889,-0.856,0.1807,0.062,-0.005,0.610,0.0785,0.1148,1.000,0.565,0.000,0.000,10.022
2008,WFG,-19.3,-22.6,-38.9,36.390,3.428,4,,,,-0.0814,0.665,-0.014,0.370,-0.0072,-0.6629,0.009,1.000,0.635,0.000,-1.418
2008,WGO,-45.6,-70.2,-13.5,-24.120,-2.638,-2,,-0.819,-0.644,0.0149,0.026,-0.082,0.620,-0.0859,-0.0321,0.000,0.000,0.018,0.000,0.189
2008,WLK,-47.6,-20.8,-39.4,37.400,2.499,4,,1.122,0.498,0.0235,0.027,-0.118,0.340,-0.0005,0.0073,0.045,0.000,1.000,0.000,0.214
2008,WOR,-17.8,-48.7,-21.6,9.290,-3.342,3,0.000,-0.325,-0.396,0.0249,0.076,0.052,0.280,-0.0597,0.0217,0.192,0.154,0.263,0.000,0.489
2008,WPM,53.6,-55.0,-22.6,20.260,-2.907,2,-0.083,0.410,0.260,0.5939,0.069,0.027,23.560,0.0274,-0.5570,0.769,1.000,0.170,0.100,2.042
2008,WSO,-31.4,-0.3,-43.6,0.280,1.122,2,,-0.027,-0.053,0.0297,0.225,-0.046,0.560,-0.0082,-0.0200,0.006,0.603,0.241,0.000,0.482
2008,WTI,36.3,-73.5,-14.4,8.830,1.451,1,0.194,0.183,-0.101,0.2251,0.028,0.034,2.650,-0.0083,-0.0404,0.252,0.295,0.347,0.346,0.565
2008,WWW,-24.3,-21.5,-38.1,0.800,1.213,1,0.136,-0.019,-0.065,0.0917,0.278,0.068,0.950,-0.0541,-0.0177,0.147,0.567,0.059,0.000,0.789
2009,AAL,-39.9,-25.2,28.0,-11.750,-0.471,-1,,0.098,0.135,-0.0358,0.040,-0.012,0.030,-0.0642,-0.0237,0.600,0.810,0.000,0.061,-52.647
2009,AAP,-7.9,30.7,44.5,11.150,5.318,1,,-0.005,-0.142,0.0392,0.415,0.015,0.600,-0.0083,-0.0214,0.000,0.000,0.932,0.190,0.452
2009,ACM,2.0,-5.7,27.3,-11.700,0.747,-1,0.000,0.287,-0.058,0.0476,0.012,0.002,0.520,0.0349,0.0063,0.752,0.023,0.612,0.638,0.890
2009,AGCO,-57.1,27.4,33.4,-29.930,-0.022,-2,0.069,-0.452,-0.446,0.0649,0.108,-0.046,0.260,-0.0695,0.0059,0.895,0.438,0.139,0.000,1.298
2009,AGI,-24.9,132.7,98.1,-82.010,0.409,-1,,0.524,-0.042,0.2715,0.077,-0.062,4.480,0.0644,0.2217,1.000,1.000,0.258,0.003,0.013
2009,ALB,-42.4,60.4,54.7,-26.690,-1.038,-1,-0.125,-0.272,-0.136,0.0903,0.154,0.004,0.840,-0.0202,-0.0390,0.323,0.589,0.000,0.115,0.847
2009,ALGT,59.4,33.0,45.3,-14.130,0.601,-4,,-0.003,-0.216,0.2344,0.027,-0.011,1.540,-0.0096,0.1744,0.888,1.000,0.000,0.239,1.113
2009,ALK,21.4,32.4,44.8,-9.410,-0.335,-1,,-0.376,-0.352,-0.1290,0.032,0.036,0.270,-0.0189,-0.1397,0.131,0.563,0.000,0.303,-9.113
2009,ALV,-61.9,113.9,68.6,-32.330,,-2,,-0.392,-0.060,-0.0229,0.107,-0.007,0.150,-0.0421,-0.1149,0.000,0.000,0.000,0.000,-0.315
2009,AMSC,-18.2,140.0,74.3,-60.020,0.308,-2,-0.109,-0.628,-0.895,-0.1388,0.356,0.036,4.460,0.0524,0.0497,0.930,0.643,0.239,0.008,-0.314
2009,ARLP,-12.8,34.4,42.4,13.490,2.391,2,,-0.241,-0.473,0.1018,0.029,-0.076,0.990,0.0067,-0.0652,0.286,0.058,0.781,0.038,0.630
2009,AROC,-75.2,22.7,46.3,-4.700,0.165,-4,,-0.210,-0.219,0.1905,0.115,-0.006,0.210,-0.1107,0.0985,0.826,0.434,0.028,0.000,1.189
2009,ASR,-46.8,71.8,60.8,-3.510,0.092,-3,,10.167,10.163,0.3700,0.125,-0.004,3.080,0.0000,0.0099,0.675,0.334,0.284,0.000,0.923
2009,ATI,-66.4,89.1,64.8,-16.930,-2.938,-1,,-0.897,-0.771,0.1379,0.053,-0.068,0.410,-0.0358,-0.0365,0.710,0.592,0.000,0.000,1.050
2009,AVAV,44.7,-19.0,36.2,-14.890,0.338,-1,-0.250,0.138,0.062,0.0785,0.241,-0.038,2.860,0.0239,-0.0853,0.729,0.000,0.093,0.980,0.469
2009,AZZ,-14.9,25.8,43.9,-0.820,0.969,-2,0.073,3863.718,3863.461,0.1669,0.104,0.119,0.880,0.0022,0.0194,0.932,0.873,0.574,0.000,1.530
2009,BAK,-76.0,275.8,157.1,-13.390,,-2,,0.099,0.225,0.4706,0.045,-0.003,0.100,0.1719,0.3388,1.000,0.432,0.053,0.000,7.090
2009,BALL,-4.8,25.6,42.5,-6.670,-0.250,-1,,,,0.0665,0.035,0.002,0.500,-0.0397,-0.0029,0.023,0.225,0.000,0.149,0.546
2009,BCPC,-3.4,65.2,58.6,-14.730,0.039,-3,-0.001,-0.262,-0.268,0.1383,0.110,0.000,1.620,0.0251,0.0159,0.621,0.257,0.480,0.404,0.899
2009,BKNG,-32.8,207.3,104.6,-13.330,0.615,-2,0.229,-0.043,-0.256,0.1203,0.349,0.000,1.780,0.0696,-0.0112,0.677,0.843,0.513,0.188,1.702
2009,BVN,-51.0,68.6,63.6,-36.660,-5.110,-3,,,,0.1023,-0.036,-0.027,5.910,0.0000,0.4412,0.517,0.321,0.000,0.232,0.315
2009,BWA,-52.0,64.7,47.7,-32.400,,-3,,-0.089,0.233,-0.1413,0.099,0.164,0.430,-0.0206,-0.2309,0.000,0.000,0.000,0.053,-2.441
2009,BYD,-81.3,68.9,65.6,1.280,0.902,1,0.000,-0.358,-0.241,-0.5844,0.258,0.141,0.220,-0.0100,-0.7531,0.000,0.807,0.249,0.005,-4.318
2009,CASY,-24.3,68.8,75.2,-43.350,-1.563,-2,,-0.371,-0.107,0.0295,0.140,0.004,0.190,0.0007,0.0101,0.610,1.000,0.000,0.000,1.030
2009,CBRL,-45.5,90.8,68.1,0.570,0.541,2,0.066,-0.153,-0.146,0.0623,0.417,0.164,0.200,-0.0489,-0.0093,0.885,0.783,0.551,0.074,1.065
2009,CBT,-48.5,64.8,52.0,-34.820,-0.313,-2,-0.200,-0.756,-0.673,0.0276,0.114,0.076,0.310,-0.0156,-0.0343,0.742,0.137,0.000,0.000,0.601
2009,CBZ,-10.7,-14.5,25.8,-6.570,0.395,-2,0.028,0.135,0.092,0.0675,-0.137,0.001,0.700,-0.0311,0.0238,0.513,0.353,0.217,0.017,1.066
2009,CE,-76.2,211.3,93.4,-42.830,-1.695,-2,,-0.224,0.045,-0.1182,0.113,-0.092,0.200,-0.0558,-0.3023,0.000,0.000,0.000,0.000,-1.352
2009,CECO,68.2,31.5,51.6,1.170,0.924,1,,,,0.0762,0.174,0.013,1.500,-0.0243,0.0352,0.919,0.810,0.012,0.256,2.155
2009,CF,-49.7,87.5,57.5,-49.380,0.343,-1,,-0.189,-0.446,0.3208,0.018,0.003,0.770,-0.0053,0.0695,0.858,0.793,0.487,0.140,2.085
2009,CHDN,-43.2,33.4,53.1,0.650,0.843,1,,0.776,0.811,-0.0603,0.151,0.039,0.880,-0.0040,-0.0023,0.387,0.000,0.306,0.000,-1.363
2009,CHH,-28.2,29.2,38.1,-14.870,-0.772,-1,0.108,-0.179,-0.115,0.2207,2.178,-0.056,2.300,-0.0197,-0.0704,0.028,0.433,0.000,0.049,0.761
2009,CLF,-68.0,151.0,89.1,-74.910,0.186,-1,,0.880,0.709,0.2591,0.055,-0.106,0.600,0.2591,0.0816,0.877,0.605,0.179,0.000,1.813
2009,CLH,-16.4,13.6,40.1,-2.410,0.786,-1,,0.547,0.458,0.0841,0.188,0.058,0.670,0.1300,-0.0236,0.409,0.749,0.577,0.119,0.829
2009,CMC,-63.2,43.2,53.2,-45.260,-2.729,-2,,-0.395,-0.064,-0.0109,0.100,0.071,0.130,-0.0511,-0.0466,0.000,0.000,0.000,0.009,-0.182
2009,CMI,-47.8,91.7,59.3,-16.000,-0.681,-3,0.071,-0.379,-0.314,0.0310,0.133,0.008,0.340,-0.0043,-0.0557,0.000,0.000,0.000,0.000,0.379
2009,CMP,36.9,4.5,27.9,-51.110,0.272,-1,0.109,-0.059,-0.250,0.3121,0.062,-0.014,1.750,-0.0151,0.0993,1.000,1.000,0.424,0.435,1.842
2009,CRI,4.5,22.8,30.6,-15.500,-1.501,-1,,-0.699,-0.606,0.0800,0.301,0.045,0.940,-0.0262,0.0178,0.879,0.616,0.003,0.205,1.038
2009,CRK,21.7,-7.9,24.6,-31.050,8.355,-3,-0.079,-0.759,-0.406,0.1292,-0.067,-0.015,2.500,0.0172,-0.2598,0.101,0.993,0.000,0.226,0.327
2009,CRS,-70.6,51.7,51.3,-6.050,1.469,-2,,-0.431,-0.242,0.1097,0.100,0.092,0.460,-0.1020,-0.0706,0.273,0.294,0.000,0.004,0.717
2009,CSL,-48.0,74.8,52.4,-14.700,-1.102,-3,-0.214,-0.250,-0.173,0.0444,0.129,0.054,0.390,-0.0004,-0.1164,0.000,0.000,0.182,0.000,0.427
2009,CW,-28.1,0.3,33.3,-7.960,0.200,-4,-0.050,-0.050,-0.070,0.1142,0.226,-0.063,0.730,0.0092,-0.0087,0.501,0.514,0.000,0.000,1.013
2009,DECK,-58.2,92.9,72.7,3.760,1.072,1,0.023,-0.068,-0.630,0.2100,0.174,-0.046,1.010,0.0057,-0.0833,0.775,0.667,0.504,0.000,1.195
2009,DINO,-52.8,11.8,38.6,-78.150,-0.847,-3,,,,0.0947,0.016,-0.023,0.220,-0.0261,0.0492,0.469,0.362,0.000,0.037,1.271
2009,DK,-64.0,39.0,60.9,-94.660,-1.519,-1,,-0.379,0.192,0.0367,0.515,-0.061,0.070,0.0264,0.0476,0.464,1.000,0.000,0.013,1.068
2009,DKS,-49.4,99.5,82.3,-10.600,-0.041,-1,0.038,-0.330,-0.326,-0.0769,0.200,0.175,0.350,-0.0416,-0.1797,0.000,0.640,0.000,0.062,-1.694
2009,DMLP,-10.6,10.8,25.8,-118.240,-0.781,-1,,,,0.4250,0.117,0.016,6.420,0.0000,-0.2933,0.000,0.000,0.000,0.009,0.677
2009,DRI,0.1,47.6,57.3,-10.340,-0.071,-3,0.177,0.034,0.041,0.0967,0.089,0.039,0.520,-0.0355,-0.0047,0.491,0.453,0.277,0.115,1.054
2009,EGO,31.3,56.5,60.5,48.300,1.688,2,,-0.090,-1.276,0.4260,0.133,-0.019,10.910,0.0735,0.2313,0.941,0.920,0.520,0.084,2.026
2009,EGY,1.8,-17.7,33.1,-114.910,-0.932,-2,,-0.616,-0.062,-0.0054,-0.431,-0.013,1.770,-0.0182,-0.4770,0.000,0.000,0.000,0.024,-0.008
2009,EMBJ,-64.9,62.6,55.5,21.200,-1.501,1,,-0.073,-0.200,0.1510,0.129,0.088,0.220,-0.0101,0.0991,0.602,0.288,0.313,0.000,1.917
2009,ENS,-62.6,117.7,68.5,-30.870,-1.182,-4,,-0.474,-0.307,0.0844,0.137,-0.019,0.210,-0.0033,0.0277,1.000,0.747,0.000,0.035,1.331
2009,EPAC,-73.1,144.1,91.6,-16.540,2.953,-5,,-0.776,-0.525,0.0400,0.249,-0.046,0.340,-0.0071,-0.0669,0.000,0.070,0.000,0.000,0.334
2009,EQT,-36.4,20.9,40.9,-25.060,0.200,-1,,-0.124,-0.186,0.1994,0.110,-0.065,1.600,0.0755,-0.0447,0.415,1.000,0.498,0.185,0.752
2009,ESLT,-25.3,37.2,55.8,-11.270,0.616,-3,,-0.007,-0.188,0.0891,0.201,-0.017,0.690,0.0008,0.0244,0.725,0.877,0.303,0.015,1.294
2009,EXP,-39.4,15.3,35.8,-5.350,1.357,-1,0.182,-0.485,-0.281,0.1127,0.037,0.171,1.440,-0.0172,-0.0486,0.276,0.307,0.060,0.183,0.538
2009,EXPE,-66.7,181.5,93.1,-16.400,-0.689,-4,-0.083,-0.362,-0.295,-4.6537,0.580,-0.074,0.390,-0.0188,-4.8466,0.000,0.492,0.000,0.000,-45.295
2009,FCN,-25.8,1.4,40.8,-13.390,0.530,-2,0.074,-0.037,-0.188,0.1811,0.273,0.134,1.720,0.1638,-0.0185,0.773,0.776,0.178,0.079,0.997
2009,FIX,-23.5,37.4,52.1,-9.670,0.557,-2,0.189,0.053,-0.069,0.0611,0.160,-0.044,0.250,-0.0392,0.0165,0.955,1.000,0.469,0.000,1.821
2009,FMC,-14.4,18.8,37.8,-21.590,0.303,-1,0.186,-0.080,-0.174,0.0863,0.145,-0.008,0.890,-0.0305,0.0224,0.525,0.545,0.272,0.154,0.988
2009,FRO,-55.4,32.2,49.8,87.520,,1,0.227,-0.539,-1.414,0.1942,0.016,-0.105,0.680,0.0405,-0.0671,0.000,0.359,1.000,0.000,0.400
2009,FSS,-44.9,3.5,39.2,-2.600,1.099,-2,,-0.596,-0.307,0.0452,0.205,0.070,0.340,-0.0042,-0.0032,0.431,0.548,0.000,0.000,0.925
2009,FUL,-39.6,78.8,71.0,15.630,-8.735,4,0.000,-0.137,-0.277,0.3197,0.179,-0.050,0.460,-0.1953,0.2075,1.000,0.078,1.000,0.000,3.918
2009,FWRD,-26.9,2.8,27.5,-16.460,0.322,-2,,0.119,0.040,0.1138,0.260,-0.045,1.330,-0.0026,-0.0608,0.000,0.993,0.123,0.000,0.604
2009,GEL,-48.3,97.5,69.6,-97.740,-0.225,-2,,-0.446,-0.266,0.0310,0.007,0.054,0.180,0.6085,0.0585,1.000,1.000,0.039,0.077,4.851
2009,GEO,-45.9,38.5,44.1,-14.870,,-3,-0.017,-0.192,-0.038,0.1449,0.078,-0.048,0.690,-0.0013,0.0558,1.000,1.000,0.000,0.040,2.025
2009,GIL,-71.4,115.9,63.1,-53.760,-1.003,-2,,0.668,0.937,0.0244,0.182,-0.017,1.050,-0.0020,-0.1587,0.173,0.000,0.000,0.030,0.168
2009,GME,-46.0,-24.1,25.9,16.620,4.167,1,0.000,0.067,-0.152,0.1088,0.124,-0.024,0.500,0.0060,0.0065,1.000,0.017,0.128,0.103,1.982
2009,GNTX,-45.5,103.0,68.7,-22.550,4.871,-5,,0.186,0.470,0.0799,0.204,-0.005,1.890,-0.0545,-0.1177,0.000,0.000,0.000,0.000,0.347
2009,GRC,-14.5,0.1,29.0,-7.380,0.424,-1,,-0.069,-0.123,0.0810,0.125,-0.132,1.190,0.0003,-0.0169,0.415,0.428,0.235,0.000,0.882
2009,GT,-76.5,117.9,74.9,-22.000,-9.314,-3,0.157,-0.170,0.028,-0.0324,0.146,0.060,0.080,0.0042,-0.0832,0.038,0.195,0.000,0.000,-0.809
2009,HEI,-27.5,35.3,47.1,-14.910,-0.238,-1,0.000,0.017,0.046,0.1645,0.172,0.024,1.570,0.0012,-0.0085,0.515,0.117,0.000,0.052,0.976
2009,HL,-83.3,224.1,120.4,-85.340,-1.746,-1,,0.488,1.030,-0.7740,0.510,-0.017,1.670,0.6262,-0.8621,0.000,0.164,0.000,0.020,-24.828
2009,HNI,-63.0,110.7,66.4,-2.870,2.683,-2,,0.127,0.173,0.0923,0.271,-0.072,0.210,-0.0306,0.0182,0.899,0.066,0.101,0.000,1.276
2009,HP,-43.0,101.7,68.2,6.720,1.225,2,0.238,0.070,-0.296,0.3566,0.027,-0.098,1.080,0.0066,-0.0127,0.777,0.927,0.586,0.023,1.212
2009,HTLD,-8.3,10.9,39.0,-22.980,-0.442,-1,0.177,-0.383,-0.312,0.3013,0.431,0.023,2.000,-0.0388,0.6739,1.000,1.000,0.000,0.000,4.680
2009,HUBG,-26.6,26.2,42.7,-26.430,-0.146,-1,0.000,-0.124,-0.090,0.0537,0.069,-0.031,0.410,0.0029,-0.0037,0.863,0.260,0.000,0.000,1.238
2009,HUN,-90.0,430.9,201.9,-23.540,-1.330,-2,,-0.736,-0.601,-0.0580,0.110,0.036,0.050,0.0291,-0.1329,0.000,0.000,0.216,0.000,-1.257
2009,HURN,-26.9,-37.7,22.2,-5.520,0.799,-1,-0.033,0.266,0.046,0.1585,0.193,-0.131,1.160,0.1241,0.0009,0.959,0.558,0.033,0.000,1.118
2009,ICFI,-7.0,8.7,43.9,-1.800,1.159,-6,0.026,-0.217,-0.086,0.0698,0.260,-0.062,0.490,0.0412,-0.0236,0.756,0.647,0.000,0.271,0.857
2009,IFF,-18.1,23.2,34.9,-8.470,-0.443,-2,0.087,-0.031,-0.005,0.1228,0.273,0.161,1.060,-0.0262,-0.0052,0.526,0.000,0.000,0.017,0.816
2009,IT,-35.5,87.4,53.2,-9.310,-0.034,-2,0.094,-0.125,-0.122,0.1606,0.380,-0.256,0.820,-0.0398,-0.0346,0.861,0.777,0.159,0.000,2.043
2009,J,-48.1,-2.2,33.3,-9.420,0.766,-1,0.056,0.117,-0.191,0.0568,0.079,-0.004,0.350,-0.0044,0.0034,0.919,0.246,0.799,0.030,1.188
2009,JHX,-42.4,56.6,25.6,2.600,0.898,1,,,,-0.6647,0.220,-0.015,1.200,-0.0451,-0.0847,0.000,0.000,0.033,0.068,-22.698
2009,KEX,-40.8,35.3,42.7,-11.100,0.355,-2,-0.089,-0.160,-0.221,0.2028,0.122,0.024,1.010,0.0016,0.0070,1.000,1.000,0.000,0.000,1.189
2009,KFY,-51.0,126.9,91.6,-28.450,9.301,-5,-0.200,-0.615,-0.296,-0.0779,0.076,-0.135,0.440,-0.0202,-0.1778,0.000,0.292,0.000,0.000,-0.685
2009,KMX,-34.0,89.9,64.7,-5.290,1.232,-4,,-0.698,-0.417,-0.0125,0.149,0.062,0.410,-0.0129,-0.0297,0.000,0.883,0.000,0.274,-0.662
2009,KNX,-17.9,39.6,44.1,-22.580,-0.388,-1,0.150,-0.382,-0.319,0.1543,0.309,0.047,1.100,-0.0098,0.0345,0.592,1.000,0.000,0.027,0.961
2009,KRO,-65.8,139.3,96.6,53.170,0.278,1,,,,0.0806,0.135,-0.091,0.240,0.0000,0.0487,0.356,0.459,0.582,0.000,0.842
2009,LEU,-42.9,-17.4,29.8,-23.040,4.301,-2,-0.020,5.877,6.178,0.0822,0.099,-0.029,0.360,0.0073,0.0253,0.682,0.571,0.200,0.083,1.816
2009,LKQ,-45.0,57.8,59.5,-88.130,0.132,-3,,-0.048,-0.182,0.0591,0.339,0.049,0.870,0.0389,-0.0449,0.000,0.000,0.000,0.015,0.605
2009,LNN,-70.6,61.3,55.4,-88.900,-0.815,-2,,-0.533,-0.134,-0.0069,0.111,-0.036,0.700,0.0133,-0.1531,0.030,0.358,0.000,0.000,-0.107
2009,LVS,-95.1,341.2,140.6,-62.970,0.064,-2,0.000,1.000,0.957,-0.0314,0.216,0.061,0.320,0.0015,-0.1588,0.000,0.000,0.000,0.000,-0.163
2009,M,-68.7,122.8,79.5,-0.690,1.098,-3,0.052,0.131,0.208,-0.5968,0.284,0.120,0.140,-0.0308,-0.7390,0.000,0.244,0.000,0.000,-17.553
2009,MAN,-51.7,92.0,59.4,-25.540,-2.625,-4,0.100,1.029,1.214,0.0324,0.175,0.001,0.100,-0.0176,-0.0072,0.559,1.000,0.000,0.000,1.105
2009,MAT,-43.4,68.4,54.7,-17.220,-1.939,-2,,-0.207,-0.093,0.1198,0.142,-0.161,0.720,-0.0079,-0.0457,0.624,0.631,0.000,0.000,1.265
2009,MATV,-12.1,227.0,95.1,-14.300,-0.756,-2,-0.125,-0.008,0.054,-0.0141,0.086,-0.025,0.410,-0.0158,-0.0449,0.125,0.592,0.000,0.275,-0.340
2009,MATX,-52.3,52.8,48.1,-14.510,-1.639,-3,0.148,-0.547,-0.457,0.0595,0.114,-0.001,0.260,0.0093,-0.0256,0.000,0.223,0.000,0.000,0.605
2009,MELI,-60.3,183.2,101.4,-52.200,0.318,-2,0.077,-0.067,-0.311,0.3336,0.531,0.128,4.780,-0.0533,0.0622,0.828,1.000,0.000,0.058,1.932
2009,MEOH,-60.8,161.9,82.7,-88.370,-0.998,-1,,-0.620,-0.179,-0.0949,0.000,-0.016,0.350,-0.0693,-0.4250,0.000,0.000,0.000,0.000,-0.478
2009,MGA,-65.6,108.3,73.9,-20.310,3.268,-5,,-0.532,-0.240,-0.0722,0.071,0.067,0.130,-0.0270,-0.1108,0.000,0.000,0.000,0.000,-1.774
2009,MGM,-95.3,283.8,131.3,-9.890,2.683,-2,-0.214,-0.443,-0.285,-0.6440,0.106,-0.062,0.120,-0.0419,-1.4141,0.000,0.000,0.000,0.000,-3.174
2009,MGRC,-2.8,21.9,43.0,2.930,1.425,1,0.000,-0.160,-0.258,0.2280,0.196,-0.042,1.510,-0.0110,-0.0887,0.982,0.457,0.164,0.000,13.571
2009,MLCO,-73.9,17.5,39.3,-119.300,0.256,-3,,-0.552,-0.962,-0.0201,-0.196,0.312,0.800,0.0340,0.1862,0.790,0.392,0.006,0.000,-0.065
2009,MLI,-26.1,20.5,35.4,-25.910,7.377,-3,,0.508,0.807,0.0152,0.000,-0.015,0.150,0.0000,-0.0688,0.000,0.417,0.000,0.023,0.214
2009,MLKN,-64.3,92.6,72.3,-22.670,4.914,-3,,,,0.0581,0.241,0.063,0.300,-0.0907,-0.0664,0.003,0.000,0.000,0.000,0.426
2009,MLM,-22.8,-2.8,27.6,-7.720,3.280,-2,,-0.175,-0.064,0.1285,0.072,0.024,1.610,0.0131,-0.0629,0.530,0.589,0.000,0.198,0.814
2009,MTX,-28.1,23.0,37.3,-11.740,-0.556,-1,-0.046,-0.423,-0.381,0.0129,0.120,0.019,0.650,-0.0260,-0.3135,0.616,0.000,0.000,0.000,0.196
2009,MTZ,21.1,39.3,55.3,2.210,1.045,3,,0.224,-0.288,0.0569,0.056,0.021,0.530,0.1244,0.0093,0.275,0.357,0.908,0.192,1.038
2009,MWA,-16.4,-32.1,21.0,-15.450,-2.335,-2,,-0.706,-0.598,-6.6002,0.169,-0.055,0.420,0.0000,-6.6400,0.000,0.647,0.014,0.000,-18.697
2009,NAT,2.1,-4.6,28.9,-211.240,-0.176,-1,-0.074,-0.146,0.170,0.3427,0.039,0.020,4.850,0.2485,-0.0274,0.294,0.814,0.010,0.132,0.602
2009,NBR,-65.8,147.7,84.8,-22.490,-0.376,-1,0.025,-0.243,-0.181,0.1954,0.104,0.041,0.510,0.0199,-0.0844,0.398,0.099,0.000,0.000,0.795
2009,NPK,-12.3,132.8,86.1,62.880,4.558,3,,,,0.1777,0.013,-0.043,0.770,0.0013,-0.0125,0.737,0.191,0.443,0.000,1.757
2009,NPO,-22.9,8.2,31.3,-5.280,0.485,-2,0.229,0.195,0.145,0.0429,0.398,0.096,0.390,-0.0502,0.0559,0.926,0.382,0.222,0.000,6.286
2009,OII,-53.5,83.4,62.4,2.900,1.463,1,0.022,-0.151,-0.243,0.1553,0.074,-0.004,0.840,-0.0092,0.0012,0.806,0.695,0.077,0.006,1.194
2009,OIS,-55.4,126.4,81.0,0.610,1.011,7,0.200,0.011,-0.540,0.0554,-0.076,0.029,0.160,-0.0233,-0.0679,0.000,0.501,0.886,0.000,0.421
2009,OKE,-52.7,86.0,70.4,-79.510,-0.563,-1,0.000,-0.451,-0.164,0.0766,0.000,-0.050,0.130,0.0095,0.0124,0.282,0.278,0.022,0.000,1.198
2009,OLN,-8.7,0.7,34.3,-36.300,0.167,-1,-0.062,0.054,-0.019,0.1545,26862.945,0.017,0.720,0.0389,0.0641,0.882,0.906,0.646,0.384,2.061
2009,ORLY,0.0,43.8,48.9,16.530,1.243,3,0.233,0.533,-0.312,0.0723,0.390,0.017,1.000,0.1704,-0.0331,0.000,1.000,1.000,0.023,0.625
2009,OSK,-82.3,378.0,161.7,-17.220,-1.965,-6,0.162,-0.418,-0.304,0.0193,0.081,-0.304,0.080,-0.0030,-0.0540,0.152,0.000,0.000,0.000,0.242
2009,PDS,-81.1,120.5,61.5,27.650,2.716,1,-0.126,0.634,0.197,0.3329,0.055,-0.045,0.770,0.0000,0.0205,0.677,0.643,0.890,0.000,1.111
2009,PENN,-58.3,30.6,39.6,-0.680,1.371,-3,,-0.177,-0.152,0.4585,0.212,0.192,0.150,-0.1022,0.2695,1.000,0.385,0.083,0.080,2.374
2009,PII,-49.7,98.8,67.3,-9.960,-0.493,-3,0.039,-0.383,-0.350,0.1051,0.130,-0.069,0.360,-0.0426,-0.0109,0.610,0.623,0.309,0.000,1.047
2009,PKE,-37.3,51.2,48.9,-18.650,1.819,-3,,-0.141,0.273,-0.1033,0.236,0.000,1.910,0.0052,-0.2432,0.000,0.486,0.000,0.097,-0.946
2009,PKG,-51.1,74.4,64.0,-10.910,-1.169,-2,,-0.326,-0.267,0.0948,0.108,-0.086,0.520,-0.0234,-0.0345,0.697,0.792,0.000,0.000,1.028
2009,PNR,-27.6,31.6,40.7,-14.290,-3.548,-1,-0.039,-0.208,-0.097,0.0667,0.245,0.049,0.470,-0.0165,-0.0441,0.000,1.000,0.004,0.000,0.647
2009,POOL,-31.8,56.6,55.5,-7.470,2.162,-2,0.192,-0.308,-0.169,-0.0592,0.350,-0.118,0.360,-0.0069,-0.0166,0.000,0.852,0.000,0.000,-0.999
2009,POWL,-29.0,3.4,28.8,4.810,1.434,2,0.133,-0.070,-0.228,0.0759,0.127,0.074,0.490,0.0094,0.0312,0.965,0.844,0.410,0.014,2.408
2009,PTEN,-58.7,77.6,51.4,-6.680,0.586,-1,0.247,-0.324,-0.418,0.2281,0.025,-0.063,0.640,-0.0057,-0.0242,0.333,0.548,0.298,0.000,0.778
2009,PVH,-49.2,183.2,99.0,-5.620,-0.258,-1,0.071,-0.210,-0.199,-0.0829,0.536,0.089,0.390,-0.0636,-0.1731,0.000,0.084,0.000,0.053,-0.850
2009,PWR,-23.4,-4.4,34.2,-55.770,0.080,-2,,-0.205,-0.253,0.0842,0.089,0.176,0.980,0.1626,0.0231,0.947,1.000,0.124,0.079,1.978
2009,RBA,-36.1,36.8,53.5,-88.590,-6.682,-2,0.063,-0.101,0.670,0.1498,0.515,0.024,5.800,0.0381,-0.1183,0.189,0.000,0.000,0.046,0.487
2009,RBC,-14.6,54.7,46.1,-14.470,0.295,-1,0.000,-0.215,-0.275,0.1500,0.015,-0.058,1.860,-0.0040,-0.0379,0.602,0.774,0.081,0.061,0.944
2009,RES,-17.1,42.5,45.0,-24.090,0.481,-1,,-0.553,-0.777,0.1611,0.132,0.011,0.950,-0.0042,-0.0252,0.207,0.184,0.410,0.000,0.787
2009,RGLD,53.4,-5.8,28.6,-29.200,-0.021,-3,,0.018,0.024,0.1632,0.145,-0.001,22.290,0.1411,-0.2711,0.000,0.824,0.020,0.471,0.313
2009,RHI,-25.8,45.9,46.8,-17.260,11.735,-4,0.040,-0.329,-0.140,0.0780,0.338,0.016,0.600,-0.0622,-0.0277,0.463,0.561,0.000,0.025,0.774
2009,ROST,21.4,59.5,60.2,-0.930,0.843,-2,0.000,0.087,0.037,0.0908,0.147,-0.008,0.680,-0.0249,0.0004,0.944,0.853,0.130,0.400,1.292
2009,RRX,-11.5,47.8,46.5,-36.360,0.046,-1,,,,0.0820,-0.390,-0.001,0.480,-0.0158,-0.0135,0.317,0.803,0.039,0.000,0.815
2009,RS,-52.4,77.1,62.7,-17.080,0.593,-1,,0.482,0.233,0.0594,0.142,0.199,0.210,0.0063,-0.0299,0.000,0.000,0.244,0.000,0.568
2009,SHOO,-1.9,131.9,82.3,2.950,1.228,4,0.000,0.068,-0.091,-0.0174,0.328,0.050,0.700,-0.1076,-0.0851,0.000,0.747,0.698,0.000,-0.177
2009,SIG,-54.9,124.6,82.1,120.110,-1.202,1,0.048,-0.072,-0.728,-0.3262,-0.388,0.108,0.320,0.0001,-0.4900,0.000,0.847,0.683,0.057,-4.573
2009,SM,-57.3,127.1,86.0,-37.580,-0.198,-3,-0.188,6.725,6.787,-0.7310,0.048,-0.067,0.360,-0.0084,-0.9365,0.000,0.002,0.049,0.000,-2.486
2009,SMG,-0.4,17.7,36.4,-3.920,0.434,-1,-0.021,-0.026,-0.056,-0.2289,0.501,0.068,0.740,0.0078,-0.0028,0.238,0.313,0.190,0.290,-239.686
2009,SSD,-15.9,19.7,35.1,-15.740,-12.368,-1,,-0.617,-0.472,0.0303,0.301,-0.005,1.340,0.0085,0.0009,0.005,0.176,0.000,0.000,0.192
2009,STN,-45.1,36.6,51.5,33.590,2.140,1,,0.125,-0.505,0.0548,0.246,-0.054,0.640,-0.0076,-0.0137,0.000,0.000,0.732,0.033,0.530
2009,SWK,-28.7,53.0,48.3,-6.580,7.418,-4,,-0.324,-0.248,0.0126,0.238,0.126,0.620,-0.0100,-0.1236,0.000,0.474,0.000,0.000,0.098
2009,TDG,-16.7,31.5,40.4,-1.500,0.881,-5,,-0.003,-0.114,0.4572,0.100,0.066,2.650,0.0591,0.0471,1.000,1.000,0.000,0.394,1.362
2009,TECK,-90.0,821.0,294.9,31.930,-0.929,1,,-0.148,-0.301,-0.1469,0.003,-0.135,0.260,0.0946,-0.7148,0.000,0.000,0.253,0.000,-0.401
2009,TEN,-37.8,-15.7,30.1,-19.020,6.016,-5,-0.191,0.250,0.478,-0.0232,0.068,0.006,0.750,-0.0223,-0.0500,0.000,0.000,0.000,0.000,-0.620
2009,TEX,-78.1,45.8,46.5,-34.200,-1.361,-2,-0.198,-0.904,-0.707,-0.1887,0.120,0.007,0.130,-0.0796,-0.2814,0.000,0.323,0.000,0.000,-2.785
2009,TFII,-49.5,161.8,86.5,6.830,0.863,1,,-0.369,0.061,0.0984,0.189,0.093,0.210,0.0098,0.0455,0.776,0.765,0.040,0.029,1.132
2009,TK,-56.4,33.2,43.9,-19.420,0.567,-1,0.185,,,0.1680,0.236,0.008,0.420,-0.0094,-0.9300,0.946,1.000,0.257,0.000,1.171
2009,TKR,-47.8,52.7,48.3,-27.270,-0.553,-1,,-0.945,-0.848,-0.0278,0.130,-0.102,0.190,0.0005,-0.0785,0.279,0.000,0.235,0.111,-0.478
2009,TPC,-57.4,28.4,46.1,14.890,2.089,1,0.040,0.057,-0.228,-0.0992,0.028,-0.089,0.140,0.7726,-0.1265,0.000,1.000,0.411,0.111,-5.421
2009,TPR,-49.6,154.4,95.2,-13.020,-0.162,-2,0.000,-0.059,-0.040,0.3628,0.358,-0.073,1.480,-0.1129,-0.0493,0.540,0.000,0.000,0.000,1.034
2009,TRN,-65.8,67.3,56.9,-34.390,-1.372,-1,,-0.181,0.018,0.1242,0.067,-0.013,0.150,-0.0449,-0.0082,0.801,0.775,0.000,0.000,1.373
2009,TSCO,4.8,43.8,45.4,-6.100,0.633,-1,0.063,1.379,1.273,0.0333,0.236,0.029,0.430,-0.0256,-0.0362,0.353,0.196,0.270,0.011,0.623
2009,TT,-55.7,93.7,59.7,-34.670,0.626,-1,0.117,1.034,0.454,-0.9618,0.188,0.126,0.330,0.1648,-1.0904,0.000,0.000,0.710,0.000,-14.623
2009,TTEK,18.5,10.3,34.8,-13.540,0.725,-1,,-0.438,-0.795,0.0448,0.056,0.054,0.580,0.0188,-0.0035,0.938,0.000,0.698,0.186,5.463
2009,UAA,-52.8,46.9,49.7,-21.590,0.105,-2,0.000,,,0.1276,0.380,-0.023,1.350,0.0319,-0.0340,0.594,0.817,0.000,0.000,1.060
2009,UAL,-65.8,17.2,40.2,-10.290,,-3,-0.043,-0.128,-0.032,-0.1786,0.033,-0.061,0.080,0.1949,-0.1659,0.521,0.223,0.132,0.100,-4.085
2009,UFPI,-36.2,62.2,49.3,-7.390,1.741,-2,,1.586,1.760,-0.0026,0.119,-0.030,0.180,0.0099,0.0194,0.237,0.323,0.107,0.000,-0.081
2009,ULTA,-55.5,241.9,126.8,-12.020,0.463,-2,0.105,-0.298,-0.402,0.0627,0.234,-0.026,0.340,-0.0039,-0.0147,0.753,0.170,0.266,0.000,0.741
2009,URBN,-48.0,125.5,94.4,-16.830,0.353,-2,-0.143,-0.078,-0.170,0.1244,0.216,-0.073,1.370,-0.0017,-0.0482,0.104,0.000,0.046,0.000,0.765
2009,VMI,-55.1,83.9,61.1,-4.890,0.852,-1,0.048,-0.150,-0.431,0.1072,0.141,-0.056,0.530,0.0000,0.0034,0.722,0.373,0.853,0.000,1.188
2009,WAB,-17.1,35.6,48.4,-0.670,0.942,-5,-0.030,-0.159,-0.268,0.1240,0.133,0.129,0.890,-0.0185,-0.0025,0.799,0.442,0.400,0.000,1.124
2009,WCC,-55.7,52.2,51.5,-9.320,-0.747,-1,-0.048,-0.180,-0.140,0.0512,0.143,0.006,0.130,-0.0316,-0.0151,0.463,0.616,0.000,0.015,0.925
2009,WCN,-8.1,16.6,31.1,-3.970,0.547,-4,0.037,0.049,0.002,0.1898,0.115,-0.026,2.070,0.1855,-0.0109,0.000,0.294,0.104,0.000,0.866
2009,WEN,-54.7,9.1,45.3,178.560,-86.707,1,,7.084,5.319,-0.4838,0.070,0.000,0.280,0.2692,-0.6645,0.000,0.063,0.761,0.000,-34.094
2009,WOR,-43.6,80.7,65.2,-35.380,-6.969,-2,,-0.904,-0.595,-0.0482,0.095,0.099,0.150,-0.0169,-0.0731,0.589,0.000,0.000,0.000,-1.429
2009,WPM,-60.0,136.3,87.1,-25.590,,-2,,-0.232,0.030,0.0267,0.120,-0.111,10.270,0.0870,-0.5672,0.097,0.000,0.000,0.058,0.062
2009,WSO,-4.0,56.4,53.3,-7.440,1.890,-2,,1.106,1.264,0.0172,0.241,-0.036,0.540,-0.0323,-0.0125,0.000,0.464,0.000,0.000,0.274
2009,WWW,-22.5,50.3,47.3,-5.960,-1.130,-2,0.136,-0.367,-0.336,0.0636,0.292,-0.013,0.750,0.0440,-0.0280,0.154,0.405,0.000,0.000,0.587
2009,WYNN,-78.5,145.5,87.1,-31.360,-0.769,-6,,-0.930,-0.793,-0.0004,-0.329,0.108,0.970,-0.0095,-0.1534,1.000,0.000,0.233,0.000,0.000
2010,AAL,-23.9,76.3,34.7,12.710,0.369,2,0.025,0.009,0.083,-0.0770,0.041,0.018,0.040,0.2022,-0.0412,0.457,0.904,0.373,0.091,-8.522
2010,AAP,31.4,51.4,35.1,-10.380,-0.652,-4,-0.152,-0.086,-0.045,0.0500,0.429,0.006,0.720,-0.0360,0.0108,0.153,0.660,0.000,0.511,0.586
2010,ABG,315.2,56.3,37.6,37.630,-0.933,4,,-0.150,-0.331,0.0300,0.129,0.010,0.100,0.0000,0.6857,0.991,0.571,1.000,0.533,6.479
2010,ACM,0.4,4.5,26.4,0.280,1.170,1,0.026,-0.036,-0.055,0.0442,0.015,0.065,0.510,0.0739,-0.0033,0.751,0.026,0.006,0.617,0.851
2010,AGCO,33.2,68.1,42.4,18.560,0.432,1,,-0.509,-0.368,0.0264,0.110,0.045,0.460,0.0411,-0.0385,0.608,0.000,0.256,0.313,0.596
2010,AGI,143.3,23.8,19.3,51.540,5.705,1,,0.848,0.223,0.4863,0.057,0.045,9.520,0.1271,0.2149,1.000,1.000,0.404,0.023,0.029
2010,ALB,62.2,58.1,32.3,29.810,-0.356,2,0.104,0.015,-0.063,0.1345,0.133,0.011,1.680,0.0043,0.0442,0.926,0.950,0.416,0.762,1.251
2010,ALGT,34.5,-7.4,19.0,-3.830,0.724,-1,0.091,0.204,0.104,0.1340,0.027,0.012,1.850,-0.0141,-0.1004,0.873,0.532,0.039,0.390,1.111
2010,ALK,18.3,86.4,42.6,11.480,-0.250,3,,0.118,0.095,0.0624,0.041,-0.107,0.350,0.0018,0.1914,0.694,0.942,0.514,0.545,8.243
2010,ALV,123.8,79.4,42.3,54.530,-2.850,3,0.026,0.763,0.360,0.0656,0.095,0.047,0.550,0.2891,0.0885,0.856,0.929,1.000,0.930,1.163
2010,AMSC,115.5,-23.6,16.9,10.190,1.120,4,,0.240,-0.711,0.1294,0.239,-0.102,5.620,0.0591,0.2682,0.993,0.958,0.477,0.106,0.366
2010,ARLP,34.0,65.0,36.0,-8.950,-0.847,-4,0.061,-0.274,-0.233,0.1619,0.041,-0.003,1.230,-0.0083,0.0601,0.424,0.678,0.000,0.312,0.935
2010,AROC,28.9,0.4,21.2,-6.550,1.448,-1,,0.562,0.774,0.1569,0.129,0.051,0.320,0.0218,-0.0336,0.880,0.235,0.000,0.081,1.241
2010,ASR,72.3,1.5,21.7,10.030,0.493,2,,12.148,12.246,0.3826,0.130,0.003,6.600,0.0001,0.0126,0.646,0.479,0.247,0.819,0.958
2010,ATI,90.3,36.6,28.6,23.210,0.535,2,,0.082,0.348,0.0878,0.106,0.007,1.380,0.0092,-0.0501,0.391,0.527,0.229,0.539,0.639
2010,AVAV,-22.2,18.7,21.6,38.450,-0.755,2,-0.063,0.086,-0.079,0.1394,0.247,-0.039,2.310,-0.0018,0.0608,0.747,0.729,0.538,0.762,2.337
2010,AVNT,202.1,86.1,46.9,27.390,-0.078,3,0.077,0.449,0.429,0.0463,0.124,-0.025,0.340,0.0336,0.3688,0.868,0.721,0.508,0.963,1.922
2010,AXON,53.8,-41.7,12.5,28.730,15.562,1,,,,0.2094,0.422,0.087,4.340,-0.0125,-0.0388,0.968,0.401,0.696,0.146,9.243
2010,AZZ,16.8,21.2,20.3,-17.270,3.201,-3,-0.079,2488.697,2488.948,0.1898,0.126,-0.072,1.090,0.0190,0.0229,0.916,0.958,0.000,0.446,1.412
2010,BALL,25.8,41.9,33.2,9.540,-3.901,3,,,,0.0779,0.048,0.002,0.650,-0.0025,0.0114,0.038,0.613,0.499,0.537,0.640
2010,BC,282.9,88.2,44.0,14.370,0.600,2,0.061,6.049,6.265,-0.1820,0.296,-0.089,0.360,0.0023,-0.8046,0.288,0.072,0.440,0.577,-15.079
2010,BCPC,65.0,62.1,36.7,16.260,-1.402,2,0.200,0.178,0.083,0.1818,0.073,-0.001,2.910,0.0280,0.0435,0.824,0.487,0.524,0.851,1.182
2010,BJRI,103.9,75.5,43.2,4.940,1.580,1,0.091,0.114,-0.021,0.0351,-0.019,0.010,1.370,0.0304,0.0218,0.428,0.000,0.119,0.256,0.749
2010,BTE,252.7,68.0,28.9,60.410,-0.668,3,-0.141,0.117,-0.125,0.1414,0.060,0.011,5.010,0.1201,-1.6605,0.332,0.427,0.347,1.000,0.353
2010,BWA,62.2,102.0,49.7,50.600,-1.305,3,,-0.001,-0.287,0.0562,0.121,-0.016,1.030,0.1175,0.1974,0.847,0.759,1.000,1.000,1.334
2010,BYD,80.0,30.8,27.7,-2.300,1.348,-1,,-0.332,-0.243,0.0470,0.273,0.065,0.430,-0.0058,0.6314,0.665,0.752,0.281,0.123,0.403
2010,CAKE,133.8,34.6,33.1,1.180,-0.065,1,0.167,-0.168,-0.168,-0.0014,-0.485,0.021,0.840,0.0000,-0.0325,0.000,0.052,0.062,0.267,-0.020
2010,CAR,2562.0,16.8,27.8,6.380,0.540,3,-0.107,0.931,1.006,-0.2078,0.112,0.038,0.270,0.0049,1.0769,0.500,1.000,0.786,0.634,-41.067
2010,CASY,66.8,30.5,25.8,48.150,-1.843,3,-0.105,0.127,-0.186,0.0272,0.115,-0.011,0.370,0.0028,-0.0023,0.244,0.462,0.916,0.818,0.843
2010,CBRL,102.7,26.0,31.3,-0.880,0.306,-1,0.211,-0.031,-0.035,0.0781,0.167,0.063,0.420,0.0354,0.0157,0.948,0.379,0.649,0.389,1.390
2010,CBT,70.3,54.2,32.1,32.710,-0.145,3,,0.149,0.108,0.0751,0.125,0.034,0.760,0.0366,0.0475,0.872,0.639,0.637,0.484,3.672
2010,CBZ,-23.2,15.0,27.9,-13.530,-1.101,-3,,0.017,0.088,0.0331,-0.158,-0.102,0.510,0.0035,-0.0344,0.051,0.000,0.000,0.000,0.466
2010,CE,214.9,38.7,31.9,36.400,-0.279,3,0.064,0.067,-0.013,0.0785,0.108,0.012,0.880,0.0471,0.1967,0.651,0.727,0.747,0.756,0.917
2010,CECO,31.6,-24.0,13.3,-4.430,1.111,-1,,,,-0.4911,0.196,0.001,3.090,0.0018,-0.5673,0.000,0.781,0.000,0.941,-59.312
2010,CHH,30.1,30.2,33.4,4.270,0.676,2,0.049,-0.094,-0.005,0.2422,1.528,0.007,3.340,-0.0168,0.0215,0.153,0.000,0.155,0.303,0.851
2010,CLH,3.2,71.8,37.4,-7.660,0.355,-1,,0.806,0.764,0.0236,0.151,-0.091,0.760,0.0989,-0.0604,0.000,0.161,0.597,0.317,0.257
2010,CLMT,62.6,19.9,28.5,31.460,0.018,2,-0.173,0.202,0.208,0.0128,0.037,-0.028,0.340,0.6817,-0.1009,0.184,0.085,0.322,0.298,0.217
2010,CMG,113.0,150.0,61.5,-1.590,0.885,-4,0.222,-0.077,-0.200,0.1300,0.071,0.015,2.090,-0.0162,0.0644,0.831,0.912,0.000,0.310,1.394
2010,CMP,3.6,44.2,37.5,3.610,0.844,1,-0.146,0.281,0.477,0.3078,0.068,-0.009,2.210,0.0054,-0.0043,0.982,1.000,0.039,0.835,1.597
2010,CODI,61.4,11.9,20.1,18.200,0.158,2,,-0.116,-0.082,0.0178,0.184,-0.055,0.410,0.1618,-0.0060,0.728,0.119,0.286,0.558,3.507
2010,CPA,69.4,13.3,29.2,6.320,0.124,1,,0.231,0.240,0.3073,0.046,-0.009,1.750,0.0102,-0.2048,0.787,1.000,0.097,0.359,3.401
2010,CRI,70.8,-4.5,11.6,-29.540,0.259,-1,,0.093,-0.011,0.1327,0.283,-0.029,0.940,0.0145,0.0175,0.962,1.000,0.328,0.221,1.731
2010,CRK,-7.3,-28.7,18.3,30.200,0.487,3,,-0.030,0.257,-0.0187,0.128,0.007,5.820,0.0104,-0.1479,0.216,0.702,0.178,0.985,-0.062
2010,CROX,543.8,120.2,46.6,6.170,4.639,4,0.000,-0.647,-0.725,-0.1012,0.531,0.024,1.020,0.0011,0.2391,0.626,0.534,0.185,0.061,-1.965
2010,CRS,50.0,48.9,31.9,16.420,0.623,2,,-0.376,-0.105,0.0076,0.127,-0.011,1.170,0.0045,-0.1021,0.388,0.253,0.321,0.414,0.061
2010,CSL,82.3,8.9,25.6,30.870,-0.128,2,,-0.286,-0.321,0.0539,0.137,0.043,0.910,0.0023,0.0095,0.140,0.476,0.340,0.658,0.546
2010,CTRN,93.6,-27.5,11.3,-5.520,0.741,-1,0.040,-0.012,-0.171,0.0986,0.259,0.027,0.800,0.0213,0.0021,0.849,0.743,0.350,0.278,1.993
2010,CW,1.4,20.4,29.1,-0.960,,-1,0.027,0.043,0.052,0.1157,0.084,0.011,0.750,0.0144,0.0015,0.623,0.700,0.037,0.023,1.070
2010,DDS,567.7,109.5,47.5,0.110,0.989,3,0.131,-0.261,-0.162,0.0730,0.238,0.187,0.240,0.0054,0.0716,0.969,0.732,0.094,0.583,3.271
2010,DECK,100.7,146.3,52.1,-1.120,0.929,-1,0.217,-0.243,-0.389,0.3035,0.195,0.041,1.710,-0.0074,0.0936,1.000,1.000,0.321,0.241,1.775
2010,DINO,3.2,113.1,45.1,92.430,-5.927,3,,,,-0.0338,0.010,-0.078,0.290,0.0610,-0.1285,0.000,0.929,1.000,0.133,-0.507
2010,DKS,98.2,48.0,26.9,3.590,1.505,2,0.018,-0.305,-0.412,0.0846,0.207,-0.007,0.680,0.0564,0.1615,0.854,0.600,0.194,0.577,1.887
2010,DY,78.9,109.7,49.4,10.520,0.530,1,,,,-0.0186,0.111,-0.061,0.320,-0.0079,-0.0239,0.000,0.431,0.237,0.179,-0.375
2010,EBF,97.5,1.4,13.8,103.370,-0.035,2,,-0.226,-0.260,0.1309,-0.330,-0.007,1.810,0.0018,0.6432,0.005,1.000,0.168,1.000,0.011
2010,EMBJ,59.9,46.4,20.7,-10.340,1.475,-1,,-0.533,-0.212,0.0711,0.167,-0.017,0.440,-0.0033,-0.0799,0.689,0.233,0.004,0.265,1.345
2010,ENS,119.6,67.7,40.8,21.670,0.284,2,0.222,0.095,0.181,0.0916,0.146,0.009,0.670,0.0050,0.0071,1.000,0.880,0.381,0.836,1.464
2010,EPAC,155.6,33.5,16.0,17.860,0.093,3,,-0.176,-0.158,0.0596,0.239,0.047,1.310,0.1527,0.0195,0.517,0.673,0.421,0.678,0.559
2010,EQT,25.2,3.4,24.2,10.820,0.594,2,,-0.170,-0.011,0.3291,0.150,0.035,2.490,0.0024,0.1297,0.402,0.447,0.214,0.714,1.199
2010,ESLT,41.1,-18.9,13.1,-6.720,0.264,-2,0.138,-0.124,-0.149,0.0816,0.170,0.028,0.920,0.0083,-0.0075,0.650,0.802,0.000,0.387,1.111
2010,EXP,10.7,25.1,25.3,60.300,0.285,1,,-0.327,-0.087,0.0502,0.030,-0.040,2.770,0.0061,-0.0626,0.064,0.087,0.468,0.858,0.245
2010,EXPE,169.2,19.6,29.4,10.070,5.393,3,0.053,-0.023,-0.146,0.2019,0.459,-0.044,1.040,0.0061,4.8556,0.988,0.681,0.608,0.433,3.520
2010,FCN,-11.4,-2.8,20.3,-0.900,0.874,-1,-0.027,-0.069,-0.131,0.1962,0.238,-0.126,1.390,-0.0104,0.0151,0.852,0.374,0.008,0.000,1.075
2010,FIX,42.2,9.4,23.4,-5.620,1.344,-6,0.111,2.643,2.863,0.0471,0.167,0.035,0.400,-0.0195,-0.0141,0.878,0.895,0.000,0.469,1.235
2010,FMC,14.2,57.9,40.6,10.980,0.161,2,0.044,0.063,0.084,0.0566,0.161,-0.038,1.130,0.0007,-0.0297,0.377,0.399,0.251,0.462,0.583
2010,FRO,29.1,-2.9,23.1,3.250,0.945,1,,-0.276,0.282,0.1483,-0.462,-0.024,1.850,0.0034,-0.0460,0.000,0.311,0.022,0.552,0.357
2010,FSS,7.4,-28.2,14.7,3.150,0.881,1,,0.348,0.581,0.0558,0.189,0.038,0.460,0.0084,0.0106,0.221,0.502,0.115,0.364,0.961
2010,FUL,73.0,-13.5,15.9,10.440,0.190,2,0.190,-0.182,-0.157,0.1018,0.210,-0.033,0.920,0.0249,-0.2179,0.260,0.830,0.454,0.561,1.157
2010,FWRD,0.5,30.2,35.1,10.750,0.291,2,0.158,0.108,0.152,0.1020,0.271,-0.022,1.530,0.0058,-0.0118,0.550,0.925,0.280,0.181,0.642
2010,GEL,93.3,49.5,32.8,52.070,-0.420,3,,4.828,4.674,-0.0040,0.030,-0.021,0.530,0.0007,-0.0350,0.402,0.265,0.237,0.750,-0.408
2010,GIII,368.1,33.2,18.1,10.160,3.993,1,,1.995,1.859,0.0694,0.281,0.113,0.540,0.0148,0.2975,0.916,1.000,0.317,0.707,0.859
2010,GIL,120.0,39.3,35.1,27.180,-2.825,2,0.091,0.144,-0.057,0.1368,0.154,0.019,2.550,0.0029,0.1124,0.626,0.706,0.579,0.397,0.976
2010,GLNG,156.3,116.3,47.5,23.490,-0.760,1,,-0.753,-0.854,0.2931,0.087,-0.017,4.050,0.1536,-1.2531,0.167,0.575,0.357,0.510,0.700
2010,GME,-19.2,-0.2,14.1,-7.280,0.111,-1,0.016,0.030,0.020,0.0986,0.137,0.064,0.390,-0.0024,-0.0102,0.887,0.101,0.033,0.031,1.701
2010,GNTX,118.4,64.4,38.4,43.490,25.789,3,0.222,0.650,0.198,0.2434,0.123,0.076,4.770,0.0085,0.1636,0.928,0.928,1.000,0.917,1.207
2010,GPK,113.0,44.4,31.7,2.970,0.690,1,,-0.507,-0.442,0.0655,0.077,-0.036,0.290,0.0023,0.0560,0.751,0.290,0.020,0.564,1.656
2010,GRC,2.6,34.9,33.2,0.670,0.972,1,0.000,-0.135,0.097,0.0853,0.148,0.025,1.510,-0.0031,0.0043,0.465,0.763,0.013,0.347,0.867
2010,GT,124.1,-12.5,19.8,22.520,-0.480,3,,-0.799,-0.872,0.0953,0.098,0.029,0.210,0.0041,0.1277,1.000,0.860,0.904,0.448,2.923
2010,HBM,207.0,29.5,26.7,275.040,-11.440,4,,1.327,-1.202,0.0964,0.102,0.001,3.220,0.0026,0.1074,0.255,0.583,1.000,0.400,0.467
2010,HEI,36.9,50.3,36.1,12.270,-0.467,3,0.125,0.063,0.024,0.1811,0.189,0.012,2.260,-0.0103,0.0166,0.846,0.707,0.211,0.355,1.056
2010,HL,217.6,95.4,41.4,172.530,4.631,2,0.000,0.204,-1.996,0.2259,0.074,-0.020,4.180,0.2165,0.9999,0.821,0.663,1.000,0.578,9.103
2010,HLIO,107.3,46.6,28.9,30.690,0.359,2,0.248,0.157,0.329,0.0569,0.192,-0.008,4.500,0.0160,-0.0243,0.300,0.306,0.435,1.000,0.378
2010,HNI,113.6,25.2,31.6,-3.610,1.114,-1,0.105,0.493,0.845,0.0354,0.327,0.014,0.700,0.0158,-0.0569,0.498,0.832,0.040,0.563,0.596
2010,HP,96.8,17.5,27.5,2.150,0.943,1,0.171,-0.230,0.129,0.2561,0.057,-0.024,2.830,0.0087,-0.1005,0.224,0.766,0.023,0.755,0.795
2010,HTLD,8.9,8.2,22.6,13.680,0.589,1,-0.200,-0.072,0.124,0.2230,0.432,-0.018,2.930,-0.0146,-0.0783,0.884,0.952,0.271,0.694,1.761
2010,HUBG,23.7,44.3,33.7,19.140,0.215,2,0.083,0.032,0.084,0.0380,0.074,-0.020,0.630,0.0085,-0.0157,0.344,0.000,0.425,0.423,0.843
2010,HUN,464.8,43.1,34.2,25.120,-0.102,2,,0.237,0.214,0.0281,0.137,0.064,0.400,0.0047,0.0861,0.532,0.904,0.601,0.673,0.799
2010,HURN,-44.2,32.8,33.0,-24.970,,-5,,0.344,0.585,0.3790,0.230,-0.104,0.670,0.0393,0.2205,1.000,0.228,0.000,0.045,3.122
2010,ICFI,9.6,-7.1,16.4,12.710,-1.434,1,0.193,0.144,0.069,0.0551,0.299,0.009,0.710,0.2787,-0.0146,0.752,0.870,0.082,0.729,0.903
2010,IFF,27.0,42.3,36.4,9.430,,2,0.016,0.127,0.041,0.1631,0.237,0.031,1.390,0.0073,0.0404,0.868,0.183,0.874,0.297,1.078
2010,IT,89.2,72.2,42.8,4.830,0.524,2,0.077,-0.144,-0.091,0.1269,0.399,0.010,1.770,0.0220,-0.0337,0.726,0.705,0.385,0.552,1.367
2010,J,-1.5,24.5,25.4,-3.200,1.159,-5,0.000,-0.187,0.047,0.0458,0.095,0.007,0.390,0.0107,-0.0110,0.371,0.363,0.000,0.090,0.920
2010,JBTM,67.7,9.5,17.6,-4.900,0.000,-1,,,,0.0699,0.176,-0.022,0.600,0.0286,-0.0184,0.631,0.331,0.511,0.950,1.030
2010,KEX,39.0,22.2,25.6,2.720,0.883,1,-0.100,-0.055,0.151,0.1919,0.115,0.027,1.780,0.0039,-0.0109,0.654,0.954,0.048,0.531,1.049
2010,KFRC,90.3,36.3,34.4,2.240,0.752,3,0.125,-0.160,-0.092,0.0279,0.266,-0.032,0.600,0.0351,0.5162,0.919,0.000,0.095,0.767,1.223
2010,KFY,129.4,20.7,22.3,32.440,-0.219,3,,0.058,0.000,0.0417,0.064,0.011,1.560,0.0554,0.1197,0.747,1.000,0.720,0.704,0.620
2010,KNX,41.6,0.2,21.0,13.430,0.229,2,-0.042,0.114,0.154,0.1253,0.233,0.015,1.780,-0.0284,-0.0290,0.284,0.661,0.339,0.613,0.835
2010,KRO,15.6,248.6,67.2,32.510,-2.165,2,-0.143,-0.795,-1.017,0.0371,0.133,-0.016,0.640,0.0000,-0.0435,0.492,0.179,1.000,0.345,0.475
2010,LCII,189.7,10.2,26.8,38.710,-17.446,3,0.053,0.872,0.505,0.0495,0.183,-0.041,1.170,0.0212,0.2469,0.929,0.866,0.934,0.860,2.176
2010,LEU,-0.4,11.0,25.2,15.230,-1.187,1,,-0.659,-0.742,0.1640,0.077,0.206,0.290,0.0090,0.0818,1.000,0.146,0.409,0.101,3.118
2010,LKQ,57.8,31.8,27.9,17.360,,1,0.182,-0.094,-0.276,0.1074,0.089,0.000,1.310,0.0172,0.0483,0.733,0.642,0.160,0.267,1.035
2010,LNN,56.6,83.8,28.7,54.780,-1.282,2,-0.030,-0.006,-0.314,0.0812,0.081,-0.029,1.580,0.0128,0.0880,0.575,0.674,0.538,0.355,1.065
2010,LQDT,45.0,34.6,33.9,27.960,-1.643,2,,-0.153,-0.327,0.0855,0.256,-0.034,1.220,-0.0126,0.0897,0.800,0.000,0.613,0.175,1.151
2010,LZB,1165.2,-27.9,17.6,15.140,-0.608,3,0.077,0.092,0.035,0.0461,0.274,0.067,0.520,0.0072,0.2828,0.957,0.992,1.000,1.000,8.908
2010,MAN,99.2,19.5,28.1,21.910,0.159,2,,0.686,0.727,0.0075,0.162,0.038,0.270,0.0064,-0.0249,0.202,0.023,0.530,0.531,0.305
2010,MATV,235.1,-14.9,20.9,13.940,-0.889,2,0.235,-0.058,-0.123,0.0621,0.041,0.025,1.720,0.1978,0.0762,0.601,0.738,0.589,1.000,1.515
2010,MATX,51.4,25.2,28.7,7.550,0.581,3,,0.001,0.106,0.0191,0.105,-0.009,0.510,-0.0573,-0.0403,0.145,0.000,0.359,0.521,0.233
2010,MELI,177.7,68.2,36.3,20.870,1.813,3,0.000,0.162,-0.304,0.3646,0.299,-0.019,10.440,-0.0068,0.0310,0.836,0.507,0.409,0.316,1.803
2010,MEOH,165.8,25.4,26.2,37.860,0.147,3,-0.067,1.549,1.614,0.1071,0.000,0.015,1.820,0.0054,0.2020,0.475,0.415,0.516,1.000,0.673
2010,MGM,256.4,43.9,33.5,3.540,0.750,2,,-0.148,-0.042,-0.3351,1.152,-0.071,0.800,0.5955,0.3090,0.218,0.261,0.111,0.189,-2.657
2010,MGRC,21.3,9.5,23.9,-2.710,1.217,-4,0.234,-0.081,0.071,0.2324,0.224,-0.005,2.040,0.0047,0.0044,0.986,0.179,0.000,0.329,7.205
2010,MIDD,126.7,84.3,36.4,8.470,-0.130,2,0.143,-0.044,-0.054,0.1858,0.098,0.015,1.140,0.1218,-0.0139,0.582,0.531,0.155,0.370,1.015
2010,MLCO,27.8,75.8,45.1,-11.630,0.833,-1,0.133,1.622,1.043,-0.1837,-0.247,0.088,1.300,0.2073,-0.1636,0.756,0.146,0.452,0.001,-0.612
2010,MLI,19.8,32.4,29.2,36.360,0.015,3,-0.125,0.274,0.279,-0.0160,0.000,-0.006,0.300,0.0121,-0.0311,0.000,0.389,0.370,0.516,-0.272
2010,MLKN,94.5,27.5,18.0,20.890,0.251,3,,,,0.0579,0.260,0.010,0.880,0.0743,-0.0002,0.015,0.336,0.532,0.436,0.433
2010,MLM,-7.2,16.7,29.4,-2.200,1.119,-1,,-0.428,-0.221,0.0389,0.087,-0.046,2.020,0.0845,-0.0897,0.048,0.187,0.032,0.423,0.254
2010,MOD,955.7,61.1,35.5,17.640,0.494,3,,-0.097,0.075,0.0189,0.135,0.040,0.500,0.4409,0.1771,0.867,0.466,0.559,0.906,3.093
2010,MTRN,40.3,71.8,36.4,30.380,-0.463,3,,0.841,0.745,-0.0278,0.125,0.127,0.570,-0.0046,-0.0047,0.244,0.172,0.557,0.330,-0.779
2010,MTX,22.1,35.5,34.1,27.330,-0.329,2,0.148,-0.066,-0.134,0.0174,0.113,-0.008,0.970,0.0013,0.0045,0.622,0.239,0.741,0.615,0.416
2010,MTZ,39.2,21.0,26.4,20.040,,1,0.100,0.053,-0.146,0.0289,0.051,-0.001,0.630,0.0060,-0.0279,0.094,0.431,0.579,0.385,0.542
2010,MWA,-29.7,-14.5,18.9,9.720,0.604,2,,-0.234,-0.085,0.0010,0.176,0.035,0.520,0.3345,6.6012,0.961,0.508,0.062,0.212,0.001
2010,MYE,227.8,-0.3,24.2,21.830,0.038,1,-0.250,-0.019,-0.011,0.0233,0.169,0.033,0.470,0.0015,0.3647,0.825,0.000,0.448,0.443,3.475
2010,MYRG,19.3,29.2,22.5,-3.270,0.677,-1,0.167,-0.052,-0.121,0.0395,0.072,-0.005,0.550,-0.0002,-0.1172,0.270,0.190,0.218,0.557,0.973
2010,NAT,-4.4,-14.0,21.6,26.740,0.637,1,,0.189,0.658,-0.1405,0.058,0.002,11.010,0.2169,-0.4832,0.278,0.229,0.106,1.000,-0.349
2010,NPK,141.4,3.5,24.5,0.320,1.112,2,0.060,-0.173,-0.205,0.2103,0.036,0.037,1.750,0.0013,0.0325,0.878,0.666,0.172,0.505,1.789
2010,NPO,12.0,69.7,43.0,-33.370,2.578,-1,,-0.263,0.282,-0.6315,1.056,0.035,0.640,0.0201,-0.6743,0.394,1.000,0.000,0.547,-10.204
2010,NX,113.5,19.8,25.3,55.000,-1.636,3,,0.121,-0.221,0.0122,0.106,-0.028,0.940,0.0124,1.3902,0.910,0.608,1.000,0.827,0.164
2010,OII,83.0,41.2,33.6,-7.810,2.269,-1,0.025,-0.051,0.089,0.1595,0.079,-0.002,1.690,0.0102,0.0042,0.818,0.775,0.000,0.483,1.093
2010,OIS,137.4,88.8,45.3,2.700,0.939,1,,-0.294,0.119,0.1107,-0.124,0.049,0.550,0.0283,0.0553,0.798,0.542,0.025,0.684,0.912
2010,OKE,88.0,48.7,35.4,75.390,-0.705,2,0.048,0.192,-0.120,0.0732,0.000,0.011,0.360,0.0025,-0.0033,0.562,0.629,0.276,0.657,1.199
2010,OLN,1.6,15.0,23.6,1.870,0.911,1,,-0.329,-0.137,0.1032,0.082,0.009,0.860,0.0168,-0.0514,0.525,0.577,0.388,0.547,1.135
2010,OSK,388.3,1.8,24.3,104.790,-3.852,2,0.197,0.876,0.044,0.1338,0.047,0.022,0.520,0.2210,0.1145,1.000,1.000,0.830,0.326,4.684
2010,OXM,263.9,3.5,15.2,13.190,0.262,1,,-0.404,-0.357,0.0488,0.418,0.001,0.480,0.0000,1.5646,0.815,0.976,0.225,0.444,3.362
2010,PAAS,41.4,55.0,37.7,184.440,4.748,4,-0.114,1.572,-0.765,0.2851,0.043,0.028,5.350,0.2680,0.9490,0.863,0.394,1.000,0.418,2.007
2010,PDS,114.7,29.7,31.7,-1.620,1.142,-2,-0.049,-0.342,-0.211,0.0168,0.083,-0.026,2.150,0.2892,-0.3160,0.000,0.255,0.400,0.123,0.057
2010,PII,107.6,71.8,40.2,14.930,0.399,1,0.089,-0.111,-0.012,0.1472,0.093,0.044,0.950,0.0249,0.0422,1.000,1.000,0.317,0.628,1.483
2010,PKE,63.3,5.2,17.3,48.200,-6.699,4,,0.507,0.088,0.2075,0.144,0.080,3.550,0.0034,0.3107,1.000,1.000,1.000,1.000,1.676
2010,PKG,76.8,31.8,26.9,8.300,0.233,3,0.231,-0.015,0.011,0.1330,0.105,0.014,1.020,0.0056,0.0382,0.476,0.369,0.309,0.562,1.200
2010,PNR,30.3,16.6,25.7,18.520,0.206,3,0.093,0.115,0.163,0.0747,0.228,-0.011,0.770,0.0096,0.0080,0.193,0.784,0.466,0.938,0.757
2010,POOL,53.6,25.1,29.8,2.070,0.839,3,0.125,0.219,0.327,-0.0943,0.385,-0.020,0.660,0.0188,-0.0351,0.000,0.836,0.122,0.244,-1.837
2010,POWL,7.7,24.0,26.8,-19.200,18.766,-4,,-0.419,-0.216,0.1117,0.160,0.042,0.560,0.0128,0.0358,0.926,1.000,0.000,0.110,2.171
2010,PTEN,79.5,44.9,33.8,-2.800,1.039,-5,,,,-0.1309,0.057,0.010,3.250,0.0048,-0.3589,0.064,0.751,0.000,0.882,-0.543
2010,PVH,192.2,9.0,17.1,10.500,-1.542,1,0.034,0.057,-0.007,0.0859,0.414,0.032,1.210,0.0272,0.1689,0.728,0.911,0.498,0.679,0.843
2010,PWR,2.9,17.5,25.3,32.810,-0.268,1,0.235,-0.263,-0.332,0.0735,0.096,0.077,1.210,0.0555,-0.0107,0.840,1.000,0.334,0.260,1.304
2010,RBC,52.6,50.7,39.4,11.620,0.642,1,-0.072,-0.125,0.083,0.1206,0.001,-0.014,3.700,0.0010,-0.0294,0.356,0.199,0.219,1.000,0.775
2010,RES,46.9,105.5,43.0,11.180,0.748,1,-0.250,,,-0.0462,0.157,0.031,2.080,0.0037,-0.2073,0.219,0.191,0.122,0.450,-0.281
2010,RGLD,-9.2,13.5,28.6,75.180,2.205,2,0.212,1.104,-0.272,0.4376,0.086,-0.037,16.500,0.1916,0.2743,0.543,0.738,1.000,0.224,0.900
2010,RHI,45.6,26.0,28.9,11.930,0.681,1,,0.075,0.330,0.0307,0.347,-0.002,1.010,-0.0230,-0.0473,0.140,0.303,0.166,0.299,0.346
2010,RRX,50.5,38.2,31.9,20.960,0.163,1,,,,0.1156,0.000,0.018,1.050,0.1856,0.0336,0.750,1.000,0.158,0.606,1.120
2010,RS,75.0,28.6,30.7,11.090,0.785,1,0.029,-0.005,0.401,0.0964,0.200,-0.012,0.610,0.0074,0.0370,0.745,1.000,0.078,0.851,1.033
2010,SAH,256.0,51.2,37.5,79.420,-4.368,3,,4.437,3.791,0.0145,0.131,0.012,0.100,0.2940,2.0827,0.293,0.367,1.000,0.563,0.484
2010,SGI,222.6,92.0,19.1,131.880,-1.005,1,,,,-0.0982,0.254,0.009,5.370,0.0559,-0.0285,0.522,1.000,1.000,1.000,-1.608
2010,SHOO,134.5,59.0,38.3,-5.690,0.395,-1,-0.047,-0.180,-0.217,0.1698,0.000,0.011,1.570,0.0232,0.1873,0.853,0.281,0.434,0.521,1.434
2010,SIG,128.4,56.9,25.1,9.600,-2.872,2,0.086,-0.261,-0.332,0.1495,0.235,0.017,0.740,0.0047,0.4757,0.865,0.924,0.351,0.402,2.362
2010,SM,122.6,99.4,41.7,36.410,0.147,1,,0.807,0.870,0.0415,-0.229,-0.020,1.260,0.0073,0.7724,0.657,0.222,0.291,0.415,0.216
2010,SMG,19.6,33.1,31.5,-12.170,-0.690,-2,0.053,-0.112,-0.063,-0.2237,0.455,0.017,0.860,0.0185,0.0052,0.166,0.060,0.000,0.434,-630.141
2010,SSD,21.0,18.6,27.7,12.500,0.478,3,,-0.836,-0.722,-0.0074,0.157,0.011,2.110,0.0082,-0.0376,0.268,0.304,0.329,1.000,-0.058
2010,STLD,55.5,11.3,23.6,51.750,0.047,2,,0.712,0.738,0.0665,0.051,-0.027,0.870,0.1884,0.1416,0.577,0.235,0.279,0.574,0.515
2010,STN,33.8,15.3,24.4,2.360,1.395,1,,0.398,0.315,0.0565,0.205,-0.021,0.780,0.0043,0.0017,0.017,0.000,0.199,0.127,0.546
2010,TCOM,101.1,22.9,29.4,138.790,4.758,2,,-0.300,-2.057,0.2948,0.291,0.023,11.540,0.0767,0.0067,0.827,0.353,1.000,0.164,0.996
2010,TDG,30.3,65.4,41.4,-2.630,0.386,-1,-0.057,-0.999,-1.016,0.4149,0.122,-0.009,3.310,0.0011,-0.0424,0.915,0.774,0.000,0.674,1.155
2010,TEN,-19.5,-39.1,9.5,25.670,-0.581,3,,0.123,0.028,0.0439,0.064,-0.045,1.010,0.3027,0.0671,0.711,0.612,0.619,0.348,1.304
2010,TFII,142.1,58.2,33.5,137.660,-4.504,4,,0.473,-0.653,0.0605,0.157,0.011,0.530,0.1009,-0.0213,0.605,0.856,1.000,0.308,0.768
2010,THO,265.7,-10.1,16.6,75.180,6.176,4,-0.214,0.488,-0.409,0.0438,0.072,0.001,1.080,-0.0302,0.1410,0.751,0.431,1.000,0.988,0.813
2010,TK,27.6,45.7,28.4,8.290,0.808,1,-0.023,1.416,1.764,0.0208,0.126,-0.042,0.810,0.0006,-0.1473,0.745,0.958,0.094,0.220,0.244
2010,TKR,53.0,115.7,50.0,12.470,0.743,1,,-0.599,-0.239,-0.0270,0.147,0.002,0.500,0.0070,0.0009,0.282,0.973,0.143,1.000,-0.614
2010,TPC,29.0,10.2,23.3,-15.220,1.882,-4,0.222,-0.362,-0.038,0.0394,0.042,0.005,0.200,0.0070,0.1387,0.954,1.000,0.000,0.333,1.877
2010,TREX,121.9,33.4,29.8,102.360,-2.730,1,,0.225,-0.524,-0.0033,0.338,0.121,1.130,0.0296,0.2742,0.870,0.773,1.000,0.752,-0.026
2010,TRN,69.2,80.0,42.9,9.230,0.822,1,0.212,-0.809,-0.384,0.1163,0.092,0.011,0.370,0.0000,-0.0079,0.915,0.852,0.098,0.344,1.303
2010,TSCO,48.3,85.4,38.8,6.000,4.190,1,0.182,-0.089,-0.168,0.0688,0.242,0.032,0.600,0.0122,0.0355,0.717,1.000,0.205,0.254,1.292
2010,TTEK,11.8,-2.0,21.2,-3.730,1.327,-5,,-0.403,-0.252,0.0574,0.071,0.014,0.710,0.0301,0.0126,0.998,0.429,0.128,0.511,5.237
2010,TTI,252.4,25.3,26.7,-10.080,-4.149,-1,-0.211,0.205,0.286,0.1747,-0.337,-0.030,0.880,0.0238,0.5412,0.920,0.409,0.191,0.163,1.971
2010,UAA,38.2,105.3,48.0,7.740,1.477,2,,-0.427,-0.666,0.1212,0.392,-0.060,1.560,-0.0155,-0.0064,0.560,0.918,0.408,0.045,1.073
2010,UFPI,60.5,15.2,30.5,4.960,0.802,2,0.000,-0.457,-0.256,-0.0020,0.129,-0.011,0.390,0.0174,0.0005,0.244,0.501,0.141,0.750,-0.072
2010,ULTA,243.0,91.0,32.4,4.640,1.405,2,0.133,-0.016,-0.177,0.0865,0.228,0.003,1.060,0.0260,0.0238,0.759,0.865,0.373,0.205,1.111
2010,URI,98.3,220.7,69.4,-199.690,-0.174,-1,0.050,-0.139,0.157,0.0431,0.180,-0.018,0.120,0.0040,1.3680,0.877,0.135,0.000,0.043,0.658
2010,VMI,84.7,35.6,33.5,-6.870,1.559,-5,0.036,-0.161,0.031,0.1192,0.189,0.004,1.050,0.0074,0.0120,0.698,0.921,0.000,0.423,1.153
2010,WAB,33.3,48.8,36.9,5.200,0.686,1,0.000,-0.097,0.016,0.1164,0.149,-0.017,1.320,-0.0049,-0.0077,0.566,0.764,0.107,0.426,0.950
2010,WCC,54.0,88.3,44.0,8.440,0.711,1,0.020,-0.241,-0.033,0.0376,0.149,0.012,0.270,0.0256,-0.0136,0.019,0.325,0.148,0.238,0.681
2010,WCN,15.1,43.1,37.2,3.520,1.221,4,,0.098,-0.096,0.1899,0.109,-0.013,2.040,-0.0258,0.0001,0.105,0.631,0.834,0.043,0.903
2010,WEN,1.3,1.3,19.3,-190.520,0.003,-2,,-0.662,-0.667,-0.0170,0.147,-0.071,0.590,2.9859,0.4668,0.702,0.298,0.016,0.097,-6.308
2010,WOR,36.9,14.7,18.9,14.380,0.735,1,,0.800,1.199,0.0426,0.107,0.204,0.440,0.0039,0.3266,0.880,0.814,0.163,1.000,2.116
2010,WSO,67.4,10.9,26.5,12.230,1.218,3,,1.800,1.116,0.0264,0.211,0.070,0.870,0.1385,0.0092,0.323,0.150,1.000,0.717,0.456
2010,WWW,38.6,27.2,27.5,90.210,0.097,1,0.046,-0.004,0.093,0.1023,0.302,-0.077,1.530,-0.0205,0.0386,0.000,0.529,0.078,0.886,0.015
2011,AAL,74.7,-10.3,9.5,-3.590,0.742,-2,,0.191,0.088,0.0122,0.043,-0.009,0.060,0.0000,0.0892,0.766,0.900,0.845,0.152,2.122
2011,ABG,65.8,27.1,12.1,-24.350,-1.158,-4,-0.147,0.078,0.208,0.0340,0.120,0.061,0.160,0.0505,0.0040,0.997,0.382,0.452,0.933,8.831
2011,ACM,7.2,-19.4,4.0,20.320,2.948,2,0.000,0.209,-0.098,0.0466,0.012,0.026,0.500,0.0403,0.0023,0.739,0.019,0.582,0.596,0.859
2011,AER,58.9,-10.6,9.5,-86.300,0.308,-1,,-0.376,-0.759,0.3316,-0.074,-0.006,0.910,0.4039,-0.0053,0.478,0.325,0.442,0.223,1.307
2011,AG,408.3,32.6,14.5,-20.510,0.866,-1,,1.706,0.385,0.4290,0.159,0.032,13.450,0.1246,0.3237,1.000,0.713,0.792,0.130,1.293
2011,AGI,15.3,22.8,15.2,32.290,-0.919,1,,0.507,0.352,0.4712,0.104,-0.069,10.120,0.0181,-0.0151,0.965,0.991,0.208,0.149,1.715
2011,ALGT,-8.7,18.1,8.8,-2.660,0.884,-1,-0.079,0.113,-0.089,0.1287,0.024,-0.015,1.340,-0.0560,-0.0053,0.872,0.471,0.161,0.141,0.552
2011,ALK,87.6,23.4,8.0,2.940,1.284,1,,0.047,-0.086,0.1245,0.039,0.006,0.590,0.0123,0.0621,0.790,0.858,0.911,1.000,3.744
2011,ARLP,65.8,14.2,8.5,3.410,1.092,4,0.096,0.023,-0.381,0.2260,0.034,0.005,1.560,0.0016,0.0642,0.876,0.944,1.000,1.000,1.268
2011,AROC,-3.5,-45.5,5.6,2.010,0.747,1,,0.288,0.347,-0.0238,0.149,-0.039,0.340,-0.0020,-0.1806,0.528,0.111,0.065,0.096,-0.262
2011,ASR,3.6,28.0,13.7,22.150,1.492,6,,11.661,10.989,0.3133,0.089,0.021,4.980,-0.0001,-0.0693,0.004,0.000,1.000,0.442,0.768
2011,AVAV,20.2,-3.3,10.2,14.570,1.603,2,,-0.067,-0.455,0.1857,0.219,0.013,2.210,0.0048,0.0463,0.760,0.811,0.798,0.723,5.630
2011,AVNT,82.6,9.8,11.3,-12.350,0.489,-2,-0.118,-0.056,-0.174,0.0601,0.118,-0.019,0.490,0.0115,0.0137,0.900,0.593,0.628,0.953,2.298
2011,AZZ,18.4,19.5,3.6,21.570,5.629,2,0.026,3271.956,3271.694,0.1626,0.106,-0.023,1.330,0.0081,-0.0273,0.668,0.451,0.615,0.688,1.057
2011,BC,81.4,6.2,5.7,-11.590,0.484,-2,0.125,-0.611,-0.720,-0.0771,0.236,-0.036,0.550,0.0440,0.1048,0.381,0.412,0.673,0.766,-103.490
2011,BCPC,65.2,-1.0,9.6,0.220,1.013,6,0.069,0.178,-0.001,0.1980,0.071,0.019,4.250,0.0255,0.0161,0.936,0.673,0.565,1.000,1.159
2011,BJRI,82.8,37.8,10.4,-5.950,0.751,-1,0.000,-0.095,-0.275,0.0636,-0.228,0.042,2.170,0.0402,0.0284,0.962,0.040,0.277,0.749,1.379
2011,BYD,21.3,-3.2,10.1,-6.120,0.876,-1,0.000,0.361,-0.073,0.0644,0.280,-0.073,0.400,0.0084,0.0174,0.683,0.811,0.932,0.106,0.651
2011,CAKE,34.0,5.3,9.0,-0.410,0.907,-1,0.029,0.003,-0.038,0.0740,0.049,-0.004,1.110,0.0202,0.0754,0.783,0.052,0.306,0.514,1.134
2011,CAR,17.7,-6.5,6.4,2.480,1.773,7,,-0.513,-0.570,-0.1321,-0.005,0.008,0.310,0.0098,0.0756,0.535,1.000,0.949,0.732,-6.635
2011,CASY,28.7,24.1,14.7,6.470,1.384,2,,0.095,-0.139,0.0220,0.110,-0.013,0.290,-0.2516,-0.0052,0.066,0.299,0.829,0.370,0.676
2011,CBRL,17.8,11.5,11.3,-1.800,0.402,-1,-0.008,0.039,0.027,0.0820,0.400,-0.065,0.490,0.0223,0.0039,0.964,0.195,0.847,0.530,1.470
2011,CBT,56.3,-12.9,5.8,-11.890,0.478,-3,,-0.039,-0.148,0.1023,0.108,0.014,0.910,-0.0047,0.0271,0.931,0.838,0.557,0.645,2.163
2011,CECO,-24.1,-64.8,3.6,8.710,5.402,1,,,,0.0557,0.182,-0.002,2.780,0.1905,0.5468,0.964,0.888,0.413,0.812,6.262
2011,CHDN,10.0,33.1,17.9,70.140,3.031,4,,1.923,0.876,-0.0245,0.106,-0.013,1.150,0.2032,0.0914,0.508,0.000,1.000,0.276,-1.176
2011,CHH,25.3,-10.4,9.1,-0.570,0.947,-1,0.077,-0.042,-0.143,0.2480,2.124,-0.037,4.030,0.0166,0.0058,0.194,0.000,0.715,0.567,0.891
2011,CLH,77.4,38.2,15.3,1.600,1.027,1,,0.037,-0.575,0.1038,0.140,0.033,0.830,0.0320,0.0802,0.621,0.631,0.580,0.462,1.025
2011,CLMT,20.9,-5.0,6.5,-0.650,0.969,-1,,1.952,1.749,0.0323,0.037,0.009,0.380,0.0963,0.0194,0.322,0.259,0.524,0.345,0.616
2011,CMCO,18.8,-18.5,6.1,-6.650,0.552,-1,,0.581,0.499,0.0229,0.121,-0.135,0.650,0.0054,0.0443,0.872,0.027,0.844,0.448,0.665
2011,CMP,44.6,-22.6,5.0,17.580,-4.087,1,-0.071,0.163,0.022,0.2321,0.068,0.002,2.900,0.0051,-0.0757,0.674,0.606,0.400,1.000,1.171
2011,CODI,8.8,-6.5,10.9,-20.880,0.504,-1,,-0.547,-0.759,0.0143,0.201,-0.028,0.420,0.2758,-0.0036,0.718,0.320,0.418,0.581,9.828
2011,CPA,12.0,24.9,8.3,8.960,1.758,5,,-0.153,-0.360,0.3129,0.011,-0.011,1.740,0.0000,0.0056,0.928,0.625,0.428,0.354,111.950
2011,CPS,48.4,-3.7,14.1,-8.580,0.345,-3,,,,-0.4930,0.153,0.008,0.360,0.0122,-0.5575,0.240,0.853,0.633,1.000,-18.802
2011,CRI,-3.1,58.5,18.5,9.060,2.197,2,0.112,0.042,-0.124,0.1187,0.273,-0.007,0.910,0.0172,-0.0140,0.915,0.000,0.535,0.345,1.462
2011,CRK,-27.4,-56.6,3.1,-37.860,-1.079,-3,,-0.022,0.174,-0.4158,0.113,0.018,3.570,0.0125,-0.3971,0.000,0.264,0.215,0.408,-2.140
2011,CROX,132.2,11.6,11.4,10.030,1.462,2,,0.132,-0.185,0.0305,0.453,0.055,2.050,0.0605,0.1317,0.747,0.506,0.270,0.133,0.588
2011,CRS,47.7,33.2,8.6,-8.110,0.839,-1,-0.125,-0.064,-0.488,0.0322,0.097,-0.008,1.330,0.0113,0.0246,0.460,0.232,0.922,0.611,0.336
2011,CSL,19.0,16.7,6.4,-12.990,-0.281,-2,0.109,0.048,0.076,0.0428,0.163,0.093,1.010,0.0071,-0.0112,0.051,0.510,0.272,0.785,0.456
2011,CTRN,-22.4,-51.3,6.2,-8.640,0.132,-3,0.020,0.093,0.080,0.0817,0.274,0.070,0.560,0.0069,-0.0170,0.733,0.792,0.101,0.196,1.678
2011,CW,20.3,4.3,8.3,-2.800,0.594,-1,0.068,-0.093,-0.134,0.1093,0.079,-0.001,0.880,0.0121,-0.0064,0.741,0.567,0.187,0.174,1.063
2011,CYD,67.1,-45.9,8.1,-10.520,5.268,-1,,10.966,11.096,0.2093,0.143,0.070,0.490,0.0000,0.1600,1.000,0.328,0.000,0.239,6.594
2011,DAC,3.3,-12.2,12.2,-0.790,0.957,-1,,-0.556,-0.734,0.3962,0.068,0.000,1.430,0.9911,-0.0443,0.471,0.376,0.858,0.104,0.881
2011,DCH,72.3,-15.0,4.4,-25.220,0.505,-2,0.205,-0.060,-0.317,0.0874,0.087,-0.008,0.480,0.0094,0.0249,0.983,0.737,0.425,0.978,0.583
2011,DDS,101.9,29.1,12.8,6.690,-4.262,2,0.123,-0.297,-0.351,0.0908,0.231,-0.036,0.400,-0.1637,0.0178,1.000,0.769,1.000,1.000,3.616
2011,DECK,153.7,-1.5,10.0,1.950,1.090,1,0.141,0.207,-0.029,0.3272,0.215,0.030,3.520,-0.0011,0.0237,1.000,1.000,0.426,0.866,1.862
2011,DHI,-3.0,10.2,5.6,-22.580,3.893,-2,,-0.543,-0.239,-0.0082,0.175,-0.033,1.010,-0.1039,-0.0652,0.781,0.465,0.218,0.775,-0.097
2011,DKS,56.9,14.1,12.1,4.630,1.514,2,0.056,0.028,-0.109,0.0961,0.220,0.060,1.000,0.0320,0.0115,0.915,1.000,0.365,1.000,1.997
2011,DMLP,28.0,-14.8,9.2,-17.940,3.547,-4,,,,0.7804,0.122,0.004,15.280,0.0278,0.2074,0.954,0.228,0.294,1.000,1.249
2011,DY,105.2,32.4,14.9,-0.090,,-2,,-0.455,-0.464,-0.0048,0.100,-0.021,0.600,-0.0985,0.0138,0.139,0.489,0.523,0.495,-0.117
2011,EBF,13.0,-22.7,8.5,-105418.690,0.000,-1,,924.620,924.538,0.1134,-0.314,0.115,1.950,0.0025,-0.0175,0.004,0.682,0.810,0.437,0.004
2011,EGY,73.8,1.7,13.7,5.610,1.491,2,,0.477,0.306,0.4857,-0.153,-0.026,3.180,0.0097,-0.0455,0.754,0.888,0.385,0.461,0.929
2011,ENS,65.3,-9.5,6.1,-7.990,0.722,-1,0.145,0.152,-0.056,0.0950,0.133,-0.014,0.930,0.0305,0.0034,1.000,0.856,0.711,1.000,1.365
2011,EPAC,27.5,9.8,20.4,8.070,2.863,2,0.000,0.059,-0.065,0.1120,0.245,-0.045,1.630,0.0193,0.0524,0.722,0.543,0.809,0.956,1.036
2011,EQT,5.3,9.0,5.9,-9.950,0.443,-1,0.080,-0.067,-0.146,0.3627,0.101,0.019,2.870,0.1397,0.0337,0.495,0.306,0.610,0.940,1.242
2011,ESLT,-16.4,-32.7,8.6,23.040,-1.043,2,-0.022,0.398,0.280,0.0709,0.168,0.030,0.820,0.0058,-0.0106,0.544,0.740,0.414,0.250,0.931
2011,EXK,184.1,-1.7,17.0,-87.670,0.166,-2,,22.241,22.067,0.2901,0.104,-0.017,7.190,0.2578,0.1106,1.000,0.866,0.133,0.000,0.000
2011,EXP,24.3,2.1,6.6,-373.630,-0.002,-1,,4.481,4.489,0.0375,0.038,-0.006,2.750,0.0024,-0.0127,0.184,0.071,0.649,0.592,0.230
2011,EXPE,20.8,31.0,9.3,0.000,1.000,2,-0.026,0.054,-0.105,0.1846,0.467,0.010,1.080,-0.0250,-0.0173,0.981,0.480,0.716,0.460,3.454
2011,FCN,-9.8,30.2,13.3,4.600,,2,0.037,0.055,0.016,0.0974,0.250,-0.072,1.120,-0.1051,-0.0988,0.372,0.280,0.119,0.000,0.591
2011,FIX,7.1,-9.4,11.0,17.040,4.095,2,,0.449,0.223,0.0226,0.154,-0.021,0.440,0.0001,-0.0245,0.231,0.460,0.917,0.613,0.534
2011,FRO,-4.4,-78.5,2.3,-18.340,-1.878,-2,0.105,0.415,0.535,0.1270,0.119,-0.015,1.720,-0.0034,-0.0213,0.000,0.137,0.322,0.491,0.361
2011,FSM,118.6,3.6,15.9,70.430,7.844,1,,0.235,-0.572,0.4421,0.217,-0.028,8.410,0.1914,0.1020,0.998,0.416,0.709,0.469,0.076
2011,FSS,-25.0,-17.5,15.1,-15.660,-0.694,-1,,-0.098,-0.034,-0.4824,0.278,0.045,0.480,0.2958,-0.5383,0.000,0.768,0.463,0.438,-26.564
2011,FTK,627.6,39.9,12.5,-6.820,0.927,-1,,1.242,0.377,0.1755,0.205,-0.027,5.600,-0.1411,0.3071,0.966,0.784,0.818,0.124,11.486
2011,FUL,-13.3,27.4,5.5,-1.900,0.742,-2,0.225,0.109,0.055,0.0822,0.201,0.003,0.730,0.0061,-0.0196,0.159,0.456,0.667,0.329,0.909
2011,FWRD,31.0,28.3,7.1,-4.930,0.724,-2,0.108,-0.043,-0.172,0.1401,0.251,0.006,1.750,0.0102,0.0382,0.687,0.000,0.638,0.332,1.010
2011,GBX,104.8,13.0,3.4,38.620,-0.814,1,0.080,-0.289,-0.462,0.0408,0.089,0.048,0.580,0.2804,0.0105,0.754,0.630,0.658,0.788,0.762
2011,GEL,43.8,6.7,7.7,-4.750,0.889,-1,,0.993,0.612,-0.1094,0.149,-0.038,0.520,0.0027,-0.1054,0.000,0.083,0.322,0.708,-15.518
2011,GEO,24.2,-26.1,5.3,9.250,1.825,2,,0.265,0.060,0.1159,0.092,-0.006,1.340,0.3427,-0.0112,0.628,0.871,0.502,0.690,1.146
2011,GIII,37.2,-24.9,13.1,15.600,1.656,1,0.069,1.553,1.159,0.0775,0.240,0.030,0.640,0.1465,0.0080,0.923,0.771,0.453,0.879,1.684
2011,GIL,40.7,-33.1,4.4,28.020,2.258,1,0.077,0.086,-0.417,0.1194,0.126,0.010,2.720,0.0033,-0.0174,0.556,0.491,0.952,0.450,0.879
2011,GLNG,128.4,76.5,17.2,-41.350,-0.034,-1,,0.477,0.490,0.2324,0.115,0.056,7.150,-0.1282,-0.0607,0.127,0.727,0.212,1.000,0.594
2011,GME,2.6,13.6,17.6,1.280,1.364,2,0.006,0.056,0.008,0.1018,0.131,0.028,0.350,-0.0925,0.0032,0.915,0.082,0.062,0.030,1.654
2011,GNTX,78.4,-10.1,4.9,-7.750,0.764,-3,0.000,0.351,0.100,0.2278,0.130,0.085,5.820,0.0261,-0.0156,0.929,0.914,0.498,1.000,1.152
2011,GPK,39.1,9.2,11.1,4.450,-3.118,1,,-0.004,-0.037,0.0579,0.083,-0.036,0.400,0.0023,-0.0076,0.647,0.721,0.121,0.846,1.339
2011,GPRE,-29.0,-1.5,7.9,36.100,1.970,1,0.222,0.905,0.172,0.0430,0.025,0.006,0.200,0.4506,-0.0251,1.000,0.035,0.542,0.055,0.003
2011,GRC,44.6,22.3,8.1,20.770,2.351,5,,0.184,-0.178,0.1665,0.128,0.072,1.970,0.0080,0.0812,1.000,1.000,1.000,0.737,1.515
2011,GT,0.0,-2.3,7.8,1.150,1.088,1,,-0.702,-0.845,-0.0112,0.185,0.143,0.180,0.0041,-0.1066,0.380,0.764,0.869,0.345,-0.408
2011,HBM,26.6,-36.7,6.5,31.590,-1.424,1,-0.057,0.388,0.202,0.2720,0.060,-0.022,3.330,-0.0234,0.1756,0.600,0.923,0.297,0.838,1.282
2011,HEI,46.2,37.6,14.2,10.600,1.591,1,0.182,0.107,-0.178,0.1858,0.181,-0.027,2.750,0.0061,0.0047,0.978,0.933,0.666,0.833,1.074
2011,HL,86.9,-50.3,5.2,31.020,2.429,2,-0.167,0.480,-0.047,-0.9914,0.053,-0.044,6.710,0.1504,-1.2173,0.000,0.973,0.390,1.000,-15.548
2011,HLIO,45.7,17.9,14.2,-10.070,0.841,-2,0.041,0.267,-0.266,0.2096,0.142,-0.006,4.270,0.0079,0.1527,0.833,0.895,0.797,0.931,1.321
2011,HNI,29.5,-14.7,5.5,11.610,11.758,1,,1.725,1.598,0.0439,0.294,0.034,0.900,0.0133,0.0085,0.590,0.741,0.949,1.000,0.910
2011,HTLD,8.3,-9.1,5.7,0.960,1.078,5,0.000,0.036,-0.096,0.1898,0.397,0.001,2.900,-0.0049,-0.0333,0.835,0.612,0.944,0.703,1.138
2011,HUBG,45.4,-7.6,5.0,-5.400,0.766,-2,0.000,0.088,-0.088,0.0400,0.076,0.008,0.750,-0.0171,0.0020,0.333,0.226,0.835,0.654,0.877
2011,HUN,42.2,-30.6,4.3,1.180,1.085,1,0.200,0.002,-0.149,0.0390,0.113,-0.006,0.480,0.0119,0.0108,0.613,0.834,0.829,0.827,1.237
2011,HURN,29.0,29.6,13.4,31.780,-1.078,1,,0.409,0.244,0.0084,0.181,-0.029,0.960,0.0310,-0.3706,0.580,0.473,0.368,0.165,0.078
2011,HWKN,123.1,-11.6,6.1,8.140,1.975,4,,,,0.0968,0.098,0.020,1.010,0.0071,-0.0584,0.443,0.241,0.438,1.000,0.918
2011,ICFI,-10.4,20.3,14.1,-7.490,0.591,-1,0.000,0.030,-0.078,0.0604,0.290,-0.035,0.570,0.0155,0.0052,0.974,0.828,0.095,0.438,1.038
2011,IEP,-16.1,7.9,12.6,36.780,-3.386,1,,,,0.1710,0.120,0.000,0.450,0.1115,0.1533,0.981,0.460,0.290,0.001,0.226
2011,IFF,33.4,2.7,7.3,-2.350,0.763,-2,-0.068,-0.003,-0.079,0.1339,0.267,-0.062,1.670,0.0163,-0.0292,0.186,0.118,0.655,0.534,0.851
2011,IOSP,161.2,12.5,7.7,-8.640,0.480,-2,,-0.020,-0.100,0.0857,0.213,0.015,0.980,0.0472,0.0973,0.612,0.319,0.479,0.766,1.228
2011,IT,73.7,7.0,7.5,5.550,1.518,1,0.026,0.114,-0.049,0.1388,0.405,0.009,2.740,0.0050,0.0119,0.563,0.768,0.997,1.000,1.239
2011,JBTM,9.6,-15.8,12.6,2.730,1.165,3,,,,0.1022,0.159,0.001,0.610,0.0035,0.0323,1.000,0.547,0.791,0.867,1.475
2011,JHX,-10.7,35.1,16.6,0.470,1.105,2,,,,0.1761,0.178,0.067,2.270,0.0058,0.1332,0.685,0.486,0.624,0.712,3.659
2011,KBH,-3.0,-35.4,4.8,-42.430,-3.571,-1,,-0.865,-0.533,0.0702,0.125,0.064,0.740,0.0018,0.2007,0.895,0.680,0.296,1.000,0.639
2011,KEX,23.2,52.5,10.5,6.930,3.063,5,0.093,0.079,-0.024,0.1874,0.095,0.008,2.120,-0.0045,-0.0045,0.454,0.387,0.595,0.766,0.998
2011,KFRC,34.6,-28.6,4.6,1.400,1.102,7,0.067,0.130,-0.021,0.0404,0.266,-0.013,0.810,0.0885,0.0126,0.941,0.271,0.866,1.000,2.015
2011,KFY,19.2,-26.4,7.6,-4.880,0.847,-3,0.000,-0.046,-0.315,0.1056,0.812,-0.012,1.360,0.0198,0.0638,0.927,0.998,0.731,0.713,1.796
2011,KNX,-1.5,-15.4,4.1,1.740,1.166,1,-0.067,5.197,5.075,0.1246,0.241,-0.018,1.570,0.0047,-0.0008,0.276,0.533,0.743,0.571,0.889
2011,KWR,70.8,1.1,10.2,-7.900,0.499,-2,-0.126,-0.069,-0.148,0.0818,0.251,0.010,0.780,0.0346,-0.0093,0.794,0.721,0.633,0.985,1.517
2011,LAD,118.1,74.0,19.3,-20.670,0.239,-2,0.077,-0.034,-0.099,0.0231,0.139,-0.028,0.180,0.0166,0.0240,0.965,0.155,0.653,0.944,21.589
2011,LCII,11.2,13.7,7.2,-19.140,0.075,-3,,0.100,0.084,0.0433,0.174,0.009,0.910,0.0053,-0.0062,0.922,0.777,0.353,0.600,2.064
2011,LEU,6.7,-76.7,3.3,39.730,15.264,3,,-0.074,-0.499,0.0243,0.068,-0.039,0.330,0.0707,-0.1397,0.454,0.038,0.615,0.159,0.503
2011,LKQ,25.7,35.4,13.8,-1.540,0.932,-1,0.000,0.117,-0.095,0.1085,0.087,-0.047,1.400,0.0240,0.0011,0.549,0.124,0.189,0.318,0.999
2011,LNG,165.1,114.2,25.4,2.360,0.683,1,,0.212,0.263,0.2974,0.272,0.015,1.820,0.2202,-0.0930,0.998,0.110,0.121,0.002,0.009
2011,LNN,91.2,-15.7,13.4,37.330,11.042,1,,0.239,-0.171,0.1420,0.081,0.040,2.530,0.0084,0.0608,0.973,0.822,0.606,0.738,1.567
2011,LQDT,52.5,108.9,12.0,4.270,1.268,1,,-0.075,-0.277,0.0500,0.245,0.133,1.560,0.0223,-0.0355,0.483,0.085,0.661,0.287,0.679
2011,LXU,112.7,11.9,10.1,40.570,5.641,1,,-0.062,-0.556,0.1756,0.110,0.043,1.230,0.4306,0.1541,1.000,0.944,1.000,1.000,2.325
2011,LZB,-28.9,69.2,13.2,-1.740,1.678,-3,0.091,-0.137,-0.094,0.0342,0.267,-0.013,0.370,0.0082,-0.0119,0.943,0.723,0.576,0.647,6.726
2011,MATV,-14.6,16.0,6.8,-1.670,2.232,-4,0.141,0.051,0.081,0.1253,0.038,0.003,1.420,-0.0345,0.0632,0.782,0.917,0.232,0.789,2.131
2011,MATX,26.0,13.4,9.8,11.420,1.628,7,0.147,-0.920,-1.217,0.0311,0.091,0.006,0.550,0.0097,0.0119,0.309,0.000,0.776,0.604,0.432
2011,MELI,63.8,45.7,15.6,16.550,2.564,1,0.029,0.297,0.026,0.3365,0.296,-0.026,13.680,0.0023,-0.0281,0.829,0.214,0.193,0.464,3.032
2011,MEOH,28.4,-8.6,4.4,-2.360,0.954,-3,-0.187,-0.176,-0.670,0.0722,0.000,0.024,1.430,0.0097,-0.0350,0.393,0.219,0.770,0.735,0.524
2011,MGRC,7.0,28.5,16.2,9.950,1.975,4,,0.152,-0.049,0.2728,0.208,-0.023,2.100,0.0181,0.0405,0.623,0.765,1.000,0.412,1.073
2011,MIDD,80.6,8.0,12.7,20.440,2.322,3,0.111,0.172,-0.187,0.1670,0.103,-0.020,1.820,-0.0107,-0.0188,0.230,0.948,0.732,0.730,0.924
2011,MLCO,71.9,69.4,14.7,47.490,2.046,1,-0.200,0.705,-0.224,0.0556,0.024,-0.022,1.130,0.0009,0.2393,0.806,0.542,0.592,0.001,0.130
2011,MLI,35.3,39.7,11.2,0.890,1.043,1,0.095,-0.276,-0.493,0.0555,0.040,0.022,0.310,0.0066,0.0714,0.531,0.332,0.525,0.810,0.973
2011,MLKN,25.6,-13.2,16.8,5.920,1.297,7,,,,0.0750,0.246,-0.015,0.950,-0.0023,0.0170,0.335,0.381,1.000,0.602,0.842
2011,MLM,19.4,-5.6,6.1,10.180,3.367,1,,-0.088,-0.232,0.0812,0.082,0.023,2.320,0.0041,0.0423,0.442,0.443,0.803,0.588,0.569
2011,MOD,64.6,-33.2,4.5,-3.470,0.846,-3,,-0.112,-0.303,0.0254,0.128,0.021,0.570,0.0140,0.0065,0.906,0.737,0.354,1.000,2.109
2011,MOV,51.2,32.5,20.9,14.220,-2.075,2,,0.709,0.613,-0.2333,0.539,0.124,1.080,0.0082,0.0817,0.173,0.000,0.848,0.520,-405.739
2011,MRCY,42.9,-16.3,4.6,13.070,2.325,1,0.158,0.030,-0.200,0.1174,0.441,-0.008,1.990,0.0493,0.0633,0.961,0.692,0.864,1.000,1.413
2011,MTH,8.9,16.7,6.7,-25.760,,-2,-0.235,-0.332,-0.083,0.0138,0.086,0.001,0.800,0.0100,0.1440,0.718,0.469,0.170,1.000,0.243
2011,MTRN,106.9,-23.9,8.5,-5.280,0.925,-3,,0.203,-0.451,0.0534,0.119,0.204,0.660,0.0252,0.0812,0.595,0.346,0.668,0.420,1.346
2011,MTX,35.1,2.8,6.7,-11.670,-0.758,-2,0.049,-0.011,0.039,0.0935,0.114,-0.003,1.180,-0.0100,0.0761,0.715,0.507,0.479,1.000,2.076
2011,MTZ,18.7,11.5,14.0,-11.840,0.800,-1,0.189,0.268,-0.204,0.0742,0.051,-0.018,0.540,0.0320,0.0452,0.676,1.000,0.792,0.212,1.330
2011,MWA,-5.8,-36.5,3.6,-0.650,1.086,-2,0.200,0.032,0.113,-0.0150,0.181,0.103,0.520,0.0058,-0.0159,0.959,0.322,0.087,0.222,-0.022
2011,MYE,4.1,32.4,8.3,-13.100,-0.002,-1,-0.083,-0.326,-0.325,-0.3422,0.194,0.044,0.480,0.0011,-0.3654,0.080,0.376,0.545,0.456,-18.740
2011,MYRG,35.8,-15.1,8.2,-4.750,1.830,-1,,-0.231,-0.126,0.0628,0.077,0.051,0.790,0.0038,0.0234,0.415,0.362,0.056,1.000,1.435
2011,NAT,-14.3,-42.9,6.0,-67.720,-0.541,-1,,-0.348,-0.110,-0.6085,0.262,-0.004,9.180,0.0298,-0.4679,0.021,0.169,0.197,0.669,-2.048
2011,NMM,13.1,-17.6,5.4,5.340,1.088,5,0.122,0.427,-0.231,0.4646,0.165,0.013,5.670,0.5589,-0.0378,0.778,1.000,1.000,1.000,0.969
2011,NPK,2.1,-36.9,9.0,-3.520,2.442,-2,,,,0.2373,0.031,-0.013,1.790,0.0015,0.0270,1.000,1.000,0.140,0.694,1.692
2011,NPO,65.2,-9.0,5.2,56.990,-3.968,1,-0.224,0.148,-0.307,0.0319,0.331,-0.026,1.000,0.0099,0.6633,0.938,0.424,1.000,1.000,0.462
2011,NX,21.8,-13.1,10.7,-8.500,0.395,-3,,2.735,2.680,-0.0480,0.127,0.017,0.870,-0.0187,-0.0602,0.888,0.396,0.482,0.733,-0.488
2011,OII,45.4,33.2,9.1,4.180,1.628,4,0.048,-0.030,-0.138,0.1471,0.087,0.030,2.300,-0.0159,-0.0124,0.303,0.452,0.428,0.826,0.921
2011,OIS,90.8,9.8,6.8,2.790,1.096,1,0.148,0.277,-0.041,0.0971,-0.098,0.011,0.960,0.0521,-0.0136,0.755,0.071,0.765,1.000,0.828
2011,OLN,16.2,16.6,8.5,0.810,1.090,5,,0.166,0.067,-0.0135,0.086,0.010,0.980,0.0102,-0.1167,0.000,0.461,0.671,0.686,-0.161
2011,OSK,1.7,-33.2,5.2,-71.700,-0.725,-3,,-0.399,-0.098,0.0992,0.074,-0.001,0.380,0.0069,-0.0346,0.934,0.654,0.048,0.286,2.741
2011,OXM,6.4,101.5,32.6,13.160,0.567,1,0.129,-0.106,0.066,0.0512,0.512,0.028,0.590,0.0061,0.0025,0.816,1.000,0.187,0.567,4.443
2011,PAAS,60.1,-31.1,5.2,-12.200,0.661,-1,-0.082,0.343,0.106,0.4327,0.046,0.033,6.180,0.0028,0.1475,0.997,0.818,0.250,0.531,1.811
2011,PBA,18.1,22.7,18.8,18.000,1.834,1,,-0.055,-0.451,0.1719,0.037,0.003,3.070,0.0243,-0.0460,0.076,0.000,0.354,0.029,0.660
2011,PDS,28.7,8.1,7.7,7.900,2.898,1,0.096,0.329,0.209,0.3348,0.079,-0.008,2.750,0.0003,0.3180,0.758,0.417,0.552,0.368,1.275
2011,PII,67.8,65.2,6.9,-1.900,0.943,-1,0.057,0.063,-0.248,0.1264,0.106,-0.023,1.310,0.0363,-0.0209,0.790,1.000,0.967,0.960,1.283
2011,PKE,6.4,-10.9,10.4,-0.180,0.899,-3,0.143,0.028,0.012,0.2030,0.153,0.012,3.160,0.0046,-0.0045,0.977,0.868,0.421,0.781,1.500
2011,PKG,34.1,-7.1,5.2,1.620,1.100,7,-0.019,0.202,0.024,0.1538,0.097,0.018,1.190,-0.0120,0.0208,0.650,0.778,1.000,0.753,1.347
2011,PNR,20.2,-0.6,5.6,-9.410,0.438,-1,0.065,-0.054,-0.128,0.1056,0.203,0.031,0.810,-0.0070,0.0308,0.699,0.907,0.772,0.810,1.069
2011,POOL,26.3,31.9,8.2,-1.310,0.775,-2,0.000,8.277,8.232,-0.0695,0.374,0.010,0.790,-0.0067,0.0247,0.103,1.000,0.457,0.457,-1.645
2011,POWL,27.0,-3.2,7.7,10.820,0.433,1,,0.299,0.382,0.0302,0.168,0.024,0.850,0.0126,-0.0814,0.281,0.400,0.125,0.822,0.482
2011,PTEN,50.6,-24.2,4.9,124.460,2.083,4,0.121,0.998,-1.396,0.1875,0.031,0.040,2.630,0.0044,0.3184,0.603,0.389,1.000,0.762,0.934
2011,PVH,8.6,51.0,25.7,10.060,1.086,5,0.134,1.086,-0.189,0.0657,0.461,-0.004,0.940,0.3686,-0.0203,0.641,1.000,1.000,0.473,0.764
2011,PWR,17.5,-3.7,10.7,-42.180,0.225,-1,,-0.575,-0.697,0.0493,0.085,0.000,1.230,0.0263,-0.0242,0.627,0.327,0.389,0.276,0.785
2011,RBA,19.8,-1.2,11.1,-17.400,-1.099,-1,-0.118,0.059,0.150,0.2130,0.525,-0.022,7.630,-0.0181,-0.0792,0.346,0.722,0.304,0.492,0.729
2011,RBC,50.6,-7.5,6.1,-10.120,0.669,-1,-0.098,0.019,-0.185,0.1502,0.000,-0.001,4.830,0.0159,0.0296,0.435,0.374,0.839,0.983,0.937
2011,RES,102.0,2.6,4.9,-13.370,0.896,-1,0.095,0.672,-0.481,0.2737,0.096,-0.017,2.260,0.0015,0.3199,0.935,0.773,0.923,0.720,1.693
2011,RGLD,16.1,59.0,10.3,-11.520,0.844,-2,0.138,0.765,0.144,0.5612,0.070,0.023,15.160,0.3502,0.1236,0.653,0.993,0.459,0.096,1.196
2011,RHI,25.5,-10.2,5.4,2.900,1.230,2,0.063,0.129,-0.026,0.0523,0.333,-0.004,2.000,-0.0138,0.0216,0.374,0.388,0.803,1.000,0.717
2011,RRX,36.7,-9.2,7.5,-7.050,0.739,-2,,,,0.0689,0.000,-0.011,1.190,0.0126,-0.0467,0.076,0.457,0.713,0.826,0.652
2011,RS,32.4,-9.9,5.6,-8.580,0.740,-1,0.178,0.144,-0.100,0.0493,0.179,0.030,0.690,0.0078,-0.0470,0.364,0.330,0.534,0.941,0.594
2011,RUSHA,84.7,13.5,8.2,22.410,1.655,2,0.200,0.370,-0.196,0.0285,0.134,-0.007,0.440,0.0121,0.0119,0.001,0.433,1.000,1.000,0.018
2011,SAH,51.8,12.5,12.3,-21.870,-0.333,-3,0.154,0.121,0.176,0.0276,0.122,0.004,0.110,0.0102,0.0131,0.692,0.100,0.515,0.625,0.957
2011,SB,8.9,-17.7,6.7,2.270,1.213,3,0.026,0.143,0.014,1.0357,0.049,0.007,3.760,0.1884,0.3311,0.825,0.000,0.517,0.533,1.319
2011,SGI,367.7,60.6,13.4,67.590,2.022,2,,,,0.0505,0.177,-0.006,4.940,0.0392,0.4223,0.800,1.000,1.000,0.900,0.933
2011,SHOO,54.0,50.3,15.2,-1.020,0.968,-2,0.125,0.127,-0.177,0.1697,0.000,-0.032,1.900,0.0186,-0.0002,0.849,0.732,0.889,0.828,1.211
2011,SIG,58.0,13.7,16.6,0.980,1.214,2,0.007,-0.081,-0.136,0.1657,0.265,0.007,1.130,0.0093,0.0162,0.929,1.000,0.342,0.889,2.722
2011,SMG,26.3,-4.5,9.7,-5.360,1.291,-3,0.065,-0.071,0.167,-0.4105,0.626,-0.051,1.110,0.0061,-0.1868,0.000,0.046,0.000,0.747,-76.372
2011,SSD,18.1,13.3,7.4,2.600,0.791,1,,0.202,0.300,-0.0155,0.174,-0.004,2.620,0.0146,-0.0082,0.241,0.683,0.414,0.914,-0.132
2011,STLD,13.6,-15.2,4.7,-5.620,0.840,-2,-0.125,0.155,-0.140,0.0306,0.041,0.020,0.630,0.0079,-0.0358,0.476,0.003,0.418,0.377,0.292
2011,STN,14.9,11.4,11.4,-59.190,-0.832,-1,,0.104,0.373,0.0857,0.345,-0.004,0.930,-0.0029,0.0292,0.362,0.301,0.000,0.227,0.866
2011,TDG,69.0,32.7,9.3,17.210,2.318,3,,1521.302,1520.999,0.0898,0.424,0.022,6.370,0.0087,-0.3251,0.256,0.311,0.660,1.000,0.250
2011,TEN,-34.4,-33.6,10.3,-3.680,0.840,-3,-0.162,0.019,-0.174,0.0393,0.051,0.078,0.510,-0.0214,-0.0046,0.718,0.431,0.747,0.009,1.161
2011,TFII,53.9,36.3,16.5,4.310,1.212,1,0.203,-0.172,-0.419,0.0731,0.161,-0.027,0.630,0.0088,0.0125,0.662,0.778,0.458,0.547,1.023
2011,THO,-10.9,-3.6,11.9,1.650,1.080,1,,0.166,-0.058,0.0045,0.077,-0.009,0.730,0.0403,-0.0393,0.542,0.000,0.557,0.556,0.094
2011,TK,45.9,-21.5,8.1,1.620,0.750,1,,-0.113,-0.065,0.0707,0.273,0.002,1.210,-0.0116,-0.1165,0.787,0.337,0.435,0.435,31.563
2011,TKR,103.4,-1.6,5.3,-0.540,0.986,-1,0.042,0.045,-0.338,0.0967,0.140,-0.057,0.850,0.0227,0.1236,0.779,0.853,0.992,1.000,1.892
2011,TNK,3.0,-44.7,8.9,25.650,1.665,5,,0.449,-0.193,0.2787,0.092,-0.009,4.500,0.7935,-0.0442,0.219,0.322,1.000,0.816,0.681
2011,TPC,11.1,-33.6,7.8,0.960,0.974,1,-0.149,1.032,1.397,0.0470,0.058,0.008,0.360,-0.0304,0.0076,0.873,0.739,0.045,1.000,1.589
2011,TREX,49.8,-11.7,8.5,49.140,-21.218,1,,-0.480,-0.949,0.0170,0.205,0.123,1.590,0.0886,0.0203,0.911,0.381,0.763,1.000,0.139
2011,TRN,80.8,9.0,7.5,31.420,-9.064,3,,0.024,-0.259,0.1244,0.067,0.004,0.800,0.0104,0.0081,0.910,0.339,0.954,1.000,1.180
2011,TSCO,86.2,66.3,10.2,8.840,1.812,1,0.097,-0.216,-0.413,0.0761,0.232,0.004,1.000,0.0125,0.0073,0.666,0.778,0.828,1.000,1.386
2011,TTEK,-3.4,-4.6,5.6,3.680,1.404,4,,-0.051,-0.178,0.0562,0.068,-0.014,0.670,0.0057,-0.0012,0.781,0.510,0.416,0.500,1.057
2011,UAA,127.8,29.6,7.0,13.630,1.623,1,0.200,-0.091,-0.447,0.1168,0.400,0.110,2.920,0.0224,-0.0044,0.535,0.959,0.629,0.335,1.083
2011,UFPI,17.4,-15.4,7.1,6.870,2.379,1,,,,-0.0061,0.126,0.020,0.400,-0.0108,-0.0041,0.194,0.350,0.763,0.688,-0.301
2011,ULTA,95.5,108.8,25.8,0.090,1.005,2,0.114,0.010,-0.185,0.1035,0.227,0.024,1.820,0.0412,0.0170,0.764,0.689,0.437,0.422,1.719
2011,URI,231.3,23.4,5.4,81.520,-0.097,1,-0.111,-0.590,-0.662,0.0787,0.161,0.033,0.750,0.0176,0.0356,0.899,0.355,0.333,0.720,1.436
2011,VET,43.8,-7.0,10.2,5.660,1.278,2,-0.165,0.722,0.461,0.1561,0.120,0.008,6.680,0.0303,-0.1119,0.123,0.265,0.482,1.000,0.556
2011,VMI,37.4,12.9,7.5,28.580,2.322,3,0.205,0.514,0.012,0.1041,0.159,0.013,1.310,0.0033,-0.0151,0.397,0.228,1.000,0.634,0.980
2011,WAB,43.1,28.0,12.9,-4.210,0.692,-1,0.000,0.164,0.069,0.1306,0.161,-0.038,1.770,0.0074,0.0142,0.679,0.942,0.537,0.871,1.005
2011,WCC,91.1,9.2,5.9,2.610,1.175,5,0.108,0.162,-0.014,0.0451,0.153,0.015,0.550,0.1545,0.0075,0.286,0.669,0.822,0.782,0.833
2011,WCN,41.4,10.6,7.1,-1.020,0.892,-1,0.050,0.027,-0.058,0.2016,0.117,-0.012,2.530,-0.0306,0.0117,0.412,0.804,0.248,1.000,0.983
2011,WEN,0.7,9.7,12.9,26.810,0.200,1,,0.391,0.458,0.0155,0.132,-0.007,0.670,-0.0878,0.0325,0.751,0.483,0.101,0.300,5.141
2011,WLK,135.3,25.3,12.6,2.990,1.129,1,,-0.098,-0.360,0.1723,0.034,0.051,0.950,-0.0008,0.1359,0.985,0.966,0.673,1.000,2.861
2011,WOR,13.7,-7.1,2.3,-18.110,0.621,-1,-0.231,-0.026,-0.323,0.0223,0.098,-0.009,0.380,-0.0636,-0.0204,0.825,0.457,0.822,0.793,2.232
2011,WSO,8.6,15.5,8.6,7.060,1.739,1,0.000,-0.002,-0.168,0.0332,0.201,-0.020,0.720,0.0843,0.0068,0.391,0.072,0.292,0.391,0.604
2011,WWW,38.3,9.6,6.1,-111604.910,0.000,-1,0.131,0.065,-0.167,0.0780,0.290,0.087,1.340,-0.0329,-0.0242,0.000,0.000,1.000,0.536,0.011
2012,AAL,-11.4,61.0,9.3,-2.520,0.725,-1,0.188,1.109,1.042,-0.1316,0.043,-0.012,0.050,0.0016,-0.1438,0.268,0.080,0.744,0.182,-5.491
2012,ABG,36.5,36.2,9.1,35.370,-17.252,1,,-0.124,-0.458,0.0371,0.123,0.075,0.200,-0.0480,0.0030,1.000,0.481,1.000,1.000,9.104
2012,AG,26.7,-10.5,2.9,-46.550,0.479,-3,,0.247,-0.180,0.5299,0.111,-0.044,8.630,0.0330,0.1009,0.906,0.968,0.411,0.568,3.506
2012,AGI,24.1,-34.4,3.4,-257.180,0.062,-1,,-0.465,-0.635,0.5022,0.076,0.011,7.790,0.0187,0.0310,1.000,0.789,0.116,0.531,1.480
2012,ALGT,20.9,35.9,12.4,2.650,1.156,1,0.000,0.099,-0.098,0.1040,0.022,0.024,1.390,0.0058,-0.0247,0.247,0.309,0.244,0.213,0.722
2012,ALK,18.9,28.3,14.0,-3.280,0.732,-3,-0.071,-0.031,-0.121,0.1093,0.041,-0.036,0.610,-0.0139,-0.0152,0.718,0.465,0.736,1.000,1.804
2012,ALV,-15.5,2.8,7.0,-8.700,0.453,-1,0.006,0.060,-0.012,0.1096,0.096,0.007,0.540,-0.0011,-0.0176,0.921,0.868,0.419,0.672,1.590
2012,ARLP,14.3,-18.6,8.2,-5.460,0.710,-1,0.090,0.089,-0.045,0.1893,0.029,0.001,1.560,0.0021,-0.0367,0.610,0.587,0.393,0.827,1.020
2012,AROC,-35.1,59.4,6.2,1.550,1.123,2,,0.225,0.084,0.0149,0.121,0.192,0.200,0.0065,0.0387,0.626,0.000,0.146,0.022,0.347
2012,ASR,27.8,85.2,9.4,3.530,,1,,11.787,11.749,0.3612,0.088,-0.001,5.670,0.0000,0.0480,0.207,0.120,0.375,0.602,0.846
2012,AVAV,-5.3,-19.4,4.9,-40.780,-0.568,-2,,-0.061,0.087,0.1018,0.279,-0.021,1.890,0.0100,-0.0839,0.684,0.544,0.158,0.000,1.042
2012,AVNT,10.4,55.5,8.6,-4.420,0.453,-3,-0.032,0.061,0.024,-0.0621,0.242,0.006,0.470,-0.0591,-0.1222,0.455,0.665,0.519,0.907,-2.261
2012,AZZ,17.6,76.8,23.2,-1.920,0.873,-2,0.026,,,0.1673,0.097,-0.016,1.280,0.0051,0.0047,0.676,0.351,0.459,0.623,1.028
2012,BC,2.8,56.8,17.1,0.760,1.101,1,-0.145,-0.157,-0.239,-0.0172,0.222,-0.032,0.520,-0.0022,0.0599,0.434,0.689,0.645,0.719,-8.230
2012,BCPC,-19.4,29.1,6.0,-16.570,-0.006,-3,-0.139,0.111,0.112,0.1964,0.066,-0.186,3.010,0.0080,-0.0016,0.916,0.633,0.129,0.457,1.146
2012,BJRI,39.1,-38.4,3.8,11.670,1.664,2,0.062,0.196,-0.097,0.0762,0.278,0.009,2.510,0.0060,0.0127,1.000,0.378,0.725,0.903,1.560
2012,BYD,-13.1,-25.0,4.2,-180.580,0.052,-1,,-0.572,-0.671,0.0751,0.261,-0.102,0.180,0.0043,0.0108,0.856,0.371,0.141,0.022,0.984
2012,CAKE,4.0,5.5,7.2,11.750,5.075,2,0.019,0.013,-0.134,0.0799,-0.784,-0.013,1.010,-0.0726,0.0059,0.844,0.056,0.902,0.575,1.222
2012,CAR,-6.8,59.3,11.7,25.610,4.489,1,,-0.891,-1.220,-0.0429,-0.038,-0.003,0.260,0.0213,0.0892,0.576,1.000,1.000,0.610,-3.332
2012,CASY,26.1,12.4,7.5,-17.190,0.464,-2,-0.023,0.263,0.114,0.0221,0.107,0.016,0.290,0.0055,0.0001,0.069,0.262,0.647,0.370,0.653
2012,CBRL,16.0,15.7,4.7,5.190,,1,0.053,-0.089,-0.141,0.0703,0.580,0.040,0.550,-0.0256,-0.0116,0.507,0.065,1.000,0.932,1.058
2012,CBT,-9.3,14.7,10.5,11.080,-0.121,1,0.146,-0.122,-0.134,0.0801,0.108,0.041,0.780,-0.0123,-0.0222,0.896,0.763,0.452,0.505,1.667
2012,CDE,-7.0,-35.9,3.3,-170.840,0.100,-1,0.125,0.537,0.348,0.2492,0.116,0.006,2.570,0.0034,-0.0563,0.817,0.518,0.220,0.063,3.111
2012,CHDN,30.7,24.7,2.8,-36.780,-0.631,-4,,3.202,3.344,0.0422,0.094,-0.018,1.320,0.0468,0.0667,0.582,0.196,0.000,0.449,1.017
2012,CHH,-7.2,-0.3,6.4,2.390,1.515,1,0.034,0.022,-0.048,0.2331,2.104,0.036,3.400,-0.0279,-0.0149,0.093,0.206,0.684,0.555,0.862
2012,CLH,46.3,-27.6,5.2,0.580,1.041,2,,0.249,0.103,0.1095,0.143,0.059,1.080,0.0087,0.0056,0.665,0.834,0.243,1.000,1.090
2012,CLMT,-3.7,58.4,11.6,40.110,2.308,1,-0.206,1.015,0.307,0.0326,0.093,0.014,0.300,0.1837,0.0003,0.324,0.152,1.000,0.250,0.717
2012,CMC,-14.5,3.7,13.7,-12.920,0.480,-1,,-0.588,-0.707,0.0232,0.064,0.040,0.220,0.0106,0.0009,0.696,0.224,0.594,0.263,1.243
2012,CMP,-22.8,-0.3,7.9,-44.260,-0.467,-1,0.019,-0.171,-0.030,0.1960,0.088,-0.003,2.180,0.0061,-0.0361,0.510,0.481,0.098,0.564,0.964
2012,CODI,-4.3,9.3,7.4,22.310,4.522,2,,-0.675,-0.961,0.0530,-0.282,0.024,0.360,0.1314,0.0990,0.977,0.871,0.457,0.442,7.315
2012,CPA,21.5,59.5,11.8,-10.400,0.672,-2,-0.024,0.278,0.065,0.2699,0.042,-0.027,1.670,0.0246,-0.0430,0.912,0.541,0.589,0.325,2.110
2012,CPS,-4.8,-14.6,2.8,-5.740,0.726,-2,,,,0.0329,0.096,-0.011,0.280,-0.0481,0.5259,0.622,0.654,0.652,0.471,1.287
2012,CRI,76.2,21.3,3.9,-1.010,0.957,-1,,-0.097,-0.322,0.0907,0.265,0.112,1.340,0.0087,-0.0280,0.872,0.402,0.879,1.000,1.187
2012,CRK,-54.1,14.0,10.1,7.740,1.155,4,,0.162,-0.414,-0.4676,-0.035,0.060,1.330,0.0087,-0.0518,0.000,0.695,0.535,0.000,-4.595
2012,CROX,12.9,-28.0,4.8,-13.820,0.498,-3,,0.006,-0.131,0.0315,0.450,0.011,1.810,-0.0114,0.0010,0.748,0.511,0.221,0.196,1.298
2012,CRS,30.5,-6.1,9.5,-2.970,0.833,-5,0.118,-0.009,-0.157,0.1018,0.088,-0.021,1.390,0.0089,0.0696,0.736,0.627,0.655,0.667,1.329
2012,CSL,12.8,35.4,12.3,-4.770,0.845,-1,,-0.168,-0.428,0.0667,0.134,-0.034,0.920,0.0127,0.0240,0.243,0.425,0.919,0.746,0.750
2012,CVCO,37.9,-3.9,6.5,5.900,1.032,3,,,,0.0558,0.179,-0.006,0.970,0.0161,0.0540,0.997,1.000,0.806,0.000,30.409
2012,CVI,56.7,98.8,14.2,-38.600,-0.241,-2,-0.105,0.465,0.540,0.0253,0.027,-0.009,0.410,0.0154,-0.0050,0.715,0.115,0.194,0.610,0.957
2012,CW,4.5,-1.2,7.0,-3.510,0.674,-2,0.020,0.132,0.059,0.1094,0.080,0.002,0.860,0.0107,0.0001,0.743,0.634,0.280,0.151,1.091
2012,CYD,-45.8,-5.6,-0.2,-34.260,-0.390,-1,,3.821,3.917,0.1733,0.127,0.003,0.260,0.0000,-0.0360,0.828,0.215,0.028,0.090,3.365
2012,DAC,-14.3,-3.9,6.2,-5.490,0.835,-2,0.072,-0.492,-0.769,0.4370,0.054,-0.024,0.950,0.0092,0.0407,0.421,0.698,0.770,0.040,0.906
2012,DCH,-12.6,-6.6,7.3,-0.930,0.804,-6,0.205,0.259,0.221,0.0801,0.095,0.028,0.370,-0.0040,-0.0073,0.978,0.739,0.302,0.739,0.723
2012,DDS,43.0,46.8,7.4,-1.610,0.504,-2,0.093,-0.065,-0.081,0.0927,0.226,0.108,0.460,-0.1731,0.0019,1.000,0.654,0.785,0.878,3.135
2012,DECK,0.5,-55.3,2.3,-8.720,0.822,-1,0.013,0.503,0.099,0.2928,0.217,0.020,2.570,-0.0018,-0.0344,0.915,0.773,0.462,0.538,1.694
2012,DHI,12.3,48.1,14.9,-3.010,0.833,-1,0.077,-0.606,-0.757,0.0350,0.152,0.019,1.210,-0.0081,0.0432,0.967,0.954,0.656,1.000,0.335
2012,DMLP,-14.3,0.7,4.8,25.350,-18.028,1,,,,0.9840,0.100,0.006,13.280,0.0000,0.2036,1.000,0.150,0.673,0.696,1.513
2012,DXPE,86.1,51.7,4.9,8.040,1.389,2,,0.110,-0.178,0.0727,0.214,0.008,0.660,0.0208,0.0075,0.987,0.914,0.386,0.714,2.124
2012,DY,30.7,-3.7,2.3,0.380,1.017,2,,-0.120,-0.346,0.0275,0.091,-0.013,0.670,-0.0166,0.0323,0.463,0.564,1.000,0.571,0.707
2012,EBF,-24.4,-5.6,4.2,2.100,0.782,1,,-0.005,0.070,0.0492,-0.311,-0.022,0.760,0.0040,-0.0643,0.004,0.000,0.447,0.101,0.002
2012,EGY,-0.3,16.8,6.1,62.900,5.321,1,,-0.092,-0.867,0.5739,-0.119,-0.020,2.040,0.0039,0.0881,0.857,0.872,0.706,0.250,1.146
2012,ENS,-7.5,29.2,9.6,-2.800,0.821,-2,0.160,0.004,-0.125,0.0936,0.132,0.023,0.680,-0.0454,-0.0014,0.940,0.796,0.623,0.653,1.263
2012,EPAC,12.8,7.1,1.8,-9.050,0.613,-2,,-0.141,-0.284,0.1308,0.224,0.027,1.410,-0.0052,0.0188,0.800,0.504,0.434,0.793,1.169
2012,EQT,3.4,23.3,13.5,3.450,1.112,1,,0.146,-0.197,0.3465,0.096,-0.052,2.400,0.0021,-0.0162,0.217,1.000,0.981,0.472,1.007
2012,ESLT,-32.1,21.7,15.1,-15.640,-6.363,-2,0.085,0.187,0.323,0.0603,0.174,0.009,0.560,-0.0130,-0.0057,0.438,0.445,0.052,0.000,0.771
2012,EXK,-1.8,-38.0,1.7,-131.520,-0.414,-1,,0.009,0.394,0.0299,0.241,-0.001,6.200,0.2999,-0.2601,0.675,0.384,0.000,0.394,0.346
2012,EXP,8.1,111.8,19.6,16.960,9.349,2,,0.408,0.218,0.0696,0.031,0.060,2.920,0.0045,0.0320,0.272,0.216,1.000,0.648,0.659
2012,EXPE,33.0,90.8,10.2,-58.290,-2.764,-2,,-0.017,0.411,-0.3135,0.827,0.015,1.350,-0.0315,-0.4981,0.880,0.000,0.000,0.640,-4.514
2012,FCN,29.6,-17.4,4.3,-9.870,0.495,-1,0.045,0.550,0.453,0.1746,0.231,-0.005,1.190,-0.0842,0.0772,0.771,0.230,0.216,0.072,1.072
2012,FIX,-11.9,10.3,4.6,-5.660,0.150,-2,,0.545,0.535,0.0026,0.145,-0.028,0.340,-0.0128,-0.0200,0.688,0.379,0.473,0.290,0.099
2012,FRO,-76.7,-51.7,2.3,0.510,0.983,2,0.111,-0.142,0.161,-2.0278,0.061,0.083,0.590,0.0000,-2.1548,0.000,0.034,0.197,0.123,-17.420
2012,FSM,8.9,-29.3,1.3,-141.210,0.195,-1,,0.873,0.531,0.1383,0.183,0.051,5.140,-0.0327,-0.3038,0.992,0.282,0.280,0.196,0.030
2012,FSS,4.1,35.0,4.7,17.840,3.661,2,-0.019,-0.247,-0.492,-0.0524,0.202,0.262,0.450,0.0000,0.4300,0.774,0.766,1.000,0.379,-5.539
2012,FTK,408.8,32.3,9.0,-29.890,0.659,-1,,2.850,2.271,0.2082,0.203,0.058,4.430,-0.0759,0.3161,0.991,0.861,0.664,0.094,14.364
2012,FUL,31.0,40.8,15.1,6.650,1.458,4,0.198,-0.144,-0.356,0.0925,0.195,0.028,0.840,0.0020,0.0103,0.208,0.513,1.000,0.463,1.058
2012,FWRD,27.0,1.6,8.8,-0.490,0.958,-1,0.000,0.108,-0.004,0.1594,0.238,-0.010,2.000,-0.0003,0.0193,0.850,0.687,0.602,0.522,1.281
2012,GBX,22.5,-33.3,8.7,-46.460,0.678,-1,,0.320,-0.657,0.0566,0.058,0.084,0.600,0.5261,0.0157,0.738,0.517,0.743,0.806,1.073
2012,GEL,8.4,45.8,9.3,-10.150,0.770,-2,,0.393,0.053,0.0187,0.011,0.016,0.690,0.7796,0.1281,0.857,0.045,0.307,0.864,1.782
2012,GEO,-28.0,88.9,10.1,-15.500,0.356,-2,0.104,-0.125,-0.211,0.1221,-0.103,-0.026,0.670,-0.1171,0.0063,0.614,0.791,0.394,0.000,1.112
2012,GIII,-20.0,38.7,3.1,-4.380,0.671,-4,-0.071,0.165,0.076,0.0302,0.246,0.065,0.460,0.0321,-0.0473,0.721,0.503,0.040,0.569,4.911
2012,GLNG,70.1,-11.2,5.4,14.340,2.375,1,-0.120,0.620,0.372,0.4192,0.123,-0.037,11.630,0.1756,0.1868,0.251,0.900,0.738,0.969,1.114
2012,GME,6.6,14.2,3.0,-5.600,-1.232,-1,,-0.122,-0.092,0.0845,0.144,-0.062,0.340,-0.0907,-0.0172,0.689,0.342,0.009,0.020,1.362
2012,GNRC,50.9,99.1,13.9,17.030,1.348,3,0.226,0.757,0.098,0.1342,0.112,-0.112,1.510,0.0254,-0.0286,0.464,0.382,1.000,1.000,0.971
2012,GNTX,-19.8,-30.5,6.9,-13.060,0.569,-1,-0.067,0.158,-0.014,0.2143,0.133,-0.108,3.770,0.0116,-0.0136,0.868,0.832,0.444,0.478,1.079
2012,GPK,14.6,28.9,6.7,1.040,1.355,1,,0.422,0.382,0.0600,0.001,0.050,0.520,0.1514,0.0021,0.759,0.884,0.127,1.000,1.326
2012,GRC,17.9,-9.4,6.5,-12.130,0.449,-4,-0.100,-0.059,-0.158,0.0788,0.133,-0.036,1.920,0.0002,-0.0878,0.000,0.071,0.562,0.695,0.687
2012,GT,-7.3,5.0,7.4,-10.120,0.543,-3,,-0.789,-0.910,0.0072,0.146,-0.052,0.140,0.0041,0.0185,0.487,0.572,0.737,0.207,0.233
2012,HBM,-35.2,-5.5,5.8,-0.650,0.978,-2,,0.755,0.469,0.2853,0.036,0.023,2.110,0.1343,0.0133,0.782,0.649,0.327,0.449,1.581
2012,HEI,36.9,0.9,7.3,-1.290,0.945,-2,0.071,0.172,-0.048,0.1770,0.191,-0.005,3.090,0.0057,-0.0088,0.642,0.958,0.768,0.909,1.007
2012,HL,-45.7,-11.1,4.7,-27.550,-5.796,-3,0.000,-0.443,-0.208,0.3075,-0.041,0.092,3.370,0.0563,1.2989,0.869,0.798,0.112,0.349,2.428
2012,HLIO,18.7,-5.8,3.3,-30.010,0.237,-3,-0.144,0.038,-0.056,0.2294,0.140,0.007,3.760,0.0039,0.0198,0.805,0.866,0.482,0.725,1.294
2012,HLX,38.1,30.1,9.4,34.470,-5.709,1,0.048,0.047,-0.247,0.0171,0.073,-0.017,1.420,0.0022,0.1133,0.838,0.084,0.647,0.510,0.674
2012,HNI,-15.9,13.2,7.4,-2.570,0.740,-1,0.025,,,0.0602,0.294,-0.014,0.690,-0.0022,0.0163,0.724,0.812,0.893,0.696,1.412
2012,HTLD,-7.4,-8.5,10.1,-2.630,0.367,-4,0.111,-0.056,-0.071,0.2048,0.374,0.019,2.420,-0.0465,0.0150,0.857,0.420,0.707,0.328,1.084
2012,HUBG,-7.2,8.3,11.2,-3.480,0.941,-2,0.043,0.483,-0.071,0.0364,0.074,0.004,0.460,0.0043,-0.0037,0.208,0.056,0.887,0.096,0.847
2012,HUN,-25.2,36.3,8.8,-14.830,0.381,-3,0.037,-0.092,-0.183,0.0559,0.104,0.077,0.290,-0.0046,0.0169,0.856,0.729,0.704,0.462,1.848
2012,HURN,30.7,-3.3,7.0,-11.640,-0.248,-2,-0.239,1.629,1.652,0.1207,0.191,0.008,1.250,0.0406,0.1124,0.707,0.519,0.198,0.279,1.277
2012,HWKN,-11.7,-4.5,8.5,-5.650,0.773,-1,,,,0.1012,0.085,-0.002,0.760,0.0053,0.0044,0.521,0.329,0.471,0.603,0.934
2012,ICFI,16.7,-6.4,3.0,0.280,1.026,2,0.000,0.094,-0.015,0.0648,0.297,-0.030,0.610,0.0097,0.0044,0.217,0.861,0.095,0.568,0.895
2012,IEP,7.2,46.2,8.1,-17.370,0.303,-1,,,,0.3095,0.106,-0.006,0.440,0.0492,0.1385,0.990,0.318,0.240,0.006,0.429
2012,IFF,4.4,24.4,8.0,-3.710,0.383,-3,0.042,-0.005,-0.028,0.0894,0.290,0.017,1.660,0.0091,-0.0446,0.000,0.000,0.466,0.525,0.569
2012,IOSP,11.2,35.3,9.6,-3.060,0.810,-1,0.102,-0.209,-0.340,0.1172,0.167,-0.012,0.930,-0.0323,0.0315,0.878,0.212,0.676,0.720,1.665
2012,IT,3.1,39.8,10.6,-4.900,0.708,-1,-0.021,0.089,-0.030,0.1624,0.399,-0.037,2.490,0.0062,0.0236,0.730,0.760,0.872,0.803,1.330
2012,JBTM,-14.9,26.8,1.3,6.860,-0.301,1,,,,0.0449,0.161,0.010,0.500,0.0156,-0.0573,0.100,0.303,0.534,0.622,0.675
2012,JHX,32.9,26.1,15.9,13.970,4.662,1,,,,-0.0239,0.187,-0.016,2.790,0.0053,-0.2001,0.522,0.220,1.000,1.000,-0.392
2012,KAI,19.1,8.1,4.9,5.540,1.207,3,0.017,-0.179,-0.502,0.0956,0.288,-0.002,0.900,-0.0118,0.0061,0.747,0.158,0.934,0.610,1.132
2012,KBH,-38.1,76.5,15.5,32.180,-0.206,2,,-0.456,-0.511,0.0519,0.161,-0.042,0.560,0.0029,-0.0183,0.967,0.565,0.946,0.673,0.364
2012,KEX,50.8,0.8,8.9,-8.190,0.918,-1,0.000,0.894,-0.028,0.1689,0.089,-0.011,2.000,0.0416,-0.0185,0.144,0.027,0.934,0.604,0.902
2012,KFRC,-30.5,3.6,6.8,-0.890,0.922,-1,0.159,0.279,0.174,0.0405,0.261,-0.027,0.430,-0.1448,0.0001,0.941,0.188,0.813,0.296,2.554
2012,KFY,-29.7,18.8,8.0,-8.420,0.030,-2,-0.103,-0.027,-0.030,0.0831,0.827,-0.045,0.880,0.0134,-0.0225,0.886,0.992,0.471,0.364,1.490
2012,KNX,-12.9,-5.1,9.5,0.270,1.014,1,,4.666,4.476,0.1305,0.258,0.029,1.100,-0.0465,0.0059,0.575,0.095,0.905,0.104,1.026
2012,KRO,-12.4,-26.5,5.8,-30.650,0.345,-1,,-0.163,-0.324,0.3276,0.115,-0.014,1.390,0.0009,0.1645,1.000,1.000,0.745,0.587,2.975
2012,KWR,4.5,47.7,9.9,-10.480,0.677,-1,-0.122,-0.170,-0.389,0.0656,0.261,0.034,0.710,0.0957,-0.0161,0.659,0.644,0.839,0.784,1.073
2012,LAD,62.8,86.5,13.5,-3.190,0.880,-3,,-0.143,-0.378,0.0442,0.113,-0.064,0.230,0.0128,0.0211,1.000,0.000,0.875,0.957,21.404
2012,LCII,23.0,34.6,10.2,36.750,3.718,2,,0.175,-0.328,0.0369,0.137,0.082,0.950,0.0100,-0.0064,0.915,0.528,0.655,0.640,1.820
2012,LHX,-15.9,20.1,11.8,-3.990,1.809,-2,0.025,-0.073,0.016,0.1770,0.170,0.046,0.490,-0.1104,0.0082,0.451,0.574,0.011,0.046,1.108
2012,LKQ,37.0,40.7,7.3,10.390,1.358,1,0.053,0.207,-0.187,0.0959,0.090,0.012,1.470,0.0105,-0.0126,0.409,0.000,0.356,0.358,0.862
2012,LNG,279.7,43.8,5.4,-4.810,2.349,-2,,,,0.1070,0.431,0.007,3.850,0.2790,-0.2442,0.997,0.431,0.041,0.005,0.004
2012,LNN,-15.4,37.8,1.5,-23.730,0.296,-1,0.205,0.038,-0.062,0.1434,0.069,0.004,1.650,0.0107,0.0014,0.953,0.751,0.400,0.383,1.462
2012,LPX,-25.8,148.1,19.1,-10.350,-0.188,-1,0.154,1.725,1.741,-0.0820,0.091,-0.070,0.830,0.0404,-0.0256,0.878,0.098,0.364,0.710,-0.424
2012,LQDT,118.5,13.8,10.2,38.120,-11.425,1,,-0.029,-0.379,0.1534,0.211,0.046,3.290,0.1446,0.1033,0.368,0.158,0.979,0.935,1.537
2012,LXU,13.0,6.6,4.0,-2.130,0.922,-2,,-0.157,-0.408,0.1933,0.100,0.010,0.770,-0.2649,0.0178,0.940,0.911,0.727,0.491,1.958
2012,LZB,74.2,6.9,6.5,3.400,1.678,1,0.056,0.395,0.311,0.0538,0.262,0.029,0.610,0.0021,0.0195,1.000,0.870,0.975,1.000,566.316
2012,MAN,-29.9,5.9,9.7,-11.030,0.323,-3,0.126,-0.297,-0.349,0.0237,0.147,0.143,0.170,-0.0208,0.0894,0.741,0.139,0.687,0.219,1.390
2012,MATV,11.6,21.1,11.6,3.270,1.204,3,,0.079,-0.114,0.2293,0.038,-0.038,1.310,-0.0860,0.1040,1.000,1.000,1.000,0.711,2.658
2012,MATX,15.7,4.6,6.5,14.230,0.008,1,,-0.033,-0.032,0.0426,0.089,0.021,0.610,0.0120,0.0116,0.412,0.312,0.467,0.729,0.657
2012,MELI,44.7,-12.3,4.4,-7.140,0.844,-1,-0.079,0.392,0.005,0.3350,0.302,-0.007,14.340,0.0000,-0.0015,0.986,0.116,0.328,0.494,1.952
2012,MEOH,-7.8,26.4,12.7,-17.110,0.564,-1,0.214,-0.058,-0.280,0.1523,0.000,0.009,1.000,0.0025,0.0801,0.582,0.513,0.587,0.442,1.488
2012,MGRC,26.0,-7.9,3.8,-19.530,0.253,-1,0.233,0.137,0.071,0.2740,0.245,-0.019,2.280,0.0157,0.0012,0.633,1.000,0.528,0.566,1.100
2012,MIDD,6.3,54.2,3.0,-5.390,0.766,-1,,0.222,0.046,0.1842,0.100,-0.016,1.630,0.0018,0.0172,0.656,1.000,0.450,0.630,1.039
2012,MLI,45.7,8.9,7.1,-22.230,-0.435,-3,-0.150,-0.328,-0.261,0.0430,0.000,0.043,0.390,0.0132,-0.0124,0.522,0.448,0.459,1.000,0.835
2012,MLKN,-13.1,15.8,1.9,-11.720,-0.446,-3,,,,0.0633,0.272,0.001,0.730,0.0186,-0.0117,0.214,0.645,0.459,0.489,0.752
2012,MLM,-4.9,13.7,9.8,-27.990,-4.591,-1,-0.237,-0.085,0.145,0.0763,0.147,0.008,2.300,0.0025,-0.0049,0.424,0.672,0.000,0.577,0.606
2012,MOD,-40.7,-15.2,6.1,-11.180,0.248,-3,-0.179,-0.338,-0.375,0.0461,0.117,-0.111,0.300,-0.0014,0.0207,0.993,0.888,0.297,0.509,3.736
2012,MOV,45.3,51.9,2.3,5.250,1.329,1,,0.109,-0.103,0.0641,0.473,0.097,1.310,0.0095,0.2973,0.801,0.678,0.827,0.701,12.897
2012,MRCY,-16.0,-47.5,5.9,28.150,-3.912,1,0.160,-0.169,-0.393,0.1984,0.385,0.003,1.880,0.2488,0.0810,1.000,0.637,0.709,0.668,17.738
2012,MTH,4.0,78.4,17.3,21.560,-2.099,2,,-0.085,-0.231,-0.0222,0.086,-0.109,0.920,0.0116,-0.0359,0.805,0.523,0.766,1.000,-0.295
2012,MTRN,-25.5,-10.3,4.3,-26.800,-0.292,-2,,-0.182,-0.122,0.0029,0.109,-0.021,0.420,-0.0048,-0.0505,0.376,0.060,0.216,0.180,0.082
2012,MTX,1.9,28.0,11.1,-1.490,0.699,-1,0.178,-0.087,-0.122,0.1000,-0.073,-0.009,1.120,-0.0289,0.0064,0.723,0.519,0.639,0.825,2.074
2012,MTZ,10.1,71.7,7.2,-30.980,0.161,-2,0.071,0.185,0.125,-0.0439,0.050,-0.012,0.470,0.0279,-0.1181,0.000,0.000,0.103,0.077,-0.789
2012,MWA,-37.9,115.3,19.3,0.550,1.071,2,,2.232,2.149,-0.0135,0.248,-0.021,0.310,0.0071,0.0015,0.981,0.765,1.000,0.050,-0.019
2012,MYE,44.3,0.2,6.1,2.180,2.358,2,0.188,-0.212,-0.250,0.0517,0.222,0.090,0.660,-0.0159,0.3939,0.872,0.818,0.632,0.684,313.333
2012,MYRG,-14.9,22.7,8.3,13.220,1.350,4,0.077,0.213,-0.298,0.0401,0.067,0.002,0.520,0.0102,-0.0228,0.274,0.149,1.000,0.470,0.910
2012,NAT,-42.1,-38.9,1.1,122.980,-1.197,1,,-0.602,-1.272,-0.2845,0.199,0.013,7.780,0.0967,-0.0271,0.587,0.264,0.555,0.481,-6.789
2012,NMM,-16.9,-9.4,9.9,-7.330,0.719,-4,0.026,0.166,-0.022,0.4236,-0.200,0.009,4.710,0.3047,-0.0410,0.642,0.969,0.134,0.764,0.909
2012,NOG,-26.1,-41.1,2.5,-239.680,0.301,-1,,1.510,0.479,-0.0021,0.066,-0.057,9.240,-0.0121,0.1100,0.484,0.855,0.000,0.000,-0.010
2012,NPK,-36.5,-0.4,2.7,-8.530,2.115,-1,,,,0.1783,0.053,0.005,1.260,0.0012,-0.0589,0.592,0.651,0.105,0.480,1.080
2012,NPO,-11.5,19.8,7.7,-12.930,0.763,-1,,-0.007,-0.424,0.0472,0.275,-0.027,0.680,-0.0148,0.0153,0.907,0.124,0.882,0.534,181.538
2012,NX,-12.0,23.9,7.8,-3.690,0.231,-2,,0.117,0.106,-0.0700,0.156,0.013,0.720,-0.0147,-0.0220,0.890,0.506,0.449,0.533,-0.575
2012,OIS,12.2,-6.4,5.7,-10.500,0.803,-1,0.018,0.176,-0.253,0.1538,-0.082,0.023,0.760,0.0196,0.0567,0.936,0.860,0.877,0.750,1.334
2012,OLN,13.8,5.0,10.3,-11.450,0.578,-2,,0.018,-0.139,0.0823,0.089,-0.024,0.900,0.0063,0.0958,0.514,0.543,0.728,0.575,0.858
2012,OSK,-35.1,42.4,13.1,9.790,,3,0.247,0.019,-0.084,0.0402,0.070,-0.028,0.290,0.0036,-0.0590,0.881,0.131,0.289,0.244,1.382
2012,OXM,98.4,5.5,0.4,4.650,1.212,5,0.130,0.059,-0.207,0.0679,0.473,-0.015,1.080,-0.0060,0.0167,0.825,0.727,0.288,1.000,9.023
2012,PAAS,-29.2,-39.8,3.1,-25.650,0.303,-2,0.196,-0.047,-0.159,0.4083,0.024,0.027,3.170,-0.0182,-0.0244,0.941,0.736,0.205,0.120,1.622
2012,PBA,32.5,-1.4,1.6,45.150,5.452,1,0.069,-0.018,-0.571,0.1353,0.040,0.009,2.860,-0.0098,-0.0723,0.000,0.000,0.465,0.000,0.574
2012,PDS,8.8,-21.3,5.9,-3.120,0.913,-1,0.042,0.303,-0.024,0.0747,0.061,0.006,2.410,0.0444,-0.2601,0.263,0.645,0.842,0.305,0.346
2012,PENN,6.9,19.3,10.3,-4.050,0.644,-2,-0.021,-0.105,-0.179,0.1761,0.142,-0.031,0.360,0.3722,0.0303,0.544,0.000,0.643,0.625,1.052
2012,PHM,2.8,171.6,23.5,-1.450,0.817,-1,,0.094,0.029,0.0274,0.093,-0.010,0.710,0.0025,0.1324,0.977,0.310,0.434,0.514,0.133
2012,PII,72.2,40.7,14.1,0.620,1.024,1,0.023,0.136,-0.128,0.1191,0.103,0.042,1.690,0.0015,-0.0073,0.682,0.649,0.699,0.924,1.131
2012,PKE,-19.5,-4.3,7.7,-15.530,,-1,,-0.112,0.035,0.0730,0.156,-0.097,2.800,0.0057,-0.1300,0.563,0.392,0.261,0.579,0.554
2012,PKG,-7.8,50.2,16.3,0.060,1.013,1,0.081,0.016,-0.028,0.1036,0.100,-0.008,0.980,-0.0407,-0.0501,0.461,0.467,0.541,0.517,0.906
2012,PNR,-1.2,43.5,14.1,-0.260,0.983,-1,0.037,-0.050,-0.198,-0.1386,0.213,-0.006,0.710,0.0022,-0.2442,0.000,0.794,0.953,0.571,-1.553
2012,POOL,41.9,23.6,7.9,1.340,1.125,2,-0.045,-0.855,-0.976,-0.0530,0.352,0.076,0.980,-0.0275,0.0165,0.177,0.857,0.884,0.925,-1.437
2012,POWL,-1.2,19.3,7.8,-1.730,0.938,-1,,-0.495,-0.758,-0.0006,0.126,0.021,0.760,-0.0008,-0.0308,0.230,0.000,0.513,0.622,-0.011
2012,PRIM,74.9,25.3,6.6,-51.050,0.190,-4,,-0.027,-0.147,0.0677,0.069,-0.010,0.530,0.0326,-0.0003,0.652,0.249,0.171,0.667,1.031
2012,PTEN,-25.7,11.4,10.0,-34.650,0.556,-4,-0.032,0.189,-0.244,0.1986,0.022,-0.019,1.130,0.0098,0.0111,0.633,0.443,0.374,0.188,1.240
2012,PWR,-6.0,32.3,7.6,33.040,9.893,1,,0.067,-0.300,0.0614,0.066,-0.024,0.970,-0.0185,0.0121,0.755,0.447,0.638,0.071,0.969
2012,RBA,-7.5,-11.1,2.2,31.500,-9.279,1,0.044,0.145,-0.140,0.3420,-0.103,-0.064,6.420,0.0080,0.1290,0.697,0.849,0.471,0.246,1.228
2012,RBC,-3.7,13.8,8.1,-0.600,0.966,-1,0.080,,,0.1914,0.158,0.041,4.110,0.0152,0.0412,0.925,1.000,0.786,0.745,1.179
2012,RES,-6.1,28.0,12.9,-19.070,0.712,-5,-0.191,0.210,-0.262,0.2528,0.087,-0.086,1.270,-0.0087,-0.0209,0.941,0.783,0.529,0.152,1.626
2012,RGR,174.3,33.6,6.5,7.510,1.198,5,0.174,0.281,-0.172,0.1717,0.094,-0.061,2.320,-0.0079,0.0384,0.855,0.822,0.622,1.000,1.371
2012,RHI,-11.7,13.8,11.7,-6.170,0.699,-2,-0.032,-0.051,-0.194,0.0738,0.324,-0.017,1.100,-0.0216,0.0215,0.643,0.577,0.785,0.384,1.158
2012,RRX,-9.0,21.4,10.2,6.110,1.247,2,,,,0.0807,0.000,0.002,0.920,0.0720,0.0118,0.255,0.467,0.885,0.512,0.806
2012,RS,-4.1,22.0,6.5,-0.940,0.968,-1,0.167,0.165,-0.119,0.0552,0.161,0.064,0.510,0.0072,0.0059,0.411,0.185,0.580,0.588,0.738
2012,RUSHA,11.8,2.9,7.3,-3.970,0.945,-2,0.250,0.655,-0.021,0.0443,0.105,-0.015,0.230,0.0204,0.0158,0.002,0.000,0.961,0.364,0.028
2012,SAH,18.5,35.3,7.0,-0.330,0.974,-3,0.231,0.079,-0.043,0.0256,0.116,0.054,0.120,-0.0037,-0.0020,0.631,0.000,0.637,0.688,0.917
2012,SB,-15.5,-50.0,3.7,-0.210,0.949,-1,-0.029,-0.027,-0.066,0.6022,0.058,0.026,3.170,0.0761,-0.4335,0.630,0.000,0.412,0.370,0.801
2012,SHOO,46.8,6.4,4.3,5.770,1.082,3,0.014,0.562,-0.201,0.1361,-0.228,-0.023,1.840,0.0178,-0.0336,0.696,0.144,1.000,0.745,0.979
2012,SIG,9.1,28.6,3.4,-4.150,0.613,-1,0.011,-0.039,-0.104,0.1802,0.258,-0.040,1.140,0.0069,0.0145,0.969,1.000,0.348,0.899,2.683
2012,SMG,3.1,-17.1,6.6,4.040,0.671,2,0.023,-0.007,0.075,-0.4744,0.584,0.080,1.150,-0.0814,-0.0639,0.000,0.000,0.382,0.867,-25.643
2012,SMP,63.3,22.0,6.9,-3.120,0.182,-3,0.214,0.379,0.372,0.0366,0.238,-0.158,0.540,0.0071,-0.0123,0.585,1.000,0.448,1.000,0.896
2012,SSD,15.3,-6.2,8.4,-1.570,0.856,-1,-0.091,0.264,0.171,0.0435,0.185,0.017,2.730,-0.0366,0.0590,0.446,0.766,0.929,0.993,0.421
2012,STLD,-14.5,-1.4,10.8,-7.380,0.745,-1,,-0.102,-0.318,0.0444,0.037,0.009,0.420,0.0046,0.0137,0.545,0.000,0.384,0.205,0.564
2012,STN,6.1,30.8,6.7,-0.580,1.057,-3,-0.118,0.067,0.174,-0.1572,0.415,-0.047,1.000,-0.0084,-0.2430,0.000,0.952,0.180,0.273,-1.834
2012,SXI,28.0,33.6,7.6,-11.650,-0.038,-4,0.037,-0.103,-0.098,0.0928,0.227,0.032,0.830,-0.0011,0.0089,0.763,0.991,0.479,0.247,1.395
2012,TCOM,-44.7,-6.9,7.2,97.800,4.827,1,,0.234,-1.000,0.2918,0.362,-0.070,5.270,-0.0002,-0.0795,0.910,0.029,0.741,0.000,1.039
2012,TEN,-26.5,-43.2,0.4,-1.850,0.876,-3,-0.070,0.202,0.070,0.0493,0.046,0.107,0.320,0.0370,0.0100,0.832,0.421,0.667,0.037,1.350
2012,TEX,-34.7,48.4,10.9,-20.160,0.702,-1,,0.099,-0.376,0.0164,0.139,0.000,0.400,-0.0592,0.0167,0.908,0.496,0.873,0.273,0.428
2012,THO,-0.5,19.9,6.6,2.510,1.230,1,0.042,0.101,-0.033,0.0355,0.061,0.032,0.600,-0.0233,0.0310,0.729,0.163,0.498,0.395,0.809
2012,TK,-20.3,25.8,6.5,3.070,,3,,0.148,0.117,0.1909,0.104,0.015,1.000,-0.0250,0.1279,0.969,0.525,0.525,0.323,2.286
2012,TKR,-3.0,8.0,11.8,-6.610,0.733,-5,0.047,-0.104,-0.285,0.1341,0.132,-0.014,0.640,-0.0031,0.0374,0.921,1.000,0.762,0.671,1.828
2012,TNK,-46.4,-54.5,0.7,-2.580,1.223,-4,,1.009,1.150,0.2083,0.057,-0.030,3.250,0.2367,-0.0705,0.599,0.175,0.297,0.466,0.614
2012,TOL,6.0,64.2,11.8,-9.900,-0.582,-1,0.000,-0.532,-0.496,-0.0599,0.216,-0.052,2.550,-0.0108,-0.0294,0.787,1.000,0.829,1.000,-0.487
2012,TPC,-32.5,16.2,3.9,2.650,1.045,5,,6.786,6.166,0.0456,0.067,0.017,0.200,-0.0111,-0.0015,0.864,0.842,1.000,0.290,1.350
2012,TRN,6.6,27.7,10.2,-5.900,0.876,-1,,0.054,-0.363,0.1505,0.063,-0.022,0.610,0.0090,0.0261,0.961,0.019,0.941,0.630,1.367
2012,TSLA,47.4,17.0,9.4,-76.070,0.101,-3,0.095,-0.441,-0.526,-2.0553,2.254,0.014,16.820,0.1080,-0.6320,0.998,0.151,0.239,0.015,-0.028
2012,TTEK,-1.9,23.4,11.3,4.000,1.520,1,,-0.266,-0.383,0.0529,0.071,0.028,0.570,0.0100,-0.0033,0.415,0.540,0.416,0.250,0.978
2012,TX,-36.8,1.5,7.3,-17.410,0.446,-1,-0.055,0.097,-0.043,0.1245,-0.014,-0.009,0.480,-0.0107,0.0552,0.562,0.507,0.546,0.294,0.864
2012,UAA,22.8,31.1,13.3,-7.830,0.812,-2,0.000,-0.078,-0.417,0.1372,0.379,-0.053,2.630,0.0132,0.0203,0.649,0.947,0.650,0.274,1.333
2012,UFPI,-16.2,26.6,9.3,13.860,-4.728,2,0.175,-0.831,-0.946,-0.0020,0.108,-0.010,0.350,0.0204,0.0041,0.267,0.193,0.755,0.531,-0.159
2012,URBN,-22.3,40.0,7.6,2.980,1.469,1,-0.069,-0.056,-0.149,0.0883,0.213,0.000,1.740,-0.1190,-0.0917,0.000,0.000,0.357,0.167,0.567
2012,URI,26.3,40.7,14.1,7.110,1.398,5,,-0.826,-1.075,0.1542,0.146,0.024,1.020,0.2444,0.0754,0.958,0.907,0.406,1.000,3.131
2012,USLM,55.4,-23.4,2.6,-8.180,0.644,-1,,,,0.2005,0.063,-0.007,2.620,-0.0378,0.0323,0.560,0.602,0.741,1.000,1.076
2012,VET,-6.8,6.3,5.0,-17.590,0.588,-1,,0.552,0.301,0.4217,0.094,0.001,5.050,0.0848,0.2656,0.808,0.698,0.476,0.563,1.438
2012,VMI,12.8,35.4,9.6,-1.630,0.941,-3,0.103,-0.014,-0.271,0.1028,0.156,0.000,1.100,0.0065,-0.0013,0.378,0.253,0.609,0.463,0.946
2012,WAB,28.3,34.5,8.2,3.180,1.097,4,0.000,0.239,-0.120,0.1356,0.132,0.002,1.740,0.0019,0.0050,0.620,0.344,1.000,0.680,1.015
2012,WCC,16.0,12.9,11.5,0.060,1.003,1,0.155,0.088,-0.106,0.0576,0.143,0.062,0.540,0.0179,0.0125,0.650,1.000,0.903,0.913,1.124
2012,WCN,11.5,9.7,9.4,-3.790,0.775,-2,0.021,0.136,0.005,0.1983,0.108,0.008,2.500,0.0129,-0.0034,0.338,0.566,0.565,0.694,0.963
2012,WEN,8.9,9.3,3.8,-28.630,-15.061,-2,,2.055,2.324,0.0476,0.150,-0.008,0.810,-0.0627,0.0321,0.800,0.611,0.030,0.530,4.588
2012,WFG,-5.5,65.2,10.6,-13.940,,-4,,,,-0.0304,0.171,0.000,0.770,-0.0034,-0.0876,0.401,0.306,0.270,0.849,-1.788
2012,WGO,-22.8,111.5,6.5,16.890,3.572,4,,0.060,-0.174,-0.0088,0.030,0.162,0.570,0.0044,-0.0468,0.857,0.000,0.317,0.153,-0.141
2012,WLK,20.1,67.2,10.2,-16.180,0.331,-1,,0.139,0.059,0.0587,0.031,-0.041,1.020,0.0139,-0.1136,0.747,0.252,0.508,0.870,0.969
2012,WOR,-7.3,52.3,21.7,0.560,0.759,1,-0.149,0.016,0.033,0.0219,0.093,-0.002,0.310,-0.0637,-0.0003,0.813,0.381,0.515,0.552,2.407
2012,WSO,16.9,4.1,8.0,-14.190,-0.139,-1,0.114,0.186,0.203,0.0503,0.199,0.013,0.810,0.0058,0.0172,0.613,0.487,0.158,0.587,0.952
2012,WWW,11.0,11.5,12.0,-7.290,0.433,-2,0.043,-0.059,-0.115,0.0113,0.293,0.013,1.310,0.0000,-0.0667,0.000,0.000,0.491,0.509,0.002
2013,AAON,31.9,68.1,40.3,18.990,5.694,1,,0.132,-0.099,0.1550,0.085,0.024,1.420,1.2273,0.1074,0.652,0.622,1.000,0.624,1.102
2013,ABG,35.1,26.8,24.2,-1.240,0.887,-1,0.087,-0.030,-0.128,0.0397,0.114,-0.008,0.240,-0.0095,0.0026,0.998,0.000,0.673,1.000,16.040
2013,AG,-12.2,-31.3,18.1,42.550,13.018,2,-0.181,1.320,0.859,0.3818,0.128,-0.020,7.560,0.0781,-0.1481,0.680,0.564,0.423,0.472,1.414
2013,AGI,-33.4,-24.6,19.5,94.870,-1.131,1,,-0.254,-0.757,0.4957,0.053,0.015,5.160,0.0547,-0.0065,0.876,0.147,0.298,0.177,1.185
2013,ALK,27.6,76.5,44.0,2.210,1.358,1,0.000,-0.015,-0.099,0.0733,0.033,-0.006,0.720,-0.0070,-0.0359,0.594,0.000,0.717,1.000,1.015
2013,ALV,0.2,34.2,30.5,3.850,-0.101,1,0.197,-0.087,-0.091,0.0849,0.095,-0.026,0.550,0.0213,-0.0247,0.810,0.746,0.368,0.690,1.191
2013,AMRC,-46.4,30.9,32.1,11.120,0.603,1,-0.072,-0.437,-0.267,0.0400,0.164,-0.013,0.550,0.0020,-0.0269,0.345,0.956,0.129,0.243,0.650
2013,ARLP,-18.3,21.7,26.5,10.900,3.244,1,0.053,-0.130,-0.288,0.1942,0.027,0.004,1.160,0.0013,0.0049,0.644,0.792,0.446,0.293,1.025
2013,AROC,70.0,48.7,39.2,17.330,9.580,2,,-0.815,-1.008,0.0561,0.122,0.067,0.340,0.0133,0.0412,0.714,0.542,0.178,0.185,2.061
2013,ASR,85.2,-14.8,22.4,-26.300,-0.072,-1,,14.619,14.636,0.4260,0.098,0.000,9.710,0.0000,0.0648,0.446,0.363,0.320,1.000,0.963
2013,ATI,-38.3,10.8,26.2,-2.240,1.230,-7,,0.045,0.165,0.0404,0.100,0.009,0.660,-0.0790,-0.0168,0.234,0.227,0.382,0.179,0.528
2013,AVAV,-20.0,41.6,33.2,-34.450,,-1,,-0.847,-0.502,-0.0226,0.440,-0.007,1.640,0.0041,-0.1245,0.393,0.746,0.000,0.152,-0.257
2013,AVNT,54.2,46.5,32.0,5.490,,1,-0.201,-0.087,-0.148,0.0275,0.192,-0.008,0.690,-0.0022,0.0897,0.611,0.908,0.552,1.000,0.767
2013,AXON,63.9,176.8,73.1,32.560,2.809,1,,,,0.1475,0.068,-0.197,3.290,-0.0793,0.4861,0.823,0.849,1.000,0.343,32.453
2013,AZZ,77.8,17.3,27.4,-5.290,0.843,-1,0.053,0.090,-0.195,0.1811,0.120,0.006,1.850,0.0090,0.0138,0.629,0.661,0.737,1.000,1.064
2013,BC,68.4,14.8,24.7,4.230,,2,,-0.153,-0.205,0.0513,0.200,0.074,0.840,-0.0249,0.0685,0.494,0.891,0.611,1.000,5.104
2013,BCPC,31.1,32.4,34.9,13.900,,1,-0.030,0.142,-0.006,0.1878,0.058,0.016,3.720,0.0019,-0.0085,0.719,0.612,0.251,0.691,1.047
2013,BJRI,-38.5,-12.7,21.3,-8.130,0.483,-2,0.000,0.087,0.011,0.0432,0.069,-0.002,1.350,-0.0065,-0.0331,0.475,0.000,0.000,0.340,0.829
2013,BYD,-14.2,55.2,39.5,67.700,-0.049,1,,7.134,7.102,0.0354,-0.062,0.144,0.260,0.0036,-0.0398,0.857,0.084,0.238,0.178,0.615
2013,BZH,11.9,25.2,26.2,20.190,2.877,1,-0.160,0.733,0.424,-0.0146,0.043,-0.028,0.420,0.3945,0.0740,1.000,1.000,0.733,0.870,-0.074
2013,CAKE,4.8,37.7,33.5,-8.160,-0.501,-2,-0.019,-0.051,-0.023,0.0607,0.058,-0.007,1.010,-0.0199,-0.0193,0.679,0.459,0.000,0.823,0.920
2013,CAR,58.1,68.8,41.7,-29.530,0.124,-1,,-0.740,-0.781,0.0265,0.135,-0.008,0.340,0.0133,0.0694,0.608,0.866,0.422,0.917,0.702
2013,CASY,12.2,15.6,27.5,-1.960,0.729,-1,-0.106,-0.031,-0.083,0.0190,0.000,-0.002,0.310,0.0043,-0.0031,0.000,0.340,0.497,0.444,0.573
2013,CBRL,25.7,36.6,36.0,-0.480,0.902,-2,0.144,-0.030,-0.074,0.0814,0.048,0.087,0.660,0.0274,0.0111,0.971,0.000,0.483,1.000,1.322
2013,CBT,14.0,10.0,24.1,-18.020,0.297,-1,-0.142,0.090,0.014,0.0671,0.112,-0.006,0.820,-0.0016,-0.0130,0.849,0.735,0.521,0.718,1.250
2013,CDE,-34.1,-41.6,15.1,16.290,0.505,1,0.064,0.320,0.486,0.3516,0.063,0.027,1.940,0.0040,0.1024,0.971,1.000,0.073,0.052,4.576
2013,CHDN,27.4,42.7,36.4,7.070,,1,-0.161,1.140,1.079,0.0192,0.122,0.021,1.590,-0.0053,-0.0231,0.453,0.202,0.172,1.000,0.307
2013,CHH,-0.1,31.6,31.9,-1.920,0.796,-1,0.186,0.192,0.117,0.2537,2.158,0.002,3.110,-0.0074,0.0206,0.318,0.064,0.826,0.507,0.952
2013,CLH,-23.5,1.5,26.0,-67.830,17.953,-3,,0.275,0.994,0.0638,0.122,0.057,1.350,0.0438,-0.0457,0.311,0.303,0.000,1.000,0.644
2013,CLMT,60.0,-18.8,20.0,-31.780,0.385,-1,0.000,0.777,0.577,0.0603,0.012,0.010,0.450,0.3842,0.0277,0.521,0.436,0.423,1.000,1.339
2013,CMC,6.9,23.5,28.1,5.230,0.695,1,-0.118,2.884,3.003,0.0355,0.071,0.031,0.250,0.0055,0.0123,0.920,0.519,0.388,0.361,2.873
2013,CMCO,15.3,49.7,36.7,9.600,-3.243,1,,-0.069,-0.143,0.0926,0.107,0.078,0.560,0.0107,0.0085,0.952,0.631,0.779,0.354,5.092
2013,CMP,-0.1,15.0,26.4,8.250,0.607,1,0.041,-0.012,0.115,0.1580,0.103,0.002,2.570,0.0058,-0.0380,0.342,0.345,0.112,0.800,0.792
2013,CMRE,5.7,17.7,26.0,-1.660,1.331,-3,0.103,-0.243,-0.176,0.4159,0.010,-0.001,2.170,0.2215,-0.0502,0.584,0.036,0.181,1.000,0.971
2013,CODI,8.9,16.5,28.4,-10.600,1.209,-4,0.148,-0.130,0.484,0.0200,0.129,-0.004,0.820,0.0195,-0.0330,0.792,0.912,0.000,1.000,1.592
2013,CPA,61.0,19.3,29.0,-4.460,0.813,-1,-0.095,-0.076,-0.270,0.1738,0.037,0.010,2.190,0.0000,-0.0961,0.089,0.065,0.549,1.000,0.720
2013,CPS,-15.2,52.3,38.7,3.660,-0.057,1,,,,-0.0030,0.107,-0.007,0.220,-0.0613,-0.0359,0.596,0.682,0.494,0.118,-0.171
2013,CRI,14.4,23.8,31.6,7.440,2.204,1,0.060,-0.064,-0.201,0.1137,0.082,-0.057,1.370,0.0154,0.0230,0.579,1.000,0.706,0.862,1.089
2013,CROX,-28.5,3.0,25.8,2.930,1.389,1,,0.114,0.010,-0.0218,0.177,-0.006,1.170,0.0180,-0.0533,0.762,0.465,0.649,0.409,-2.880
2013,CRS,-5.6,11.6,23.7,-7.830,0.752,-2,0.016,0.265,0.027,0.0988,0.094,0.005,1.240,0.1863,-0.0031,0.821,0.833,0.742,0.681,1.590
2013,CSL,40.7,8.5,21.4,2.490,1.547,1,,-0.300,-0.371,0.0836,0.144,0.040,1.190,0.0374,0.0169,0.444,0.803,0.599,1.000,0.952
2013,CVCO,-2.5,43.0,30.4,15.360,-0.002,1,0.000,0.148,0.148,0.0547,0.000,0.015,0.820,0.0123,-0.0011,0.995,0.902,0.198,0.051,31.347
2013,CW,-3.6,77.8,45.4,12.300,-0.727,1,0.022,-0.071,-0.122,0.1050,0.081,-0.024,0.810,-0.0015,-0.0045,0.840,0.649,0.329,0.246,1.129
2013,CYD,-9.5,48.1,30.8,19.190,-0.448,1,,3.972,3.913,0.0882,0.120,-0.041,0.240,-0.0020,-0.0061,0.421,0.301,0.161,0.077,1.304
2013,DCH,-3.5,49.9,31.1,13.110,2.535,2,,-0.301,-0.517,0.0252,0.089,0.033,0.320,0.0160,-0.0548,0.935,0.360,0.403,0.630,0.242
2013,DDS,33.0,16.1,30.5,2.350,1.485,2,-0.007,-0.123,-0.195,0.1024,0.225,-0.094,0.550,-0.0607,0.0096,0.995,0.692,1.000,0.897,2.492
2013,DECK,-55.2,103.6,52.2,11.380,-0.242,1,0.061,2.213,2.191,0.2335,0.230,0.002,1.010,-0.0974,-0.0593,0.809,0.453,0.139,0.031,1.588
2013,DK,187.2,-21.6,18.8,7.690,6.203,1,,-0.020,-0.111,0.0526,0.013,-0.002,0.270,0.0423,0.0509,0.733,0.029,0.358,1.000,1.967
2013,DMLP,0.1,6.6,27.5,77.030,-7.797,1,,,,0.6165,0.010,-0.006,11.350,0.0000,-0.3675,0.359,0.000,1.000,0.502,0.961
2013,DXPE,57.0,75.2,44.8,-5.320,0.865,-1,0.108,0.247,-0.095,0.0862,0.212,0.036,0.810,0.0627,0.0135,1.000,1.000,0.423,1.000,2.387
2013,DY,-2.6,22.8,32.4,36.950,32.822,1,,0.196,-0.185,0.0221,0.105,0.012,0.550,-0.0324,-0.0054,0.437,0.432,1.000,0.769,0.578
2013,EBF,-0.6,4.9,21.2,-4.130,0.296,-2,0.174,-0.028,-0.046,0.0932,0.008,0.053,0.740,0.0075,0.0441,0.004,0.545,0.781,0.096,0.004
2013,EGY,19.9,-31.3,16.5,-21.720,,-1,,0.560,0.769,0.0422,-0.169,0.026,2.660,0.0124,-0.5317,0.430,0.157,0.186,0.685,0.088
2013,ENS,30.0,60.6,33.4,-4.240,-2.280,-6,0.100,-0.071,-0.042,0.1072,0.144,0.007,0.880,0.0132,0.0135,0.875,1.000,0.476,0.931,1.255
2013,EPAC,6.7,6.0,25.6,1.930,0.511,1,,-0.250,-0.230,0.1132,0.243,-0.004,1.480,-0.0092,-0.0176,0.727,0.531,0.290,0.844,1.061
2013,EQT,25.7,56.8,39.3,-9.870,-0.216,-1,,-0.272,-0.254,0.3064,0.120,0.019,3.040,0.0093,-0.0401,0.164,0.189,0.420,0.745,0.865
2013,ESLT,-10.7,58.8,38.4,29.200,-13.260,1,,,,0.0832,0.154,0.023,0.560,-0.0261,0.1237,0.406,0.360,0.635,0.095,1.020
2013,EXK,-30.3,-19.4,19.4,247.330,8.319,2,-0.113,0.425,-2.387,0.1073,0.053,0.125,3.050,0.1469,0.0774,0.586,0.000,1.000,0.266,1.424
2013,EXP,112.5,14.3,23.1,11.160,1.504,1,-0.023,0.265,-0.068,0.1504,0.038,0.003,5.430,0.1093,0.0808,0.427,0.948,1.000,1.000,1.734
2013,FCN,-19.1,5.0,26.4,8.910,-0.329,1,0.117,-0.127,-0.149,-0.1386,0.236,-0.021,0.880,-0.0819,-0.3131,0.000,0.129,0.187,0.090,-1.039
2013,FIX,9.1,32.8,34.0,-2.840,-0.254,-3,-0.111,-0.717,-0.712,0.0258,0.149,-0.011,0.350,0.0049,0.0232,0.797,0.543,0.441,0.417,1.239
2013,FSM,-29.5,9.5,24.6,29.880,-1.540,1,,0.404,0.223,0.2105,0.136,-0.002,3.400,0.1814,0.0722,0.976,0.032,0.198,0.107,0.537
2013,FSS,29.2,75.9,43.2,2.230,0.529,1,-0.182,-0.259,-0.234,0.0597,0.166,-0.042,0.560,0.0032,0.1121,0.969,0.510,0.453,0.917,5.286
2013,FTK,30.5,62.3,34.7,-2.360,0.505,-5,-0.235,0.185,0.161,0.1524,0.253,-0.014,2.860,-0.4034,-0.0558,0.952,0.812,0.430,0.183,8.949
2013,FUL,40.0,43.9,34.1,-11.510,0.604,-2,0.143,0.305,0.129,0.0632,0.227,-0.006,0.970,0.0200,-0.0293,0.106,0.445,0.675,0.944,0.798
2013,FUN,32.0,38.2,33.0,-7.510,3.283,-2,,0.617,0.725,0.0853,0.429,-0.003,1.980,-0.0045,0.0366,0.882,0.996,0.342,1.000,0.192
2013,FWRD,1.9,15.0,25.4,-0.820,0.857,-3,0.080,0.119,0.070,0.1545,0.028,0.003,1.890,0.0120,-0.0048,0.944,0.226,0.472,0.662,1.325
2013,GBX,-31.4,81.5,42.4,4.130,,1,0.129,-0.241,-0.284,0.0556,0.063,0.028,0.330,0.0180,-0.0010,0.777,0.518,0.225,0.403,1.128
2013,GEO,89.6,-3.2,25.5,-7.970,-5.936,-1,0.036,-0.086,-0.018,0.0811,0.092,0.004,1.270,-0.0022,-0.0411,0.000,0.485,0.142,0.870,0.719
2013,GIII,38.7,89.3,41.2,20.930,4.185,1,0.000,0.188,-0.087,0.0428,0.264,0.000,0.570,0.0267,0.0126,0.697,0.655,0.216,0.786,1.787
2013,GIL,64.9,41.8,29.5,21.920,2.322,2,0.071,0.012,-0.374,0.0900,0.165,-0.002,2.180,0.0087,0.2372,0.736,0.605,0.847,0.554,0.817
2013,GLNG,-12.8,-11.0,22.4,-17.030,0.695,-1,,-0.480,-0.867,0.4726,0.061,-0.018,7.220,0.0042,0.0534,0.287,0.221,0.754,0.555,1.299
2013,GME,20.7,39.2,29.3,8.460,0.053,3,0.034,-0.190,-0.185,0.1158,0.145,0.058,0.380,-0.1215,0.0312,1.000,0.353,0.218,0.148,2.731
2013,GNRC,80.8,59.4,37.7,2.350,1.092,1,,0.076,-0.203,0.1982,0.100,-0.092,1.850,0.0085,0.0640,0.966,0.387,0.270,0.985,1.321
2013,GNTX,-27.9,72.1,37.5,0.450,,1,0.154,-0.131,-0.131,0.2067,0.116,0.038,2.510,-0.0064,-0.0075,0.833,0.796,0.325,0.158,1.040
2013,GPK,30.0,32.2,27.1,-2.770,0.052,-1,,-0.175,-0.177,0.0601,0.087,0.009,0.570,-0.1216,0.0001,0.740,0.745,0.088,1.000,1.110
2013,GRC,-9.9,27.8,26.5,-6.280,-3.013,-1,-0.160,-0.031,0.016,0.0604,0.153,-0.006,1.710,0.0335,-0.0183,0.000,0.083,0.319,0.517,0.524
2013,GT,4.6,74.4,41.6,1.940,0.853,1,0.064,-0.415,-0.303,0.0472,0.140,-0.004,0.160,0.0041,0.0400,0.720,0.892,0.313,0.296,1.474
2013,HBM,-11.6,-15.8,21.5,-3.790,1.134,-6,,0.269,0.588,0.0936,0.065,-0.065,2.430,0.0082,-0.1917,0.398,0.201,0.146,0.551,0.624
2013,HEI,-1.2,57.4,40.4,-14.230,0.113,-1,-0.063,0.038,0.020,0.1614,0.231,-0.021,2.730,0.0029,-0.0156,0.057,0.688,0.299,0.715,0.915
2013,HL,-10.4,-26.5,19.5,10.920,0.660,2,,2.357,2.569,0.0763,-0.426,0.008,4.360,-0.0305,-0.2312,0.714,0.667,0.121,0.542,0.728
2013,HLIO,-2.4,45.2,36.4,2.650,0.667,1,0.131,-0.101,-0.048,0.2194,0.150,0.036,3.720,0.0147,-0.0100,0.774,0.841,0.378,0.714,1.156
2013,HLX,25.3,-7.4,23.7,-28.310,3.908,-3,,-0.177,0.203,0.1052,0.083,-0.037,1.860,-0.0040,-0.1638,0.882,0.589,0.193,1.000,6.728
2013,HNI,13.6,-0.3,19.9,-3.800,0.589,-3,-0.070,-0.338,-0.392,0.0575,0.282,0.004,0.720,0.0020,-0.0027,0.711,0.756,0.856,0.739,1.573
2013,HTHT,2.1,76.9,41.3,-7.830,0.825,-3,,14.163,13.794,-0.0057,0.028,-0.003,1.860,0.0256,0.0132,0.329,0.014,0.251,0.208,-0.130
2013,HUBG,8.3,8.3,23.6,1.510,1.258,2,0.020,0.039,-0.034,0.0395,0.058,0.000,0.440,0.0042,0.0031,0.391,0.249,0.364,0.171,1.008
2013,HUN,27.2,24.3,28.4,7.400,0.063,1,0.044,-0.219,-0.214,0.0286,0.121,-0.067,0.380,0.0106,-0.0272,0.556,0.692,0.552,0.688,0.833
2013,HURN,-5.9,86.5,47.9,24.100,19.200,2,0.059,0.038,-0.216,0.1952,0.034,-0.026,1.160,0.0287,0.0745,0.792,0.990,0.959,0.488,2.285
2013,HWKN,-5.1,-8.9,20.3,2.430,,1,,,,0.0060,0.089,-0.007,0.670,0.0120,-0.0952,0.000,0.000,0.258,0.460,0.054
2013,IAG,-57.5,-43.5,14.4,7.700,0.263,1,0.128,-0.295,-0.268,0.3269,0.032,-0.068,1.680,0.0005,-0.0429,0.808,0.531,0.085,0.098,1.246
2013,ICFI,-6.9,42.3,36.3,-0.340,0.961,-3,0.000,-0.073,-0.158,0.0622,0.278,-0.005,0.510,-0.0040,-0.0026,0.246,0.571,0.685,0.429,0.928
2013,IOSP,35.2,7.2,25.4,15.840,-0.712,1,0.035,0.172,0.107,0.1207,0.182,-0.001,1.250,-0.0083,0.0035,0.864,0.466,0.535,1.000,1.514
2013,IT,33.4,32.4,27.2,2.720,1.329,1,0.034,0.160,0.050,0.1678,0.392,-0.046,2.980,-0.0136,0.0054,1.000,0.488,0.849,1.000,1.283
2013,J,0.1,42.6,33.7,2.550,2.101,2,0.013,0.088,0.040,0.0581,0.100,-0.010,0.450,0.0124,0.0041,0.950,0.905,0.444,0.190,1.128
2013,JBTM,26.5,45.3,31.0,-17.160,-1.178,-1,,,,0.0983,0.156,-0.002,0.680,0.0085,0.0534,0.939,0.423,0.458,1.000,1.481
2013,JHX,40.2,23.8,31.8,12.370,,2,,,,0.1014,0.217,0.024,3.360,0.0122,0.0951,0.624,0.132,0.894,1.000,7.364
2013,KAI,8.9,35.6,35.6,-22.160,-7.335,-1,0.073,-0.330,-0.135,0.0862,0.344,0.008,0.930,-0.0572,-0.0095,0.675,0.522,0.314,0.640,0.998
2013,KBH,114.8,-20.0,20.0,37.650,2.748,3,,1.597,1.006,0.0011,0.146,0.025,1.030,0.0300,0.1235,0.843,0.688,1.000,1.000,0.012
2013,KEX,-0.5,50.4,33.0,0.660,0.911,1,0.093,-0.056,0.013,0.1940,0.074,-0.013,1.760,0.0075,0.0251,0.587,0.000,0.133,0.457,1.052
2013,KFRC,3.9,34.6,31.2,1.010,0.844,1,0.091,0.210,0.265,0.0364,0.269,0.003,0.440,-0.0321,-0.0042,0.960,0.494,0.249,0.315,4.608
2013,KFY,18.7,42.0,35.2,10.510,-3.254,2,0.069,0.114,0.033,0.0414,0.836,-0.001,1.060,0.0142,-0.0417,0.780,0.975,0.547,0.554,0.942
2013,KNX,-6.0,36.6,30.2,3.370,1.710,2,,3.299,3.218,0.1095,0.045,-0.010,0.960,0.0035,-0.0209,0.349,0.000,0.661,0.048,0.906
2013,KRO,-25.6,-14.1,20.5,4.420,0.677,1,,-0.794,-0.701,0.0028,0.194,0.012,1.020,0.0000,-0.3248,0.227,0.000,0.534,0.398,0.023
2013,KWR,50.1,22.2,29.4,0.540,,1,,-0.132,-0.130,0.0791,0.379,0.016,1.080,0.0497,0.0135,0.771,0.759,0.514,1.000,1.135
2013,LAD,75.9,43.3,36.6,3.390,1.166,1,0.085,0.006,-0.232,0.0420,0.110,-0.057,0.320,-0.0224,-0.0021,0.986,0.000,0.880,1.000,7.799
2013,LCII,24.8,28.4,31.4,-10.310,0.712,-1,-0.038,0.623,0.368,0.0342,0.145,-0.073,0.920,0.0310,-0.0027,0.923,0.557,0.501,0.709,2.530
2013,LNN,63.9,-4.1,22.8,13.540,2.343,1,,0.151,-0.085,0.1511,0.071,0.075,1.910,0.0070,0.1084,0.907,0.902,0.491,0.488,1.417
2013,LPX,147.6,-16.3,19.7,13.500,1.404,4,-0.134,0.613,0.143,0.1025,0.080,-0.002,1.710,0.0490,0.1845,0.996,0.926,0.808,1.000,0.686
2013,LQDT,-11.7,-33.2,14.7,-57.680,0.209,-1,0.079,0.036,-0.116,0.0839,0.085,-0.224,2.140,0.0207,-0.0694,0.206,0.298,0.371,0.318,0.730
2013,LXU,6.9,-12.0,22.6,-20.910,-5.609,-1,,2.565,2.742,0.1037,0.136,0.003,0.880,0.0045,-0.0897,0.480,0.487,0.244,0.593,0.984
2013,LZB,7.2,77.5,42.6,5.540,2.164,1,0.249,-0.065,-0.168,0.0667,0.258,0.003,0.630,0.0195,0.0129,1.000,0.975,1.000,0.922,7.010
2013,MAN,12.9,53.3,32.3,5.420,0.486,1,0.182,-0.332,-0.280,0.0202,0.148,0.067,0.200,-0.0200,-0.0035,0.852,0.093,0.514,0.500,1.546
2013,MATV,20.8,14.5,23.8,-5.410,2.242,-4,-0.092,-0.123,-0.026,0.1519,0.047,-0.003,1.570,-0.0324,-0.0773,0.642,0.761,0.000,0.894,1.305
2013,MATX,3.8,-6.1,24.0,-18.860,-2.451,-1,0.241,-0.304,-0.170,0.0600,0.081,-0.008,0.710,0.0214,0.0174,0.593,0.399,0.329,1.000,1.047
2013,MELI,-12.8,11.1,29.5,0.840,1.044,1,0.131,0.250,0.050,0.3771,0.252,-0.007,9.990,-0.0011,0.0421,1.000,0.063,0.132,0.296,1.174
2013,MEOH,23.7,66.9,36.6,2.020,0.057,1,0.213,-0.223,-0.222,-0.3103,0.000,-0.021,1.210,-0.0015,-0.4625,0.000,1.000,0.438,0.585,-5.410
2013,MGRC,-8.8,24.2,32.7,24.920,-3.729,1,0.119,0.217,0.021,0.2073,0.025,-0.010,1.990,0.0148,-0.0668,0.072,0.208,0.843,0.642,0.875
2013,MHO,137.5,-6.5,20.7,-5.560,0.883,-1,-0.148,-0.636,-1.056,0.0439,0.081,-0.017,0.790,0.1699,-0.0236,0.981,0.880,0.776,1.000,0.512
2013,MIDD,55.0,81.8,48.0,1.810,1.102,1,0.133,0.119,-0.077,0.2011,0.140,0.005,2.110,0.0108,0.0169,1.000,0.520,0.481,1.000,1.142
2013,MLI,13.0,10.6,22.7,14.800,-0.210,1,0.000,-0.099,-0.124,0.0507,0.064,0.038,0.710,0.4658,0.0076,0.590,0.468,0.550,0.814,1.032
2013,MLKN,16.3,12.7,27.2,6.780,,3,,,,0.0647,0.276,0.004,0.860,0.0066,0.0014,0.274,0.728,0.585,0.862,0.871
2013,MLM,14.1,4.4,22.1,41.890,4.790,4,-0.038,-0.194,-0.723,0.0792,0.075,0.004,2.230,0.0088,0.0029,0.600,0.481,1.000,0.778,0.792
2013,MMYT,-38.7,54.0,32.0,14.340,4.342,1,,-0.585,-0.771,-0.0963,0.150,-0.020,2.420,-0.0261,-0.1202,0.000,0.000,0.180,0.031,-28.890
2013,MOD,-15.7,40.5,30.6,1.800,0.875,2,,-0.178,-0.051,-0.0117,0.130,-0.006,0.280,-0.0027,-0.0577,0.818,0.664,0.237,0.473,-1.119
2013,MOV,36.0,26.5,29.4,-11.360,0.078,-1,,-0.166,-0.176,0.0414,0.466,-0.105,1.700,0.0285,-0.0226,0.757,0.590,0.520,0.895,15.221
2013,MTH,82.8,6.1,22.5,-9.300,0.838,-1,,0.210,-0.272,0.0774,0.074,0.025,1.420,0.1739,0.0996,1.000,1.000,0.906,1.000,1.996
2013,MTRN,-10.6,0.7,25.9,16.850,0.352,1,0.037,-0.128,-0.037,0.0219,0.122,-0.003,0.450,0.0025,0.0191,0.714,0.527,0.196,0.467,0.892
2013,MTX,27.5,31.8,28.0,1.510,0.666,2,0.064,-0.060,-0.030,0.1108,0.112,-0.004,1.460,-0.0148,0.0108,0.983,0.935,0.517,1.000,1.567
2013,MTZ,71.1,27.0,32.6,-2.920,0.875,-2,0.022,0.093,-0.112,0.0578,0.042,-0.004,0.610,-0.0497,0.1017,0.693,0.606,0.347,0.629,1.033
2013,MWA,120.4,34.4,26.9,3.440,0.861,2,,-0.550,-0.337,0.0282,0.202,0.024,0.910,0.0205,0.0416,0.986,0.657,0.252,1.000,0.039
2013,MYE,-6.0,44.0,34.8,5.730,2.503,2,-0.071,0.127,0.031,0.0700,0.400,-0.062,0.580,-0.0180,0.0182,0.962,0.751,0.904,0.719,19.943
2013,MYRG,24.7,-0.8,24.4,-13.270,0.303,-3,0.095,-0.083,-0.141,0.0631,0.002,0.016,0.510,0.0085,0.0231,0.252,0.255,0.267,0.455,1.239
2013,NMM,-8.6,27.2,28.4,-11.080,0.294,-1,0.058,0.077,0.031,0.3931,0.196,0.009,4.320,0.1027,-0.0305,0.540,1.000,0.000,0.667,0.872
2013,NOG,-42.2,14.7,29.4,-33.570,0.602,-3,0.239,-0.031,-0.539,0.4229,0.051,-0.018,2.900,0.0100,0.4250,0.687,0.727,0.000,0.000,1.687
2013,NPK,-0.4,0.6,23.0,7.750,1.680,1,,,,0.1163,0.002,-0.001,1.150,0.0028,-0.0620,0.027,0.579,0.515,0.373,0.705
2013,NPO,20.5,61.9,34.9,5.940,-0.962,1,0.039,0.393,0.364,0.0720,0.282,0.005,0.820,0.0744,0.0248,0.941,0.114,0.526,0.726,10.427
2013,NX,13.3,5.9,26.0,14.040,,2,,-0.743,-0.892,-0.0737,0.146,-0.085,0.810,0.0072,-0.0037,0.889,0.384,0.551,0.710,-0.564
2013,OIS,-5.2,23.1,30.0,-5.010,0.746,-3,,-0.651,-0.799,0.1365,-0.081,0.014,0.580,0.0076,-0.0172,0.848,0.000,0.593,0.525,1.161
2013,OLN,8.0,12.1,25.3,26.170,5.645,2,0.229,0.143,-0.175,0.1055,0.068,0.029,0.890,0.0112,0.0232,0.638,0.310,0.873,0.406,0.983
2013,OMAB,68.7,-7.2,22.4,-18.930,0.278,-1,0.136,,,0.3189,0.000,-0.024,5.650,-0.2258,-0.1129,0.662,0.513,0.454,1.000,0.992
2013,OSK,69.2,25.2,27.5,-3.650,2.195,-3,0.229,-0.108,-0.041,0.0459,0.087,0.188,0.470,-0.0078,0.0057,0.886,0.324,0.190,0.750,2.227
2013,OXM,4.9,40.5,29.5,11.770,2.801,1,-0.071,-0.035,-0.219,0.0421,0.220,-0.005,1.010,0.0065,-0.0258,0.812,0.779,0.908,0.930,5.115
2013,PAAS,-35.9,-15.3,21.9,2.290,1.161,2,-0.027,0.021,-0.144,-0.0947,0.019,0.064,2.750,0.4686,-0.5030,0.499,0.537,0.224,0.171,-0.416
2013,PENN,21.1,2.7,21.6,10.500,,1,,0.022,-0.078,0.0985,0.220,0.016,0.400,-0.0259,-0.0776,0.418,0.775,0.766,1.000,0.627
2013,PKE,-8.3,15.4,19.3,10.490,0.179,1,-0.186,0.056,0.079,0.1088,0.096,-0.041,2.820,0.0033,0.0359,0.677,0.521,0.383,0.590,0.865
2013,PKG,45.7,68.8,39.7,4.720,1.601,5,-0.016,0.016,-0.110,0.1336,0.098,-0.030,1.330,0.0083,0.0300,0.564,0.775,0.822,1.000,1.108
2013,PNR,39.4,40.3,30.6,105.070,-36.377,1,0.068,0.997,-0.026,-0.1737,0.367,-0.028,0.900,0.1674,-0.0351,0.000,0.000,1.000,1.000,-2.388
2013,POOL,24.9,18.0,27.9,8.610,2.773,1,-0.105,-0.269,-0.404,-0.0336,0.323,0.011,1.100,-0.0210,0.0195,0.256,0.351,0.927,1.000,-0.896
2013,POWL,20.5,28.0,25.6,-14.270,-0.892,-3,0.148,-0.323,-0.255,0.0721,0.146,0.010,0.790,0.0201,0.0726,0.676,0.676,0.209,0.689,1.124
2013,PRIM,31.3,55.9,37.5,13.890,1.925,3,0.138,0.332,0.043,0.0584,0.056,0.048,0.670,0.0032,-0.0093,0.563,0.010,0.234,1.000,0.899
2013,PTEN,22.6,7.3,22.0,-5.440,2.214,-8,,-0.175,-0.075,0.1535,0.026,0.101,1.240,-0.0460,-0.0451,0.732,0.000,0.204,0.230,1.154
2013,QUAD,47.0,12.9,28.3,-0.720,1.114,-1,-0.054,2.196,2.266,0.0487,0.089,-0.005,0.250,0.0107,-0.0048,0.734,0.241,0.031,0.155,2.866
2013,RBA,-7.3,5.0,27.6,-12.530,0.208,-1,-0.080,0.142,0.109,0.2752,0.040,0.042,5.410,0.0059,-0.0668,0.472,0.927,0.762,0.138,1.008
2013,RBC,14.5,-8.9,18.7,-1.390,0.483,-3,-0.101,,,0.1989,0.000,0.006,4.370,0.0184,0.0075,0.831,1.000,0.536,0.831,1.177
2013,RES,33.4,32.1,28.1,3.280,0.448,1,0.091,0.324,0.351,0.1927,0.095,0.042,1.590,0.0048,-0.0601,0.801,0.645,0.241,0.305,1.205
2013,RGR,34.5,26.3,32.4,5.290,1.113,1,0.244,0.168,-0.352,0.2195,0.118,0.007,2.140,0.0256,0.0478,0.924,0.866,0.665,0.701,1.351
2013,RHI,12.7,23.8,25.9,1.310,1.267,1,0.024,0.033,-0.029,0.0937,0.309,-0.010,1.130,-0.0115,0.0199,0.924,0.711,0.663,0.404,1.565
2013,RRX,18.8,-1.0,23.6,-7.350,-0.271,-2,,,,0.0658,0.000,-0.022,0.980,0.0132,-0.0148,0.037,0.308,0.372,0.581,0.681
2013,RUSHA,2.3,17.7,26.9,-12.640,-0.808,-3,0.029,-0.055,0.001,0.0345,0.117,-0.006,0.200,0.0369,-0.0099,0.001,0.103,0.243,0.273,0.022
2013,SAH,31.2,-4.2,24.5,-2.300,0.712,-2,0.095,0.048,-0.009,0.0312,0.107,-0.030,0.150,0.0486,0.0057,0.830,0.022,0.592,1.000,1.173
2013,SHOO,5.6,18.1,31.2,-2.530,0.816,-4,0.032,0.031,-0.080,0.1577,0.248,-0.008,1.610,0.0450,0.0216,0.794,0.419,0.206,0.595,1.099
2013,SMG,-16.6,30.5,26.9,1.280,0.667,1,0.046,0.074,0.099,-0.4466,0.097,0.006,0.950,0.0082,0.0279,0.039,0.115,0.521,0.627,-13.337
2013,SMP,27.7,22.8,30.4,-6.390,0.620,-1,,-0.170,-0.274,0.0643,0.235,0.047,0.640,0.0091,0.0277,0.633,1.000,0.691,1.000,1.273
2013,SSD,-6.7,-1.1,20.3,4.670,1.778,2,,0.750,0.643,-0.0065,0.207,-0.006,2.350,0.0046,-0.0500,0.275,0.585,0.813,0.721,-0.068
2013,STLD,-3.0,13.1,25.5,8.880,0.482,1,,-0.176,-0.094,0.0557,0.029,-0.016,0.490,0.0817,0.0113,0.677,0.171,0.255,0.262,0.983
2013,STN,31.8,48.1,39.0,-6.560,0.856,-1,,-0.031,-0.422,0.0900,0.336,0.008,0.980,0.0177,0.2472,0.844,0.604,0.734,0.470,1.078
2013,SUZ,7.0,-15.0,17.9,-5.310,0.309,-1,,,,0.1482,0.046,-0.023,1.200,0.8695,0.5175,0.246,0.660,0.373,0.549,0.865
2013,SWBI,80.7,13.6,26.6,-9.110,0.810,-1,,0.376,-0.012,0.2059,0.068,-0.005,0.970,-0.0024,0.1011,0.984,0.930,0.838,0.813,9.387
2013,SXI,33.2,0.7,21.7,3.910,1.786,2,0.083,0.087,-0.002,0.0965,0.232,-0.003,1.070,0.0028,0.0036,0.786,0.932,0.842,0.352,1.256
2013,TCOM,-7.7,121.8,46.9,46.300,0.425,2,,-0.128,0.214,0.1089,0.495,-0.008,8.440,-0.0613,-0.1830,0.475,0.000,0.217,0.229,0.388
2013,TEN,-43.2,66.1,40.8,-2.020,,-7,-0.015,-0.102,-0.084,0.0479,0.051,0.000,0.180,-0.0097,-0.0014,0.748,0.551,0.489,0.018,1.193
2013,TEX,48.4,25.6,30.2,-14.360,-13.081,-5,,0.107,0.240,0.0175,0.186,0.000,0.520,0.0073,0.0011,0.909,0.862,0.488,0.476,0.359
2013,TFII,3.5,15.0,26.0,-9.470,,-2,-0.034,-0.067,0.019,0.0594,0.000,-0.023,0.610,-0.1289,-0.0007,0.346,0.032,0.253,0.763,0.809
2013,THO,20.2,50.8,37.0,-5.880,0.805,-1,0.134,0.027,-0.215,0.0338,0.062,0.003,0.590,-0.0276,-0.0018,0.741,0.163,0.569,0.383,0.816
2013,THRM,1.5,70.7,41.9,0.880,1.071,1,,-0.238,-0.369,0.0824,0.202,0.038,0.900,0.1961,0.0229,0.823,0.366,0.180,0.076,1.517
2013,TK,23.5,57.2,40.6,3.030,,1,,,,-0.6593,0.094,-0.019,1.220,-0.0079,-0.8502,0.000,0.125,0.513,0.854,-11.240
2013,TKR,9.8,4.2,22.4,-1.020,1.075,-9,,-0.470,-0.324,0.1141,0.200,0.017,0.720,-0.0206,-0.0200,0.758,0.829,0.389,0.781,1.283
2013,TPC,12.6,24.4,32.5,5.700,0.009,1,-0.015,-0.158,-0.157,0.0545,0.059,-0.031,0.210,0.0219,0.0089,0.968,0.857,0.409,0.323,3.449
2013,TREX,77.1,45.5,35.1,-14.590,-2.412,-3,,0.014,0.117,-0.0689,0.360,0.060,2.560,0.0024,0.2160,0.489,0.639,0.280,1.000,-8.989
2013,TRGP,38.4,52.1,35.9,-2.350,1.126,-1,,-0.390,-0.179,0.0566,0.022,0.010,0.440,0.0024,0.0006,0.701,0.168,0.041,1.000,1.149
2013,TRN,20.8,49.6,38.2,-17.970,-0.018,-2,-0.026,-0.101,-0.098,0.1690,0.061,-0.054,0.590,-0.0141,0.0185,0.997,0.716,0.518,0.603,1.488
2013,TTEK,20.4,0.5,22.0,-10.000,-0.545,-1,,-0.122,-0.087,0.0635,0.070,-0.024,0.690,0.0244,0.0106,0.820,0.767,0.180,0.710,1.129
2013,TTI,-6.2,30.4,33.7,7.990,1.494,3,0.167,1.115,0.874,-0.0177,-0.418,0.027,0.820,0.0015,0.1775,0.692,0.077,1.000,0.480,-1.809
2013,TX,-5.2,47.2,37.6,5.150,0.528,1,-0.057,-0.229,-0.171,0.0592,0.034,-0.066,0.490,0.0212,-0.0653,0.347,0.331,0.382,0.303,0.470
2013,UAN,-9.6,-29.7,17.6,-19.990,8.005,-4,0.167,-0.003,0.226,0.2367,0.089,0.018,6.180,-0.0001,-0.2492,0.388,0.111,0.000,0.118,0.671
2013,UFPI,28.0,18.4,27.8,-2.190,0.841,-1,,,,-0.0023,0.095,0.011,0.390,-0.0218,-0.0004,0.164,0.000,0.757,0.656,-0.177
2013,ULH,3.7,45.5,37.6,50.650,-21.482,1,0.215,0.225,-0.259,0.0526,0.083,0.004,0.680,0.9335,0.0180,1.000,0.145,1.000,1.000,1.718
2013,VMI,35.6,1.4,24.8,-0.300,0.965,-3,0.100,0.039,-0.043,0.1371,0.138,0.001,1.320,0.0050,0.0343,0.890,0.474,0.373,0.642,1.212
2013,WAB,40.1,52.5,37.2,-3.620,0.796,-4,0.015,0.026,-0.116,0.1646,0.123,0.042,2.010,0.0000,0.0290,0.986,0.820,0.585,0.896,1.177
2013,WCC,14.0,16.5,24.8,-1.340,0.720,-4,-0.018,0.146,0.111,0.0306,0.168,0.010,0.570,0.0019,-0.0270,0.000,0.913,0.607,1.000,0.634
2013,WCN,10.9,20.9,28.6,12.810,3.386,2,-0.036,0.065,-0.117,0.1879,0.008,0.011,2.690,0.0674,-0.0103,0.269,0.657,0.917,0.958,0.934
2013,WEN,13.3,78.8,45.8,-1.650,0.594,-1,0.077,0.018,-0.006,0.0512,0.109,0.036,0.890,0.0009,0.0036,0.805,0.572,0.160,1.000,2.241
2013,WFG,66.2,22.7,29.0,-2.990,0.806,-1,,,,0.0481,0.637,0.006,1.220,0.0074,0.0785,0.675,1.000,0.428,1.000,71.259
2013,WGO,99.6,28.9,27.2,-12.190,0.740,-1,,0.401,0.055,0.0501,0.022,-0.056,0.840,-0.0361,0.0589,0.998,0.815,0.351,0.307,0.762
2013,WLFC,14.2,11.0,26.3,10.370,-1.074,3,,,,0.0543,0.232,0.002,2.790,-0.0264,-0.0321,0.533,0.000,0.268,0.759,0.425
2013,WNC,17.0,20.8,24.8,1.030,1.050,1,0.032,0.168,-0.049,0.0703,0.028,0.036,0.510,0.0037,0.0457,1.000,1.000,0.345,0.372,1.171
2013,WOR,52.1,59.1,35.6,-1.410,0.867,-2,0.098,-0.045,-0.137,0.0463,0.105,-0.001,0.440,0.0152,0.0243,0.878,0.752,0.622,1.000,3.213
2013,WSO,6.2,23.1,29.1,6.850,1.586,1,-0.128,-0.047,-0.232,0.0437,0.195,0.020,0.780,0.0424,-0.0067,0.540,0.199,0.306,0.522,0.826
2013,WWW,17.1,24.5,29.9,62.820,-25.653,1,,0.318,-0.287,0.0116,0.318,0.049,1.350,0.0241,0.0003,0.000,0.000,1.000,0.545,0.002
2014,AAON,57.1,29.2,23.3,-22.700,-0.354,-1,0.077,-0.261,-0.201,0.1623,0.009,-0.065,3.160,0.5066,0.0073,0.696,0.831,0.412,1.000,1.129
2014,ABG,37.1,60.5,28.1,-1.840,0.890,-1,0.073,-0.076,-0.225,0.0423,0.114,0.081,0.280,-0.0159,0.0025,0.972,0.205,0.728,0.875,1.216
2014,AER,158.5,12.0,19.0,43.590,22.561,3,0.017,0.001,-0.455,0.5398,0.013,0.020,4.440,-0.0320,0.1599,0.971,0.666,0.566,1.000,1.626
2014,AG,-33.9,-50.4,8.3,-57.400,-0.793,-1,-0.192,0.510,0.764,-0.3715,0.141,-0.038,4.760,-0.0032,-0.7533,0.000,0.023,0.000,0.072,-1.261
2014,AGI,-25.6,-41.2,9.4,-39.190,4.739,-4,0.060,,,0.1677,0.073,-0.013,4.500,0.0044,-0.3280,0.000,0.000,0.000,0.000,0.398
2014,AGX,77.5,33.9,26.2,17.670,-0.193,2,-0.100,-0.268,-0.297,0.2750,0.073,-0.035,1.750,0.0278,0.1060,0.835,0.912,0.201,0.865,2.144
2014,ALGT,35.1,83.2,29.8,1.480,1.267,1,0.011,0.067,-0.004,0.1270,0.025,-0.029,1.860,-0.0318,0.0131,0.176,0.027,0.084,0.692,0.812
2014,AMRC,7.9,-21.2,13.9,13.860,-9.062,3,,-0.340,-0.465,0.0173,0.068,-0.175,0.660,0.0093,-0.0227,0.308,0.000,0.471,0.392,0.345
2014,ARCO,-24.3,-55.8,6.8,-2.570,0.584,-2,-0.086,-0.063,-0.099,0.0867,0.074,0.037,0.500,0.0016,0.0074,0.992,0.088,0.169,0.000,1.359
2014,ARLP,25.3,0.5,15.5,-1.890,0.624,-1,0.192,-0.227,-0.258,0.2076,0.030,0.030,1.340,0.0024,0.0134,0.611,0.891,0.163,0.478,1.020
2014,AROC,55.8,-15.8,14.0,-19.880,-1.494,-2,0.205,-0.445,-0.326,0.2013,0.120,0.048,0.490,0.0435,0.1452,1.000,0.778,0.183,1.000,6.787
2014,ASR,-13.5,22.1,20.3,12.080,3.419,2,,11.578,11.407,0.4435,0.094,0.016,7.690,0.0000,0.0175,0.469,0.393,0.506,0.658,0.961
2014,ATRO,200.0,42.1,23.3,26.250,1.870,2,,1.440,0.876,0.1035,0.270,0.076,2.220,0.2246,-0.0141,0.903,0.602,1.000,0.953,1.099
2014,AVAV,46.3,-11.4,15.0,66.200,-2.449,3,,-0.146,-0.616,0.1249,0.266,0.033,3.130,0.0212,0.1475,0.737,0.597,0.866,1.000,2.161
2014,AVNT,47.5,7.7,18.9,-0.360,0.990,-1,0.130,-0.059,-0.419,0.0527,0.158,0.006,0.870,0.0740,0.0252,0.368,0.000,0.951,1.000,0.864
2014,AXON,174.3,42.9,23.9,2.300,1.103,2,,,,0.2886,0.091,-0.009,7.500,-0.0024,0.1411,1.000,1.000,0.692,1.000,7.363
2014,AZZ,0.9,12.4,17.4,8.390,1.354,1,-0.203,0.354,0.033,0.1277,0.142,-0.140,1.460,0.0046,-0.0534,0.000,0.138,0.787,0.516,0.771
2014,BBSI,90.4,-61.5,6.5,-6.070,0.817,-3,-0.019,0.163,-0.109,0.0471,-2.574,0.007,1.090,0.0322,-0.0274,0.857,0.728,0.859,1.000,3.319
2014,BC,20.7,21.3,17.3,7.780,,1,,-0.101,-0.187,0.0155,0.212,0.052,1.030,0.0489,-0.0358,0.644,0.772,0.649,0.918,0.958
2014,BCPC,33.5,17.0,19.5,-14.650,0.118,-1,-0.027,0.296,0.277,0.1978,0.060,0.009,4.680,0.0226,0.0100,0.551,0.278,0.471,0.885,1.025
2014,BJRI,-12.4,57.3,25.6,0.660,1.089,1,0.000,-0.100,-0.181,-0.0112,0.062,0.004,1.080,0.0022,-0.0543,0.000,0.000,0.031,0.000,-0.214
2014,BTE,-13.2,-60.9,6.9,-17.020,0.394,-1,,0.901,0.790,0.1908,0.064,0.001,4.410,0.0290,0.0958,0.611,0.553,0.355,0.554,1.019
2014,BVN,-50.8,-13.7,14.7,-13.440,1.838,-1,0.029,,,0.0462,0.012,0.006,2.490,-0.0002,-0.1582,0.108,0.000,0.000,0.003,0.153
2014,BYD,57.1,20.4,15.8,-11.530,0.436,-1,-0.040,-0.760,-0.849,0.0575,0.171,0.012,0.440,0.2462,0.0221,0.258,0.380,0.258,0.544,0.657
2014,BZH,20.8,-21.5,11.9,0.570,1.031,1,-0.160,-0.395,-0.582,0.0393,0.040,-0.035,0.410,0.0294,0.0539,0.981,1.000,0.581,0.829,0.329
2014,CAKE,36.9,19.4,17.7,-1.270,0.638,-1,-0.034,0.185,0.162,0.0934,0.062,-0.006,1.290,-0.0268,0.0327,1.000,0.473,0.285,1.000,1.293
2014,CAR,73.5,57.5,25.6,-1.480,0.858,-1,0.249,-0.449,-0.538,0.0389,0.134,0.028,0.540,0.0019,0.0124,0.638,0.858,0.514,1.000,0.598
2014,CASY,18.2,28.9,20.2,2.230,1.409,1,-0.225,-0.047,-0.123,0.0164,0.000,0.023,0.340,0.0079,-0.0026,0.000,0.267,0.535,0.400,0.489
2014,CBRL,37.5,34.2,22.5,-4.050,-0.172,-1,0.000,-0.004,0.002,0.0840,0.043,0.007,0.900,0.0011,0.0026,0.989,0.016,0.174,0.882,1.296
2014,CBT,10.1,-12.9,14.2,3.740,1.634,1,0.213,0.079,-0.017,0.0957,0.103,0.002,0.870,0.0109,0.0286,0.953,0.907,0.543,0.779,1.555
2014,CDE,-39.6,-40.9,9.4,-5.100,1.395,-1,,0.320,0.500,0.2674,0.032,0.035,1.600,0.1380,-0.0842,0.793,0.717,0.067,0.017,1.849
2014,CHDN,43.9,9.3,18.5,-10.160,0.194,-1,,,,-0.0327,0.139,0.009,2.120,-0.0125,-0.0519,0.353,0.087,0.140,1.000,-0.513
2014,CHH,30.4,30.1,21.1,-4.720,0.221,-1,0.071,0.167,0.153,0.2610,2.231,-0.010,3.940,0.0178,0.0073,0.381,0.196,0.592,0.853,0.983
2014,CLF,-40.2,-70.7,3.3,-1.420,,-1,,-0.235,-0.222,0.0110,0.042,-0.004,0.590,0.0793,0.6426,0.592,0.249,0.227,0.041,0.074
2014,CLH,-13.3,13.7,19.2,-12.680,0.819,-1,-0.200,-0.276,-0.850,0.0669,0.119,-0.146,0.800,0.0913,0.0032,0.335,0.070,0.677,0.113,0.747
2014,CLMT,-22.8,0.6,17.8,-25.780,0.066,-1,,-0.817,-0.835,0.0232,0.013,-0.049,0.360,0.2027,-0.0370,0.258,0.200,0.281,0.613,0.614
2014,CMC,24.8,-22.7,10.9,8.500,0.471,1,,-0.212,-0.136,0.0422,0.067,0.011,0.360,0.0091,0.0067,1.000,0.556,0.507,1.000,3.907
2014,CMCO,49.1,-1.8,12.1,-0.120,1.023,-1,-0.184,0.004,0.057,0.0765,0.112,-0.004,0.920,0.0163,-0.0161,0.972,0.760,0.499,0.927,5.227
2014,CMP,18.6,5.4,15.7,43.000,22.033,2,-0.057,0.041,-0.410,0.2073,0.069,0.031,2.560,0.0079,0.0493,0.563,0.434,1.000,0.738,1.116
2014,CMRE,16.8,-1.4,16.3,2.160,1.135,3,0.086,0.184,0.001,0.3933,0.047,-0.008,2.410,0.0155,-0.0226,0.479,0.137,1.000,0.949,0.928
2014,CODI,16.8,-9.9,15.1,-3.400,0.662,-1,,-0.117,-0.184,0.0099,0.185,0.003,0.900,0.0000,-0.0101,0.420,0.832,0.657,0.959,0.302
2014,CPS,52.3,-2.1,16.3,2.230,1.190,3,,,,0.0184,0.092,0.000,0.310,0.0021,0.0214,0.612,0.471,0.638,0.625,2.873
2014,CRI,32.8,12.6,18.8,-0.270,0.978,-1,0.020,0.072,-0.044,0.0954,0.082,0.073,1.520,-0.0829,-0.0183,0.335,0.951,0.668,0.730,0.897
2014,CROX,8.2,-32.7,11.4,4.020,-0.686,1,-0.091,0.217,0.201,-0.1875,0.208,0.051,1.170,-0.0233,-0.1658,0.000,0.363,0.496,0.326,-3.263
2014,CRS,12.9,-33.0,9.9,2.870,0.662,1,,-0.026,0.030,0.0943,0.095,0.011,1.450,0.0056,-0.0044,0.921,0.858,0.458,0.856,1.583
2014,CSL,12.8,19.1,19.8,-20.790,-2.229,-1,,-0.309,-0.165,0.4195,0.284,0.040,1.400,0.0130,0.3359,1.000,1.000,0.237,1.000,3.762
2014,CVCO,43.6,-1.2,14.1,2.760,1.154,5,,0.129,-0.078,0.0690,0.000,0.004,1.310,0.2777,0.0144,1.000,0.878,0.265,0.299,7.671
2014,CW,73.3,11.7,18.1,-6.830,0.730,-1,0.215,-0.198,-0.383,0.1071,0.084,-0.025,1.220,0.0424,0.0021,0.735,0.424,0.790,1.000,1.169
2014,CYD,44.5,-1.9,17.6,-9.620,0.657,-1,,7.223,7.038,0.0762,0.104,-0.024,0.300,0.0007,-0.0120,0.233,0.162,0.369,0.087,0.923
2014,DAC,50.4,-8.2,13.6,1.840,0.633,1,0.162,0.226,0.257,0.3653,0.040,-0.062,1.140,0.0001,0.7439,0.851,0.027,0.045,0.418,1.009
2014,DCH,56.7,33.3,26.0,-3.930,0.766,-1,,0.033,-0.095,0.0799,0.102,0.045,0.460,0.0105,0.0546,0.975,0.574,0.353,0.843,5.719
2014,DDS,8.7,46.8,24.4,-4.880,-2.527,-1,,-0.059,-0.024,0.0947,0.216,-0.064,0.550,-0.0854,-0.0077,0.816,0.286,0.447,0.870,1.612
2014,DECK,109.3,-3.8,10.0,16.500,7.010,2,0.063,0.955,0.763,0.2738,0.237,0.028,1.900,-0.0136,0.0403,0.908,0.783,0.487,0.372,2.134
2014,DMLP,6.8,-0.9,15.8,-45.620,-0.550,-1,,,,0.6952,0.079,0.002,11.630,0.0000,0.0787,0.497,0.763,0.357,0.383,1.091
2014,DXPE,73.7,-54.6,7.8,-6.650,0.516,-2,0.038,0.874,0.803,0.0894,0.212,-0.009,1.170,-0.0505,0.0032,1.000,0.959,0.526,1.000,2.275
2014,DY,22.3,44.4,24.2,-52.860,0.098,-1,0.000,-0.068,-0.125,0.0030,0.099,-0.004,0.490,0.0096,-0.0191,0.232,0.000,0.347,0.526,0.077
2014,EBF,6.2,-13.0,18.7,1.020,1.174,3,0.035,0.217,0.148,-0.0885,0.008,0.013,0.770,-0.0023,-0.1817,0.000,0.551,0.951,0.078,-0.003
2014,EFXT,13.9,-7.7,15.2,-23.310,6.692,-1,,,,0.0381,0.130,0.000,0.860,0.0108,-0.0487,0.501,0.427,0.400,1.000,0.655
2014,EGY,-33.4,-24.3,11.6,8.540,,2,,-0.205,-0.293,0.6168,0.056,-0.031,2.010,-0.0181,0.5746,0.910,0.654,0.399,0.215,1.333
2014,ENPH,50.1,99.9,31.2,14.450,8.129,1,,0.642,0.478,-0.0240,0.254,0.038,1.370,0.0297,0.0833,1.000,1.000,0.089,0.594,-0.105
2014,ENS,60.3,-7.2,16.5,12.740,5.824,3,0.039,0.114,-0.040,0.0917,0.140,-0.002,1.400,0.0315,-0.0155,0.700,1.000,0.789,0.990,1.019
2014,EPAC,7.4,-27.2,11.5,-1.510,1.151,-1,-0.031,0.099,0.214,0.1189,0.242,0.013,1.860,-0.0086,0.0057,0.750,0.491,0.206,0.860,1.022
2014,ESLT,53.0,8.7,16.1,-11.690,-0.490,-1,-0.132,-0.050,-0.011,0.0713,0.154,-0.037,0.870,0.0204,-0.0119,0.195,0.000,0.301,0.776,0.887
2014,EXK,-21.2,-58.0,6.9,-28.990,0.056,-2,,-0.374,-0.391,-1.9094,0.032,-0.023,1.850,0.0212,-2.0167,0.000,0.091,0.126,0.077,-33.052
2014,EXP,14.0,-2.1,16.4,-14.550,0.728,-1,-0.137,0.148,-0.241,0.1899,0.030,-0.002,4.370,0.0185,0.0395,0.503,0.899,0.894,0.677,1.863
2014,FANG,173.2,20.4,19.5,-62.880,0.747,-1,-0.024,2.582,0.729,0.4970,0.050,0.000,13.910,,0.4057,0.975,0.289,0.708,0.868,1.671
2014,FCN,-14.7,25.7,20.1,-3.240,0.563,-1,0.140,-0.337,-0.379,0.0275,0.258,-0.188,0.700,-0.0200,0.1661,0.494,0.000,0.414,0.027,0.258
2014,FET,-2.0,-35.1,11.6,7.090,1.581,2,,0.029,-0.164,0.1454,0.170,0.024,1.580,-0.0139,0.0306,0.601,0.568,0.262,0.328,1.056
2014,FIX,35.7,-1.0,16.4,0.270,1.064,3,-0.187,5.904,5.858,0.0274,0.159,0.022,0.470,0.0153,0.0016,0.854,0.706,0.565,0.846,1.741
2014,FSM,-6.2,-6.4,14.0,27.090,0.129,1,,0.341,0.381,-0.2285,0.071,-0.144,3.690,-0.0117,-0.4390,0.944,0.143,0.131,0.237,-0.551
2014,FSS,91.8,15.1,18.4,-12.260,0.066,-1,,0.420,0.411,0.0979,0.151,0.091,1.050,0.0032,0.0382,1.000,0.961,0.489,0.986,6.023
2014,FTK,65.8,-30.3,11.0,6.350,1.253,3,0.112,0.311,-0.004,0.1741,0.205,0.022,3.560,-0.1080,0.0217,0.969,0.869,0.625,0.587,8.833
2014,FUL,43.4,-21.2,10.2,1.140,1.408,2,-0.093,0.034,-0.006,0.0987,0.225,-0.004,1.280,-0.0174,0.0355,0.955,0.234,0.402,1.000,1.504
2014,FUN,38.8,1.3,16.2,0.660,1.095,2,,-0.256,-0.332,0.0281,0.416,0.004,2.580,-0.0047,-0.0573,0.857,1.000,0.509,1.000,0.068
2014,FWRD,15.1,18.3,17.3,-2.040,0.889,-1,-0.107,0.359,0.195,0.1281,0.026,0.001,2.040,0.0476,-0.0264,0.852,0.193,0.850,0.981,1.137
2014,GBX,87.3,48.3,18.9,8.880,1.968,2,-0.038,0.396,0.216,0.0779,0.053,0.032,0.630,0.0139,0.0224,0.598,0.611,0.301,0.851,1.545
2014,GEO,-3.0,33.9,21.8,8.970,-0.165,1,,-0.118,-0.131,0.1252,0.079,0.002,1.520,0.1636,0.0441,0.824,0.989,0.181,0.794,1.085
2014,GHM,52.0,-35.2,9.9,-3.320,1.609,-3,,0.101,0.189,0.0850,0.173,-0.007,3.370,0.0050,-0.0687,0.084,0.016,0.255,0.878,0.572
2014,GIII,82.5,57.2,28.7,2.940,1.128,3,0.240,2.134,1.875,0.0469,0.297,-0.036,0.880,0.0299,0.0041,0.556,0.944,0.448,1.000,0.950
2014,GME,33.5,6.7,18.8,-15.400,0.182,-1,-0.010,0.034,0.000,0.0973,0.156,-0.041,0.480,-0.0379,-0.0185,0.959,0.267,0.504,0.478,2.488
2014,GNRC,80.9,-15.9,11.9,-10.850,0.480,-2,0.234,-0.120,-0.220,0.2424,0.087,0.135,2.670,0.0064,0.0443,1.000,0.610,0.150,1.000,1.444
2014,GNTX,69.1,6.8,17.4,17.920,3.359,3,0.143,0.194,-0.061,0.2927,0.101,-0.017,4.080,0.0222,0.0860,1.000,1.000,0.501,0.548,1.348
2014,GPK,33.4,54.0,25.6,-3.230,0.389,-1,,-0.025,-0.046,0.0586,0.088,0.010,0.700,-0.0589,-0.0015,0.699,0.807,0.129,1.000,0.985
2014,GRC,27.3,1.8,16.2,-7.110,0.319,-2,0.116,-0.091,-0.125,0.0885,0.146,-0.004,1.970,-0.0554,0.0281,0.265,0.269,0.453,0.821,0.783
2014,HBM,-15.1,2.8,16.8,-19.890,2.407,-1,,-0.589,-0.249,-0.1241,0.073,0.008,2.970,0.0006,-0.2177,0.000,0.000,0.057,0.605,-1.074
2014,HEI,58.1,7.0,18.0,4.680,1.252,4,0.056,0.133,-0.099,0.1888,0.191,0.005,3.710,0.0083,0.0274,0.866,0.374,0.861,0.933,1.060
2014,HL,-29.9,-7.3,15.1,10.550,1.349,6,,,,0.0061,0.072,-0.047,3.080,0.2016,-0.0701,0.667,0.132,0.319,0.154,0.050
2014,HLIO,44.9,-4.8,16.5,12.330,12.067,3,-0.029,0.087,-0.048,0.2529,0.144,-0.002,5.410,0.0099,0.0335,0.856,0.897,0.512,1.000,1.229
2014,HLX,-6.2,-14.3,13.9,26.950,0.220,1,0.061,0.060,0.135,0.2378,0.076,0.013,2.670,0.0041,0.1326,0.867,0.760,0.398,0.921,2.473
2014,HNI,2.0,64.4,30.7,-0.090,0.965,-2,0.087,-0.148,-0.174,0.0696,0.279,0.024,0.720,0.0060,0.0121,0.902,0.824,0.799,0.714,1.893
2014,HTHT,75.3,-17.5,13.4,-2.770,0.914,-3,,0.908,0.616,0.0761,0.040,-0.009,1.190,0.0100,0.0429,0.554,0.290,0.000,0.089,1.443
2014,HTLD,51.9,26.1,21.1,37.860,-10.709,2,-0.143,1.090,0.744,0.1457,0.036,0.005,3.020,0.0157,0.0752,0.387,0.000,1.000,0.782,0.766
2014,HUBG,8.1,-14.7,14.2,0.810,1.084,3,0.042,0.204,0.098,0.0308,0.055,-0.003,0.440,-0.0069,-0.0087,0.031,0.083,0.399,0.184,0.863
2014,HURN,85.0,13.9,19.1,7.250,1.751,1,0.019,0.189,0.020,0.1781,0.032,-0.008,1.910,0.0256,-0.0172,0.772,0.876,0.828,1.000,1.984
2014,HWKN,-9.0,10.2,19.1,-3.830,,-2,,,,0.0659,0.100,-0.002,1.060,0.0057,0.0599,0.372,0.410,0.552,0.829,0.614
2014,IAG,-45.3,-45.6,8.8,-23.100,1.958,-1,,-0.526,-0.053,-3.5340,0.042,-0.031,1.360,0.0183,-3.8608,0.000,0.000,0.000,0.012,-33.731
2014,ICFI,43.4,18.6,19.8,-3.560,-0.368,-1,-0.050,0.135,0.145,0.0548,0.300,0.008,0.740,0.0276,-0.0074,0.000,0.250,0.316,0.967,0.837
2014,IIIN,53.9,3.6,12.9,1.220,,1,,-0.245,-0.261,0.0499,0.054,0.007,1.070,0.0276,0.0062,0.893,0.516,0.385,1.000,5.867
2014,IOSP,5.5,-1.7,16.5,7.930,2.547,3,0.104,0.373,0.243,0.1101,0.197,-0.016,1.280,0.0252,-0.0106,0.823,0.518,0.719,0.892,1.242
2014,JBTM,49.3,14.7,20.5,8.260,-4.042,1,,,,0.0701,0.164,0.028,0.970,0.0068,-0.0282,0.519,0.185,0.673,1.000,1.123
2014,KAI,35.4,13.8,19.9,16.030,3.945,4,0.041,-0.183,-0.398,0.0801,0.361,-0.001,1.210,-0.0057,-0.0061,0.628,0.558,0.803,0.896,0.933
2014,KBH,12.5,-5.6,14.6,-22.350,0.238,-2,,-0.259,-0.328,0.0759,0.102,-0.027,0.780,0.1980,0.0637,1.000,0.917,0.508,0.632,1.739
2014,KFRC,36.2,32.7,18.1,1.340,1.123,5,0.074,-0.106,-0.229,-0.0373,0.040,0.012,0.530,-0.0701,-0.0737,0.602,0.616,0.876,0.364,-2.710
2014,KFY,42.4,19.0,18.2,-0.890,0.956,-1,,-0.009,-0.202,0.1088,0.795,0.003,1.360,0.0243,0.0674,0.952,0.985,0.657,0.753,2.207
2014,KNX,33.6,56.6,24.0,2.470,,1,,3.150,3.119,0.1288,0.040,-0.022,1.250,0.0075,0.0193,0.765,0.051,0.548,0.324,1.078
2014,KOS,5.5,-19.2,13.4,1.850,0.429,1,0.000,-0.767,-0.753,0.3491,0.185,0.018,4.800,0.0068,-0.0552,0.997,0.681,0.077,0.000,0.059
2014,KRO,-13.1,-21.1,10.9,4.270,0.625,3,,-0.018,0.053,-0.0027,0.309,0.011,1.010,0.0000,-0.0055,0.216,0.077,0.253,0.393,-0.026
2014,KTOS,78.1,-31.7,9.7,7.480,0.586,1,,0.260,0.366,0.0229,0.193,-0.012,0.480,0.0053,0.3275,0.913,0.738,0.076,0.520,37.851
2014,KWR,24.1,18.8,19.6,4.880,3.814,1,0.101,0.020,-0.046,0.0826,0.388,0.015,1.330,0.0181,0.0035,0.777,0.753,0.615,0.877,0.996
2014,LAD,51.9,42.9,25.0,0.350,1.017,3,0.077,0.101,-0.106,0.0445,0.010,0.060,0.410,0.0082,0.0024,0.910,0.017,0.840,0.950,1.301
2014,LCII,38.9,8.6,18.9,1.500,1.139,1,0.244,-0.073,-0.196,0.0719,0.164,0.082,1.180,0.0408,0.0377,0.973,0.869,0.420,0.957,2.661
2014,LNN,-3.4,0.0,14.6,-15.900,0.013,-3,-0.132,-0.054,-0.056,0.1083,0.084,0.007,1.560,0.0076,-0.0428,0.616,0.706,0.487,0.470,0.998
2014,LPX,-11.6,-9.2,12.8,-3.890,0.541,-3,,0.158,0.113,-0.0459,0.097,0.056,1.210,-0.0188,-0.1483,0.433,0.328,0.421,0.615,-2.199
2014,LQDT,-22.8,-67.4,4.9,-5.810,-0.038,-1,,0.325,0.327,0.0971,0.081,0.156,1.590,-0.0120,0.0132,0.126,0.267,0.203,0.174,0.738
2014,LXU,-16.1,15.6,19.2,-13.110,5.759,-1,0.077,0.620,0.779,0.4709,0.174,-0.046,1.130,0.3696,0.3672,1.000,0.250,0.266,0.782,3.845
2014,LZB,75.4,1.4,15.8,-13.320,0.026,-1,-0.104,-0.084,-0.088,0.0726,0.276,-0.012,1.030,-0.0033,0.0060,0.997,1.000,0.634,1.000,1.863
2014,MATV,16.9,-16.1,15.9,8.110,0.018,1,0.011,0.128,0.129,-0.0036,0.050,0.021,1.910,0.0095,-0.1555,0.000,0.595,0.331,0.744,-0.025
2014,MATX,-6.6,52.8,25.6,-0.220,0.934,-2,-0.061,0.119,0.087,0.0436,0.080,-0.006,0.650,0.0093,-0.0164,0.439,0.210,0.646,0.789,0.817
2014,MCRI,85.0,-3.3,16.4,-0.400,0.832,-3,-0.250,0.156,0.137,0.0935,0.117,-0.003,1.650,0.0427,0.0278,0.445,0.034,0.254,0.714,0.969
2014,MELI,11.4,40.6,23.5,3.240,1.122,5,0.208,0.016,-0.281,0.3871,0.244,0.003,8.800,0.0000,0.0100,1.000,0.135,0.533,0.023,1.169
2014,MGRC,24.6,-12.5,14.5,-16.680,-0.759,-1,-0.083,0.185,0.257,0.2275,0.025,0.004,2.490,0.0483,0.0202,0.406,0.555,0.194,1.000,0.999
2014,MHO,-6.9,-19.0,13.5,2.280,1.072,1,-0.200,0.088,-0.252,0.0501,0.062,-0.005,0.730,0.3562,0.0062,0.890,0.948,0.674,0.882,11.386
2014,MIDD,82.0,22.4,21.4,-10.280,0.741,-3,0.160,0.292,-0.002,0.1973,0.160,0.001,2.830,0.0149,-0.0039,0.947,0.756,0.750,1.000,1.138
2014,MLI,9.7,6.1,18.0,-6.090,-1.131,-1,-0.139,0.026,0.059,0.0452,0.074,-0.008,0.790,0.0080,-0.0055,0.232,0.577,0.493,0.923,0.702
2014,MLKN,12.8,0.1,15.8,1.150,1.178,2,,,,0.0748,0.280,0.001,0.920,0.0131,0.0101,0.954,0.947,0.608,0.939,1.444
2014,MLM,8.5,11.6,18.4,-3.910,0.675,-1,0.114,0.081,0.000,0.1153,0.069,0.039,2.300,0.0065,0.0361,0.752,0.696,0.410,0.708,1.316
2014,MMYT,76.3,7.0,15.3,5.830,2.543,1,,6.724,6.628,-0.0168,0.119,0.145,3.800,0.0090,0.0795,0.711,0.343,0.073,0.260,-0.817
2014,MOD,55.4,-2.7,15.8,-0.730,0.897,-2,,-0.104,-0.168,0.0026,0.128,0.106,0.430,0.0171,0.0142,0.858,0.891,0.308,0.702,0.525
2014,MOV,39.4,-44.7,10.0,-11.390,0.381,-1,,0.213,0.143,0.0500,0.474,0.102,2.100,-0.0001,0.0086,0.738,0.774,0.612,1.000,2.298
2014,MRCY,37.1,34.3,23.6,-2.530,0.723,-1,,5.153,5.087,-0.0390,0.471,-0.004,1.560,0.0293,0.1031,0.441,0.456,0.521,0.461,-0.962
2014,MTH,2.4,-26.5,11.8,3.440,1.076,1,0.155,0.252,-0.234,0.1263,0.067,-0.035,0.960,0.0156,0.0489,1.000,1.000,0.834,0.553,14.215
2014,MTRN,0.9,31.4,20.8,-0.580,1.111,-1,,-0.284,-0.226,0.0463,0.126,0.002,0.500,0.0123,0.0243,0.879,0.972,0.217,0.513,1.878
2014,MTX,30.2,12.0,16.0,3.570,3.324,6,0.034,-0.061,-0.112,0.1208,0.109,-0.012,1.840,-0.0202,0.0100,0.976,0.928,0.670,0.907,1.493
2014,MTZ,26.5,-45.6,9.0,5.390,1.285,2,0.039,-0.001,-0.244,0.0684,0.048,-0.004,0.680,0.0096,0.0107,0.765,0.609,0.426,0.829,1.194
2014,MUX,11.7,-65.1,5.5,-467.270,0.155,-2,,,,-3.2723,0.256,-0.020,19.140,0.0055,1.2756,0.976,0.152,0.554,0.029,-0.053
2014,MWA,38.2,22.5,20.5,0.710,1.166,1,,0.018,-0.033,0.0544,0.206,0.028,1.190,0.0157,0.0262,0.989,0.761,0.828,1.000,0.142
2014,MYE,49.1,-9.6,15.5,-0.070,1.059,-2,-0.071,0.396,0.409,0.0260,0.262,0.035,0.830,0.0025,-0.0440,0.860,0.437,0.610,1.000,1.041
2014,MYRG,2.3,6.0,14.7,9.800,-0.390,2,0.150,0.182,0.154,0.0620,0.001,0.030,0.580,0.0122,-0.0011,0.757,0.746,0.265,0.408,1.273
2014,NMM,24.8,-36.6,10.1,14.920,0.075,1,-0.085,-0.231,-0.219,0.3131,0.036,-0.019,7.240,0.2958,-0.0800,0.126,0.059,0.182,1.000,0.737
2014,NOG,12.0,-44.8,9.1,-9.510,0.711,-1,-0.156,0.247,0.013,0.3781,0.045,-0.024,2.560,-0.0204,-0.0448,0.585,0.000,0.040,0.000,1.229
2014,NPK,2.2,-26.8,11.0,9.070,0.346,1,,,,0.1525,0.003,0.016,1.320,0.0023,0.0361,0.303,0.183,0.206,0.365,0.926
2014,NPO,62.1,-11.3,16.5,4.020,0.253,1,-0.044,1.288,1.302,0.0603,0.281,0.001,1.540,0.1152,-0.0117,0.925,0.000,0.487,1.000,9.466
2014,NWPX,42.6,-33.5,11.3,-4.920,1.469,-1,,-0.774,-0.620,-0.2282,0.048,-0.040,0.700,0.0031,-0.2824,0.000,0.000,0.106,0.319,-3.892
2014,NX,6.0,0.1,16.8,-8.160,0.524,-1,0.077,-0.855,-0.944,-0.0253,0.122,0.002,0.760,0.0053,0.0484,0.919,0.279,0.447,0.528,-0.372
2014,OIS,25.1,-24.6,12.3,-4.230,1.115,-7,,-0.618,-0.209,0.1964,-0.161,0.016,0.920,0.0083,0.0599,1.000,1.000,0.032,0.948,1.599
2014,OLN,12.4,-7.3,15.3,-19.740,-0.282,-2,,-0.158,-0.114,0.0617,0.128,0.003,0.860,-0.0062,-0.0438,0.447,0.280,0.316,0.359,0.608
2014,OMAB,-6.0,48.6,24.7,1.060,1.159,1,0.034,-0.169,-0.246,0.2590,0.000,0.013,4.770,0.0044,-0.0599,0.483,0.394,0.460,0.502,0.788
2014,OSK,35.1,-24.1,13.3,3.260,0.794,1,,-0.123,0.003,0.0631,0.095,0.080,0.650,-0.0476,0.0172,0.902,0.549,0.155,1.000,2.516
2014,OXM,42.0,-22.1,13.7,-2.890,0.674,-2,,-0.041,-0.101,0.1052,0.219,0.011,1.330,-0.0099,0.0631,0.661,0.826,0.638,1.000,1.395
2014,PAAS,-10.0,-23.0,12.3,-7.020,1.462,-4,,-0.569,-0.346,-1.6124,0.017,0.063,2.740,-0.0184,-1.5177,0.000,0.000,0.048,0.206,-17.028
2014,PATK,283.6,11.0,17.7,8.330,1.279,1,,0.112,-0.269,0.0589,0.038,0.175,0.530,-0.0166,0.0154,0.847,0.746,0.331,1.000,1.456
2014,PENN,9.2,27.1,19.1,-14.370,-12.747,-4,,-0.197,-0.064,-1.6216,0.311,0.063,0.320,-0.2540,-1.7201,0.000,0.766,0.000,0.500,-26.901
2014,PKE,14.1,-13.9,11.9,0.320,0.924,2,-0.179,-0.020,0.019,0.1243,0.154,0.010,3.380,0.0055,-0.0118,0.726,0.406,0.367,0.896,0.932
2014,POOL,19.2,17.7,17.0,1.580,1.166,3,0.000,0.219,0.108,-0.0200,0.301,0.010,1.210,-0.0175,0.0136,0.313,0.000,0.857,0.915,-0.483
2014,POWL,29.6,-32.0,11.4,15.270,9.687,3,0.000,0.341,0.171,0.0656,0.137,0.013,1.050,0.0045,-0.0065,0.636,0.505,0.576,0.790,1.037
2014,PRIM,56.4,-32.6,11.7,-15.820,0.428,-3,0.128,0.092,-0.027,0.0758,0.063,0.004,0.830,0.0030,0.0175,0.536,0.279,0.170,1.000,1.114
2014,PSIX,225.8,-26.4,12.2,-7.750,0.690,-1,0.143,0.163,-0.010,0.0638,0.079,0.006,3.110,0.1575,0.0064,0.936,0.051,0.782,0.040,0.156
2014,PTEN,21.7,-39.2,10.1,-12.640,0.068,-1,,0.017,0.008,0.0487,0.028,0.134,1.480,-0.0227,-0.1048,0.557,0.000,0.239,0.263,0.453
2014,QUAD,13.4,-9.4,15.2,3.390,1.212,1,0.083,0.953,0.759,0.0770,0.087,0.004,0.250,0.0254,0.0282,0.924,0.279,0.173,0.155,4.028
2014,RBA,0.9,16.4,20.0,-2.570,0.824,-1,,-0.034,-0.154,0.2947,0.494,-0.040,5.110,-0.0012,0.0195,0.528,0.306,0.615,0.068,1.085
2014,RBC,-8.8,-2.2,15.6,2.800,2.778,3,-0.166,0.074,0.030,0.1955,0.000,0.001,4.100,0.0196,-0.0034,0.790,0.845,0.585,0.693,1.128
2014,RES,23.6,-30.2,11.4,-0.330,0.916,-1,-0.227,0.375,0.338,0.1401,0.094,-0.064,2.050,-0.0018,-0.0526,0.680,0.328,0.277,0.507,0.888
2014,RGR,27.8,-36.7,10.7,-16.370,0.634,-2,-0.036,,,0.2320,0.100,0.012,1.980,0.0156,0.0125,0.661,0.498,0.440,0.619,1.160
2014,RRX,0.2,3.6,18.5,3.080,-1.128,2,,,,-0.0382,0.000,0.012,1.070,0.0612,-0.1040,0.000,0.613,0.477,0.620,-0.427
2014,RUSHA,19.8,4.8,14.3,3.810,1.169,2,-0.026,0.182,-0.081,0.0297,0.124,0.019,0.230,0.0187,-0.0047,0.001,0.134,0.546,0.344,0.019
2014,SAH,0.2,12.1,19.5,1.610,1.384,2,0.085,0.107,0.049,0.0256,0.007,0.046,0.140,-0.0327,-0.0056,0.653,0.088,0.592,0.900,0.953
2014,SB,171.7,-64.4,6.0,38.220,-2.607,2,0.077,-0.065,-0.342,0.5725,0.052,-0.008,4.400,0.0424,-0.1904,0.616,0.413,1.000,1.000,0.874
2014,SBLK,134.1,-79.2,3.3,-180.370,-0.052,-1,,-0.051,0.038,0.0800,0.165,0.171,4.240,4.2998,0.0290,0.965,0.627,0.211,1.000,0.081
2014,SGI,21.3,16.1,20.1,-8.700,1.370,-1,,,,-0.1283,0.291,-0.039,3.670,0.1011,-0.1115,0.460,0.267,0.107,0.415,-2.247
2014,SHOO,20.6,-5.7,15.8,-1.950,0.816,-1,-0.028,0.092,0.005,0.1564,0.232,0.021,1.800,-0.0113,-0.0013,0.574,0.272,0.076,0.609,0.970
2014,SM,53.6,-47.6,8.8,-28.960,0.504,-2,-0.137,0.241,-0.054,0.0662,0.079,0.040,1.350,0.0341,0.2619,0.627,0.530,0.379,0.431,0.816
2014,SMG,27.7,16.1,19.4,-14.990,-0.438,-1,-0.002,-0.033,0.013,-0.4557,0.095,-0.021,1.250,0.0114,-0.0092,0.026,0.206,0.472,0.962,-13.486
2014,SMP,39.4,7.4,18.0,17.980,-3.201,1,,-0.086,-0.223,0.0719,0.231,0.135,0.870,0.0126,0.0076,0.653,1.000,0.773,0.987,1.135
2014,SSD,-0.7,5.3,17.5,-3.000,0.783,-1,,-0.216,-0.324,0.0742,0.195,0.004,2.190,0.0080,0.0807,0.552,0.844,0.816,0.542,0.774
2014,SSRM,2.3,-44.7,9.1,-3.270,1.081,-4,,-0.466,-0.031,-0.0531,0.103,0.057,4.830,-0.0002,-0.1225,0.947,0.000,0.081,0.064,-0.079
2014,STLD,9.9,7.2,16.4,-3.560,0.724,-1,,0.019,-0.074,0.0578,0.040,-0.028,0.540,0.0152,0.0022,0.741,0.235,0.441,0.390,1.151
2014,STN,52.6,-14.9,14.1,5.500,1.384,1,0.233,-0.046,-0.244,0.0763,0.343,0.030,1.310,0.0169,-0.0137,0.833,0.567,0.644,0.964,0.932
2014,SUZ,-8.9,40.4,24.3,7.230,,1,,,,0.1728,0.046,0.071,1.400,0.0037,0.0518,0.289,0.661,0.449,0.688,1.009
2014,SWBI,15.4,15.6,19.6,5.070,3.534,1,,-0.218,-0.288,0.2133,0.071,0.016,0.810,-0.1415,0.0075,0.925,0.872,0.309,0.581,2.659
2014,SXC,30.2,-24.2,10.8,0.050,0.997,1,,-0.929,-0.743,0.0773,0.066,0.032,0.930,-0.0014,-0.0128,0.360,0.750,0.001,1.000,0.883
2014,SXI,-3.8,31.0,22.7,2.040,,1,-0.052,-0.165,-0.186,0.0887,0.253,-0.045,0.980,-0.0015,-0.0078,0.634,0.922,0.662,0.288,1.058
2014,TEN,70.4,5.7,18.1,5.450,1.524,4,0.157,0.040,-0.119,0.0576,0.047,0.026,0.280,0.0065,0.0097,0.828,0.479,0.727,0.151,1.210
2014,TFII,3.0,24.1,16.8,-2.590,1.339,-1,,0.160,0.263,-0.0247,0.000,-0.019,0.710,0.0390,-0.1073,0.000,0.000,0.210,0.926,-0.362
2014,THO,53.1,5.9,17.1,-5.690,1.659,-5,-0.111,0.037,0.180,0.0367,0.069,0.015,0.920,0.0045,0.0029,0.412,0.322,0.206,0.750,0.679
2014,THRM,87.8,37.8,22.2,1.610,1.075,5,0.240,-0.156,-0.386,0.0967,0.186,0.100,1.670,0.1726,0.0143,0.874,0.548,0.212,0.328,1.716
2014,TK,58.8,-14.2,13.7,-3.790,3.009,-1,,2.369,2.426,0.0010,0.070,0.010,2.120,0.0171,0.6604,0.777,0.189,0.799,1.000,0.026
2014,TKR,10.1,-0.4,14.2,5.520,0.222,3,,-0.378,-0.362,0.0929,0.231,0.057,0.890,-0.0199,-0.0213,0.672,0.869,0.538,1.000,1.017
2014,TPC,27.4,13.4,18.8,4.940,0.213,1,0.115,-0.388,-0.374,0.0638,0.063,0.024,0.270,0.0078,0.0093,0.989,1.000,0.397,0.500,2.500
2014,TREX,75.7,12.6,18.8,36.280,18.966,1,,0.192,-0.191,0.0678,0.241,0.207,4.050,0.0024,0.1366,0.731,0.661,0.691,1.000,65.507
2014,TRGP,55.2,-3.2,15.0,29.690,3.534,4,-0.053,1.166,0.752,0.0671,0.018,0.020,0.620,0.0048,0.0106,1.000,0.087,1.000,1.000,1.327
2014,TRN,49.9,-0.5,16.2,17.990,1.976,4,0.014,0.390,0.026,0.1787,0.064,0.002,0.770,0.0000,0.0097,0.988,0.834,0.888,0.838,1.481
2014,TROX,16.8,1.4,17.2,-10.340,,-2,0.212,-0.175,-0.079,0.0092,0.115,0.002,1.290,0.0016,0.1552,0.732,0.067,0.206,0.047,0.341
2014,TTEK,-3.0,-12.1,14.3,1.000,0.660,2,,-0.423,-0.404,0.0677,0.073,-0.035,0.690,0.0068,0.0042,1.000,0.537,0.290,0.654,1.423
2014,TTI,30.0,-58.5,7.1,-11.150,-0.284,-1,0.091,0.276,0.301,-0.0616,0.144,-0.003,1.030,-0.0011,-0.0439,0.621,0.000,0.493,0.726,-4.681
2014,UAN,-25.5,-33.7,10.6,32.330,-3.180,1,0.152,0.122,-0.124,0.3522,0.063,0.059,4.290,-0.0006,0.1155,0.670,0.397,0.327,0.000,0.978
2014,UFPI,19.8,4.9,17.7,-10.520,0.526,-2,0.078,0.181,0.064,0.0258,0.095,0.012,0.400,0.0372,0.0281,0.590,0.440,0.754,0.583,1.458
2014,ULH,45.7,-6.9,14.9,-42.580,0.004,-2,-0.025,0.043,0.041,0.0737,0.050,0.001,0.770,0.0029,0.0212,0.810,0.000,0.453,0.868,1.841
2014,USAC,31.2,-27.3,11.3,29.440,2.244,2,,0.848,0.317,0.1658,0.182,-0.031,6.450,0.2873,0.0001,0.301,0.098,1.000,1.000,0.929
2014,USLM,18.6,32.4,21.0,-13.720,-0.682,-1,,,,0.1312,0.083,-0.017,2.280,0.0031,-0.0449,0.000,0.120,0.399,0.622,0.693
2014,VAC,28.4,48.7,24.6,-4.240,0.440,-2,-0.111,0.033,0.000,0.0417,0.182,0.030,1.090,0.0548,-0.0622,0.000,0.000,0.336,1.000,0.444
2014,VMI,4.2,-20.1,12.6,-5.030,0.239,-2,0.000,-0.104,-0.120,0.1217,0.148,0.027,1.270,0.0036,-0.0155,0.510,0.390,0.282,0.881,1.034
2014,WCC,12.0,-18.6,11.6,-2.280,0.863,-1,-0.038,0.105,-0.039,0.0588,0.132,-0.038,0.580,0.0350,0.0282,0.625,0.446,0.809,1.000,1.180
2014,WEN,74.4,4.7,11.9,-6.650,,-5,0.222,-0.398,-0.339,0.0487,0.130,-0.025,1.600,0.0198,-0.0025,0.576,0.832,0.122,1.000,1.040
2014,WFG,22.5,17.9,19.3,-15.210,-0.787,-3,,,,0.0240,0.124,-0.002,1.370,0.0006,-0.0241,0.560,0.156,0.193,1.000,0.746
2014,WGO,33.4,-13.6,15.2,14.110,1.938,2,0.100,0.054,-0.237,0.0613,0.020,0.035,0.920,-0.0166,0.0113,0.971,0.713,0.298,0.317,33.774
2014,WLFC,19.9,9.6,16.6,17.730,15.913,1,,-0.586,-0.776,0.2133,0.255,0.080,2.960,-0.0517,0.1590,0.938,0.258,1.000,0.883,2.662
2014,WNC,19.6,-7.9,15.6,1.830,1.218,1,,0.012,-0.090,0.0525,0.023,-0.010,0.550,0.0145,-0.0178,0.943,0.676,0.299,0.405,2.167
2014,WOR,30.2,-25.5,14.5,1.160,1.049,3,0.017,0.390,0.142,0.0586,0.098,-0.045,0.580,-0.0054,0.0046,0.802,0.815,0.775,0.745,1.713
2014,WSO,20.2,17.7,17.0,2.100,1.351,1,0.020,0.024,-0.057,0.0485,0.192,-0.024,0.870,0.0060,0.0048,0.543,0.354,0.230,0.658,0.867
2014,WWW,13.1,13.6,17.7,-89.420,0.132,-1,0.100,-0.233,-0.369,0.0243,0.333,-0.092,0.950,0.0211,0.0127,0.000,0.097,0.219,0.063,0.004
2014,ZWS,35.8,-5.5,15.7,0.690,1.228,1,,,,0.1380,0.203,-0.008,0.650,0.0088,0.0119,0.896,0.889,0.186,0.596,1.066
2015,AAON,23.4,-0.4,-5.7,0.720,1.049,2,,0.072,-0.082,0.2001,0.010,-0.045,3.460,-0.0152,0.0377,0.973,0.858,0.835,1.000,1.371
2015,ABG,59.8,-42.4,-0.7,1.080,1.130,1,0.059,0.032,-0.062,0.0437,0.114,-0.004,0.390,-0.0518,0.0015,0.839,0.252,0.483,1.000,1.136
2015,AG,-52.0,-18.5,-4.7,66.040,-0.502,1,0.116,,,-1.3108,0.066,-0.031,2.330,0.0011,-0.9393,0.000,0.000,0.261,0.007,-6.105
2015,AGCO,-5.7,-1.3,1.4,-0.130,1.010,-6,0.128,-0.525,-0.394,0.0464,0.132,0.095,0.460,-0.0853,-0.0225,0.392,0.490,0.054,0.118,0.704
2015,AGI,-42.0,-14.5,-0.4,25.200,0.364,3,,2.151,2.295,0.0402,0.066,-0.014,4.330,-0.0011,-0.1275,0.344,0.000,0.115,0.000,0.121
2015,AGX,26.4,-1.7,2.8,-29.040,0.713,-1,,0.269,-0.451,0.1518,0.060,-0.056,1.330,0.0176,-0.1231,0.334,0.355,0.388,0.488,0.982
2015,ALB,-12.4,-5.5,-0.7,-12.540,,-1,-0.029,0.174,0.309,-0.0390,0.276,-0.018,1.740,-0.0388,-0.3659,0.000,0.000,0.000,0.161,-0.219
2015,ALGT,77.3,-8.2,2.0,1.180,1.075,5,0.064,0.027,-0.143,0.0530,0.022,-0.032,2.710,-0.0616,-0.0740,0.000,0.336,0.651,1.000,0.378
2015,ALNT,108.9,-21.1,-1.3,-138.950,0.145,-1,,,,0.1104,0.093,-0.024,1.420,0.0152,0.0437,0.860,0.764,0.214,0.949,1.500
2015,AMRC,-16.8,-10.9,-2.4,-1.680,0.624,-2,,0.782,0.754,0.0383,0.166,0.056,0.540,0.0077,0.0210,0.637,0.782,0.358,0.230,0.862
2015,ARCO,-47.0,-46.0,-0.1,-1.180,1.103,-6,,-0.870,-0.743,0.0588,0.070,0.199,0.300,0.0017,-0.0279,0.780,0.066,0.000,0.000,1.079
2015,ARLP,-1.3,-71.0,0.4,-1.720,0.711,-2,,0.124,0.081,0.2271,0.031,-0.018,1.270,0.0018,0.0195,0.743,0.812,0.129,0.263,1.058
2015,AROC,-11.8,-80.1,-1.2,14.110,-1.099,3,-0.139,-0.076,-0.150,0.2372,0.131,0.047,0.500,0.0612,0.0420,1.000,1.000,0.536,0.767,3.351
2015,ASR,23.4,2.2,-6.9,-3.290,0.658,-1,,15.746,15.683,0.4720,0.089,0.011,9.130,0.0000,0.0286,0.544,0.453,0.155,0.886,0.970
2015,ATI,-12.3,-72.6,0.2,4.450,1.445,5,,0.267,0.122,0.0306,0.086,-0.002,0.720,0.0103,0.0907,0.584,0.548,0.482,0.107,0.748
2015,ATRO,69.8,-49.7,-3.7,-42.600,0.574,-2,,1.006,0.432,0.1534,0.221,0.195,1.960,0.0141,0.0500,1.000,0.590,0.587,0.806,1.201
2015,AU,-32.3,-6.0,-5.6,0.640,0.944,1,,,,0.1086,0.024,-0.037,0.910,0.0569,-0.1001,0.829,0.024,0.239,0.085,1.564
2015,AVAV,-11.6,-5.0,-3.5,17.620,0.063,1,0.212,-0.191,-0.179,0.0753,0.319,-0.002,2.630,0.0099,-0.0496,0.622,0.641,0.441,0.709,1.597
2015,AVNT,7.1,-28.6,0.5,-0.870,1.175,-5,0.083,-0.133,-0.074,-0.0165,0.253,-0.005,0.850,-0.0730,-0.0692,0.146,0.653,0.000,0.762,-0.277
2015,AXON,19.9,-23.0,-4.1,-9.040,0.653,-1,,,,0.1906,0.147,-0.161,7.480,-0.0069,-0.0980,0.844,0.807,0.601,0.996,2.291
2015,AZZ,4.6,19.6,2.6,11.780,7.152,1,0.014,-0.041,-0.178,0.1465,0.124,-0.070,1.340,0.0029,0.0188,0.464,0.609,0.490,0.178,0.954
2015,BAK,-42.7,35.5,-4.6,-11.750,7.256,-3,,,,0.0719,0.029,0.008,0.160,-0.1500,0.0147,0.774,0.325,0.124,0.000,2.053
2015,BCC,29.1,-49.2,-2.6,-4.020,0.665,-2,-0.245,0.334,0.254,0.0335,0.076,-0.093,0.430,0.0043,0.0067,0.680,0.594,0.209,1.000,1.296
2015,BCPC,13.7,9.3,-5.5,16.050,1.193,3,0.000,0.604,-0.389,0.1660,0.080,-0.028,3.350,0.0099,-0.0318,0.450,0.372,1.000,0.130,0.897
2015,BJRI,61.7,-6.1,-4.3,-2.590,0.732,-2,,-0.149,-0.220,0.0510,0.058,0.028,1.490,-0.0697,0.0622,0.712,0.127,0.000,0.252,0.992
2015,BTE,-63.2,-79.0,-0.6,-5.880,0.814,-1,,-0.860,-1.117,0.0886,0.058,-0.060,1.680,0.3249,-0.1022,0.105,0.326,0.429,0.000,0.412
2015,BVN,-8.1,-53.3,-2.2,-3.070,1.376,-2,0.173,,,-0.0690,0.013,0.065,2.520,0.0000,-0.1152,0.000,0.000,0.158,0.050,-0.285
2015,BYD,25.7,9.5,-8.9,-22.040,,-1,,-0.462,-0.242,0.0418,0.151,0.044,0.600,0.0080,-0.0156,0.075,0.686,0.150,0.825,0.462
2015,BZH,-28.1,-49.1,0.3,-33.890,-0.381,-1,,0.940,1.034,-0.0357,0.041,-0.084,0.290,0.0579,-0.0750,0.790,0.493,0.334,0.321,-0.534
2015,CAKE,17.0,-9.1,-6.3,-1.080,0.827,-1,-0.200,-0.059,-0.110,0.0696,0.058,-0.020,1.370,-0.0447,-0.0238,0.272,0.421,0.455,1.000,0.896
2015,CASY,33.7,16.6,-2.3,-13.260,-0.990,-2,0.202,-0.294,-0.228,0.0430,0.000,0.037,0.440,0.0049,0.0266,0.914,1.000,0.000,0.900,1.330
2015,CBRL,45.7,-3.1,-5.0,2.950,1.558,4,0.191,-0.023,-0.105,0.0942,0.049,0.086,1.260,0.0026,0.0102,1.000,0.041,0.666,1.000,1.380
2015,CBT,-14.7,-0.1,3.1,-11.130,-6.685,-4,0.231,-0.081,0.015,0.0788,0.115,-0.020,0.730,-0.0031,-0.0168,0.752,0.857,0.003,0.319,0.948
2015,CDE,-40.6,-64.4,-4.0,-1.840,1.124,-1,-0.140,0.118,0.285,-0.0475,0.041,0.004,1.120,0.0021,-0.3149,0.000,0.000,0.073,0.119,-0.266
2015,CHDN,10.8,24.4,-8.3,10.120,-0.568,1,,1.499,1.463,-0.0814,0.146,0.014,2.220,-0.0145,-0.0487,0.256,0.018,0.150,1.000,-1.091
2015,CHH,34.6,-26.1,-4.3,6.190,-0.727,1,0.162,0.222,0.196,0.2495,2.260,0.034,5.100,-0.0104,-0.0115,0.269,0.256,0.474,1.000,0.929
2015,CLF,-68.2,-78.2,0.3,0.810,0.949,2,,3.507,3.660,-1.2489,0.033,0.086,0.230,-0.0037,-1.2599,0.735,0.146,0.055,0.000,-5.434
2015,CLH,21.5,-25.3,-5.0,2.270,0.633,1,,-0.928,-0.889,0.0681,0.123,0.069,0.980,-0.0201,0.0011,0.583,0.294,0.356,0.373,0.818
2015,CLMT,0.6,-49.4,-4.1,-3.570,0.685,-1,,-0.128,-0.205,-0.0296,0.035,0.000,0.340,0.0020,-0.0528,0.000,0.388,0.066,0.263,-0.944
2015,CMC,-27.9,-5.7,8.1,-16.840,0.188,-1,0.143,-0.665,-0.704,0.0396,0.068,-0.067,0.250,0.0064,-0.0026,0.982,0.945,0.367,0.421,2.119
2015,CMCO,-1.1,-45.6,-0.7,-8.810,-0.503,-1,0.054,0.072,0.102,0.0896,0.124,0.007,0.880,0.0106,0.0131,0.816,0.865,0.242,0.732,1.223
2015,CMP,4.4,-19.1,-3.9,-18.340,0.393,-1,0.202,-0.027,-0.146,0.2483,0.079,-0.010,2.360,0.0039,0.0410,0.402,0.301,0.498,0.263,1.369
2015,CMRE,-2.0,-61.8,0.1,-5.860,0.558,-3,0.121,-0.086,-0.160,0.4194,0.027,-0.005,2.020,0.0000,0.0261,0.600,0.146,0.514,0.532,0.986
2015,CODI,-7.8,-13.8,-5.0,36.960,-0.573,1,,-0.120,-0.255,0.0230,0.181,0.024,0.840,0.0163,0.0131,0.181,0.596,0.723,0.850,0.437
2015,CPA,-16.7,-50.6,-2.2,-1.840,1.918,-2,0.100,-0.133,-0.094,0.1771,0.038,0.006,1.820,-0.0005,-0.0102,0.211,0.146,0.000,0.149,0.839
2015,CPAC,-9.0,-23.6,-7.0,2.970,0.742,1,,-0.248,-0.163,0.2985,-0.025,0.027,2.240,-0.0389,0.0744,0.747,0.358,0.051,0.000,1.254
2015,CPS,-9.7,32.3,-9.1,-5.530,-1.499,-4,,-0.270,-0.237,0.0093,0.095,-0.078,0.270,0.0244,-0.0091,0.480,0.490,0.003,0.353,0.212
2015,CRI,18.3,1.0,-6.2,7.840,2.537,1,0.039,-0.198,-0.328,0.1312,0.087,0.051,1.590,-0.0310,0.0358,0.638,0.864,0.693,0.809,1.214
2015,CROX,-32.4,-8.6,-4.8,-14.520,-2.018,-1,0.193,-0.720,-0.623,-0.3127,0.637,0.005,0.720,-0.0776,-0.1252,0.000,0.000,0.000,0.000,-4.642
2015,CRS,-38.5,-26.5,0.5,-1.350,0.868,-1,-0.111,-0.118,-0.208,0.0821,0.073,-0.082,0.860,-0.0037,-0.0123,0.636,0.401,0.295,0.000,1.011
2015,CTRN,38.8,-18.5,-0.5,7.440,1.954,4,0.240,0.023,-0.130,0.0287,0.013,-0.102,0.540,0.0165,0.0166,0.653,0.734,0.691,0.596,29.137
2015,CVCO,3.1,3.2,-1.3,-1.080,0.852,-1,0.084,-0.152,-0.214,0.0667,0.000,0.043,1.240,0.0028,-0.0023,0.979,0.805,0.081,0.394,1.669
2015,CW,11.9,-5.2,-5.2,-11.800,2.722,-5,-0.075,-0.244,-0.058,0.1323,0.086,0.002,1.390,-0.0178,0.0252,0.992,0.664,0.000,1.000,1.345
2015,CYD,-1.8,-49.0,1.7,-17.130,11.126,-3,,6.713,6.901,0.0620,0.122,0.001,0.310,0.0251,-0.0142,0.085,0.058,0.000,0.094,0.707
2015,CZR,3523.2,115.4,-3.9,171.340,8.117,3,,14.605,12.651,0.0393,0.048,-0.022,1.350,0.0000,0.0579,0.391,0.141,1.000,0.808,0.514
2015,DAC,-0.5,-23.1,-3.8,1.720,0.714,3,,-0.233,-0.190,-0.0534,0.048,0.084,1.210,0.0011,-0.4187,0.386,0.113,0.069,0.470,-0.154
2015,DCH,30.5,-53.1,-5.8,-2.820,0.822,-2,-0.148,-0.054,-0.184,0.0321,0.106,-0.021,0.530,0.0084,-0.0477,0.087,0.058,0.098,0.962,0.430
2015,DECK,-2.8,-39.1,-0.1,-17.580,0.273,-2,-0.005,,,0.2735,0.256,0.010,1.620,-0.0011,-0.0003,0.907,0.899,0.271,0.264,2.719
2015,DK,11.4,-58.7,-2.4,-6.780,3.947,-2,0.126,1.664,1.755,0.0408,0.020,0.050,0.240,-0.0214,0.0343,0.627,0.568,0.062,0.813,1.240
2015,DKL,20.0,-25.3,-4.4,-16.030,3.556,-2,0.096,-0.031,0.193,0.1276,0.019,0.003,1.140,0.0056,0.0678,1.000,1.000,0.000,1.000,2.393
2015,DMLP,-2.9,-60.6,-2.0,-20.830,5.731,-3,,,,0.6155,0.152,-0.020,11.410,0.0000,-0.0797,0.139,0.768,0.000,0.127,0.916
2015,DXPE,-55.7,-68.2,-1.8,4.520,1.260,1,-0.120,0.260,0.041,-0.2404,0.212,-0.023,0.460,0.0600,-0.3299,0.000,0.000,0.620,0.067,-4.244
2015,DY,41.8,60.8,-8.3,13.400,,1,,-0.243,-0.373,0.0466,0.095,-0.018,0.700,0.0382,0.0437,0.628,0.637,0.336,1.000,1.058
2015,EBF,-25.5,44.2,11.0,-4.600,0.624,-1,-0.088,-0.629,-0.705,-0.5485,0.162,-0.013,0.600,-0.0154,-0.6615,0.000,0.496,0.789,0.000,-0.038
2015,EFXT,-7.7,-33.6,-4.1,26.550,-17.826,1,,,,0.0711,0.107,0.000,0.740,0.0039,0.0330,0.738,0.557,0.829,0.538,1.190
2015,EGO,-29.9,-32.9,0.3,20.040,-1.424,1,,-0.683,-0.800,0.1830,0.075,-0.046,3.370,0.0008,3.4604,0.907,0.000,0.166,0.000,0.990
2015,ENPH,83.6,-84.1,-0.6,-2.850,0.952,-1,0.212,0.720,0.151,0.0185,0.236,-0.081,1.980,0.1659,0.0426,0.999,1.000,0.318,0.789,0.100
2015,ENS,-8.4,-20.2,-1.8,-15.630,-0.456,-1,0.028,-0.061,-0.013,0.1123,0.141,-0.012,1.130,-0.0567,0.0206,0.864,0.821,0.000,0.689,1.168
2015,EPAC,-24.2,-10.1,-1.1,-4.690,2.352,-3,-0.067,-0.301,-0.220,-0.1875,0.252,0.042,1.160,-0.1629,-0.3065,0.000,0.014,0.119,0.198,-1.609
2015,ESLT,11.8,35.4,3.4,5.870,-4.410,1,0.184,,,0.0755,0.154,0.028,0.960,0.0038,0.0042,0.438,0.000,0.495,1.000,0.966
2015,EXP,1.6,-37.6,-1.5,14.680,2.153,1,0.051,0.268,-0.006,0.2410,0.032,0.038,3.740,0.0049,0.0511,1.000,1.000,0.593,0.469,2.280
2015,FANG,20.5,-6.0,-8.6,-67.400,0.521,-3,,0.062,-0.672,0.2880,0.048,0.002,8.470,0.2032,-0.2090,0.552,0.000,0.189,0.193,0.869
2015,FCN,24.5,-11.2,-4.5,-6.610,0.250,-2,0.000,-0.376,-0.398,0.0515,0.273,-0.010,0.860,0.0505,0.0240,0.607,0.000,0.339,0.250,0.602
2015,FET,-36.6,-43.5,-4.7,-8.720,0.567,-1,-0.020,-0.196,-0.310,0.1477,0.189,-0.024,0.900,0.0282,0.0023,0.623,0.772,0.165,0.000,1.044
2015,FIVE,-15.2,22.7,2.7,-0.160,0.994,-3,0.017,0.067,-0.177,0.2007,0.202,-0.014,2.590,0.0130,0.0104,1.000,0.941,0.079,0.312,2.714
2015,FIX,-0.3,60.7,-8.7,2.150,1.373,3,,0.067,-0.012,0.0418,0.153,0.007,0.450,-0.0098,0.0144,0.954,1.000,0.591,0.769,3.603
2015,FSM,-8.9,8.4,0.7,-49.600,0.074,-1,,-0.125,-0.165,0.0966,0.117,-0.026,2.700,0.0186,0.3251,0.570,0.103,0.170,0.078,0.429
2015,FSS,17.4,-10.1,-5.2,15.620,4.270,1,,-0.022,-0.226,0.1172,0.145,0.020,1.150,0.0016,0.0193,1.000,0.941,0.811,1.000,4.175
2015,FTK,-29.3,-65.6,0.6,4.780,1.256,2,,2.749,2.514,0.1893,0.197,0.014,2.090,0.0030,0.0152,0.943,0.855,0.562,0.178,1.502
2015,FUL,-22.7,-17.3,3.6,0.280,1.119,1,0.000,0.162,0.136,0.0415,0.210,-0.019,0.990,0.0277,-0.0572,0.288,0.054,0.118,0.525,0.717
2015,FUN,-0.1,-0.6,-7.4,15.080,,3,,-0.013,-0.169,0.0319,0.363,-0.014,2.530,0.0021,0.0038,0.858,0.989,0.448,0.972,0.084
2015,FWRD,19.9,-15.0,-6.9,-0.280,0.985,-2,-0.068,0.200,0.018,0.1198,0.029,0.013,2.030,-0.0104,-0.0084,0.615,0.205,0.777,0.780,0.929
2015,GBX,56.1,-45.2,3.5,-26.690,0.035,-2,,-0.041,-0.051,0.1099,0.068,0.053,0.790,-0.0217,0.0320,0.700,1.000,0.179,0.667,1.770
2015,GEO,36.4,-37.1,-4.3,-9.030,0.561,-1,0.000,0.129,0.014,0.1448,0.070,0.018,1.920,0.0283,0.0197,0.959,0.975,0.371,1.000,1.213
2015,GIII,57.3,-2.2,-0.1,-12.690,0.409,-2,0.167,-0.059,-0.147,0.0706,0.000,0.001,1.230,0.0980,0.0237,0.480,0.916,0.068,1.000,1.250
2015,GME,4.0,-21.8,1.6,-4.950,,-2,-0.009,-0.104,-0.048,0.1110,0.158,-0.025,0.460,-0.0632,0.0137,0.989,0.351,0.177,0.435,2.933
2015,GNRC,-13.6,-43.0,-3.9,10.400,-2.445,1,,0.172,0.098,0.1958,0.095,0.028,2.350,0.0036,-0.0466,0.694,0.000,0.143,0.849,1.074
2015,GNTX,0.5,-19.0,-0.3,-14.350,0.335,-1,-0.077,0.057,-0.016,0.2814,0.103,-0.059,3.550,0.0160,-0.0112,0.849,0.810,0.138,0.410,1.152
2015,GPRE,6.8,-34.6,-4.5,6.400,1.639,5,0.081,0.230,0.066,0.0891,0.025,-0.030,0.300,-0.0740,0.0175,0.854,0.730,0.323,0.563,2.084
2015,GRC,1.3,-21.2,-1.2,5.720,1.645,2,-0.063,0.288,0.142,0.1064,0.132,-0.006,1.850,0.0265,0.0179,0.434,0.320,0.534,0.557,0.905
2015,HEI,6.1,-12.1,-5.2,-1.160,0.305,-4,-0.089,-0.021,-0.026,0.1730,0.211,-0.009,3.690,0.0047,-0.0158,0.364,0.145,0.000,0.900,0.964
2015,HL,-2.6,-30.2,-2.6,-20.250,0.252,-3,,-0.527,-0.595,0.0198,0.068,0.050,2.470,0.0763,0.0137,0.676,0.233,0.439,0.186,0.236
2015,HLIO,-3.6,-27.6,-3.6,0.300,1.026,2,0.026,0.007,-0.111,0.2615,0.136,0.012,4.740,0.0080,0.0087,0.726,0.747,0.220,0.721,1.014
2015,HLX,-25.4,-83.0,-0.9,-63.520,-0.158,-1,,-0.764,-0.677,0.0469,0.111,-0.129,1.580,-0.0015,-0.1909,0.612,0.308,0.383,0.243,0.340
2015,HNI,61.7,-39.7,-5.3,10.810,2.249,2,-0.030,0.213,0.018,0.0384,0.249,-0.016,1.060,-0.0166,-0.0312,0.530,0.823,1.000,1.000,0.900
2015,HNRG,42.5,-57.1,-1.1,106.340,2.249,3,,3.393,1.478,0.1459,-0.072,-0.008,1.560,0.0071,0.0569,0.350,0.253,1.000,0.035,0.745
2015,HTLD,22.8,-36.1,-0.5,-55.450,0.162,-2,-0.039,-0.081,-0.188,0.1687,0.014,-0.026,2.520,0.0150,0.0230,0.585,0.053,0.202,0.361,0.961
2015,HUBG,-15.6,-11.9,-0.6,-0.040,0.988,-4,0.079,-0.015,-0.049,0.0271,0.051,-0.011,0.350,-0.0111,-0.0037,0.536,0.000,0.015,0.000,0.819
2015,HURN,13.6,-30.1,-4.8,-19.530,-0.536,-3,0.028,0.692,0.760,-0.9240,1.237,-0.003,1.850,-0.0369,-1.1021,0.000,0.349,0.195,0.950,-15.148
2015,HWKN,11.6,-9.2,-0.7,-0.030,0.988,-2,,,,0.0590,0.104,0.012,1.170,0.0018,-0.0069,0.349,0.399,0.776,0.954,0.610
2015,ICFI,20.0,-16.9,-2.5,11.810,2.390,1,-0.089,0.219,0.016,0.0601,0.302,0.012,0.780,-0.0242,0.0053,0.257,0.908,1.000,0.971,0.896
2015,IIIN,4.6,-11.9,1.0,7.590,1.394,5,0.223,1.969,1.701,0.0578,0.051,0.010,0.950,0.0125,0.0079,0.935,0.687,0.413,0.657,2.016
2015,IOSP,-2.1,13.5,-10.4,1.960,1.107,1,,0.126,-0.077,0.1514,0.179,-0.004,1.100,0.0291,0.0413,0.984,0.977,0.919,0.688,1.452
2015,J,-42.0,-0.2,0.3,1.440,1.596,1,-0.013,0.003,-0.036,0.0496,0.113,0.010,0.330,-0.0167,0.0024,0.749,0.835,0.577,0.000,1.015
2015,JBTM,15.6,57.1,5.4,11.100,5.382,1,,,,0.0752,0.174,0.008,1.060,0.0034,0.0050,0.790,0.570,0.791,1.000,1.280
2015,JHX,-13.5,7.8,-6.8,-2.380,0.807,-1,,,,0.3254,0.164,-0.002,3.040,0.0016,0.0570,0.906,0.681,0.598,0.544,2.995
2015,KAI,13.5,-4.9,-6.3,2.850,1.352,1,0.095,-0.090,-0.200,0.1167,0.331,-0.003,1.150,-0.0219,0.0366,0.789,0.608,0.531,0.741,1.129
2015,KBH,-21.0,-15.0,5.3,21.370,3.915,1,,-0.678,-0.965,0.0377,0.103,-0.163,0.590,0.0858,-0.0382,0.865,0.575,0.582,0.353,5.444
2015,KEX,-23.5,-32.5,1.5,-5.940,0.747,-1,0.035,-0.012,-0.188,0.1703,0.083,-0.040,1.670,0.0043,-0.0210,0.229,0.599,0.233,0.286,0.942
2015,KFRC,32.7,-19.1,-6.5,0.500,1.105,1,0.000,-0.079,-0.131,0.0463,0.042,0.000,0.570,-0.1094,0.0836,0.950,0.338,0.527,0.455,2.620
2015,KFY,23.1,-13.7,-3.0,-4.340,0.421,-2,0.000,-0.003,-0.034,0.1272,0.779,0.035,1.510,0.0110,0.0184,0.976,0.986,0.187,0.916,1.399
2015,KNX,48.9,-25.3,2.1,13.670,2.016,5,,2.508,2.237,0.1663,0.030,-0.049,1.680,0.0264,0.0374,1.000,0.134,1.000,0.733,1.346
2015,KOS,-20.2,-54.9,-3.1,18.710,0.482,1,,-0.810,-0.636,0.0577,0.227,-0.012,3.890,0.0206,-0.2913,0.990,0.390,0.141,0.000,0.013
2015,KRO,-19.7,-49.5,-0.5,2.360,-1.296,3,0.214,-0.131,-0.144,0.0843,0.181,0.018,0.850,0.0000,0.0871,0.391,0.285,0.292,0.075,0.717
2015,KTOS,-25.7,-36.1,-0.6,-1.920,1.467,-2,,-0.454,-0.393,0.0483,0.173,0.088,0.390,0.0123,0.0254,0.942,0.549,0.146,0.340,2.349
2015,KWR,19.7,-17.4,-5.1,-2.760,0.657,-1,-0.010,0.009,-0.044,0.0850,0.388,0.008,1.510,-0.0012,0.0023,0.442,0.788,0.181,1.000,0.921
2015,LAD,48.9,-6.4,-6.2,53.670,3.519,3,0.193,0.481,-0.269,0.0368,0.009,0.042,0.460,0.0089,-0.0076,0.702,0.000,1.000,0.766,0.930
2015,LCII,14.5,-3.3,-11.9,11.320,1.654,2,0.089,0.159,-0.128,0.0595,0.156,0.054,1.170,0.0167,-0.0124,0.407,0.422,0.260,0.935,0.811
2015,LNN,-2.7,-15.3,8.9,-8.100,,-1,-0.184,0.391,0.478,0.0883,0.090,-0.027,1.640,-0.0523,-0.0200,0.332,0.504,0.183,0.350,0.738
2015,LQDT,-58.3,-40.4,-1.2,10.910,-0.316,1,,-0.298,-0.325,-0.6792,0.083,0.279,0.620,-0.0836,-0.7763,0.000,0.151,0.134,0.000,-6.978
2015,LXU,16.1,-85.0,-0.9,25.190,-6.086,1,-0.157,0.149,-0.067,0.0272,0.146,0.005,0.900,-0.2617,-0.4437,0.072,0.178,0.605,0.344,0.223
2015,LZB,1.6,-23.7,-5.2,2.360,,1,-0.132,0.104,0.083,0.0752,0.289,0.002,1.030,-0.0204,0.0026,0.915,1.000,0.400,1.000,1.578
2015,MATV,-15.7,2.3,-4.6,-17.790,-0.735,-1,0.085,0.105,0.180,0.0952,0.051,0.005,1.520,-0.0349,0.0988,0.398,0.190,0.077,0.272,0.622
2015,MATX,54.3,7.4,-5.5,1.480,1.229,3,0.086,-0.021,-0.100,0.1114,0.091,0.010,0.970,0.0092,0.0678,1.000,0.962,0.556,1.000,1.726
2015,MCRI,-1.8,2.8,-6.8,3.850,,3,,-0.050,-0.080,0.1037,0.113,0.016,1.670,0.0096,0.0101,0.496,0.000,0.179,0.729,0.971
2015,MEOH,-19.0,-43.4,1.2,-13.030,4.525,-3,-0.087,0.036,0.203,0.2474,0.000,-0.033,1.340,-0.0257,0.0591,1.000,0.917,0.000,0.436,2.209
2015,MGRC,-11.6,-17.4,-5.1,14.330,4.745,1,0.060,0.388,0.207,0.2397,0.022,0.010,2.030,-0.0098,0.0122,0.660,0.528,0.767,0.220,1.067
2015,MHO,-19.3,-16.7,-1.1,-10.780,0.466,-1,,-0.277,-0.371,0.0688,0.062,-0.003,0.500,0.0054,0.0187,0.938,0.819,0.398,0.431,2.242
2015,MIDD,21.6,-13.4,-5.4,2.960,1.240,1,-0.081,-0.031,-0.184,0.1892,0.157,-0.007,2.990,-0.0042,-0.0081,0.709,0.475,0.490,1.000,1.079
2015,MLI,12.2,-26.3,1.0,-3.810,0.728,-1,,0.319,0.217,0.0554,0.055,0.057,0.810,0.0031,0.0102,0.108,0.506,0.405,0.949,0.756
2015,MLKN,0.6,-3.3,-1.2,-6.900,0.658,-1,,,,0.0724,0.293,0.005,0.830,0.0075,-0.0024,0.947,1.000,0.428,0.636,1.301
2015,MMYT,-3.2,-23.9,-1.0,-19.540,0.295,-1,,-0.155,-0.236,-0.0385,0.151,-0.096,3.480,0.1084,-0.0217,0.602,0.612,0.055,0.211,-1.530
2015,MOD,-3.1,-50.3,0.7,1.190,1.330,1,0.250,0.084,0.036,0.0426,0.130,-0.005,0.400,0.0042,0.0400,0.769,0.749,0.100,0.564,1.662
2015,MOV,-38.4,6.4,3.7,1.840,,1,,0.036,0.024,0.0752,0.428,0.113,1.230,-0.0192,0.0252,0.747,0.749,0.162,0.396,1.140
2015,MRCY,32.8,16.3,0.9,7.310,,2,,-0.003,-0.079,0.0620,0.360,-0.011,2.150,0.0548,0.1010,0.679,0.472,0.535,0.748,2.290
2015,MTH,-20.2,-22.6,-1.0,17.170,2.313,2,0.155,0.715,0.412,0.1006,0.071,0.086,0.690,0.0717,-0.0257,0.827,0.741,0.604,0.141,1.784
2015,MTRN,38.1,-34.3,-3.3,-5.060,0.136,-1,0.163,0.011,0.003,0.0498,0.136,0.051,0.700,-0.0224,0.0035,0.764,1.000,0.186,1.000,1.228
2015,MTX,9.6,-32.6,-0.2,-12.750,0.888,-1,0.140,0.716,-0.295,0.0826,0.109,-0.022,1.190,0.0043,-0.0382,0.000,0.847,0.893,0.188,0.780
2015,MTZ,-46.1,-30.7,-4.3,3.520,2.111,1,0.058,0.509,0.442,0.0474,0.057,-0.010,0.380,0.1039,-0.0210,0.622,0.441,0.135,0.000,0.799
2015,MUX,-65.8,98.0,-5.8,58.370,-1.350,1,,,,-19.4022,0.225,-0.019,6.670,0.0020,-16.1299,0.940,0.291,0.429,0.004,-0.324
2015,MWA,26.2,-25.6,-0.6,-7.670,0.182,-1,,0.008,-0.010,0.0309,0.210,0.030,1.420,-0.0099,-0.0235,0.473,0.770,0.709,1.000,0.637
2015,MYE,-4.1,-40.1,-3.4,-8.260,1.491,-1,,-0.482,-0.231,0.0483,0.381,0.060,0.900,-0.0722,0.0223,0.912,0.551,0.001,1.000,1.778
2015,MYRG,8.5,-12.3,0.6,-8.110,-0.211,-3,,-0.001,0.013,0.0895,0.002,0.024,0.600,-0.0130,0.0275,1.000,1.000,0.212,0.449,1.713
2015,NBR,-32.8,-52.4,-5.5,-5.950,0.649,-1,-0.154,-0.822,-0.932,0.2501,0.108,-0.021,0.530,-0.0430,0.1498,0.907,0.043,0.273,0.000,1.959
2015,NMM,-29.6,-83.3,0.0,-4.810,0.743,-1,-0.167,0.444,0.305,0.3678,0.035,0.111,4.810,0.0804,0.0547,0.735,0.145,0.366,0.201,0.970
2015,NOG,-46.8,-59.2,-1.2,-15.900,-0.426,-2,0.118,-0.057,-0.009,1.8823,0.052,-0.038,1.140,-0.0166,1.5043,1.000,0.655,0.000,0.000,4.339
2015,NPK,-27.3,38.3,0.0,10.340,-1.020,2,,,,0.1322,0.001,-0.007,0.980,0.0033,-0.0202,0.366,0.377,0.605,0.000,0.910
2015,NPO,-11.0,-33.1,-3.4,5.210,1.540,5,,2.865,2.716,-0.0180,0.315,0.002,1.370,0.0661,-0.0783,0.000,0.303,0.398,0.773,-0.242
2015,NRP,-46.2,-86.4,-0.2,41.530,5.498,5,,0.950,0.443,0.2490,0.111,-0.020,2.820,0.1060,-0.5580,0.423,0.000,1.000,0.000,0.421
2015,NVGS,-25.6,-18.9,-2.7,-15.620,0.388,-3,-0.011,0.063,-0.037,0.4088,0.022,0.021,3.410,0.0042,0.1396,1.000,0.590,0.000,0.190,1.349
2015,NX,1.1,-8.5,-2.8,3.690,0.909,1,,,,-0.0439,0.152,0.010,1.190,-0.0520,-0.0186,0.247,0.491,0.043,1.000,-112.564
2015,OIS,-26.3,-43.5,-3.9,2.830,0.909,2,0.101,-0.487,-0.204,0.1898,-0.211,-0.023,1.070,-0.0624,-0.0066,0.934,0.915,0.252,0.631,1.276
2015,OLN,-3.9,-37.1,0.4,0.410,0.964,2,,-0.137,-0.027,0.0508,0.087,0.036,0.910,-0.0211,-0.0109,0.383,0.204,0.033,0.357,0.531
2015,OMAB,50.1,-1.5,-4.9,-13.510,-0.071,-1,,0.059,0.068,0.3508,0.151,0.010,6.690,-0.0171,0.0919,0.712,0.341,0.340,0.988,0.998
2015,OSK,-19.7,-24.3,-0.7,-8.150,3.394,-1,,-0.097,0.019,0.0485,0.111,0.058,0.540,-0.0793,-0.0145,0.099,0.574,0.161,0.714,0.658
2015,OXM,-19.5,25.5,3.5,-1.490,0.866,-1,0.156,-0.059,-0.156,0.0937,0.190,0.034,0.980,0.0035,-0.0116,0.604,0.616,0.702,0.635,1.151
2015,PATK,29.5,-5.1,-4.8,0.990,1.035,2,0.210,0.113,-0.180,0.0617,0.035,0.167,0.550,-0.0156,0.0028,0.713,0.786,0.597,1.000,1.154
2015,PDS,-41.7,-53.9,-4.5,14.660,0.664,1,0.109,0.199,0.488,-0.0359,0.042,0.046,1.620,0.0131,-0.2257,0.302,0.261,0.197,0.094,-0.286
2015,PENN,30.0,-13.6,-0.2,10.620,-0.108,3,,-0.050,-0.061,-0.4678,0.341,0.023,0.470,0.0111,1.1538,0.632,0.698,0.598,1.000,-32.295
2015,PKE,-15.2,-38.6,2.8,-7.770,2.610,-2,,-0.328,-0.202,0.0820,0.166,-0.015,2.990,0.0034,-0.0423,0.066,0.000,0.028,0.537,0.565
2015,POOL,27.1,14.9,-3.9,4.000,1.618,1,,-0.183,-0.288,-0.0019,0.284,0.079,1.350,-0.0495,0.0181,0.316,0.033,0.701,1.000,-0.039
2015,POWL,-29.8,-40.0,0.8,1.890,0.856,2,,-0.027,0.085,-0.0112,0.149,0.032,0.810,-0.0011,-0.0768,0.175,0.060,0.130,0.383,-0.233
2015,PRIM,-44.9,16.9,-7.2,-20.580,-0.833,-2,,2.621,2.715,0.0337,0.068,-0.184,0.430,0.0019,-0.0421,0.000,0.000,0.038,0.000,0.559
2015,PSIX,-22.2,-79.3,-1.5,23.550,1.519,4,0.071,0.226,-0.464,0.0877,0.076,0.057,1.760,0.0612,0.0239,0.959,0.067,1.000,0.021,0.243
2015,PTEN,-37.1,-25.6,-1.5,21.110,2.345,4,-0.080,-0.515,-0.883,0.1185,0.024,0.035,0.800,0.0099,0.0698,0.465,0.224,0.190,0.000,0.824
2015,QUAD,-10.7,-53.1,-3.2,3.010,2.193,3,0.147,-0.013,-0.069,0.0535,0.088,-0.015,0.220,-0.0165,-0.0235,0.829,0.251,0.098,0.113,3.205
2015,RBA,16.2,-11.7,-5.5,8.900,-1.628,1,,0.032,-0.023,0.3115,0.492,-0.002,5.790,0.0048,0.0168,0.776,0.281,0.463,0.246,1.195
2015,RBC,0.3,-24.2,-0.6,-4.650,0.552,-1,0.000,-0.017,-0.074,0.1936,0.000,0.026,3.770,0.0028,-0.0019,0.640,0.924,0.348,0.362,1.024
2015,RES,-32.4,-9.6,2.0,3.440,1.130,1,0.125,1.227,0.929,0.1993,0.079,-0.032,1.090,-0.0081,0.0592,0.541,0.307,0.313,0.000,0.972
2015,REX,16.8,-10.0,2.2,4.560,0.727,1,0.136,0.471,0.592,0.2032,0.032,0.102,0.880,-0.0198,0.0615,0.891,0.866,0.021,0.591,2.525
2015,RGR,-32.7,41.8,-9.4,9.880,0.767,1,,-0.353,-0.027,-0.2010,0.187,0.063,1.680,-0.0052,-0.4330,0.000,0.233,0.105,0.390,-1.088
2015,RRX,4.2,-26.4,-6.7,-1.380,0.828,-1,,,,-0.1426,0.000,0.006,1.050,-0.0089,-0.1044,0.000,0.580,0.322,0.453,-1.808
2015,RS,-19.6,6.5,-5.4,1.000,1.093,2,-0.047,-0.197,-0.314,0.0528,-0.004,0.048,0.430,0.0035,0.0037,0.105,0.227,0.521,0.033,0.814
2015,RUSHA,5.8,-36.2,-5.1,9.480,1.264,1,,0.154,-0.300,0.0320,0.105,0.010,0.170,0.0140,0.0023,0.001,0.000,0.642,0.156,0.020
2015,SAH,7.9,-33.9,-3.4,-3.480,0.311,-2,0.016,0.075,0.059,0.0266,0.007,-0.037,0.140,-0.0215,0.0010,0.387,0.175,0.233,0.833,0.983
2015,SB,-63.7,-90.1,-1.3,-21.180,2.654,-4,,-0.846,-0.506,0.0925,0.089,0.019,2.020,0.0443,-0.4800,0.004,0.152,0.000,0.159,0.165
2015,SGI,16.2,5.3,0.9,43.310,-0.784,1,,,,-0.0724,0.228,0.001,5.520,0.0000,0.0559,0.309,0.160,0.247,0.710,-1.598
2015,SHOO,1.0,-5.1,-6.6,0.630,,1,-0.029,0.030,0.031,0.0934,0.256,0.071,1.620,-0.0992,-0.0630,0.000,0.000,0.008,0.197,0.604
2015,SID,-61.8,28.2,1.6,5.560,0.781,2,,0.947,1.145,0.0458,0.095,0.030,0.340,-0.0679,-0.1407,0.521,0.054,0.420,0.000,0.230
2015,SMG,17.1,3.8,1.5,7.530,3.952,2,,0.093,-0.008,-0.4903,0.091,0.009,1.400,-0.0209,-0.0346,0.000,0.062,0.831,1.000,-11.493
2015,SMP,16.7,-13.8,-4.0,2.390,0.111,1,0.089,0.418,0.421,0.0870,0.221,0.086,1.010,-0.0047,0.0151,0.688,1.000,0.147,1.000,1.162
2015,SSD,5.3,-5.1,-2.0,-2.930,0.573,-1,0.106,0.416,0.377,0.0919,0.192,0.000,2.180,0.0078,0.0177,0.487,0.629,0.508,0.222,0.803
2015,SSRM,-48.2,10.7,-5.2,70.150,1.873,1,,2.279,0.773,-0.4075,0.046,-0.062,1.460,0.0000,-0.3545,0.900,0.066,0.720,0.001,-0.823
2015,STLD,7.4,-8.5,2.5,12.680,1.567,3,-0.091,-0.079,-0.429,-0.0322,0.037,0.002,0.490,0.0016,-0.0901,0.000,0.524,0.423,0.296,-0.586
2015,STN,-16.1,-12.7,-5.4,-4.610,0.364,-2,0.015,0.109,0.082,0.0779,0.341,-0.015,1.040,0.0022,0.0016,0.839,0.043,0.407,0.456,0.944
2015,STNG,-13.4,-35.2,-3.7,92.090,3.116,2,,1.094,-0.262,0.1053,0.110,0.017,4.230,-0.1445,0.0007,0.842,0.493,0.762,0.218,0.863
2015,SWBI,10.6,93.7,-5.6,11.640,0.475,2,0.212,-0.090,0.015,0.1203,0.092,-0.043,1.020,-0.0380,-0.0931,0.822,0.513,0.175,0.800,1.290
2015,SXC,-29.0,-85.2,-0.2,2.990,0.491,3,,-0.406,-0.377,0.0794,0.040,-0.063,0.700,-0.0499,0.0020,0.759,0.580,0.275,0.271,1.127
2015,SXI,32.7,0.6,1.4,-0.130,0.987,-1,-0.076,-0.008,-0.107,0.0837,0.221,0.013,1.200,0.0027,-0.0050,0.557,0.294,0.722,0.306,0.956
2015,TEN,8.9,-17.4,-1.1,-7.340,-0.221,-4,0.082,0.010,0.023,0.0414,0.048,0.030,0.290,0.0033,-0.0162,0.108,0.431,0.011,0.197,0.752
2015,TEX,-42.1,-19.3,-7.4,-1.190,,-2,0.059,7.135,7.148,0.0393,0.144,0.012,0.390,-0.0443,-0.0332,0.698,0.785,0.281,0.243,1.215
2015,TFII,8.4,-24.5,0.8,-10.430,0.185,-1,,-0.018,-0.042,0.0415,0.000,0.000,0.850,0.0645,0.0663,0.553,0.090,0.217,0.911,0.602
2015,THO,4.3,-8.1,-2.6,18.910,2.240,4,,0.141,-0.201,0.0513,0.064,-0.015,0.850,0.0020,0.0146,0.576,0.465,0.621,0.786,0.876
2015,THRM,44.6,-6.5,-6.7,-7.800,0.617,-3,0.196,-0.030,-0.156,0.1207,0.118,0.049,2.020,0.0272,0.0240,0.899,1.000,0.001,0.596,1.424
2015,TK,-15.7,-85.5,-0.7,2.640,1.340,2,,0.421,0.317,0.2706,0.063,-0.018,1.680,0.0243,0.2696,1.000,0.395,0.927,0.606,4.163
2015,TKR,-5.4,-33.7,0.2,-2.550,1.099,-1,0.070,-0.254,0.029,0.0665,0.268,-0.051,1.000,-0.0535,-0.0263,0.409,1.000,0.024,0.982,0.611
2015,TNK,64.5,-25.5,-3.8,-70.530,0.558,-1,-0.066,0.982,0.092,0.2764,0.036,0.053,2.440,0.0792,-0.1511,0.983,0.408,0.624,0.299,0.984
2015,TPC,12.5,-48.0,-2.7,-12.050,0.436,-1,-0.211,1.568,1.475,0.0536,0.054,-0.007,0.290,0.0164,-0.0103,0.966,0.509,0.498,0.567,1.911
2015,TREX,20.9,-27.3,-3.7,-15.940,0.505,-1,0.067,0.113,-0.050,0.1177,0.241,0.074,4.090,-0.0451,0.0499,0.823,0.877,0.612,1.000,2.698
2015,TRGP,-2.5,-76.4,-1.0,-52.860,-0.125,-1,-0.032,5.629,5.688,0.0802,0.013,0.007,0.450,0.0000,0.0131,1.000,0.373,0.193,0.551,1.446
2015,TRN,-0.8,-26.9,-3.3,-8.480,0.792,-1,0.036,-0.054,-0.377,0.1664,0.067,-0.003,0.550,0.0110,-0.0122,0.338,0.667,0.756,0.339,1.030
2015,TROX,0.0,-83.9,-0.8,4.370,0.654,1,0.046,-0.280,-0.198,-0.0125,0.135,-0.015,1.440,0.0136,-0.0217,0.709,0.089,0.210,0.097,-0.593
2015,TTEK,-14.2,2.7,2.2,0.880,0.919,1,,-0.262,-0.162,0.0630,0.073,-0.025,0.620,-0.0298,-0.0047,0.935,0.870,0.021,0.455,1.301
2015,TX,-39.9,-27.0,-3.1,-1.650,0.525,-1,-0.232,0.054,0.035,0.0888,0.034,-0.025,0.410,0.0000,-0.0509,0.233,0.154,0.159,0.000,0.695
2015,UAN,-29.0,-56.9,-2.2,-8.100,3.274,-1,,-0.095,0.021,0.3560,0.051,0.071,3.300,-0.0002,0.0038,0.679,0.402,0.077,0.087,1.037
2015,UFPI,6.7,17.0,-8.1,8.480,1.896,3,0.022,-0.037,-0.216,0.0255,0.092,0.017,0.400,0.0129,-0.0003,0.615,0.618,0.836,0.583,1.246
2015,ULH,-7.8,-36.1,-3.2,1.080,1.070,1,-0.103,-0.056,-0.222,0.0621,0.070,-0.011,0.610,-0.0058,-0.0116,0.654,0.688,0.371,0.566,1.241
2015,USAC,-27.0,-56.9,-4.8,-23.310,0.521,-2,,-0.191,-0.445,0.1927,-1.644,0.004,3.900,0.2043,0.0269,0.470,0.134,0.389,0.000,1.091
2015,USLM,30.2,-23.1,-1.0,11.680,2.983,1,,,,0.1533,0.070,-0.017,2.650,0.0032,0.0221,0.170,0.197,0.708,1.000,0.807
2015,VAC,45.9,-28.5,-4.4,-3.280,,-1,0.150,-0.055,-0.024,0.0823,0.192,-0.018,1.440,-0.0981,0.0406,0.422,0.457,0.000,1.000,0.855
2015,VET,-22.9,-40.6,-2.9,-11.470,5.283,-2,0.101,,,0.1821,0.134,0.026,3.750,0.0493,-0.2221,0.090,0.404,0.000,0.000,0.531
2015,VMI,-19.4,-14.3,-5.8,-6.230,4.922,-1,-0.018,0.038,0.116,0.0869,0.151,0.009,0.980,-0.0929,-0.0348,0.108,0.000,0.155,0.053,0.762
2015,VSEC,72.4,-26.8,-4.5,-14.000,2.669,-1,-0.227,-0.030,0.194,0.0810,0.018,0.009,1.020,0.0029,-0.0171,0.481,0.735,0.282,1.000,1.070
2015,WCC,-17.7,-45.1,-0.7,-1.470,0.807,-1,-0.054,0.126,0.064,0.0622,0.131,0.010,0.440,-0.0188,0.0034,0.701,0.478,0.322,0.321,1.156
2015,WEN,13.8,-10.3,-5.9,7.220,0.679,1,0.030,-0.280,-0.128,0.1030,0.120,0.087,2.070,-0.0733,0.0543,0.566,0.951,0.485,1.000,1.590
2015,WGO,-26.0,0.8,2.0,1.730,,1,-0.210,0.026,0.001,0.0509,0.021,-0.143,0.580,-0.0255,-0.0104,0.718,0.767,0.036,0.264,1.233
2015,WLFC,5.6,-2.5,0.5,-15.640,-0.238,-1,,0.046,0.076,-0.0266,0.171,-0.037,2.830,-0.0058,-0.2399,0.527,0.000,0.275,0.794,-0.525
2015,WNC,-2.2,-11.3,1.2,3.330,1.283,1,0.125,0.029,-0.122,0.0647,0.015,0.062,0.470,0.0009,0.0122,0.945,0.725,0.080,0.130,2.255
2015,WOR,-33.0,40.5,3.0,-9.050,0.311,-3,0.000,-0.160,-0.201,-0.0647,0.083,-0.100,0.310,-0.0723,-0.1232,0.000,0.103,0.200,0.114,-1.538
2015,WSO,24.0,-4.1,-9.2,1.070,1.217,2,0.095,-0.037,-0.097,0.0593,0.185,0.053,1.030,0.0080,0.0108,0.530,0.592,0.067,1.000,0.932
2015,WTI,-61.4,-42.5,-1.9,-15.600,4.801,-2,,-0.653,-0.456,-0.1553,0.500,0.002,0.460,0.0049,-0.1578,0.000,0.264,0.066,0.000,-0.806
2015,WWW,10.9,-37.9,-2.2,9.970,,1,,-0.076,-0.167,0.0366,0.004,-0.023,1.040,0.0108,0.0123,0.100,0.081,0.114,0.100,0.361
2015,ZWS,-6.7,-37.1,0.9,-0.870,0.809,-1,,,,0.0718,0.261,-0.013,0.610,0.0358,-0.0662,0.000,0.696,0.346,0.511,0.566
2016,AAON,8.5,40.9,29.1,23.070,-1.775,1,0.143,0.057,-0.090,0.2028,0.006,0.089,2.450,-0.3428,0.0028,0.935,0.894,0.736,0.640,1.280
2016,ABG,-38.0,31.3,25.2,-4.850,0.653,-1,-0.037,-0.016,-0.108,0.0425,0.112,0.076,0.180,-0.1468,-0.0012,0.774,0.000,0.313,0.154,1.035
2016,AG,-14.1,111.0,43.5,-18.280,-1.215,-1,,,,-1.7026,0.077,0.055,2.920,0.3240,-0.3918,0.000,0.004,0.134,0.147,-33.964
2016,AGCO,-10.1,43.4,27.0,-1.760,1.090,-1,0.013,-0.150,0.062,0.0435,0.150,-0.089,0.500,-0.0691,-0.0029,0.201,0.222,0.094,0.235,0.653
2016,AGX,-0.8,87.2,29.9,24.400,-1.289,1,,0.204,0.067,0.1242,0.078,0.010,1.240,0.0146,-0.0276,0.197,0.249,0.230,0.331,0.737
2016,ALGT,-10.3,9.1,21.2,-1.730,0.869,-1,0.076,0.056,-0.058,0.3016,0.014,-0.023,2.110,-0.0379,0.2486,0.903,0.730,0.337,0.538,1.799
2016,ALSN,-27.5,50.6,34.8,-1.260,1.116,-5,,0.606,0.727,0.0778,0.220,-0.009,1.930,-0.0990,-0.1386,0.000,0.823,0.275,0.276,0.374
2016,ARCB,-54.9,77.0,34.5,-2.240,,-4,,-0.231,-0.205,0.0113,0.000,-0.161,0.170,0.0131,-0.0159,0.633,0.000,0.000,0.176,1.083
2016,ARCO,-39.0,105.3,37.1,0.360,0.978,2,0.162,,,0.0696,0.098,0.130,0.220,0.0015,0.0109,0.867,0.040,0.021,0.015,1.473
2016,ARLP,-65.3,77.4,31.9,-7.730,,-6,-0.053,-0.100,-0.017,0.0115,0.028,0.197,0.450,0.0017,-0.2156,0.000,0.740,0.000,0.000,0.057
2016,ASR,3.9,14.2,23.8,18.900,2.061,1,,15.717,15.350,0.3466,-0.120,0.017,7.600,0.0000,-0.1254,0.000,0.000,1.000,0.585,0.694
2016,ATRO,-58.0,54.7,32.0,-16.800,-0.456,-1,-0.098,0.169,0.221,0.1015,0.298,-0.166,0.790,0.0079,-0.0519,0.054,0.408,0.295,0.177,0.776
2016,AVAV,-5.3,-2.1,19.9,-24.140,-0.053,-1,,-0.836,-0.824,0.0750,0.319,-0.003,2.310,-0.0011,-0.0003,0.622,0.486,0.440,0.523,1.920
2016,AVNT,-30.7,32.3,25.2,1.430,0.883,1,-0.153,-0.148,-0.040,0.0403,0.230,-0.030,0.640,-0.0388,0.0568,0.328,0.916,0.043,0.429,0.659
2016,AXON,-14.6,34.6,28.8,6.110,1.450,1,,,,0.1519,0.196,0.109,5.340,0.0057,-0.0388,0.782,0.979,0.462,0.393,1.149
2016,AZZ,19.6,27.9,17.8,-2.940,0.727,-1,0.000,0.040,-0.038,0.1502,0.107,0.000,1.510,0.0071,0.0037,0.521,0.481,0.152,0.367,1.014
2016,BC,-28.3,42.2,26.6,-1.350,0.789,-1,,0.086,0.035,-0.0274,0.268,-0.052,0.900,-0.0181,-0.0429,0.000,0.611,0.398,0.512,-0.370
2016,BCC,-64.1,94.7,43.0,0.840,,2,,-0.828,-0.845,0.0088,0.080,-0.294,0.150,-0.0154,-0.0247,0.345,0.199,0.083,0.000,0.335
2016,BCPC,9.6,34.1,28.7,-5.720,1.451,-4,0.179,-0.003,0.181,0.1674,0.097,0.004,3.640,0.0137,0.0015,0.465,0.840,0.000,0.283,0.929
2016,BJRI,-7.1,-17.4,18.5,-2.150,0.806,-1,0.103,-0.080,-0.169,0.0681,0.056,-0.011,1.210,-0.0505,0.0171,0.907,0.187,0.137,0.080,1.274
2016,BURL,-5.8,60.7,31.6,-2.630,0.586,-2,0.025,-0.083,-0.120,0.1112,0.012,-0.028,0.790,-0.0251,-0.0006,0.995,0.746,0.241,0.760,2.409
2016,BYD,15.2,24.3,27.1,28.140,-0.080,1,0.231,-0.164,-0.185,0.1149,0.147,0.052,0.870,0.0301,0.0730,0.683,0.730,0.234,0.892,1.142
2016,CAKE,-6.9,22.9,28.5,-0.090,0.984,-3,0.039,-0.041,-0.095,0.0736,0.068,0.024,1.190,-0.0144,0.0040,0.387,0.440,0.470,0.633,0.944
2016,CAR,-52.1,28.1,26.9,-0.580,0.577,-1,0.059,-0.710,-0.717,0.0373,0.131,0.010,0.350,-0.0813,-0.0056,0.395,0.836,0.050,0.182,0.461
2016,CASY,12.8,11.3,22.1,4.150,0.604,3,0.032,-0.019,0.045,0.0432,0.000,-0.033,0.560,0.0082,0.0003,0.508,1.000,0.146,0.769,1.204
2016,CBRL,1.1,14.4,24.9,-1.750,0.378,-4,0.000,0.013,0.002,0.0923,0.047,0.044,1.240,0.0006,-0.0019,0.944,0.050,0.266,0.977,1.277
2016,CBT,-2.3,40.3,22.7,0.500,0.981,1,-0.019,-0.100,0.158,0.0199,0.144,-0.022,0.930,-0.0325,-0.0589,0.264,0.572,0.009,0.745,0.252
2016,CCJ,-18.1,-11.8,19.8,-5.770,1.857,-3,-0.208,5.134,5.259,0.0062,0.058,-0.006,2.330,-0.0033,-0.0108,0.403,0.315,0.157,0.000,0.055
2016,CDE,-63.9,367.2,109.5,21.770,-3.437,1,,2.881,2.712,0.1503,0.010,0.012,0.580,0.4647,0.1978,0.473,0.362,0.223,0.015,0.786
2016,CHDN,24.1,16.8,25.0,0.740,1.012,2,0.162,2.448,1.830,0.0454,0.117,-0.003,1.870,0.0117,0.1268,0.324,0.326,0.850,0.672,0.506
2016,CHH,-23.3,15.1,24.4,1.530,1.125,1,0.085,0.317,0.179,0.2237,2.363,0.039,3.300,-0.0262,-0.0258,0.011,0.000,0.769,0.253,0.837
2016,CLH,-25.3,35.2,28.9,-20.540,-3.174,-2,,-0.132,0.025,0.0358,0.130,0.000,0.740,-0.0318,-0.0323,0.504,0.203,0.396,0.016,0.510
2016,CMC,-2.4,60.6,16.6,-5.420,1.210,-5,0.000,-0.365,-0.052,0.0482,0.088,0.035,0.300,-0.0132,0.0086,0.914,1.000,0.000,0.684,1.657
2016,CMP,-20.5,13.2,26.6,-30.010,10.252,-2,0.124,-0.199,0.134,0.2485,0.091,-0.017,2.200,0.0029,0.0003,0.402,0.331,0.000,0.063,1.374
2016,CMRE,-61.5,-13.5,17.1,1.720,,1,0.158,-0.137,-0.149,0.4424,0.050,0.008,0.770,0.0060,0.0230,0.639,0.268,0.284,0.000,1.032
2016,CNX,-72.6,130.5,38.2,-9.470,1.380,-1,,-0.367,-0.024,-0.2237,0.130,0.176,0.710,0.0160,-0.2993,0.000,0.205,0.074,0.081,-4.915
2016,CODI,-12.7,12.9,23.9,-19.870,-7.058,-2,-0.035,-0.249,-0.075,0.0651,0.188,0.013,0.830,0.1062,0.0421,0.243,0.562,0.488,0.833,1.000
2016,CPA,-52.0,85.3,37.5,-3.070,1.175,-1,0.159,-0.225,-0.018,0.0734,0.037,-0.028,1.030,-0.0241,-0.1038,0.000,0.091,0.000,0.088,0.396
2016,CPAC,-22.4,43.9,31.3,2.470,0.779,2,,0.350,0.437,0.2613,-0.022,0.015,1.910,-0.0427,-0.0372,0.474,0.223,0.168,0.000,1.078
2016,CPS,33.6,57.5,31.7,5.300,1.889,3,,-0.291,-0.404,0.0324,0.106,0.010,0.390,0.0944,0.0231,0.456,1.000,0.618,1.000,0.727
2016,CROX,-8.4,-32.1,14.4,10.430,-0.114,1,,-0.240,-0.250,-0.3143,0.620,0.002,0.660,-0.0988,-0.0015,0.000,0.000,0.330,0.000,-10.276
2016,CRS,-18.2,35.3,25.7,-1.940,1.113,-5,-0.040,-0.200,-0.010,0.0491,0.100,0.113,0.720,-0.0877,-0.0329,0.389,0.291,0.000,0.000,0.588
2016,CVCO,3.2,22.8,23.1,-14.310,0.621,-1,0.113,0.239,0.004,0.0698,0.000,0.000,1.060,0.0054,0.0031,1.000,0.575,0.190,0.405,1.339
2016,CW,-6.3,52.1,30.7,9.510,-0.567,2,,-0.141,-0.176,0.1843,0.079,-0.011,1.380,-0.0331,0.0520,1.000,1.000,0.502,0.783,1.715
2016,CYD,-48.8,68.5,25.5,-10.160,5.916,-1,,,,0.0544,0.131,0.005,0.180,0.0289,-0.0076,0.200,0.054,0.206,0.000,0.754
2016,CZR,120.6,64.1,32.7,-119.030,0.101,-2,0.212,10.347,10.212,0.0713,0.048,0.024,1.500,0.0000,0.0320,0.600,0.309,0.378,0.898,0.871
2016,DAC,-22.3,-43.7,12.8,-1.730,0.521,-2,0.132,-0.054,-0.073,0.2205,0.046,0.011,0.910,0.0001,0.2739,0.673,0.187,0.213,0.246,0.566
2016,DCH,-42.5,47.3,33.6,-0.180,0.920,-6,0.206,-0.090,-0.110,0.0909,0.109,0.225,0.290,0.0001,0.0587,0.828,0.692,0.063,0.038,1.210
2016,DDS,-41.3,-19.4,16.5,-1.100,1.625,-2,-0.093,0.108,0.136,0.0655,0.217,0.009,0.390,-0.1165,-0.0336,0.394,0.000,0.061,0.000,0.882
2016,DECK,-40.7,16.6,22.1,0.060,1.044,2,0.006,0.032,0.017,0.2544,0.237,-0.026,0.870,-0.0577,-0.0190,0.935,0.695,0.182,0.000,4.140
2016,DHT,-24.8,-27.9,13.8,-140.030,0.176,-2,0.001,0.156,-0.144,0.4083,0.054,0.039,1.830,0.2186,-0.1191,0.973,0.621,0.192,0.296,2.279
2016,DKL,-27.2,6.8,21.9,-9.560,1.346,-2,-0.225,-0.234,0.137,0.1640,0.021,-0.026,1.180,-0.0021,0.0364,1.000,1.000,0.000,0.667,2.337
2016,DMLP,-59.6,67.0,35.4,5.270,0.901,2,,,,0.3684,0.200,0.024,9.430,0.0000,-0.2471,0.009,0.501,0.051,0.000,0.589
2016,DY,59.8,37.9,30.2,-2.330,0.920,-1,-0.036,-0.075,-0.344,0.0577,0.084,-0.007,0.870,-0.0458,0.0110,0.505,0.000,0.480,0.484,1.013
2016,EBF,35.2,-14.5,17.1,-3.480,1.680,-3,,-0.284,-0.198,0.0525,0.005,0.004,0.860,0.0054,-0.0397,0.884,0.722,0.047,0.553,1.019
2016,EFXT,-33.6,63.7,34.7,-21.560,1.636,-4,,,,0.0281,0.182,0.000,0.720,0.0010,-0.0430,0.073,1.000,0.170,0.513,0.418
2016,EGO,-37.5,16.2,20.7,-3.330,1.169,-4,,-0.538,-0.307,-8.2161,0.091,-0.068,2.610,0.0000,-8.3991,0.000,0.000,0.114,0.036,-23.681
2016,EMBJ,-24.8,-9.5,17.4,-17.500,0.706,-2,,-0.813,-1.234,0.0576,0.055,-0.119,0.210,-0.0050,-0.0053,0.261,0.011,0.687,0.000,0.695
2016,ENS,-21.0,62.9,31.3,3.440,0.644,2,-0.011,-0.048,0.014,0.0967,0.152,-0.010,0.930,-0.0505,-0.0156,0.721,0.716,0.122,0.467,0.981
2016,EPAC,-8.8,20.7,20.7,-5.590,1.805,-1,0.167,-0.118,0.008,-0.6537,0.255,0.015,1.160,-0.0448,-0.4662,0.000,0.000,0.074,0.239,-8.993
2016,EQT,-22.8,1.7,19.3,-11.440,1.406,-4,,-0.766,-0.370,0.1066,0.133,-0.019,2.580,0.0052,0.0493,0.056,0.295,0.000,0.115,0.307
2016,ESI,-67.2,50.3,27.6,-34.850,0.829,-2,,0.400,-1.287,-0.0080,0.380,0.044,0.730,0.5361,0.0777,0.279,0.000,0.657,0.000,-0.102
2016,ESLT,46.2,20.5,20.1,-1.550,0.733,-2,,,,0.0880,0.154,0.080,1.340,0.0010,0.0124,0.798,0.418,0.437,1.000,1.110
2016,EXP,-38.9,115.8,37.4,-20.360,-0.312,-1,-0.052,-0.099,-0.050,0.2225,0.030,-0.022,2.090,-0.0127,-0.0185,0.941,0.889,0.058,0.000,1.680
2016,FANG,-7.6,53.5,33.4,6.420,0.671,1,,1.157,1.288,-1.6428,0.075,-0.017,10.170,0.1719,-1.9309,0.288,0.283,0.024,0.404,-29.441
2016,FCN,-7.0,18.7,24.4,3.060,,2,-0.143,-0.270,-0.310,0.0537,0.263,0.047,0.810,0.0192,0.0022,0.614,0.000,0.408,0.254,0.672
2016,FIVE,20.7,-0.1,16.7,0.750,1.033,2,0.013,0.045,-0.193,0.2064,0.199,-0.016,2.560,0.0030,0.0057,1.000,0.958,0.133,0.304,2.675
2016,FIX,60.2,24.6,27.6,-3.240,0.703,-3,0.061,-0.277,-0.354,0.0630,0.156,-0.003,0.650,0.0134,0.0212,0.955,1.000,0.343,0.833,3.239
2016,FMC,-41.9,76.3,40.7,19.530,-0.071,1,0.222,-0.160,-0.173,-0.0865,0.209,-0.009,1.210,-0.0045,-0.1515,0.037,0.581,0.648,0.000,-0.601
2016,FOXF,0.5,79.5,38.0,11.330,1.637,2,0.136,0.035,-0.256,0.0987,0.110,0.007,1.540,0.0013,0.0417,0.485,0.496,0.614,0.000,0.867
2016,FRO,-31.2,-36.6,13.9,114.170,-1.008,1,,0.271,-0.302,0.4525,0.047,0.107,1.910,3.6874,0.1791,1.000,1.000,1.000,1.000,3.153
2016,FSM,5.4,13.6,26.2,13.690,0.135,1,,0.073,0.094,-0.5586,0.092,-0.027,3.250,0.0156,-0.6552,0.000,0.161,0.140,0.213,-4.122
2016,FSS,-29.5,29.9,27.8,-52.320,9.498,-4,0.042,-0.343,0.241,0.2122,0.165,-0.216,0.960,-0.0064,0.0950,1.000,1.000,0.000,0.763,2.677
2016,FTK,-64.8,76.5,35.9,-13.460,1.545,-2,,-0.516,-0.135,-0.0267,0.356,0.024,0.970,-0.0146,-0.2160,0.437,0.396,0.000,0.000,-0.204
2016,FUL,-19.5,52.7,26.0,0.580,,3,0.000,-0.086,-0.087,0.0574,0.237,-0.026,0.800,-0.0020,0.0159,0.543,0.708,0.087,0.213,1.061
2016,FUN,3.0,17.7,23.8,-4.490,0.459,-1,,0.606,0.568,-0.0345,0.352,0.036,2.450,0.0037,-0.0664,0.836,0.977,0.247,0.832,-0.109
2016,FWRD,-16.4,9.0,25.9,-2.850,0.874,-2,0.188,0.115,-0.083,0.1132,0.025,-0.017,1.390,0.0054,-0.0066,0.613,0.137,0.647,0.000,0.914
2016,GBX,-51.4,59.7,21.1,38.240,2.604,2,,0.175,-0.446,0.1851,0.046,-0.115,0.280,-0.0337,0.0751,0.942,1.000,0.483,0.013,2.197
2016,GEO,-34.3,59.7,34.2,14.310,6.476,1,0.054,0.194,0.025,0.1335,0.079,0.045,1.160,0.0037,-0.0114,0.789,0.912,0.470,0.392,1.088
2016,GGB,-64.0,246.0,63.2,-8.040,1.259,-2,,3.561,3.951,-0.2857,0.022,-0.115,0.140,-0.0105,-0.3729,0.000,0.000,0.000,0.000,-7.014
2016,GIII,-21.1,-48.5,8.9,8.540,1.975,2,,-0.648,-0.821,-0.0189,0.331,-0.194,0.880,0.0099,-0.0895,0.000,0.363,0.370,0.495,-0.378
2016,GME,-22.0,-20.5,14.3,5.030,-0.388,1,0.067,-0.101,-0.115,0.1083,0.174,-0.003,0.340,-0.0412,-0.0027,0.984,0.383,0.365,0.174,2.886
2016,GNRC,-33.1,30.2,28.3,-13.410,-5.763,-1,0.090,-0.161,-0.047,0.0763,0.126,0.173,1.680,-0.0384,-0.1195,0.000,0.643,0.057,0.250,0.425
2016,GNTX,-18.8,62.0,30.4,4.660,1.420,1,0.111,0.099,-0.058,0.3123,0.090,0.002,2.550,-0.0062,0.0309,1.000,1.000,0.544,0.193,1.216
2016,GPK,-20.6,5.9,24.8,0.470,1.248,5,0.188,-0.077,-0.101,0.0991,0.088,0.074,0.950,-0.0042,0.0105,0.949,1.000,0.739,0.684,1.400
2016,GPRE,-38.9,54.6,36.2,0.080,0.993,2,,-0.230,-0.121,0.0172,0.022,-0.065,0.200,-0.0130,-0.0719,0.260,0.289,0.081,0.354,0.450
2016,GRC,-23.7,37.6,29.9,-0.500,1.093,-2,0.222,-0.158,-0.099,0.0704,0.144,-0.032,1.450,-0.0380,-0.0360,0.114,0.051,0.111,0.000,0.642
2016,HBM,-69.2,221.2,68.7,189.210,4.032,2,-0.167,-0.428,-2.944,-0.8791,0.023,0.044,0.690,0.0004,-0.5869,0.000,0.282,1.000,0.000,-155.181
2016,HEI,-10.3,49.4,30.8,1.710,1.137,2,0.000,0.171,0.029,0.1718,0.224,0.021,3.070,0.0040,-0.0012,0.215,0.522,0.567,0.535,0.943
2016,HL,-28.4,165.0,58.7,17.110,0.242,1,,-0.450,-0.396,-0.0177,0.070,0.026,2.050,0.0277,-0.0375,0.411,0.080,0.331,0.146,-0.237
2016,HLIO,-26.8,30.6,27.8,-6.510,1.513,-4,0.055,-0.032,0.160,0.1732,0.183,0.011,3.970,0.0079,-0.0883,0.000,0.000,0.000,0.400,0.658
2016,HNI,-40.0,50.8,35.3,-7.890,,-4,0.022,-0.475,-0.398,0.0800,0.276,-0.004,0.610,-0.0001,0.0416,0.802,1.000,0.000,0.086,1.593
2016,HTHT,34.3,100.0,41.0,-19.170,0.331,-1,,-0.108,-0.202,0.0867,0.031,-0.004,2.010,0.0104,0.0490,0.614,0.501,0.646,0.300,1.372
2016,HTLD,-29.7,18.3,21.0,1.930,0.879,1,0.000,-0.183,-0.043,0.1588,0.031,0.100,2.030,-0.0329,-0.0100,0.526,0.060,0.029,0.000,0.930
2016,HUBG,-11.1,49.6,28.4,-1.260,1.852,-2,0.145,-0.335,-0.308,0.0397,0.067,0.008,0.310,-0.0221,0.0126,1.000,1.000,0.000,0.000,1.237
2016,HUN,-64.4,168.6,66.8,-12.450,2.459,-4,,-0.336,-0.127,0.0056,0.125,-0.030,0.190,-0.0119,-0.0165,0.000,0.449,0.000,0.000,0.105
2016,HURN,-32.2,-13.6,18.0,-9.680,-0.997,-2,,-0.178,-0.130,0.1983,0.220,-0.029,1.300,0.0192,1.1223,0.999,0.875,0.153,0.378,2.604
2016,HWKN,-7.0,37.5,26.8,-1.000,0.845,-1,,,,0.0213,0.145,0.024,1.020,-0.0082,-0.0377,0.119,0.570,0.805,0.723,0.256
2016,ICFI,-17.7,50.6,29.2,-7.540,0.174,-4,-0.027,0.037,0.021,0.0678,0.283,-0.010,0.580,-0.0188,0.0077,0.631,0.457,0.119,0.382,0.996
2016,IIIN,4.4,52.5,27.5,-17.340,,-4,0.029,-0.028,0.137,0.1092,0.069,0.185,1.010,0.0033,0.0514,0.909,0.942,0.000,0.743,2.012
2016,IOSP,13.8,44.7,31.5,-26.770,-1.350,-1,0.216,-0.348,-0.194,0.1394,0.248,0.003,1.160,-0.0204,-0.0119,0.712,0.888,0.000,0.629,1.218
2016,J,-3.6,57.5,30.7,-7.490,3.374,-1,0.130,-0.131,-0.025,0.0209,0.134,-0.034,0.320,-0.0617,-0.0288,0.084,0.265,0.000,0.000,0.447
2016,JBTM,57.9,56.0,27.4,-1.260,0.937,-1,,,,0.0875,0.211,0.005,1.460,-0.0033,0.0123,0.913,1.000,0.931,1.000,1.462
2016,KAI,-4.1,56.1,33.4,9.150,-0.331,1,0.188,-0.157,-0.180,0.1341,0.295,0.008,1.120,-0.0112,0.0173,0.934,0.453,0.420,0.561,1.204
2016,KBH,-27.5,61.7,23.4,-19.260,0.553,-1,-0.140,-0.081,-0.320,0.0714,0.100,-0.148,0.340,0.0099,0.0336,0.984,0.857,0.512,0.000,12.332
2016,KEX,-32.7,26.8,24.4,-5.790,1.266,-5,-0.031,-0.209,0.066,0.1743,0.091,-0.003,1.270,-0.0553,0.0040,0.299,0.669,0.000,0.048,0.967
2016,KFRC,-21.3,15.4,27.1,-6.040,0.318,-1,-0.023,0.074,0.046,0.0622,0.038,-0.027,0.410,-0.0566,0.0159,0.978,0.579,0.419,0.154,2.840
2016,KFY,-11.7,14.1,22.8,28.580,3.841,2,0.000,0.377,-0.010,-0.0392,0.835,0.024,1.250,0.0861,-0.1664,0.000,0.000,1.000,0.568,-0.460
2016,KNX,-26.5,49.0,27.6,-18.940,-0.800,-4,,2.420,2.504,0.1501,0.033,-0.017,1.140,-0.0117,-0.0161,0.800,0.227,0.000,0.299,1.176
2016,KOS,-47.9,33.1,27.6,-1.560,1.052,-1,-0.200,0.280,0.593,-0.0627,0.249,0.157,3.950,0.0165,-0.1204,0.576,0.248,0.202,0.002,-0.691
2016,KRO,-49.3,128.0,45.6,-4.280,1.227,-4,,1.834,2.066,-0.0686,0.208,0.003,0.530,0.0000,-0.1530,0.069,0.000,0.000,0.000,-0.747
2016,KWR,-15.7,81.6,37.4,-0.700,1.143,-5,0.094,-0.018,0.038,0.0721,0.387,0.020,1.330,0.0076,-0.0128,0.127,0.856,0.000,0.802,0.768
2016,LAD,0.9,8.3,21.9,-49.580,0.184,-4,0.061,0.101,-0.010,0.0383,0.010,0.079,0.320,-0.0021,0.0015,0.256,0.056,0.000,0.324,0.893
2016,LCII,-0.3,94.2,46.0,-1.830,0.894,-1,,-0.185,-0.340,0.0706,0.166,0.031,1.000,0.0112,0.0111,0.586,0.869,0.192,0.565,0.947
2016,LGIH,65.0,20.6,23.9,-24.990,0.716,-1,0.056,0.228,-0.402,0.1342,0.079,0.097,0.810,-0.0435,0.0278,0.769,0.704,0.070,0.000,1.170
2016,LNN,-5.3,13.7,19.8,-4.740,1.483,-1,,-0.033,0.113,-0.0389,0.117,-0.089,1.500,-0.0819,-0.1420,0.000,0.415,0.106,0.286,-0.353
2016,LPX,-13.9,45.7,34.3,12.340,-0.202,1,,-0.694,-0.715,0.0030,0.082,-0.020,1.040,0.0071,0.1109,0.563,0.386,0.311,0.362,0.567
2016,LZB,-24.3,39.6,29.4,2.570,1.544,2,0.075,0.187,0.114,0.0906,0.295,-0.008,0.710,-0.0307,0.0153,1.000,1.000,0.668,0.543,1.550
2016,MATV,4.5,6.5,21.6,25.210,-1.588,2,0.023,0.256,0.101,0.1177,0.046,0.022,1.660,0.0059,0.0225,0.489,0.469,0.872,0.384,0.782
2016,MATX,6.0,-10.5,19.5,-11.630,0.499,-1,0.097,0.169,0.053,0.0928,0.100,-0.013,0.940,0.0092,-0.0186,0.665,0.723,0.726,0.734,1.289
2016,MCRI,3.9,27.4,27.3,2.020,1.197,7,,0.095,-0.027,0.1551,0.101,0.010,1.630,0.0133,0.0515,0.752,0.399,0.398,0.695,1.301
2016,MELI,-23.6,95.4,40.3,-2.000,0.857,-3,,-0.124,-0.244,0.1864,0.358,-0.005,6.950,0.0001,-0.0939,0.535,0.000,0.000,0.000,0.655
2016,MEOH,-45.3,84.6,35.1,-6.190,1.222,-2,-0.111,-0.469,-0.129,-0.0041,0.000,-0.033,1.010,-0.0476,-0.2515,0.549,0.662,0.072,0.080,-0.035
2016,MGRC,-17.1,43.4,29.5,-5.840,,-4,-0.059,0.039,0.097,0.2039,0.027,0.005,1.570,-0.0747,-0.0358,0.417,0.279,0.041,0.000,0.936
2016,MHO,-17.0,47.4,27.9,17.550,2.776,1,0.000,0.266,-0.008,0.0847,0.064,-0.003,0.360,0.0054,0.0160,1.000,0.823,0.741,0.157,1.722
2016,MIDD,-11.2,46.5,27.7,11.860,2.073,2,0.196,0.111,-0.118,0.1358,0.147,0.025,2.380,0.0026,-0.0533,0.081,0.042,0.500,0.528,0.778
2016,MLI,-25.6,59.7,30.1,-0.940,1.084,-1,,-0.008,0.113,0.0402,0.068,0.010,0.690,0.0157,-0.0152,0.037,0.480,0.067,0.684,0.552
2016,MLKN,-1.1,2.4,17.5,1.240,1.467,1,,,,0.0826,0.305,0.023,0.770,0.0059,0.0101,0.959,1.000,0.205,0.500,1.402
2016,MMYT,-25.2,80.0,32.9,5.160,2.629,2,,0.272,0.189,-0.2080,0.353,-0.018,2.460,-0.0079,-0.1695,0.000,0.510,0.113,0.054,-3.820
2016,MOV,-3.5,-14.3,14.6,8.540,-4.498,1,0.026,-0.203,-0.273,0.0806,0.445,-0.093,1.080,-0.0793,0.0054,0.387,0.344,0.250,0.150,0.814
2016,MPLX,-71.4,73.2,31.9,87.040,12.153,1,,1.560,0.612,0.1949,0.179,-0.249,4.780,0.9287,-0.0970,0.000,0.000,1.000,0.247,0.580
2016,MRCY,21.2,77.4,28.9,-2.210,0.725,-2,,0.191,0.133,0.1054,0.336,0.042,2.450,0.0350,0.0434,0.781,0.469,0.509,0.952,3.913
2016,MTH,-11.7,15.2,20.9,-8.580,0.579,-1,0.115,0.013,-0.105,0.1111,0.068,0.140,0.520,0.0124,0.0106,0.898,0.711,0.399,0.000,1.677
2016,MTRN,-37.9,61.2,34.8,-9.600,1.593,-3,0.091,-0.278,-0.020,0.0377,0.143,-0.055,0.470,-0.0097,-0.0121,0.601,1.000,0.004,0.415,0.991
2016,MTUS,-65.6,99.5,35.0,5.460,0.890,1,,,,0.0557,0.095,0.024,0.430,-0.0324,-0.0075,0.785,0.539,0.074,0.089,1.273
2016,MTX,-31.9,101.3,38.2,0.350,0.979,1,0.053,-0.139,0.027,0.0877,0.117,0.010,0.780,0.0029,0.0051,0.103,0.752,0.003,0.000,0.808
2016,MTZ,-29.3,158.3,53.3,-1.760,1.116,-4,0.077,-0.028,0.141,-0.0553,0.057,0.021,0.280,-0.0640,-0.1027,0.000,0.000,0.000,0.000,-1.308
2016,MUR,-58.2,76.2,33.5,-3.140,1.063,-4,,-0.499,0.033,-0.2090,0.104,0.024,1.030,-0.0358,-0.3227,0.000,0.253,0.207,0.507,-3.079
2016,MUSA,-17.5,8.7,20.0,5.440,0.797,3,,-0.384,-0.170,0.0192,0.011,0.019,0.200,-0.0889,-0.0211,0.526,0.022,0.298,1.000,1.226
2016,MUX,90.1,78.7,32.3,-170.790,-0.108,-1,,,,-2.3404,0.288,-0.040,7.860,-0.0015,17.0618,0.978,0.563,0.244,0.015,-0.088
2016,MWA,-25.5,74.0,33.0,-4.400,2.516,-1,,-0.121,-0.048,0.0699,0.325,0.001,1.120,0.0194,0.0390,0.631,0.855,0.468,0.730,0.956
2016,MYE,-37.6,11.1,23.1,0.560,0.956,1,,-0.102,0.018,0.0131,0.437,0.043,0.600,-0.0591,-0.0352,0.217,0.740,0.346,0.302,0.265
2016,MYRG,-12.5,61.8,31.1,-0.560,0.935,-2,-0.065,1.909,1.828,0.0380,0.002,-0.003,0.450,-0.0269,-0.0515,0.112,0.356,0.333,0.143,0.732
2016,NAT,16.4,-39.6,8.9,-128.840,0.136,-1,,-0.112,-0.314,0.3002,0.031,-0.055,2.770,0.0000,0.2654,1.000,0.596,0.231,0.052,0.709
2016,NBR,-49.8,144.9,56.7,-5.310,1.100,-5,,-0.505,0.081,0.3023,0.095,0.055,0.450,-0.0301,0.0522,0.888,0.664,0.000,0.000,1.843
2016,NPK,39.3,16.6,22.5,-1.290,1.269,-3,,,,0.1661,0.041,0.007,1.320,0.0030,0.0339,0.844,0.803,0.286,0.586,1.248
2016,NPO,-21.2,34.9,26.2,0.420,1.315,2,0.035,-0.842,-0.859,0.0671,0.308,0.178,0.940,-0.1395,0.0851,0.732,0.132,0.154,0.330,0.986
2016,NVGS,-16.8,-31.2,14.6,3.350,-0.127,1,0.024,0.177,0.173,0.3955,0.023,0.026,2.750,0.0032,-0.0133,0.833,0.574,0.038,0.108,1.211
2016,NX,-7.6,2.3,20.3,38.210,2.978,5,,0.293,-0.282,-0.0106,0.155,0.010,0.880,-0.0375,0.0333,0.428,0.670,1.000,0.563,-6.163
2016,OII,-48.5,-4.7,22.3,2.160,0.908,1,,0.041,0.255,0.0634,0.084,-0.019,0.900,-0.0538,-0.1023,0.000,0.000,0.036,0.000,0.416
2016,OIS,-41.3,64.4,33.3,-6.490,1.144,-2,,-0.602,-0.087,0.0251,-0.293,0.039,1.120,-0.0477,-0.1648,0.000,0.010,0.039,0.690,0.184
2016,OKE,-54.9,148.4,51.5,7.010,0.821,1,-0.021,0.008,0.329,0.1253,0.085,0.036,0.580,0.0019,0.0175,0.779,1.000,0.143,0.208,1.392
2016,OLN,-39.4,67.1,30.3,163.690,-15.194,1,,1.490,-0.046,-0.0230,0.054,-0.036,0.890,1.0508,-0.0739,0.000,0.000,1.000,0.321,-0.234
2016,OMAB,-0.7,-1.3,21.0,7.390,0.187,1,0.067,-0.109,-0.092,0.4951,0.131,0.008,6.730,-0.0010,0.1442,1.000,0.335,0.329,0.785,1.285
2016,OSK,-29.9,134.1,43.7,-2.120,1.396,-1,,-0.338,-0.263,0.0242,0.111,-0.074,0.390,-0.0625,-0.0243,0.000,0.563,0.552,0.357,0.408
2016,OVV,-72.3,247.0,71.8,-11.680,1.274,-1,,-0.359,0.183,0.1193,-0.006,0.223,0.700,0.1376,-0.2423,0.937,0.757,0.090,0.000,1.272
2016,OXM,22.0,-27.7,13.0,4.070,0.571,1,0.038,0.046,0.101,0.1096,0.216,-0.028,1.240,0.0059,0.0160,0.753,0.488,0.113,0.750,1.268
2016,PAGP,-76.5,99.9,46.4,2.930,0.942,1,-0.194,0.028,0.500,0.0701,0.012,-0.152,0.060,0.2816,0.0144,1.000,1.000,0.045,0.000,1.558
2016,PATK,7.6,105.5,44.4,16.990,2.199,1,,0.082,-0.229,0.0755,0.028,0.133,0.460,-0.0203,0.0138,0.846,0.894,0.663,0.820,1.185
2016,PDS,-54.7,104.9,48.5,-16.090,-2.162,-1,,1.417,1.527,-1.1103,0.096,-0.018,0.730,0.0004,-1.0744,0.000,0.000,0.383,0.000,-42.017
2016,PENN,-11.6,-1.3,18.7,-1.770,0.877,-1,,0.008,-0.119,0.1235,0.145,0.023,0.390,0.0274,0.5912,0.956,0.454,0.934,0.278,19.118
2016,PII,-51.1,20.0,19.6,-25.080,-1.126,-1,0.012,-0.049,0.084,0.1440,0.107,-0.092,1.030,-0.0284,-0.0208,0.481,0.456,0.000,0.000,0.974
2016,PKG,-38.5,86.5,34.9,0.160,0.949,1,0.049,-0.106,-0.076,0.1265,0.076,-0.130,0.850,-0.0104,0.0057,0.197,0.143,0.002,0.000,0.976
2016,POOL,14.9,40.0,30.3,5.350,2.089,2,,-0.247,-0.350,0.0144,0.271,0.000,1.490,0.0090,0.0163,0.329,0.356,0.633,0.972,0.247
2016,PRIM,12.1,32.0,27.2,11.300,-0.210,1,-0.200,0.315,0.295,0.0452,0.083,-0.041,0.520,0.0022,0.0115,0.462,0.742,0.168,0.225,0.823
2016,PRKS,9.2,-13.2,15.3,1.380,2.098,3,,,,0.0001,0.396,-0.018,1.300,-0.0183,0.0362,0.420,0.412,1.000,0.234,0.001
2016,PWR,-32.7,87.0,37.8,3.180,0.702,1,0.071,0.027,0.102,0.0019,0.080,0.076,0.430,-0.2582,-0.0511,0.263,0.386,0.040,0.000,0.033
2016,QUAD,-52.0,142.0,49.5,0.220,0.966,1,,0.122,0.185,-0.0152,0.099,0.024,0.110,0.0063,-0.0687,0.876,0.355,0.035,0.000,-1.114
2016,RBA,-10.7,33.6,27.0,-9.110,-0.311,-3,-0.086,-0.113,-0.091,0.2806,0.502,0.012,4.830,0.0008,-0.0310,0.584,0.482,0.039,0.003,1.038
2016,RBC,-21.7,33.2,26.0,3.530,1.110,3,0.014,0.398,0.041,0.1876,0.000,0.033,2.410,0.0050,-0.0061,0.492,0.530,1.000,0.000,0.968
2016,RES,-0.9,83.6,34.9,-4.630,1.087,-4,0.059,-0.410,0.166,-0.2141,0.137,0.096,2.000,-0.0039,-0.4134,0.000,0.003,0.000,0.464,-1.577
2016,REX,-16.8,50.6,26.7,4.160,0.793,3,-0.194,1.237,1.397,0.0464,0.039,-0.076,0.830,-0.1426,-0.1568,0.302,0.164,0.115,0.545,0.574
2016,RGLD,-57.1,126.6,41.7,52.760,8.241,2,0.000,0.175,-0.426,0.2798,0.012,0.068,6.480,0.0018,0.3137,0.457,0.463,1.000,0.000,0.580
2016,RGR,39.6,-23.2,16.4,1.370,1.060,5,0.173,0.003,-0.240,0.1712,0.161,-0.016,2.260,-0.0244,0.3722,0.769,0.493,0.707,0.647,0.925
2016,RIG,-48.9,62.0,34.7,11.910,0.592,1,0.055,-0.724,-0.552,0.4052,0.031,-0.040,0.400,0.0055,0.6944,1.000,0.994,0.288,0.000,97.993
2016,RRX,-28.4,35.2,31.3,-6.600,-0.043,-3,,,,-0.0182,0.000,-0.028,0.700,0.0000,0.1244,0.474,1.000,0.128,0.000,-0.255
2016,RS,5.5,43.1,31.0,-5.880,1.380,-4,0.061,-0.293,-0.080,0.0570,-0.005,-0.010,0.470,-0.0743,0.0041,0.314,1.000,0.000,0.208,0.876
2016,RUSHA,-38.1,75.3,43.9,-17.910,-3.189,-4,,-0.153,-0.016,0.0167,0.124,-0.030,0.100,0.0015,-0.0153,0.061,0.107,0.000,0.000,0.542
2016,RYAM,-60.1,138.9,40.6,-3.720,-1.860,-2,,-0.590,-0.566,0.1198,0.070,0.024,0.320,0.0021,0.2339,0.556,0.229,0.484,0.000,0.822
2016,SAH,-28.3,32.6,28.8,-0.840,0.857,-1,0.052,0.000,-0.051,0.0282,0.006,0.084,0.090,-0.0942,0.0017,0.776,0.282,0.248,0.000,1.074
2016,SHOO,-3.0,7.2,22.9,-5.000,0.087,-2,0.000,-0.117,-0.122,0.1124,0.257,0.023,1.440,-0.0318,0.0190,0.237,0.199,0.015,0.000,0.801
2016,SMG,0.6,40.0,25.4,7.280,2.145,1,,-0.055,-0.191,-0.4078,0.094,-0.031,1.340,0.0115,0.0825,0.116,0.191,1.000,0.846,-9.479
2016,SMP,-29.5,68.2,33.7,-11.060,-1.188,-1,,-0.084,-0.024,0.0472,0.261,-0.183,0.710,-0.0110,-0.0398,0.143,0.979,0.000,0.538,0.599
2016,SQM,-28.4,71.8,32.0,-11.750,3.585,-1,,0.095,0.258,0.2078,0.054,-0.010,2.800,0.0090,-0.0168,0.356,0.051,0.212,0.116,0.714
2016,SSD,-5.2,38.5,26.3,7.630,3.341,1,0.250,-0.102,-0.211,0.1217,0.184,0.000,1.930,-0.0136,0.0298,0.704,0.754,0.603,0.000,1.050
2016,STLD,-9.8,122.4,38.1,-20.200,2.217,-4,,-0.215,0.153,-0.2396,0.054,-0.015,0.510,0.0070,-0.2073,0.000,0.133,0.000,0.563,-6.114
2016,STN,-13.5,22.1,25.2,-6.340,2.038,-3,,0.119,0.244,0.0533,0.349,-0.009,0.940,-0.0015,-0.0246,0.751,0.000,0.000,0.241,0.675
2016,STNG,-29.4,-42.4,11.3,-133.350,0.239,-2,0.000,-0.027,-0.446,0.3315,0.102,0.089,1.660,0.2287,0.2262,0.902,0.715,0.140,0.000,5.767
2016,SUZ,-12.3,22.6,17.4,-14.680,3.240,-6,,,,0.2863,0.032,0.000,1.410,0.0017,0.0850,0.715,0.880,0.000,0.725,1.765
2016,SWBI,94.6,-23.4,15.0,29.370,1.915,6,0.244,-0.050,-0.664,0.2379,0.067,0.005,1.600,0.0205,0.1177,0.828,0.909,1.000,1.000,1.367
2016,SXI,-3.6,33.9,24.8,-2.110,2.173,-2,0.020,0.107,0.146,0.0883,0.224,-0.041,1.170,-0.0009,0.0046,0.571,0.449,0.000,0.651,0.956
2016,TECK,-75.4,580.0,169.2,-3.270,1.154,-4,0.083,0.054,0.299,-0.2763,0.022,-0.056,0.340,0.0002,-0.3889,0.595,0.000,0.000,0.000,-2.072
2016,TEN,-18.1,-27.0,14.0,4.040,-0.501,2,0.236,0.002,-0.012,0.0640,0.040,-0.009,0.220,-0.0697,0.0226,0.741,0.856,0.163,0.194,1.102
2016,TEX,-19.7,56.6,35.7,-2.520,1.271,-1,,0.863,0.981,0.0490,0.134,-0.005,0.340,-0.0250,0.0096,0.555,0.601,0.019,0.220,1.005
2016,TGLS,13.4,-11.4,14.9,-14.630,0.654,-1,,0.846,0.570,0.1650,0.000,-0.034,1.540,0.0444,0.0902,0.960,1.000,0.679,0.700,1.392
2016,THO,-8.1,102.0,40.1,2.640,1.224,2,,0.036,-0.108,0.0775,0.069,0.000,0.700,-0.0168,0.0262,0.752,0.852,0.592,0.518,1.182
2016,THRM,-9.2,-13.2,18.8,-5.180,0.401,-1,,-0.011,-0.045,0.1419,0.197,-0.029,1.760,0.0097,0.0212,0.822,0.900,0.000,0.510,1.550
2016,TK,-83.1,28.0,29.3,3.690,1.149,1,0.108,1.936,1.652,0.2157,0.046,0.166,0.230,0.0053,-0.0549,0.916,0.489,0.941,0.000,2.280
2016,TKR,-27.2,57.0,30.8,3.960,0.613,1,,-0.115,-0.052,-0.2010,0.551,0.098,0.800,-0.0863,-0.2675,0.008,0.640,0.394,0.515,-2.618
2016,TNET,-65.4,107.3,44.4,0.060,1.003,1,,0.085,-0.117,0.0408,0.067,-0.021,0.350,-0.0197,0.0073,0.526,0.207,0.002,0.000,0.988
2016,TNK,-26.8,-45.1,12.3,-11.910,0.911,-2,,1.108,-0.118,0.3345,0.038,-0.018,1.370,0.7192,0.0581,0.989,0.528,0.803,0.031,1.264
2016,TOL,-29.9,18.4,26.2,2.400,1.374,2,0.000,0.180,0.092,0.1017,0.131,0.038,1.160,-0.0093,-0.0121,0.837,0.947,0.275,0.000,1.859
2016,TPC,-48.4,115.9,46.3,-7.290,-0.012,-2,0.077,-0.376,-0.375,0.0129,0.043,-0.007,0.130,-0.0006,-0.0407,0.880,0.000,0.317,0.033,0.601
2016,TREX,-20.2,75.2,38.1,21.760,-13.053,1,0.182,-0.064,-0.266,0.1486,0.210,0.098,2.800,-0.0349,0.0309,0.844,0.749,0.733,0.583,1.940
2016,TRGP,-74.1,140.9,47.9,9.710,0.661,1,-0.020,0.431,0.621,-0.1256,0.015,0.098,0.200,0.3302,-0.2058,0.000,0.138,0.100,0.041,-2.432
2016,TRN,-29.9,35.0,29.2,-5.570,5.224,-2,0.193,-0.224,-0.155,0.2314,0.089,-0.042,0.360,-0.0392,0.0650,0.731,0.981,0.000,0.032,1.293
2016,TTEK,0.4,82.9,35.2,3.540,0.498,2,,-0.198,-0.163,0.0587,0.070,-0.023,0.630,-0.0526,-0.0043,0.917,0.747,0.179,0.500,1.314
2016,TX,-30.9,86.3,40.5,-3.690,1.300,-5,,-0.335,-0.175,0.1059,0.035,-0.055,0.320,0.0000,0.0171,0.560,0.564,0.000,0.000,0.919
2016,UAN,-52.0,-7.6,20.0,14.800,0.433,1,0.174,-0.277,-0.164,0.3084,0.085,0.114,1.640,0.0000,-0.0476,0.753,0.361,0.100,0.000,0.900
2016,UFPI,20.5,66.9,35.8,-1.430,0.790,-4,0.148,-0.057,-0.111,0.0473,0.101,0.030,0.450,0.0039,0.0218,0.877,1.000,0.516,1.000,1.745
2016,ULH,-35.9,-13.7,17.8,0.480,0.919,1,0.031,-0.050,0.005,0.0646,0.051,0.003,0.390,-0.0524,0.0024,0.619,0.811,0.009,0.151,1.114
2016,URBN,-28.7,-8.8,17.9,-1.090,0.176,-4,0.089,0.032,0.030,0.1149,0.230,0.018,0.970,-0.1081,-0.0077,0.504,0.472,0.000,0.107,0.968
2016,USAC,-59.2,135.4,56.7,-11.160,0.528,-3,,-0.362,-0.487,-2.2637,-4.578,-0.052,1.510,0.1560,-2.4564,0.000,0.149,0.182,0.000,-82.587
2016,USLM,-22.3,35.7,25.7,-6.370,2.218,-1,,,,0.0993,0.008,0.011,2.370,0.0018,-0.0540,0.000,0.000,0.158,0.699,0.561
2016,VAC,-18.9,46.4,30.2,8.190,-4.772,1,,0.017,-0.051,0.1140,0.187,0.134,1.050,-0.0519,0.0317,0.750,1.000,0.605,0.588,1.154
2016,VET,-38.9,44.9,30.9,1.100,0.972,3,,,,-0.0250,0.188,0.028,4.250,0.0313,-0.2071,0.135,0.318,0.164,0.243,-0.082
2016,VMI,-11.7,29.6,27.3,0.440,0.975,2,-0.029,-0.253,-0.084,-0.0268,0.189,0.030,0.970,-0.0621,-0.1137,0.000,0.000,0.029,0.300,-0.253
2016,VSEC,-26.5,37.1,28.1,17.330,1.495,4,,,,0.1045,0.005,0.004,0.600,0.0043,0.0235,0.705,0.884,1.000,0.512,1.219
2016,WCC,-43.4,95.7,36.6,0.710,0.904,1,0.010,-0.073,-0.006,0.0483,0.138,0.031,0.240,-0.0958,-0.0139,0.392,0.000,0.022,0.000,0.871
2016,WEN,-14.1,47.7,37.7,-1.040,1.161,-2,0.091,-0.222,-0.147,0.2505,0.156,-0.043,1.440,-0.2507,0.1474,1.000,1.000,0.665,0.521,2.939
2016,WFG,-50.4,39.2,35.3,5.380,0.658,2,,,,0.0112,0.159,-0.036,0.800,-0.0201,-0.0714,0.236,0.191,0.141,0.274,0.175
2016,WGO,4.5,30.5,22.7,0.750,0.834,1,0.061,-0.152,-0.115,0.0598,0.022,0.037,0.600,-0.0001,0.0089,0.826,0.896,0.014,0.292,1.287
2016,WLFC,-3.1,31.8,26.0,-14.560,0.585,-1,,-0.018,-0.224,0.1188,0.216,-0.006,2.350,-0.0214,0.1454,0.814,0.111,0.694,0.345,3.112
2016,WNC,-15.7,64.2,29.8,-4.990,0.382,-1,0.244,-0.051,-0.081,0.1005,0.022,-0.050,0.350,-0.0354,0.0358,0.944,0.996,0.000,0.000,1.816
2016,WOR,39.6,38.8,24.8,0.060,0.997,1,-0.113,-0.260,-0.064,0.0387,0.108,-0.006,0.480,-0.0397,0.1034,0.659,0.532,0.001,0.500,0.974
2016,WSO,5.4,28.3,31.6,-0.620,0.833,-3,0.042,0.082,0.051,0.0600,0.186,0.099,1.050,0.0087,0.0007,0.405,0.592,0.237,0.896,0.873
2016,WWW,-40.6,43.5,31.8,-2.600,1.575,-2,0.179,-0.306,-0.235,0.0186,0.179,-0.043,0.610,-0.0332,-0.0180,0.029,0.000,0.000,0.000,0.209
2016,ZWS,-39.9,43.8,25.9,0.420,0.957,1,,,,0.1054,0.194,-0.045,0.390,-0.0192,0.0336,0.453,0.000,0.120,0.061,0.870
2017,AAON,30.8,11.9,26.5,-16.540,-0.529,-2,-0.160,0.114,0.171,0.1950,0.004,-0.071,2.960,-0.0114,-0.0078,0.781,0.700,0.083,0.689,1.072
2017,ABG,36.1,-0.9,19.9,3.520,-0.817,2,0.091,-0.063,-0.079,0.0481,0.110,0.037,0.220,-0.1280,0.0056,0.940,0.062,0.258,0.217,1.095
2017,AG,101.1,-42.3,13.0,-67.860,-0.045,-1,0.068,-0.053,-0.024,0.0485,0.087,-0.047,5.110,0.0563,1.7511,0.812,0.727,0.377,0.381,1.078
2017,AGX,88.3,-34.1,11.9,23.710,1.439,1,,0.255,-0.521,0.1440,0.039,0.006,1.500,0.0449,0.0197,0.125,0.123,0.328,0.518,0.775
2017,ALGT,8.5,-7.3,24.2,-3.140,0.719,-1,-0.014,0.116,0.036,0.2028,0.011,-0.005,2.070,-0.0229,-0.0988,0.509,0.361,0.142,0.433,1.014
2017,ALNT,14.7,39.2,32.5,9.660,,1,,,,0.0608,0.117,-0.005,1.320,-0.0062,0.0109,0.260,1.000,0.148,0.659,0.784
2017,ARCB,74.1,16.8,29.2,5.540,,2,0.160,-0.028,-0.090,0.0018,0.000,-0.016,0.300,-0.0054,-0.0095,0.538,0.000,0.429,0.559,0.152
2017,ARCO,145.6,27.0,26.9,2.600,1.892,6,,,,0.0670,0.078,0.197,0.550,0.0008,-0.0026,0.808,0.826,0.854,0.530,1.464
2017,ARLP,78.1,-11.3,23.9,-0.180,1.073,-1,,-0.310,-0.282,0.2357,0.037,0.004,0.940,0.0025,0.2242,0.964,0.316,0.484,0.408,1.210
2017,AROC,272.7,-36.3,13.5,50.150,0.282,3,,-0.174,0.023,0.3686,0.138,-0.123,1.190,0.0104,0.0173,0.916,0.902,0.493,1.000,1.584
2017,ASR,12.3,15.8,24.1,-5.660,1.990,-1,,16.919,17.033,0.3915,0.068,-0.017,9.200,0.0000,0.0449,0.165,0.575,0.000,0.853,0.767
2017,ATRO,56.2,19.8,27.3,20.430,0.092,1,,-0.196,-0.175,0.1000,0.284,0.009,1.330,-0.0161,-0.0015,0.037,0.285,0.121,0.361,0.789
2017,AVAV,-1.6,91.7,42.6,1.270,0.944,2,,-0.125,0.088,-0.0268,0.391,0.005,2.690,0.0000,-0.1018,0.609,0.528,0.304,0.744,-3.573
2017,AVNT,38.5,31.6,33.3,1.300,,5,-0.049,-0.081,-0.097,0.0735,0.188,0.047,0.870,-0.0335,0.0332,0.810,0.737,0.293,0.776,1.178
2017,AXON,32.5,9.7,26.0,3.770,1.088,5,,,,0.1147,0.492,-0.016,5.090,-0.0248,-0.0372,0.113,0.269,0.896,0.357,0.631
2017,BBSI,68.2,14.2,26.7,1.140,1.088,2,,,,0.0449,-2.901,-0.012,0.550,0.0087,-0.0278,0.903,0.853,0.138,0.280,3.659
2017,BCC,86.8,69.6,38.2,-2.720,0.643,-2,-0.250,-0.617,-0.666,-0.0033,0.083,-0.041,0.260,-0.0013,-0.0121,0.180,0.091,0.200,0.393,-0.127
2017,BCPC,37.8,-12.6,20.7,7.210,-5.237,1,0.031,0.054,-0.007,0.1747,0.112,0.028,5.050,0.0081,0.0073,0.545,0.986,0.208,0.793,1.001
2017,BJRI,-18.1,8.1,22.8,12.080,7.460,1,,-0.117,-0.257,0.0626,0.054,-0.008,0.830,-0.0894,-0.0056,0.826,0.141,0.740,0.000,1.200
2017,BSM,32.6,2.3,23.0,-15.690,1.568,-1,,0.431,0.864,-0.0702,0.369,0.006,12.980,-0.0009,0.4249,0.736,0.064,0.021,0.082,-0.704
2017,BYD,22.9,80.7,39.9,4.880,-0.849,2,,0.105,0.082,0.0540,0.145,-0.012,1.090,0.0170,-0.0609,0.160,0.848,0.786,1.000,0.516
2017,BZH,54.2,31.2,25.9,-1.400,,-4,,-0.685,-0.670,0.0038,0.039,-0.054,0.230,0.0015,-0.0228,0.638,0.676,0.131,0.250,0.339
2017,CAKE,21.7,-24.1,16.0,8.160,2.289,2,0.000,0.032,-0.113,0.0782,0.064,-0.009,1.290,-0.0332,0.0045,0.459,0.033,1.000,0.818,0.971
2017,CAPL,31.1,-9.8,20.5,30.060,-0.367,1,,0.914,0.834,0.0138,0.031,0.006,0.480,0.0077,-0.0034,0.720,0.430,0.383,1.000,1.354
2017,CAR,35.6,-1.8,21.4,-4.270,-0.394,-2,-0.118,-0.302,-0.290,0.0532,0.127,0.058,0.410,-0.1216,0.0159,0.327,0.000,0.000,0.291,0.688
2017,CASY,11.6,-2.7,21.8,13.270,,7,,0.305,0.174,0.0261,0.000,0.003,0.630,0.0056,-0.0172,0.184,0.761,0.994,0.755,0.674
2017,CBRL,8.7,8.3,22.7,0.090,1.087,1,0.023,-0.051,-0.062,0.1070,0.045,-0.049,1.320,0.0026,0.0147,1.000,0.079,0.270,0.940,1.339
2017,CBT,42.6,11.5,23.0,9.210,-0.168,5,0.200,0.166,0.153,0.1342,0.123,0.016,1.460,0.0048,0.1143,0.988,0.853,0.531,1.000,1.464
2017,CCJ,-12.2,-17.6,14.2,-10.810,-1.673,-1,-0.141,-0.869,-0.801,-0.1460,0.063,-0.005,2.330,0.0000,-0.1523,0.315,0.293,0.340,0.294,-2.323
2017,CCS,66.4,24.3,23.7,5.450,1.141,3,0.029,0.023,-0.418,0.0725,0.117,0.033,0.490,0.0172,-0.0246,0.300,0.000,0.134,0.043,0.853
2017,CDE,380.8,-31.8,15.1,-11.580,-0.374,-2,,2.440,2.471,0.3710,0.081,0.029,3.230,0.1907,0.2207,1.000,1.000,0.598,0.941,1.881
2017,CHDN,14.9,70.5,38.8,-6.280,0.257,-1,0.211,-0.264,-0.286,0.1570,0.124,-0.017,1.930,-0.0300,0.1116,0.609,0.366,0.126,0.615,1.678
2017,CHH,16.7,39.2,30.1,-12.090,-0.121,-1,,-0.106,-0.093,0.2520,2.582,0.013,3.560,-0.0076,0.0283,0.431,0.761,0.101,0.361,0.948
2017,CLF,658.0,-26.6,18.1,65.130,-8.683,1,,0.448,-0.136,0.1747,0.048,0.194,1.260,0.5308,0.1232,0.992,0.830,1.000,0.898,0.555
2017,CLH,34.8,-11.2,19.9,15.400,0.160,2,0.000,0.026,0.055,0.0317,0.144,-0.003,1.170,-0.0064,-0.0041,0.518,0.397,0.486,0.710,0.596
2017,CMC,47.9,9.4,25.0,0.450,0.968,4,,-0.662,-0.523,0.0204,0.104,-0.079,0.550,-0.0063,-0.0278,0.146,0.694,0.334,1.000,0.608
2017,CMCO,91.3,37.4,28.3,-8.560,-1.125,-2,,0.007,0.052,0.0349,0.135,-0.045,0.920,0.0096,-0.0337,0.000,0.332,0.213,0.804,0.420
2017,CMP,12.6,-13.8,17.6,76.020,-2.331,1,0.216,-0.110,-0.642,0.1473,0.102,-0.006,2.400,0.0023,-0.1012,0.172,0.116,1.000,0.286,0.858
2017,CMRE,-12.9,6.4,26.9,-5.270,2.132,-4,0.120,-0.199,-0.100,0.0520,0.057,0.007,0.760,0.0830,-0.3903,0.000,0.167,0.000,0.000,0.127
2017,CNX,113.4,-18.3,21.9,25.210,-0.280,3,,0.084,0.029,-0.0839,0.116,-0.074,1.940,-0.0161,0.1399,0.426,0.650,0.891,0.706,-2.777
2017,CODI,13.9,-1.8,21.5,24.870,2.173,2,-0.064,0.450,-0.011,-0.0341,0.242,0.009,0.920,0.0213,-0.0992,0.000,0.594,1.000,0.750,-0.551
2017,CPA,84.2,33.1,29.0,8.920,3.241,4,0.006,0.059,-0.070,0.1174,0.219,-0.006,1.890,-0.0209,0.0441,0.267,0.169,0.684,0.564,0.724
2017,CPAC,43.1,27.4,24.3,-5.010,2.364,-2,,0.224,0.311,0.2246,0.033,-0.005,2.210,-0.2139,-0.0367,0.274,0.498,0.168,0.180,0.958
2017,CPS,55.1,6.8,22.0,-0.940,0.724,-1,0.172,-0.107,-0.131,0.0682,0.104,-0.015,0.580,0.0073,0.0358,0.942,0.948,0.377,1.000,1.372
2017,CRAI,116.9,16.7,22.4,3.060,1.453,1,-0.200,0.123,0.025,0.0454,0.224,0.032,0.960,-0.0488,0.0773,0.964,0.059,0.701,1.000,8.173
2017,CRC,213.9,14.7,26.5,13.440,0.461,3,0.073,1.246,1.360,0.0459,0.020,-0.068,0.430,0.1044,0.1529,0.699,0.363,0.649,0.382,1.159
2017,CRI,-12.4,41.0,33.4,1.730,1.285,2,0.072,-0.124,-0.202,0.1492,0.169,0.042,1.340,-0.0515,0.0152,0.956,0.978,0.406,0.061,1.300
2017,CROX,-29.5,103.9,44.7,0.100,0.990,1,,-0.738,-0.636,-0.2123,0.000,0.038,0.490,0.0127,0.1020,0.193,0.293,0.164,0.000,-382.523
2017,CRS,46.8,17.8,30.7,10.920,0.253,3,,-0.222,-0.185,0.0360,0.110,0.085,1.190,-0.0368,-0.0131,0.537,0.408,0.307,0.566,0.528
2017,CVCO,22.7,47.8,30.2,13.390,-6.111,1,,-0.043,-0.158,0.0867,0.129,-0.001,1.180,0.0042,0.0169,1.000,0.524,0.156,0.780,1.427
2017,CW,50.8,30.5,28.4,-0.430,1.122,-2,0.060,-0.145,-0.106,0.1877,0.071,-0.008,2.110,-0.0295,0.0034,1.000,0.861,0.335,1.000,1.600
2017,CZR,60.9,83.4,37.8,-20.720,0.345,-1,,-0.342,-0.451,0.0634,0.048,-0.019,1.940,0.0000,-0.0079,0.547,0.366,0.369,1.000,0.757
2017,DCH,42.4,-23.0,17.8,-4.870,-0.342,-1,0.147,-0.075,-0.062,0.0734,0.128,-0.034,0.410,0.0237,-0.0175,0.577,1.000,0.000,0.519,0.952
2017,DCO,103.8,-6.4,20.9,9.000,0.500,2,0.000,0.172,0.262,0.0629,0.132,-0.011,0.630,0.0270,0.6287,0.960,0.940,0.135,1.000,2.742
2017,DDS,-26.1,32.5,31.1,-1.800,1.399,-2,-0.186,-0.100,-0.037,0.0537,0.232,-0.083,0.280,-0.0907,-0.0118,0.319,0.050,0.000,0.000,0.752
2017,DECK,13.9,54.3,40.2,-4.280,,-1,-0.031,-0.468,-0.423,0.0700,0.435,-0.023,1.000,-0.0163,-0.1844,0.718,0.803,0.326,0.142,4.543
2017,DHT,-22.1,-26.7,15.4,19.200,0.349,1,,-0.255,-0.152,0.3015,0.051,0.080,1.480,0.0111,-0.1068,0.949,0.402,0.067,0.228,2.592
2017,DKL,9.1,-2.1,22.0,49.360,-0.414,2,-0.021,0.447,0.303,0.1537,0.019,0.021,1.700,0.0037,-0.0103,0.737,0.745,0.590,1.000,1.582
2017,DMLP,68.0,-6.7,21.1,0.770,1.017,6,,,,0.6396,0.095,0.006,13.440,0.0000,0.2712,0.856,0.736,0.812,0.729,1.114
2017,DXPE,170.5,-14.9,17.7,3.870,0.839,1,,-0.613,-0.410,0.0340,0.239,0.157,0.690,0.2332,0.0498,0.832,0.028,0.104,0.465,7.335
2017,DY,62.2,18.0,25.9,4.090,1.193,1,0.189,0.083,-0.170,0.0654,0.083,0.176,1.050,-0.0405,0.0077,0.572,0.645,0.456,0.681,0.998
2017,EBF,-10.3,19.9,19.8,3.960,0.891,3,0.166,-0.156,0.169,0.1124,0.007,0.049,1.220,-0.0085,0.0599,0.988,0.914,0.144,1.000,2.060
2017,EFXT,63.7,-21.5,16.2,45.610,-0.251,4,,,,0.0975,0.092,0.000,1.940,0.1245,0.0694,0.974,0.333,0.637,1.000,1.434
2017,EGO,15.0,-71.5,6.4,2.630,0.942,2,,-0.046,0.379,0.0876,0.132,-0.011,5.150,0.0003,8.3037,0.961,0.552,0.102,0.423,0.215
2017,EMBJ,-8.5,9.3,24.7,-11.760,1.620,-2,,-0.803,-0.496,0.1088,0.049,0.010,0.230,0.0037,0.0512,0.606,0.094,0.000,0.190,1.473
2017,ENR,41.4,1.8,26.1,2.070,1.249,3,0.228,-0.269,-0.373,0.2582,0.072,0.033,1.940,0.0096,0.0414,1.000,1.000,1.000,1.000,1.797
2017,ENS,62.0,-15.1,18.7,-2.940,-1.417,-2,0.044,0.009,0.026,0.0977,0.151,-0.006,1.460,-0.0206,0.0011,0.731,0.923,0.349,1.000,0.989
2017,EPAC,15.5,-12.1,19.4,11.180,0.131,1,-0.083,-0.063,-0.046,0.0510,0.259,-0.043,1.470,0.0196,0.7047,0.851,0.000,0.611,0.504,0.903
2017,ESI,49.0,-19.9,19.0,-19.920,0.595,-1,0.219,-0.085,-0.377,0.0274,0.024,-0.008,1.060,0.3656,0.0354,0.406,0.294,0.115,0.095,0.358
2017,ESLT,19.2,17.1,25.5,5.480,3.620,1,0.190,,,0.0917,0.163,-0.011,1.520,0.0002,0.0038,0.785,0.976,0.519,1.000,1.108
2017,ETSY,64.0,74.3,41.3,-7.900,0.763,-4,,1.519,1.265,0.0313,0.428,-0.052,3.830,0.0324,-0.0644,0.639,0.982,0.209,0.053,6.795
2017,EXK,57.1,-31.5,15.2,-30.200,20.235,-1,,-0.649,-0.331,-0.0589,0.042,-0.248,2.640,0.2285,3.2365,0.879,0.192,0.027,0.400,-0.232
2017,FCN,17.4,7.3,22.7,3.760,0.017,1,-0.111,0.758,0.759,0.0242,0.264,-0.011,0.930,0.0033,-0.0296,0.573,0.000,0.408,0.818,0.354
2017,FET,170.9,-37.9,12.9,18.560,0.574,4,-0.060,0.150,0.400,-0.1686,0.376,0.034,3.800,0.0188,0.7932,0.690,0.000,0.226,1.000,-14.591
2017,FIVE,-2.0,80.9,39.9,1.360,1.078,1,0.000,0.128,-0.061,0.2032,0.208,-0.019,2.100,0.0062,-0.0032,0.983,1.000,0.040,0.084,2.345
2017,FIX,21.4,24.2,26.2,-2.280,0.486,-1,0.023,0.210,0.189,0.0652,0.161,-0.025,0.760,-0.0067,0.0021,0.891,1.000,0.194,0.962,1.652
2017,FND,1.1,39.1,26.0,-43.000,0.367,-2,,-0.086,-0.335,0.0738,0.263,0.011,2.850,-0.0503,0.0144,0.697,0.898,0.000,0.000,1.166
2017,FOXF,81.8,48.1,33.9,13.930,6.208,1,0.067,0.023,-0.144,0.1209,0.100,0.013,2.560,0.0002,0.0221,0.626,0.607,0.420,0.887,1.070
2017,FRO,-39.1,-3.1,16.4,-227.990,-0.107,-1,0.167,-0.902,-0.682,0.2303,0.048,-0.039,1.300,0.4549,-0.2223,0.826,0.392,0.133,0.565,6.056
2017,FSM,16.7,3.5,19.7,-10.690,0.840,-1,-0.107,-0.051,-0.615,0.3016,0.082,0.027,3.340,0.1877,0.1588,0.891,0.671,0.738,0.240,2.654
2017,FSS,25.5,31.8,30.0,69.660,-6.506,2,,-0.118,-0.722,0.0784,0.178,-0.034,1.260,-0.0401,-0.1338,0.195,0.325,1.000,1.000,0.836
2017,FTAI,64.1,10.1,25.0,6.860,1.372,3,,4.113,3.860,0.0239,0.168,0.016,6.770,0.0004,0.1542,0.293,0.000,0.149,0.143,0.225
2017,FTK,77.3,-47.6,12.2,7.900,0.513,2,,1.213,1.297,0.0790,0.177,0.005,2.150,0.0781,0.1056,0.844,0.010,0.340,0.304,1.293
2017,FUL,54.2,8.8,29.2,7.040,-2.273,1,0.014,-0.005,-0.054,0.1067,0.185,0.010,1.240,0.0036,0.0493,1.000,0.817,0.217,0.917,1.888
2017,FUN,21.4,1.1,19.2,14.130,,1,,-0.216,-0.366,0.1047,0.207,0.031,2.860,0.0026,0.1392,0.881,0.998,0.437,1.000,0.431
2017,FWRD,8.6,24.7,27.5,2.270,,2,0.055,-0.029,-0.061,0.1066,0.030,-0.004,1.440,-0.0232,-0.0066,0.773,0.150,0.232,0.163,0.993
2017,GBX,85.3,13.0,27.1,-8.920,1.401,-4,-0.048,-0.348,-0.036,0.1318,0.074,0.160,0.620,-0.0051,-0.0533,0.771,0.802,0.000,0.443,1.235
2017,GEL,43.6,-39.9,12.4,6.800,0.654,2,,0.050,0.179,0.1014,0.026,-0.050,2.460,0.0727,-0.0164,0.590,0.544,0.425,1.000,1.796
2017,GEO,65.2,-36.4,11.6,-4.700,0.739,-2,0.108,0.018,-0.115,0.1200,0.071,0.034,1.630,0.0054,-0.0134,0.586,0.454,0.693,0.739,0.971
2017,GIII,-55.8,90.5,41.2,2.480,1.155,1,,1.222,1.037,0.0411,0.307,-0.141,0.340,0.0269,0.0600,0.357,0.650,0.404,0.000,0.846
2017,GLP,46.6,-15.4,19.1,24.930,-0.359,3,,-0.905,-0.971,-0.0200,-0.012,0.061,0.080,0.0005,-0.0276,0.562,0.634,0.587,0.800,-7.435
2017,GME,-20.9,-42.1,10.5,-10.770,4.804,-1,,-0.160,-0.024,0.0941,0.212,-0.005,0.290,-0.0209,-0.0142,0.952,0.553,0.000,0.065,2.434
2017,GNRC,21.5,20.6,23.0,12.800,4.326,1,0.087,0.153,-0.013,0.1850,0.120,-0.067,1.750,-0.0584,0.1087,0.654,0.691,0.235,0.303,1.029
2017,GPK,6.1,21.7,24.5,0.000,1.001,1,-0.067,-0.120,-0.152,0.0881,0.090,0.002,0.940,-0.0355,-0.0111,0.878,0.495,0.786,0.638,1.085
2017,GPRE,62.9,-31.3,15.2,12.640,1.948,1,0.237,1.238,0.978,0.0602,0.039,0.054,0.290,0.0209,0.0429,0.660,0.969,1.000,0.542,1.601
2017,GPRK,131.1,50.9,34.3,28.560,7.701,5,,1.189,0.861,-0.1004,0.010,-0.003,1.930,0.0270,4.3228,0.881,0.564,0.639,0.863,-0.592
2017,GRBK,44.0,16.5,28.0,18.160,1.829,1,0.143,0.092,-0.309,0.1564,0.037,0.000,1.170,0.0090,0.0633,1.000,0.482,0.389,0.927,0.026
2017,GRC,39.2,-17.1,15.0,7.710,0.376,1,0.000,0.004,0.050,0.0752,0.152,0.012,2.260,0.0539,0.0047,0.169,0.721,0.222,1.000,0.720
2017,HBM,219.2,-3.0,20.4,-21.360,-0.385,-4,-0.100,4.677,4.737,0.1885,0.040,-0.006,1.730,0.0030,1.0676,0.994,0.620,0.108,0.280,8.295
2017,HESM,1.8,-17.2,16.4,-62.240,-2.514,-4,,,,0.4843,0.012,0.018,2.790,0.0000,0.0890,1.000,0.832,0.000,0.156,16.147
2017,HL,152.9,-33.8,13.3,-28.540,0.598,-1,-0.250,-0.184,-0.608,0.1310,0.092,-0.046,3.740,0.0493,0.1488,0.776,0.438,0.750,0.655,4.600
2017,HLIO,28.9,47.6,33.1,18.430,-2.157,4,-0.144,0.367,0.241,0.0980,0.249,-0.012,5.250,0.0065,-0.0752,0.000,0.045,0.974,0.933,0.401
2017,HLX,187.2,-18.1,17.1,-7.180,1.617,-1,,0.148,0.336,-0.3488,0.144,0.147,2.070,0.1270,1.9072,0.739,0.247,0.311,0.672,-37.205
2017,HNI,48.7,-22.2,16.4,2.460,0.515,2,-0.035,-0.193,-0.167,0.1071,0.279,-0.014,0.960,0.0086,0.0271,1.000,0.945,0.187,0.660,1.836
2017,HTHT,95.1,175.0,67.6,-2.080,0.630,-3,,4.930,4.894,0.1112,0.028,-0.024,4.110,0.1144,0.0245,0.601,0.710,0.603,1.000,1.372
2017,HTLD,16.6,0.8,19.7,-1.600,1.088,-3,0.067,-0.296,-0.098,0.1492,0.057,-0.014,2.780,-0.0199,-0.0095,0.509,0.825,0.000,0.758,0.941
2017,HUBG,46.5,5.1,22.9,6.260,2.709,2,,0.179,0.080,0.0315,0.070,-0.021,0.410,-0.0684,-0.0082,0.729,0.686,0.258,0.435,0.978
2017,HURN,-10.7,-6.0,22.3,7.600,0.302,2,-0.134,0.025,0.058,0.0472,0.046,0.033,1.210,-0.0478,-0.1511,0.865,0.476,0.305,0.231,0.594
2017,HWKN,35.8,-32.6,14.2,-1.050,0.963,-3,,,,0.0534,0.133,-0.013,1.060,0.0064,0.0321,0.368,0.712,0.897,0.785,0.661
2017,ICFI,50.3,9.2,25.6,-2.960,0.513,-1,-0.050,-0.046,-0.077,0.0759,0.268,-0.002,0.850,0.0072,0.0081,0.925,0.167,0.192,1.000,1.115
2017,IESC,77.1,-10.0,18.0,-1.270,0.956,-1,,,,0.0364,0.147,-0.019,0.540,0.0099,0.0024,0.611,0.828,0.970,0.789,1.865
2017,IIIN,49.5,-12.8,22.5,14.310,-0.128,1,,0.232,0.216,0.0719,0.067,-0.020,1.560,0.0173,-0.0373,0.378,0.440,0.418,1.000,1.047
2017,IOSP,46.3,-5.1,18.1,15.820,0.174,1,0.225,0.193,0.227,0.1358,0.262,0.011,1.940,-0.0048,-0.0036,0.350,0.991,0.414,1.000,1.084
2017,JBTM,55.9,28.9,22.4,14.700,2.030,1,,,,0.0847,0.183,-0.001,1.840,0.0034,-0.0028,0.891,0.716,0.996,0.972,1.332
2017,KAI,55.1,57.5,31.6,-21.620,-0.463,-1,0.096,-0.067,0.001,0.1065,0.353,-0.006,1.670,0.0195,-0.0276,0.457,0.531,0.269,1.000,0.969
2017,KBH,65.2,106.0,50.2,12.600,2.514,1,0.026,0.046,-0.163,0.0470,0.092,0.022,0.440,-0.0690,-0.0244,0.854,0.524,0.210,0.145,1.710
2017,KEX,26.7,16.3,29.8,8.360,0.545,4,0.154,0.072,0.172,0.1304,0.094,0.000,1.950,-0.0039,-0.0439,0.014,0.743,0.150,0.452,0.750
2017,KFRC,11.0,14.1,23.0,0.980,0.347,1,0.125,0.037,0.042,0.0475,0.052,-0.038,0.430,-0.0358,-0.0147,0.919,0.242,0.274,0.308,2.087
2017,KFY,9.8,37.7,30.4,-32.590,0.232,-1,0.000,-0.043,-0.141,0.0775,0.810,-0.038,1.080,0.0500,0.1167,0.690,0.814,0.327,0.375,1.057
2017,KGC,53.7,-0.5,18.9,15.390,2.235,1,,,,-0.0394,0.037,0.005,1.420,0.0862,0.9763,0.882,0.218,1.000,0.397,-0.114
2017,KNX,44.4,41.8,37.1,5.960,0.086,2,-0.048,0.037,0.042,0.1202,0.028,-0.031,1.720,-0.0074,-0.0300,0.393,0.155,0.222,0.736,0.915
2017,KOS,33.6,-4.8,21.4,79.950,-0.546,2,,0.967,0.685,-0.4786,0.237,0.003,7.480,-0.0147,-0.4160,0.542,0.000,0.572,1.000,-3.691
2017,KRNT,56.5,-20.3,15.2,-13.820,0.648,-1,,0.655,0.401,0.0251,0.308,0.064,5.130,0.0040,-0.0611,0.659,0.583,0.399,0.642,0.844
2017,KRO,127.5,70.9,41.2,10.450,2.794,4,,-0.005,-0.167,0.1286,0.176,-0.002,1.190,0.0000,0.1972,0.485,0.446,0.696,1.000,2.715
2017,KTOS,138.0,36.8,30.8,0.300,1.133,1,,4.177,4.151,0.0253,0.204,0.049,0.860,0.1083,0.0168,0.928,0.881,0.310,1.000,8.122
2017,KWR,77.6,14.9,26.1,3.710,,1,0.059,-0.017,-0.060,0.1066,0.378,-0.022,2.330,-0.0037,0.0344,0.748,0.655,0.594,1.000,1.075
2017,LAD,10.8,13.3,21.6,6.110,1.688,2,-0.005,0.109,-0.041,0.0356,0.010,0.024,0.300,-0.0441,-0.0028,0.047,0.022,0.120,0.206,0.841
2017,LCII,97.9,-1.3,20.5,1.120,1.058,1,0.094,0.144,-0.061,0.1008,0.165,0.019,1.680,0.0153,0.0301,0.663,0.746,0.389,1.000,1.195
2017,LGIH,36.0,103.4,47.6,9.640,1.396,1,0.075,-0.036,-0.376,0.1449,0.076,0.128,0.890,0.0805,0.0107,0.871,0.776,0.044,0.041,1.223
2017,LIND,-12.5,1.4,22.8,-0.080,0.996,-1,,7.198,6.991,-0.0814,0.174,0.024,1.710,-0.0052,-0.0676,0.000,0.000,0.997,0.670,-4.550
2017,LNN,22.6,1.8,16.0,12.180,-0.319,1,0.205,-0.002,-0.031,0.0687,0.114,0.079,1.840,-0.0317,0.1076,0.491,0.207,0.461,0.875,0.663
2017,LPX,52.4,35.4,27.6,-9.470,0.665,-1,0.211,0.247,0.059,0.1018,0.087,0.046,1.370,0.0196,0.0988,0.766,0.799,0.547,0.564,3.079
2017,LZB,41.2,-1.2,20.7,3.210,-0.944,1,0.044,-0.201,-0.217,0.0843,0.316,0.012,0.950,-0.0229,-0.0063,0.904,1.000,0.370,0.830,1.253
2017,MATV,6.8,-7.6,20.1,-18.790,-0.392,-2,0.111,0.137,0.190,0.0312,0.056,0.003,1.620,0.0042,-0.0865,0.140,0.720,0.178,0.308,0.213
2017,MATX,-9.3,-4.3,20.0,13.020,-0.614,1,-0.064,-0.021,-0.070,0.0572,0.093,0.013,0.810,-0.0181,-0.0356,0.360,0.342,0.570,0.434,0.755
2017,MCRI,26.3,85.1,38.7,1.390,1.211,1,0.091,0.113,0.034,0.1833,0.097,-0.009,1.950,0.0190,0.0282,0.790,0.729,0.296,0.966,1.302
2017,MEOH,87.0,32.7,34.0,24.180,-6.538,2,,0.875,0.666,0.0854,0.000,0.013,2.110,0.0001,0.0895,0.710,0.875,0.690,1.000,0.928
2017,MGRC,42.2,28.9,30.6,-7.910,0.000,-1,-0.131,-0.142,-0.142,0.2156,0.028,-0.008,2.140,0.0045,0.0117,0.725,0.604,0.268,0.670,1.060
2017,MHO,44.0,32.2,34.4,-10.150,0.533,-2,-0.247,-0.019,-0.135,0.0800,0.064,-0.023,0.440,0.0020,-0.0047,0.943,0.551,0.057,0.186,1.281
2017,MLI,66.7,-26.5,14.8,5.380,-0.007,1,,,,0.0621,0.074,0.044,1.180,-0.0012,0.0219,0.105,0.981,0.535,1.000,0.813
2017,MLKN,2.4,28.2,28.3,-1.660,,-2,,,,0.0718,0.301,0.000,0.770,-0.0011,-0.0107,0.929,0.890,0.102,0.476,1.175
2017,MMYT,83.8,-6.7,20.7,17.240,1.521,6,,0.106,-0.398,-0.0255,0.362,0.021,4.250,0.2733,0.1825,0.935,0.937,1.000,0.865,-0.232
2017,MOD,123.8,72.9,45.0,11.300,-1.315,1,-0.125,0.380,0.316,0.0192,0.145,0.000,0.480,0.0104,-0.0225,0.732,0.925,0.911,0.938,1.205
2017,MOV,-9.2,32.8,21.5,-5.580,2.783,-1,-0.044,7.703,7.790,0.0569,0.579,0.059,1.080,0.0199,-0.0237,0.112,0.000,0.109,0.177,0.548
2017,MRCY,79.1,56.7,41.7,12.170,1.243,4,,0.186,-0.437,0.0914,0.331,0.010,3.730,0.1819,-0.0140,0.908,0.766,1.000,1.000,4.857
2017,MTH,8.9,36.5,35.4,0.310,1.025,1,0.070,-0.136,-0.263,0.0852,0.068,-0.054,0.490,0.0107,-0.0260,0.654,0.251,0.016,0.051,1.069
2017,MTRN,49.9,31.2,26.5,7.330,4.400,4,-0.177,-0.049,-0.143,0.0156,0.152,-0.070,0.750,0.0004,-0.0221,0.000,0.744,0.933,1.000,0.429
2017,MTX,99.9,-6.5,24.3,4.740,0.584,1,0.029,-0.040,0.026,0.1503,0.127,-0.007,1.730,0.0086,0.0626,0.797,0.856,0.079,0.720,1.286
2017,MTZ,155.2,42.4,33.8,-12.160,0.716,-1,,0.028,-0.278,0.0792,0.050,-0.012,0.590,0.0228,0.1344,1.000,1.000,0.796,0.596,1.819
2017,MUSA,7.8,34.7,34.5,17.750,-0.767,7,0.118,,,0.0252,0.009,-0.008,0.210,-0.0896,0.0060,0.661,0.775,1.000,0.750,1.416
2017,MUX,81.8,-36.7,13.0,38.170,0.054,1,,,,-0.4298,0.212,0.018,17.310,0.0035,1.9106,0.961,0.332,0.322,0.197,-0.093
2017,MWA,72.4,-14.0,22.4,-0.340,1.011,-2,-0.200,-0.296,0.015,0.0849,0.218,-0.010,2.280,0.0086,0.0150,0.289,0.308,0.000,1.000,0.887
2017,MYE,12.3,46.3,32.3,-0.220,1.034,-1,,-0.207,-0.141,0.0068,0.465,0.011,0.720,0.0035,-0.0063,0.171,0.494,0.491,0.438,0.151
2017,MYRG,59.3,-10.5,20.0,21.760,5.383,2,0.200,3.902,3.635,0.0441,0.002,-0.016,0.530,-0.2059,0.0061,0.407,0.260,0.574,0.577,0.869
2017,NAT,-37.2,-77.3,4.4,6.050,0.899,1,,-0.410,0.132,0.0831,0.037,0.040,3.380,0.1434,-0.2171,0.887,0.131,0.018,0.228,0.322
2017,NBR,145.1,-55.2,10.5,11.620,0.700,1,-0.118,-0.308,-0.038,0.2709,0.114,0.001,1.920,0.0015,-0.0313,0.778,0.546,0.330,1.000,1.402
2017,NPK,17.6,1.3,23.3,-46.670,-18.488,-1,,,,0.3699,0.045,0.008,1.950,0.0027,0.2038,1.000,1.000,0.000,1.000,2.702
2017,NPO,36.2,20.5,22.4,-6.340,2.398,-3,,0.739,0.847,0.0464,0.352,0.009,1.250,-0.0360,-0.0207,0.837,0.096,0.000,0.649,0.953
2017,NRP,267.9,-27.6,15.8,3.330,0.883,1,,0.896,1.148,0.3521,0.094,-0.061,1.430,0.0002,0.3322,0.923,0.886,0.040,0.180,1.186
2017,NVGS,-29.3,0.9,21.0,6.750,0.377,2,,-0.156,-0.116,0.2274,0.019,0.028,2.090,0.0012,-0.1681,0.084,0.045,0.099,0.174,0.709
2017,NX,-1.0,-8.1,19.5,-30.640,-0.115,-3,0.000,-0.323,-0.292,-0.0197,0.141,-0.031,0.680,0.0086,-0.0091,0.374,0.646,0.374,0.000,-2.704
2017,OII,-5.7,-29.3,16.5,-6.220,1.238,-4,,0.834,1.157,-0.0079,0.113,-0.011,1.140,-0.0021,-0.0713,0.066,0.218,0.000,0.120,-0.062
2017,OIS,64.0,-31.9,13.0,3.330,0.892,4,-0.091,-0.291,-0.016,-0.1029,-0.339,-0.003,2.940,0.0077,-0.1280,0.050,0.140,0.282,1.000,-1.175
2017,OLN,67.4,35.1,28.7,-162.910,0.054,-1,0.111,0.705,0.612,0.0499,0.061,0.002,0.790,0.0316,0.0729,0.410,0.155,0.118,0.279,0.614
2017,OMAB,-0.8,16.9,23.1,-5.790,0.582,-1,,0.426,0.346,0.4596,0.126,0.005,6.350,0.0012,-0.0354,0.727,0.299,0.506,0.547,1.107
2017,OXM,-26.3,43.9,26.0,-11.360,0.047,-2,,-0.013,-0.019,0.0748,0.501,0.019,0.870,0.0054,-0.0348,0.546,0.535,0.362,0.000,0.874
2017,PAGP,97.9,-39.9,12.1,26.000,-2.788,5,,1.194,1.003,0.0365,0.012,-0.010,0.170,0.1796,-0.0336,0.233,0.332,1.000,1.000,0.791
2017,PATK,97.6,19.4,24.5,-11.320,0.728,-1,0.000,-0.074,-0.377,0.0682,0.031,-0.039,0.680,-0.0114,-0.0073,0.544,0.690,0.479,1.000,0.974
2017,PENN,3.8,105.5,44.8,-2.340,0.343,-3,,0.368,0.356,0.1532,0.165,0.052,0.430,0.1208,0.0298,0.977,0.000,0.612,0.389,31.784
2017,PKE,20.5,11.3,27.3,0.520,0.978,1,-0.168,-0.169,0.060,0.0724,0.174,-0.066,2.910,-0.0009,-0.0696,0.001,0.028,0.015,0.587,0.587
2017,POOL,42.6,17.4,24.1,0.200,1.028,1,0.000,-0.184,-0.257,0.0219,0.090,0.019,1.880,-0.0348,0.0075,0.294,0.566,0.449,1.000,0.327
2017,POWL,51.6,-20.6,16.0,-6.390,1.319,-1,0.000,4.157,4.421,-0.0204,0.156,-0.008,0.830,0.0038,-0.0072,0.000,0.000,0.000,0.527,-0.435
2017,PR,82.4,3.9,23.2,10.230,1.615,3,,1.020,0.752,-0.2383,0.441,-0.007,31.640,6.8972,0.3134,0.529,0.223,0.365,1.000,-1.368
2017,PRIM,28.7,-3.0,22.0,29.720,-2.434,1,-0.097,0.218,0.007,0.0481,0.066,-0.025,0.650,0.0038,0.0029,0.574,0.474,0.672,0.550,1.026
2017,PRKS,-13.2,-18.8,14.1,-15.290,,-1,,,,-0.0098,0.466,-0.001,1.190,0.0020,-0.0099,0.472,0.425,0.000,0.320,-0.169
2017,QUAD,151.1,-17.9,17.3,-1.600,1.186,-2,0.058,-0.300,-0.198,0.0672,0.094,0.038,0.320,0.0688,0.0824,0.987,0.007,0.078,0.778,5.260
2017,RBA,49.6,-6.8,20.9,-9.540,0.467,-1,,1.771,1.687,0.2768,0.493,0.120,6.620,0.0069,-0.0038,0.675,0.517,0.552,0.870,1.034
2017,RBC,32.0,-3.2,19.4,-1.840,0.479,-3,0.028,,,0.1400,0.175,-0.009,2.870,0.0137,-0.0476,0.000,0.141,0.181,0.287,0.728
2017,RES,90.0,12.1,29.2,22.190,0.442,4,-0.231,2.153,2.329,-0.1458,0.162,0.035,6.590,0.0028,0.0684,0.483,0.306,0.449,1.000,-11.351
2017,REX,56.5,4.2,22.7,8.240,2.599,7,0.247,,,0.1488,0.058,0.039,1.200,-0.0353,0.1025,0.687,0.735,0.319,0.836,1.595
2017,RGLD,124.3,14.7,26.1,-50.250,0.152,-1,-0.077,0.113,0.023,0.3237,0.023,-0.010,11.300,0.0020,0.0439,0.521,0.477,0.457,0.329,0.755
2017,RGR,-21.7,-3.9,20.2,-27.350,0.185,-1,0.123,-0.177,-0.239,0.1956,0.148,0.020,1.440,-0.0157,0.0244,0.820,0.584,0.515,0.000,1.044
2017,RRX,33.6,5.1,24.8,6.250,0.242,2,,,,0.1079,0.162,-0.012,1.030,0.0089,0.1261,0.933,0.605,0.239,0.750,1.448
2017,RUSHA,77.8,47.4,28.1,3.210,0.791,2,0.000,-0.404,-0.283,0.0229,0.007,0.014,0.210,-0.0207,0.0062,0.500,0.747,0.111,0.688,0.838
2017,RYAM,134.0,8.3,26.4,14.910,0.234,1,,0.110,0.156,0.1126,0.069,-0.020,0.830,0.0175,-0.0073,0.539,0.087,0.467,0.443,0.755
2017,SAH,44.9,-21.8,18.3,0.950,1.371,2,0.065,0.024,-0.011,0.0323,0.006,0.093,0.120,-0.0343,0.0041,1.000,0.291,0.408,0.571,1.269
2017,SBLK,209.4,28.9,30.2,11.510,0.110,1,0.036,0.345,0.359,-0.3692,0.080,0.031,2.450,0.2943,4.3720,0.967,0.592,0.159,0.553,-0.281
2017,SEDG,-47.3,149.1,48.6,-22.340,-0.914,-4,,-0.183,-0.077,0.1358,0.186,0.074,1.290,-0.0076,-0.0185,0.946,1.000,0.000,0.019,2.743
2017,SHAK,-14.5,9.8,21.1,3.530,1.088,2,,0.134,-0.301,0.0681,0.199,0.008,3.230,0.3860,-0.0035,0.820,0.709,0.272,0.472,1.327
2017,SHOO,6.4,18.4,28.0,-1.050,1.855,-3,0.000,0.041,0.064,0.1178,0.128,-0.008,1.490,-0.0326,0.0054,0.331,0.875,0.000,0.143,0.891
2017,SID,23.8,2.0,13.9,23.450,1.603,4,,,,0.1377,0.088,-0.066,0.650,-0.0219,-0.0493,0.114,0.246,0.988,0.320,0.809
2017,SKY,247.6,50.0,36.5,-16.070,0.370,-1,,,,-0.0079,0.089,-0.014,2.600,0.0000,-0.0391,0.832,0.429,0.605,1.000,-0.184
2017,SMP,65.5,-3.0,21.0,0.720,1.064,4,-0.143,0.022,-0.099,0.0616,0.219,-0.016,1.090,0.0087,0.0144,0.233,0.440,0.794,1.000,0.742
2017,SSD,38.4,33.6,31.9,1.490,1.217,2,-0.027,-0.196,-0.280,0.1305,0.182,-0.001,2.420,-0.0173,0.0088,0.671,0.846,0.491,0.875,1.047
2017,SSRM,96.8,-24.1,16.0,-45.210,0.473,-1,0.091,0.118,-0.288,0.1846,0.009,-0.006,2.650,0.4745,0.7014,0.978,0.410,0.306,0.207,0.487
2017,STN,20.5,8.7,23.0,10.100,1.147,4,-0.089,0.576,-0.214,0.0389,0.293,-0.013,0.930,0.2152,-0.0144,0.000,0.000,1.000,0.222,0.486
2017,SUN,-4.8,8.3,22.8,24.990,-2.204,1,,-0.920,-1.092,-0.1319,0.024,-0.021,0.170,0.7426,-0.1245,0.000,0.256,0.085,0.208,-9.541
2017,SUZ,26.9,137.1,41.1,-15.670,-0.389,-1,,,,-0.1637,0.067,0.058,1.670,0.0017,-0.4500,0.000,0.403,0.345,0.913,-0.900
2017,SWBI,-23.7,-53.6,10.1,-52.240,0.171,-1,0.250,-0.214,-0.322,0.2150,0.076,-0.003,0.950,0.0205,-0.0229,0.636,0.998,0.392,0.255,1.022
2017,SXC,182.1,20.4,30.8,4.840,0.620,2,-0.133,3.978,4.057,0.1453,0.069,-0.070,0.530,0.0141,0.0751,1.000,1.000,0.197,0.409,2.393
2017,SXI,42.9,1.1,26.4,5.030,0.470,1,0.052,0.168,0.213,0.0761,0.027,0.068,1.750,-0.0023,-0.0122,0.114,0.479,0.256,1.000,0.809
2017,TDW,-55.3,-59.5,10.7,6.370,0.865,1,-0.149,,,-0.3076,0.065,-0.025,4.810,1.5503,-0.2427,0.598,0.724,0.089,0.046,-30.172
2017,TEN,-23.7,-30.3,16.7,2.600,1.741,1,0.161,0.003,-0.058,0.0353,0.042,0.045,0.160,-0.0453,-0.0287,0.000,0.715,0.531,0.087,0.594
2017,TEX,57.2,34.6,24.1,-2.580,1.073,-3,,-0.859,-0.477,-0.2792,0.165,0.004,0.720,-0.0320,-0.3282,0.000,0.000,0.000,1.000,-7.376
2017,TFII,89.2,-11.2,19.2,54.210,-8.170,2,,1.114,0.631,0.0613,0.000,-0.019,1.100,-0.0488,-0.0035,0.615,0.000,1.000,1.000,0.874
2017,TGLS,-14.7,-14.0,20.2,3.140,1.115,1,-0.211,0.198,-0.106,0.0988,0.000,-0.037,1.220,0.1832,-0.0662,0.514,0.678,0.740,0.000,0.768
2017,THRM,-6.4,-17.8,17.2,7.500,2.905,1,,-0.062,-0.176,0.1119,0.221,0.078,1.540,0.0010,-0.0300,0.506,0.970,0.031,0.521,1.059
2017,TK,23.8,-20.8,16.3,-10.670,2.020,-4,,-0.669,-0.458,0.1501,0.058,-0.032,0.360,0.1848,-0.0609,0.847,0.281,0.000,0.079,1.253
2017,TKR,58.1,9.8,23.9,-1.270,1.180,-1,0.044,-0.196,-0.112,-0.0176,0.244,0.007,1.300,-0.0411,0.1834,0.494,0.081,0.548,1.000,-0.286
2017,TNET,105.1,56.1,37.0,-3.570,0.767,-4,0.056,-0.216,-0.334,0.0527,0.062,-0.010,0.620,-0.0149,0.0119,0.725,0.204,0.000,0.297,1.284
2017,TNK,-46.2,-54.4,9.6,-13.800,1.834,-6,,-0.011,0.292,0.0481,0.038,-0.020,0.720,0.0115,-0.2864,0.957,0.152,0.000,0.059,0.188
2017,TPC,105.5,-18.0,19.4,4.390,,1,0.000,0.182,0.144,0.0418,0.053,-0.049,0.280,0.0201,0.0289,0.948,0.543,0.185,0.640,2.004
2017,TREX,78.6,57.0,33.1,-6.060,0.531,-1,0.048,0.008,-0.061,0.2073,0.193,0.019,4.390,-0.0454,0.0587,0.850,0.813,0.346,1.000,1.713
2017,TRN,33.8,23.0,26.8,-0.730,1.026,-1,0.189,-0.286,0.000,0.1482,0.092,-0.009,0.660,-0.0013,-0.0832,0.117,0.565,0.008,0.524,0.806
2017,TTEK,78.0,16.5,29.9,-6.670,0.743,-1,,-0.218,-0.411,0.0596,0.062,-0.026,0.920,-0.0276,0.0009,0.920,0.616,0.819,1.000,1.355
2017,TTI,-18.1,-16.5,18.3,9.390,0.777,2,,0.036,0.363,-0.1014,0.154,-0.002,0.620,0.2093,0.0594,0.255,0.000,0.139,0.380,-8.174
2017,TX,87.3,54.8,32.4,6.780,-0.478,3,-0.143,-0.152,-0.174,0.1334,0.037,0.006,0.640,0.0000,0.0275,0.500,0.534,0.950,0.821,1.120
2017,UAN,-10.7,-40.1,12.9,-30.440,0.485,-1,,-0.222,-0.509,0.0113,0.086,-0.033,1.840,0.5491,-0.2971,0.363,0.000,0.643,0.041,0.043
2017,UFPI,64.6,3.2,21.5,23.070,3.731,2,0.030,0.240,-0.075,0.0411,0.101,-0.014,0.660,0.0010,-0.0062,0.680,0.849,1.000,0.895,1.136
2017,ULH,-12.8,62.9,34.4,-3.200,1.714,-1,-0.091,-0.126,-0.050,0.0222,0.029,0.011,0.360,0.0012,-0.0424,0.000,0.491,0.000,0.094,0.371
2017,URBN,-9.8,42.6,31.7,-2.860,0.366,-1,-0.018,0.597,0.581,0.0966,0.234,-0.011,0.840,-0.0151,-0.0183,0.334,0.000,0.083,0.020,0.845
2017,USAC,135.4,-6.9,16.7,22.520,-0.688,1,,0.722,0.630,0.1187,-1.767,0.000,3.930,0.0880,2.3824,0.952,0.000,0.294,0.490,4.879
2017,USLM,35.3,1.7,27.1,4.800,2.096,2,,,,0.1474,0.006,-0.003,2.990,-0.0055,0.0481,0.422,0.407,0.764,1.000,0.892
2017,VAC,58.5,46.4,34.7,3.540,,1,0.052,0.219,0.184,0.1476,0.207,0.083,1.480,-0.1136,0.0336,1.000,1.000,0.540,0.953,1.363
2017,VET,44.0,-15.8,18.5,17.920,-3.209,2,,,,0.0446,0.156,-0.006,7.050,0.0709,0.0696,0.515,0.427,0.756,0.988,0.235
2017,VMI,30.0,9.3,23.0,9.960,-1.821,6,0.110,0.019,-0.045,0.0832,0.162,0.003,1.290,-0.0123,0.1100,0.576,0.436,0.562,0.940,0.786
2017,VNOM,28.7,33.7,25.0,33.690,6.186,3,,1.047,0.646,0.6056,0.006,0.010,19.970,0.1013,0.3485,1.000,1.000,0.907,0.755,3.451
2017,VSEC,38.5,18.1,26.0,22.790,1.885,3,,,,0.0618,0.011,0.010,0.640,0.0040,-0.0427,0.000,0.000,0.951,0.542,0.694
2017,W,-13.8,148.0,52.4,-11.960,0.735,-4,,0.500,0.169,-0.0444,0.188,-0.065,0.980,0.0163,-0.0228,0.807,0.516,0.000,0.050,-0.850
2017,WCC,94.9,-8.1,23.8,-0.090,1.026,-2,0.011,-0.041,-0.005,0.0457,0.139,-0.004,0.500,0.0424,-0.0026,0.335,0.000,0.156,0.667,0.851
2017,WEN,41.0,17.6,25.6,-11.610,1.536,-1,-0.111,-0.329,0.003,0.2556,0.197,-0.045,2.450,-0.0755,0.0051,0.860,0.457,0.000,1.000,2.160
2017,WFG,36.5,65.0,31.5,4.280,1.330,2,,,,0.1153,0.141,-0.020,0.950,-0.0508,0.1041,0.783,0.291,0.825,0.365,1.417
2017,WGO,38.7,48.9,32.8,49.670,4.423,5,0.067,1.067,0.425,0.0766,0.026,0.063,0.810,0.1729,0.0168,1.000,1.000,1.000,0.516,1.261
2017,WLFC,30.8,10.7,27.1,11.410,-0.047,1,,-0.223,-0.228,0.0659,0.236,-0.008,2.350,-0.2022,-0.0529,0.709,0.205,0.272,0.345,1.941
2017,WNC,65.0,34.1,35.9,-2.390,1.190,-5,-0.026,-0.294,-0.144,0.0879,0.029,0.005,0.610,-0.0523,-0.0126,0.649,0.685,0.000,1.000,1.189
2017,WOR,40.0,-19.5,12.8,4.710,2.180,5,-0.109,0.128,0.041,0.0456,0.107,0.008,0.700,0.0196,0.0068,0.731,0.410,0.614,0.827,1.041
2017,WTI,-5.8,56.1,34.2,25.630,-0.718,4,,-0.600,-0.707,0.1850,0.418,0.044,0.900,0.8025,0.7694,0.934,1.000,0.744,0.509,0.336
2017,WWW,50.6,21.7,25.6,8.200,0.260,1,0.065,-0.142,-0.114,0.0207,0.167,0.050,0.980,-0.0135,0.0021,0.036,0.074,0.072,0.385,0.240
2017,ZWS,43.0,28.2,32.9,-2.870,-1.739,-1,,,,0.0726,0.221,-0.006,0.580,0.0173,-0.0328,0.334,0.000,0.354,0.613,0.662
2018,AAON,21.0,8.0,3.4,4.920,1.566,2,-0.125,2.597,2.461,0.1667,0.004,0.081,3.370,-0.0091,-0.0283,0.454,0.729,0.875,0.496,0.880
2018,ABG,2.3,7.0,5.5,5.080,-0.055,1,0.138,-0.033,-0.035,0.0443,0.108,0.033,0.220,-0.0367,-0.0037,0.371,0.229,0.236,0.217,0.988
2018,AGI,-40.2,-2.8,4.2,19.770,8.759,1,,0.431,0.207,0.1058,0.043,-0.075,3.070,0.1649,0.0793,0.940,0.152,0.336,0.135,0.438
2018,AGX,-33.3,17.2,15.4,-50.760,-0.549,-4,,-0.327,-0.147,0.0481,0.067,0.012,0.760,0.0008,-0.0958,0.000,0.000,0.091,0.000,0.264
2018,ALGT,-7.4,-21.5,-3.8,8.120,2.771,1,0.100,-0.004,-0.131,0.0691,0.042,-0.001,1.680,-0.0308,-0.1337,0.055,0.351,0.656,0.111,0.344
2018,ALNT,36.2,29.6,3.0,11.660,2.811,2,,,,0.0793,0.113,-0.022,1.770,0.0104,0.0185,0.516,0.944,0.199,1.000,1.011
2018,AMRC,62.3,81.3,6.2,7.810,1.584,5,,-0.834,-1.046,0.0666,0.130,0.186,0.630,0.0011,0.0245,0.975,0.658,1.000,0.674,3.070
2018,ARCB,15.8,12.3,-5.4,-0.980,0.769,-2,0.167,-0.741,-0.773,0.0235,0.000,-0.008,0.330,0.0102,0.0217,0.735,0.414,0.290,0.625,1.328
2018,ARCO,27.0,-22.5,5.3,2.500,1.291,1,,0.450,0.339,0.1118,0.077,0.000,0.620,0.0017,0.0448,0.984,0.990,0.790,0.764,2.245
2018,ARLP,-13.7,-11.0,-2.7,9.540,0.468,1,-0.035,-0.113,-0.029,0.1622,0.033,-0.028,1.540,0.7574,-0.0735,0.648,0.071,0.373,0.908,0.840
2018,AROC,-34.5,6.5,4.4,6.800,7.643,7,,,,0.3373,0.142,0.028,0.800,0.0112,-0.0313,0.807,0.759,0.759,0.639,1.154
2018,ATI,33.6,-14.4,-2.2,1.500,1.117,2,,-0.152,-0.295,0.0902,0.042,0.056,1.000,0.0911,0.0860,1.000,1.000,0.997,0.811,1.629
2018,ATRO,25.0,-6.6,1.0,14.720,-3.179,2,-0.067,3.348,3.236,-0.0473,0.289,0.043,1.600,-0.0497,-0.1472,0.000,0.000,0.200,0.529,-0.420
2018,AVAV,93.2,52.3,5.1,-27.050,0.428,-1,-0.063,-0.365,-0.567,0.0029,0.518,0.008,3.870,0.0187,0.0297,0.491,0.381,0.721,1.000,0.543
2018,AVNT,26.4,-26.3,-3.5,4.610,-0.550,2,-0.035,-0.096,-0.112,0.0572,0.219,-0.040,1.070,-0.0227,-0.0163,0.642,0.816,0.295,0.935,0.843
2018,AXON,6.2,113.0,6.4,-10.250,0.599,-4,,,,0.0808,0.585,-0.032,4.190,-0.0049,-0.0339,0.302,0.986,0.053,0.083,0.541
2018,AZZ,-33.8,15.1,9.5,-9.400,4.955,-1,,0.105,0.223,0.0463,0.143,-0.121,1.300,-0.0043,-0.0579,0.000,0.000,0.039,0.000,0.383
2018,BBSI,18.9,2.1,3.1,4.010,1.600,1,0.211,0.545,0.438,0.0488,-2.956,0.042,0.600,0.0168,0.0040,0.912,0.836,0.140,0.347,4.912
2018,BCC,62.2,-31.4,1.2,3.810,1.255,2,-0.125,-0.393,-0.581,0.0198,0.077,-0.043,0.370,0.0117,0.0230,0.382,0.388,0.704,0.786,0.671
2018,BCPC,-13.8,11.6,3.4,4.330,1.492,3,0.097,0.095,-0.037,0.1674,0.102,-0.014,4.080,0.0072,-0.0073,0.570,0.884,0.268,0.442,0.993
2018,BJRI,8.6,32.4,5.7,-7.380,-0.296,-2,0.156,-0.182,-0.165,0.0420,0.053,0.004,0.790,-0.0966,-0.0205,0.596,0.374,0.000,0.130,0.878
2018,BLBD,33.0,-9.5,5.7,9.770,2.065,2,0.000,-0.231,-0.421,-0.0296,0.157,0.116,0.450,0.0588,-0.0296,0.206,0.332,0.552,0.878,-0.852
2018,BOOT,61.6,33.0,0.1,5.890,1.867,2,-0.115,-0.301,-0.428,0.1086,0.212,0.029,0.720,0.0159,0.0039,0.799,0.589,0.207,0.239,1.842
2018,BSM,2.7,-0.2,1.4,78.440,-6.732,1,-0.011,-0.081,-0.764,0.2411,0.268,0.003,8.420,0.0404,0.3113,0.864,0.414,0.469,0.031,1.511
2018,BTU,30.0,-11.1,5.6,-17.080,0.237,-1,-0.082,-0.206,-0.259,0.1989,0.025,-0.006,0.770,4.8197,0.2300,1.000,0.969,0.618,1.000,3.956
2018,BVN,26.4,8.8,3.2,-7.990,0.785,-1,-0.074,,,0.0142,0.022,-0.008,3.100,-0.0008,-0.0722,0.582,0.655,0.888,0.811,0.431
2018,BYD,82.0,-24.5,3.1,-3.230,0.692,-1,-0.185,-0.101,-0.174,0.1364,0.146,0.007,1.810,-0.0035,0.0824,0.833,0.907,0.717,1.000,1.169
2018,BZH,32.5,-26.6,2.3,3.340,1.516,2,,-0.206,-0.304,0.0179,0.039,0.010,0.290,0.0051,0.0142,0.570,0.501,0.321,0.438,0.644
2018,CAKE,-23.1,0.6,4.4,-4.370,,-2,0.000,0.260,0.312,0.0433,0.061,0.013,0.960,-0.0423,-0.0349,0.000,0.000,0.000,0.059,0.550
2018,CAPL,-9.1,-28.9,1.0,-1.300,0.887,-1,,-0.409,-0.511,0.0214,0.008,0.008,0.390,0.0161,0.0077,0.935,0.320,0.370,0.667,1.738
2018,CAR,-4.2,-24.1,3.3,3.840,2.061,3,0.171,0.495,0.420,0.0718,0.121,-0.025,0.370,-0.0538,0.0186,0.425,0.102,0.790,0.189,0.943
2018,CASY,-1.4,14.8,1.5,3.910,1.321,2,-0.238,0.464,0.303,0.0194,0.000,0.013,0.520,-0.0430,-0.0067,0.057,0.583,0.981,0.439,0.485
2018,CBRL,0.9,4.7,5.0,1.900,,2,0.182,-0.011,-0.030,0.0973,0.046,-0.068,1.320,-0.0022,-0.0097,0.665,0.506,0.474,0.902,1.065
2018,CBT,14.1,-25.2,2.3,1.040,1.062,2,0.192,0.149,-0.030,0.1306,0.117,0.023,1.410,-0.0143,-0.0037,0.957,0.763,0.966,0.889,1.314
2018,CCJ,-21.3,48.8,10.7,20.380,0.131,1,,-0.806,-0.776,-0.0873,0.048,-0.045,2.010,0.0000,0.0587,0.408,0.695,0.394,0.139,-3.168
2018,CCS,25.8,-19.2,5.1,26.400,1.530,2,0.000,0.366,-0.397,0.0571,0.000,0.012,0.580,0.3527,-0.0154,0.168,0.098,0.315,0.081,0.722
2018,CDE,-34.5,-30.0,4.9,-2.980,,-1,,0.568,0.600,0.3264,0.035,-0.040,2.080,0.0486,-0.0446,0.893,0.701,0.281,0.540,1.528
2018,CECO,69.7,16.7,2.5,-10.100,1.618,-1,,,,-0.1116,0.303,-0.013,1.400,0.0084,0.3927,0.642,0.918,0.000,1.000,-6.031
2018,CHDN,71.8,13.5,4.2,-39.470,-9.506,-1,,-0.534,-0.177,-0.0715,0.234,0.007,3.270,-0.0774,-0.2286,0.025,0.358,0.000,1.000,-0.770
2018,CHH,35.2,4.9,3.6,3.830,1.372,1,0.073,-0.052,-0.194,0.2382,2.436,-0.029,4.550,0.0305,-0.0138,0.299,0.650,0.792,0.763,0.905
2018,CLF,-30.6,38.2,-0.1,-46.530,-0.774,-1,,-0.704,-0.501,0.1752,0.047,-0.055,1.020,0.2822,0.0006,0.996,0.605,0.351,0.791,0.652
2018,CLH,-11.4,20.2,4.5,4.380,2.214,1,-0.143,0.451,0.371,0.0374,0.159,-0.002,0.970,-0.0069,0.0057,0.564,0.577,0.351,0.414,0.864
2018,CLMT,105.9,-63.7,0.8,-20.200,-0.492,-1,,4.604,4.671,0.0358,0.023,0.043,0.150,0.0056,0.0655,0.784,0.335,0.408,0.195,2.837
2018,CMC,16.8,-29.9,-1.7,44.960,-1.207,1,0.018,0.270,0.024,0.0436,0.089,0.067,0.700,0.0107,0.0231,0.857,0.657,1.000,1.000,1.310
2018,CMCO,39.2,-6.9,1.9,-3.220,0.920,-1,,0.120,-0.249,0.0679,0.138,0.013,1.080,0.1228,0.0330,0.670,0.858,0.935,0.808,0.874
2018,CMP,-14.2,-25.1,3.9,-58.540,0.054,-1,0.114,0.099,0.066,0.1756,0.095,-0.004,1.720,0.0010,0.0282,0.308,0.173,0.385,0.047,1.054
2018,CMRE,4.3,-21.9,-3.7,5.720,0.602,1,0.134,-0.121,-0.034,0.1766,0.022,-0.019,1.190,0.3210,0.1246,0.285,0.030,0.143,0.209,0.447
2018,CNR,44.2,3.6,0.0,-17.310,-0.414,-3,0.088,-0.037,0.014,0.0889,0.076,0.029,0.680,-0.6076,0.0650,0.703,0.879,0.392,0.320,3.910
2018,CNX,-19.2,-1.1,-1.8,-56.450,-2.742,-3,,-0.509,-0.095,-0.1011,0.080,-0.012,1.420,-0.0062,0.0547,0.356,0.000,0.000,0.442,-3.591
2018,CODI,-0.6,-4.6,3.6,-19.040,0.330,-4,-0.023,0.115,0.022,0.0487,0.228,0.012,0.790,0.0801,0.0828,0.235,0.978,0.472,0.000,0.906
2018,CPAC,27.9,-18.0,4.2,-2.690,0.729,-1,,0.011,-0.061,0.0739,-0.018,0.004,2.740,-0.0145,-0.1507,0.000,0.504,0.856,0.512,0.328
2018,CPS,8.1,-36.4,2.0,5.580,4.571,1,0.103,-0.095,-0.167,0.0806,0.087,0.012,0.600,-0.0116,0.0125,0.977,0.910,0.631,1.000,1.407
2018,CRAI,24.1,-3.8,4.4,10.130,1.859,1,0.108,-0.263,-0.483,-0.0066,0.276,0.063,1.010,-0.0322,-0.0520,0.220,0.055,1.000,1.000,-0.116
2018,CRC,14.0,5.8,2.0,10.450,2.228,1,-0.242,4.039,3.849,0.2232,0.111,-0.006,0.420,0.0449,0.1772,0.787,0.614,0.619,0.371,6.046
2018,CROX,77.4,133.0,8.6,7.300,-5.868,5,-0.182,-0.084,-0.147,-0.1526,0.048,-0.130,0.830,-0.0629,0.0597,0.357,0.517,0.726,0.447,-6.728
2018,CRS,15.5,-10.1,-1.2,-9.210,0.605,-1,0.058,0.168,0.027,0.0849,0.091,-0.019,1.230,0.0106,0.0488,0.837,0.694,0.788,0.614,1.325
2018,CSW,12.5,24.3,11.8,-21.330,-0.670,-2,,,,0.1199,0.318,-0.063,1.900,-0.0126,0.0751,0.369,0.603,0.000,0.863,0.955
2018,CTRN,40.4,-22.7,2.5,4.260,1.422,3,0.137,0.144,0.001,0.0458,0.009,0.133,0.480,-0.0709,0.0030,0.730,0.569,0.966,0.545,2.499
2018,CVCO,52.5,9.2,3.4,2.970,1.460,1,,-0.224,-0.319,0.1076,0.000,0.032,1.650,0.0123,0.0209,1.000,0.914,0.285,0.937,1.617
2018,CZR,81.1,47.6,7.6,23.260,1.276,3,,12.813,11.739,0.0695,0.059,-0.012,1.750,-0.2023,0.0061,0.594,0.185,0.698,0.806,0.887
2018,DCH,-25.7,-3.4,3.5,11.930,1.167,1,0.171,0.481,-0.351,0.0857,0.081,-0.036,0.280,0.4379,0.0123,0.700,0.623,1.000,0.037,1.017
2018,DCO,-7.5,49.4,5.5,-4.780,-0.035,-2,0.242,-0.297,-0.296,-0.0193,0.141,-0.012,0.580,0.0106,-0.0821,0.835,0.788,0.803,0.786,-1.409
2018,DDS,54.8,-20.9,2.1,7.000,,4,,-0.016,-0.079,0.0626,0.232,0.169,0.370,-0.1420,0.0089,0.546,0.092,1.000,0.255,0.976
2018,DECK,57.0,45.7,-2.0,7.310,,1,,-0.588,-0.654,0.2384,0.284,0.018,1.490,-0.0083,0.1683,0.951,0.947,0.585,0.610,81.227
2018,DHT,-26.2,19.1,6.1,-21.490,0.287,-1,,0.157,0.070,0.0298,0.018,0.006,1.360,0.2482,-0.2717,0.687,0.000,0.126,0.132,0.318
2018,DKL,-0.6,-3.6,0.9,-0.270,0.987,-1,-0.109,0.209,-0.004,0.1567,0.006,0.015,1.400,0.0006,0.0030,0.699,0.740,0.949,0.674,1.253
2018,DKS,-31.6,18.3,2.1,-0.120,0.984,-4,0.017,-0.202,-0.275,0.0669,0.124,0.010,0.400,-0.0625,0.0113,0.456,0.345,0.495,0.095,0.974
2018,DMLP,-4.3,14.9,2.5,64.940,4.850,1,,,,0.7285,0.060,0.026,8.880,0.0525,0.0890,1.000,1.000,0.839,0.000,1.242
2018,DQ,105.3,-30.3,3.4,60.200,1.932,2,0.089,-0.111,-1.359,0.4203,0.046,-0.113,1.560,0.0496,0.2132,1.000,1.000,0.735,0.277,2.251
2018,DXPE,-13.5,-1.7,3.4,9.970,2.047,5,,0.099,-0.096,0.0320,0.236,0.016,0.590,0.0472,-0.0020,0.826,0.051,0.913,0.377,6.190
2018,DY,13.0,-43.2,2.1,-1.180,1.219,-4,0.200,-0.013,0.053,0.0179,0.092,-0.043,1.180,0.0018,-0.0475,0.137,0.000,0.000,0.814,0.262
2018,EBF,19.6,0.2,15.5,-4.980,0.107,-1,-0.148,-0.232,-0.238,0.0911,-0.378,-0.002,1.400,-0.0052,-0.0212,0.924,0.708,0.777,0.976,1.408
2018,EFXT,-21.5,23.4,5.3,17.390,1.507,1,,,,0.1031,0.075,0.000,1.050,-0.0010,0.0056,1.000,0.255,0.860,0.350,1.514
2018,EGO,-71.2,-16.4,2.6,6.370,0.645,6,,-0.027,0.089,-0.2540,0.214,0.010,2.110,0.1077,-0.3416,0.924,0.273,0.516,0.000,-0.501
2018,EMBJ,6.1,-22.9,3.1,-73.600,6.425,-1,,-0.427,0.444,0.0346,0.062,-0.029,0.290,-0.0019,-0.0742,0.575,0.389,0.000,0.333,0.592
2018,ENR,11.7,-18.0,0.1,-5.110,0.324,-1,0.084,-0.004,-0.028,0.2332,0.074,0.098,2.020,-0.0223,-0.0250,0.876,1.000,0.762,0.944,1.585
2018,ENS,-14.6,33.3,8.4,9.740,2.360,4,0.097,0.055,-0.114,0.1039,0.147,0.005,1.110,-0.0437,0.0061,0.787,0.414,1.000,0.295,1.078
2018,EPAC,-15.4,12.7,8.1,-2.420,0.722,-1,-0.072,-0.009,-0.072,0.0348,0.249,-0.038,1.210,0.0029,-0.0161,0.832,0.000,0.880,0.282,1.260
2018,ESI,-18.4,10.0,3.4,11.000,8.371,1,,-0.456,-0.581,-0.0486,0.310,0.018,0.820,-0.0021,-0.0759,0.134,0.258,0.050,0.043,-0.700
2018,ETSY,73.5,169.5,7.2,2.150,1.100,3,,0.030,-0.207,0.1342,0.384,-0.004,5.950,0.0826,0.1029,1.000,1.000,0.194,0.193,18.721
2018,FCN,16.8,45.0,7.3,3.340,2.341,3,,-0.110,-0.168,0.0738,0.238,0.088,0.980,-0.1041,0.0496,0.691,0.486,0.745,0.966,1.016
2018,FET,-42.8,-62.2,3.8,24.720,1.566,8,,0.045,-0.639,-0.1094,0.000,-0.080,1.840,0.1817,0.0592,0.758,0.056,1.000,0.357,-1.926
2018,FIVE,76.1,74.6,11.8,1.160,1.040,5,0.017,0.044,-0.257,0.2050,0.206,-0.027,2.930,0.0103,0.0018,0.992,1.000,0.724,0.296,2.249
2018,FIX,27.9,23.0,5.3,5.440,1.448,3,-0.118,0.090,-0.086,0.0518,0.152,0.029,0.880,-0.0013,-0.0133,0.669,0.676,1.000,1.000,1.101
2018,FND,36.3,-16.8,3.8,13.200,1.493,1,0.056,0.160,-0.240,0.0832,0.262,-0.020,3.320,0.1299,0.0114,0.731,1.000,0.298,0.136,1.211
2018,FOXF,42.4,62.6,4.9,-8.320,0.507,-3,0.152,0.153,0.067,0.1326,0.103,-0.039,3.160,0.0235,0.0117,0.701,0.806,0.295,0.822,1.111
2018,FRO,-45.0,62.8,6.0,10.780,-0.015,3,,0.795,0.794,-1.2894,0.050,-0.040,1.020,0.1146,-1.3894,0.000,0.172,0.217,0.413,-44.401
2018,FSM,1.5,-22.5,1.8,32.060,-16.423,1,-0.144,0.494,0.192,0.7653,0.115,-0.019,2.750,0.1293,0.4584,1.000,1.000,0.625,0.133,5.580
2018,FSS,43.8,7.2,3.9,7.390,1.223,3,0.200,0.221,-0.185,0.0602,0.186,0.091,1.420,0.0000,-0.0182,0.000,0.114,0.834,0.748,0.626
2018,FTAI,4.9,-0.4,3.7,0.400,1.009,1,,4.134,3.683,0.0189,0.130,-0.047,4.850,0.0003,-0.0050,0.286,0.020,0.239,0.023,0.218
2018,FTK,-47.0,-43.3,3.0,-5.150,0.344,-2,,-0.486,-0.513,0.0293,0.272,0.011,1.010,-0.0294,-0.0497,0.806,0.169,0.587,0.071,1.329
2018,FUL,9.2,-21.5,-3.5,8.220,1.842,2,-0.118,0.376,0.197,0.0513,0.198,0.004,1.240,0.0067,-0.0554,0.437,0.200,0.681,0.830,0.867
2018,FUN,2.1,-21.8,3.8,18.490,,1,,0.033,-0.155,0.0864,0.187,0.011,2.890,0.0156,-0.0183,0.836,0.808,0.552,0.753,0.437
2018,FWRD,27.3,-0.3,6.0,3.320,1.271,6,-0.013,0.164,0.008,0.0940,0.033,0.021,1.600,-0.0174,-0.0126,0.761,0.598,0.603,0.349,0.953
2018,GBX,8.4,-16.3,-1.3,-1.420,0.480,-1,-0.108,0.057,0.044,0.0745,0.084,-0.041,0.760,0.0088,-0.0573,0.587,0.414,0.348,0.615,0.640
2018,GEL,-40.6,6.1,4.1,62.550,12.040,2,,6.986,6.303,0.0881,0.039,-0.012,1.280,0.0390,-0.0134,0.495,0.406,1.000,0.239,1.202
2018,GEO,-37.0,17.5,5.7,-1.810,0.189,-6,0.086,-0.009,-0.014,0.1168,0.082,-0.009,1.090,0.1005,-0.0032,0.421,0.458,0.285,0.252,0.943
2018,GIII,67.6,6.5,10.1,-4.680,0.000,-2,,-0.773,-0.773,0.0411,0.307,-0.120,0.540,0.0272,0.0000,0.360,0.567,0.000,0.183,0.812
2018,GLP,-15.9,17.5,2.5,-2.570,0.597,-1,0.250,-0.893,-0.931,0.0062,0.018,-0.006,0.060,0.0065,0.0262,0.837,0.576,0.553,0.400,1.393
2018,GME,-40.9,-26.8,10.0,13.510,10.002,1,,-0.150,-0.300,-0.0276,0.198,0.020,0.160,-0.0112,-0.1217,0.000,0.190,0.739,0.000,-0.547
2018,GNRC,13.1,13.6,7.5,-5.640,0.750,-1,0.128,0.027,-0.143,0.1928,0.113,-0.062,1.680,-0.0163,0.0078,0.701,0.674,0.571,0.154,1.126
2018,GPK,21.1,-20.7,0.4,1.910,1.623,2,-0.105,0.244,0.194,0.0887,0.070,-0.005,1.090,-0.0211,0.0006,0.881,0.066,0.980,0.828,1.062
2018,GPRE,-29.9,-22.0,3.9,-8.250,-0.169,-1,-0.238,-0.167,-0.155,0.0081,0.037,0.021,0.240,0.2564,-0.0521,0.280,0.340,0.409,0.325,0.223
2018,GPRK,61.1,93.4,5.2,12.000,1.187,2,,1.306,0.543,0.1797,0.003,0.068,1.830,0.0109,0.2801,0.950,0.918,0.958,0.697,1.081
2018,GRBK,15.4,-12.8,0.2,-10.160,0.577,-1,-0.028,0.182,0.044,0.1360,0.033,-0.009,1.170,0.0358,-0.0204,1.000,0.017,0.292,0.870,0.023
2018,GRC,-13.0,19.5,8.6,-2.100,0.271,-1,0.000,-0.067,-0.074,0.1214,0.144,0.050,1.910,-0.0392,0.0462,0.808,0.793,0.418,0.568,1.188
2018,GSM,55.0,-86.5,0.2,-5.100,0.786,-1,-0.143,0.190,0.003,0.0535,0.187,0.021,1.550,0.0017,0.1941,0.869,0.647,0.668,0.921,16.615
2018,HBM,-1.8,-26.6,3.0,11.860,1.627,1,0.015,0.707,0.399,0.2650,0.034,0.012,1.560,0.1081,0.0765,0.989,1.000,0.235,0.234,79.940
2018,HESM,-20.6,0.5,2.2,-22.670,-0.033,-1,-0.036,0.119,0.126,0.5163,0.017,-0.041,2.000,0.0007,0.0572,0.995,0.848,0.151,0.003,3.970
2018,HL,-35.6,-25.1,2.9,18.980,0.117,2,,,,0.1490,0.057,-0.027,2.700,0.0036,0.0180,0.850,0.836,0.214,0.357,5.109
2018,HLIO,50.1,-32.8,1.0,-25.800,0.727,-1,-0.001,0.248,-0.440,0.0904,0.342,0.017,4.550,0.0053,-0.0076,0.000,0.000,0.773,0.463,0.398
2018,HLX,-24.1,14.1,4.4,26.270,22.023,1,0.000,1.357,1.082,0.0414,0.102,-0.073,1.620,0.2277,0.3902,0.895,0.287,0.744,0.485,0.817
2018,HNI,-24.3,18.5,13.3,-2.020,0.203,-1,0.119,-0.683,-0.688,0.0485,0.301,-0.026,0.710,-0.0315,-0.0586,0.415,0.280,0.302,0.189,0.809
2018,HTLD,-1.7,-0.8,3.8,-3.640,0.834,-1,,-0.095,-0.279,0.0596,0.046,-0.024,2.760,-0.0001,-0.0897,0.000,0.000,0.431,0.613,0.393
2018,HUBG,1.7,0.5,10.1,5.770,1.443,2,,-0.239,-0.427,0.0354,0.063,-0.032,0.370,0.0044,0.0039,0.852,0.567,1.000,0.261,1.193
2018,HURN,-8.6,33.0,4.0,9.160,-1.280,1,-0.093,1.594,1.542,-0.1459,0.040,-0.028,1.100,0.0020,-0.1931,0.736,0.577,0.491,0.129,-153.579
2018,HWKN,-34.0,31.9,13.6,1.660,1.485,3,,,,0.0398,0.120,-0.021,0.700,0.0050,-0.0135,0.207,0.000,0.702,0.000,0.522
2018,IAG,32.9,-35.3,2.8,20.100,-3.174,1,,-0.598,-0.750,0.0326,0.043,0.012,2.490,0.0297,-0.0030,0.652,0.257,0.374,0.970,0.140
2018,ICFI,10.4,30.5,3.9,11.320,,1,0.000,0.009,-0.101,0.0628,0.270,0.012,0.880,-0.0193,-0.0130,0.351,0.000,0.559,1.000,0.931
2018,IESC,-8.3,-1.2,4.2,2.700,,1,,,,0.0151,0.152,0.018,0.440,-0.0167,-0.0213,0.429,0.615,0.257,0.560,0.723
2018,IIIN,-7.5,-22.6,-1.7,10.140,-0.680,2,0.046,0.541,0.500,0.0603,0.059,0.061,1.550,0.0008,-0.0115,0.220,0.221,0.475,0.908,0.737
2018,IOSP,-4.3,10.3,7.9,-12.970,0.790,-1,0.215,0.093,-0.394,0.1085,0.198,0.008,1.260,0.0042,-0.0273,0.174,0.108,0.844,0.284,0.906
2018,JBTM,22.9,-15.0,11.4,-0.650,0.966,-2,,,,0.1104,0.170,-0.047,2.050,0.0803,0.0257,1.000,0.735,0.663,0.907,1.618
2018,KAI,57.9,-10.4,2.7,3.980,1.089,2,0.056,0.301,-0.186,0.1194,0.312,0.003,2.160,0.0148,0.0129,0.680,0.160,1.000,0.815,1.074
2018,KBH,106.9,-38.5,-1.0,-7.540,0.701,-1,0.091,-0.636,-0.814,0.0940,0.086,0.004,0.790,0.0469,0.0470,1.000,0.833,0.162,0.652,2.029
2018,KEX,16.2,-4.7,-2.1,38.030,2.551,8,0.059,0.328,-0.297,-0.0737,0.107,-0.001,2.010,0.1088,-0.2041,0.000,0.019,1.000,0.463,-0.491
2018,KFRC,13.1,38.2,7.1,3.720,3.727,1,0.216,-0.075,-0.126,0.0541,0.038,-0.008,0.470,-0.0176,0.0066,0.871,0.241,0.390,0.462,1.263
2018,KFY,40.5,8.3,3.1,7.130,1.730,3,0.207,0.036,-0.133,0.1082,0.799,0.021,1.390,-0.0124,0.0307,0.871,1.000,0.353,0.657,1.309
2018,KOS,1.3,-4.8,1.4,-204.510,0.088,-1,-0.091,1.665,1.466,-0.0267,0.098,0.065,4.100,0.0076,0.4519,0.744,0.237,0.290,0.078,-0.134
2018,KRNT,-21.1,58.3,8.2,1.630,0.796,1,-0.167,4.167,4.231,-0.0181,0.361,-0.011,4.120,0.0695,-0.0432,0.462,0.825,0.031,0.316,-1.025
2018,KRO,71.2,-38.7,-1.0,5.400,1.177,3,,0.336,-0.023,0.2568,0.167,0.002,1.600,0.0000,0.1282,1.000,1.000,1.000,0.794,4.931
2018,KTOS,37.6,42.7,5.3,-7.580,0.593,-1,,-0.830,-0.940,-0.0653,0.210,0.006,1.660,0.5802,-0.0905,0.105,1.000,0.844,1.000,-13.879
2018,KWR,8.2,47.3,5.4,-1.440,0.878,-1,0.008,-0.014,-0.118,0.0809,0.351,-0.058,2.310,0.0052,-0.0257,0.288,0.000,0.917,0.853,0.837
2018,LAD,7.0,-22.6,3.7,-0.140,0.992,-1,0.029,0.316,0.137,0.0418,0.010,-0.055,0.280,-0.0076,0.0062,0.460,0.060,0.163,0.065,1.008
2018,LCII,-2.2,-29.1,7.1,1.260,1.036,3,0.035,0.340,-0.018,0.0808,0.158,-0.010,1.310,0.0146,-0.0200,0.334,0.327,1.000,0.526,0.881
2018,LGIH,92.0,-2.4,2.9,1.840,1.027,3,0.029,0.214,-0.496,0.1352,0.071,-0.056,1.250,0.0924,-0.0097,0.851,0.472,0.288,0.224,1.137
2018,LIND,1.7,47.7,5.4,-6.880,0.648,-1,-0.222,-0.783,-0.909,-0.0398,0.171,0.002,1.550,-0.0209,0.0416,0.161,0.015,0.648,0.593,-1.947
2018,LNN,4.1,2.9,13.9,-7.800,0.391,-1,-0.017,-0.049,-0.099,0.0542,0.107,0.023,1.830,0.0085,-0.0144,0.425,0.305,0.550,0.889,0.604
2018,LPX,45.0,-20.3,5.2,8.760,1.429,2,,0.221,-0.071,0.2238,0.064,0.071,1.610,-0.0055,0.1219,1.000,1.000,0.705,1.000,3.785
2018,LZB,-1.9,8.7,4.2,1.650,1.373,1,0.109,-0.095,-0.156,0.0800,0.313,-0.007,0.880,-0.0329,-0.0043,0.593,0.824,0.604,0.531,1.077
2018,MATV,-6.8,-16.0,3.6,-4.550,0.804,-1,0.049,-0.001,-0.187,0.1018,0.058,0.009,1.290,0.0022,0.0706,0.460,0.298,0.866,0.026,0.740
2018,MATX,-5.7,4.1,4.2,-9.310,-0.071,-2,-0.067,-0.249,-0.243,0.0308,0.104,-0.015,0.720,-0.0115,-0.0264,0.061,0.207,0.238,0.278,0.411
2018,MCFT,51.1,5.0,10.5,46.210,7.432,1,,0.346,-0.188,0.1375,0.047,-0.022,1.600,0.0052,-0.0002,0.616,0.345,1.000,0.784,1.074
2018,MCRI,84.1,-1.5,4.0,-9.540,0.080,-1,-0.244,0.083,0.075,0.1452,0.093,-0.006,3.580,0.0587,-0.0382,0.427,0.380,0.126,1.000,0.922
2018,MGRC,27.4,11.0,3.3,5.110,1.466,4,,-0.117,-0.278,0.2191,0.024,-0.012,2.530,0.0119,0.0036,0.765,0.601,0.918,1.000,1.103
2018,MHO,31.4,-19.8,0.7,11.140,2.452,1,-0.063,0.174,-0.014,0.0748,0.064,-0.006,0.510,0.0333,-0.0052,0.717,0.195,0.295,0.405,1.067
2018,MLI,-32.3,-5.2,4.0,2.240,1.259,1,,,,0.0420,0.070,-0.079,0.720,-0.0004,-0.0201,0.009,0.020,0.891,0.080,0.537
2018,MLKN,27.6,-3.8,6.5,5.500,2.172,2,,,,0.0669,0.289,-0.005,0.960,-0.0003,-0.0049,0.906,0.766,0.570,0.870,1.032
2018,MMYT,-1.8,-25.6,4.0,-44.050,0.476,-1,-0.118,0.282,-0.118,-0.2793,0.632,0.053,5.160,0.8969,-0.2538,0.570,0.902,0.483,0.782,-1.511
2018,MOD,69.9,-37.5,-1.1,-13.420,0.776,-1,0.207,0.055,-0.411,0.0271,0.120,-0.017,0.560,0.0309,0.0080,0.782,0.560,0.813,0.972,1.184
2018,MOV,53.6,-15.0,8.5,8.040,2.330,3,,-0.619,-0.760,0.0894,0.490,0.157,1.560,-0.0301,0.0325,0.582,0.613,0.863,0.565,0.915
2018,MRCY,56.0,0.0,-3.9,-0.710,0.966,-3,-0.067,0.265,0.062,0.0923,0.309,-0.005,5.210,0.1866,0.0009,0.841,0.680,0.481,0.860,1.938
2018,MTH,44.4,-19.4,-3.2,0.580,1.084,2,0.080,-0.248,-0.322,0.0933,0.066,0.058,0.630,-0.0374,0.0081,0.547,0.358,0.106,0.196,1.092
2018,MTRN,44.8,-8.7,2.8,13.840,1.774,1,,0.063,-0.254,0.0463,0.137,0.103,0.910,-0.0099,0.0307,0.681,0.779,1.000,1.000,1.265
2018,MTX,-6.2,-23.8,-1.1,1.440,1.231,2,0.009,0.056,-0.021,0.1407,0.124,0.003,1.610,0.0142,-0.0096,0.672,0.659,0.189,0.629,1.118
2018,MTZ,38.9,-16.7,2.5,-3.850,0.835,-2,,-0.005,-0.200,0.0365,0.046,-0.025,0.640,0.0088,-0.0427,0.673,0.286,0.517,0.692,0.819
2018,MUSA,35.0,-5.4,-4.6,4.230,1.665,1,-0.171,1.343,1.237,0.0191,0.012,0.003,0.230,-0.0888,-0.0061,0.462,0.646,0.804,0.875,0.945
2018,MUX,-38.4,-10.7,3.9,118.110,,1,,,,-0.3781,0.237,-0.027,10.700,0.1251,0.0516,0.956,0.128,0.815,0.280,-0.176
2018,MWA,-13.7,-15.3,-0.3,1.400,1.267,4,,-0.027,-0.093,0.1161,0.223,0.003,2.230,-0.0279,0.0312,0.440,0.227,0.864,0.938,1.065
2018,MYE,52.6,-15.8,2.4,-0.870,0.899,-1,0.178,-0.148,-0.225,0.0286,0.404,0.043,1.120,0.0297,0.0218,0.330,0.448,0.869,0.981,0.706
2018,MYRG,-7.0,-5.6,3.0,-23.180,0.273,-2,0.029,-0.100,-0.187,0.0376,0.002,0.039,0.410,0.0113,-0.0065,0.410,0.238,0.493,0.115,0.862
2018,NBR,-56.9,-53.3,1.4,4.020,1.147,5,,-0.195,-0.510,0.2295,0.105,-0.038,0.740,0.0354,-0.0414,0.619,0.188,1.000,0.197,1.054
2018,NMM,2.0,-51.4,2.2,0.240,1.013,3,0.230,-0.129,-0.323,0.2976,0.088,0.005,1.490,0.4569,0.0906,0.858,0.922,1.000,0.144,1.240
2018,NPK,1.7,12.1,3.6,79.630,-2.299,1,,,,0.2066,0.002,0.005,2.040,0.0027,-0.1633,0.453,0.387,1.000,0.602,1.399
2018,NPO,19.9,-17.7,5.4,8.930,1.512,2,0.015,0.408,0.145,0.0772,0.348,-0.005,1.390,0.0187,0.0309,0.932,0.617,1.000,0.740,1.670
2018,NRP,-21.5,31.9,6.9,10.100,3.378,2,,-0.016,-0.160,0.5679,0.052,0.084,1.140,-0.0011,0.2158,0.960,0.998,0.511,0.134,2.136
2018,NVGS,2.7,-2.7,6.4,0.950,,1,,5.038,5.022,0.1401,0.017,0.018,2.120,0.0016,-0.0874,0.070,0.032,0.177,0.181,0.466
2018,NX,-5.7,-1.4,3.7,5.070,0.257,3,,-0.195,-0.178,-0.0026,0.126,0.027,0.710,0.0361,0.0171,0.318,0.524,0.387,0.059,-0.114
2018,OII,-28.2,-19.7,2.9,12.440,0.066,4,-0.200,-0.272,-0.263,-0.0188,0.104,0.016,0.980,0.0080,-0.0109,0.013,0.113,0.579,0.040,-0.191
2018,OIS,-29.4,-39.2,2.9,16.460,-0.970,1,,24.114,24.033,-0.0630,-0.290,0.038,2.140,-0.0047,0.0399,0.246,0.176,1.000,0.664,-1.775
2018,OMAB,-15.0,6.6,2.4,-10.110,0.696,-1,0.004,0.211,-0.021,0.4397,0.149,0.008,5.760,-0.0008,-0.0953,0.655,1.000,0.761,0.254,1.035
2018,OXM,41.2,1.2,11.7,6.170,2.004,2,0.011,-0.038,-0.161,0.0632,0.503,-0.018,1.170,0.0068,-0.0116,0.478,0.433,0.945,0.588,0.743
2018,P,92.2,-6.1,4.9,7.510,1.183,3,,1.402,0.917,-0.0467,0.617,0.005,4.640,0.0845,0.1398,1.000,0.902,0.106,0.143,-0.086
2018,PAAS,-18.8,-4.3,3.9,36.930,-1.014,1,,-0.167,-0.352,0.4004,0.021,-0.019,2.960,0.0050,0.1617,1.000,0.429,0.593,0.480,1.344
2018,PAGP,-38.2,11.8,4.8,14.170,2.042,1,,0.643,0.365,0.0342,0.009,0.028,0.120,0.5347,-0.0023,0.332,0.180,0.694,0.545,0.727
2018,PATK,26.0,-37.4,1.9,12.830,1.377,3,0.178,0.265,-0.204,0.0717,0.030,0.056,0.700,0.0927,0.0035,0.427,0.791,1.000,1.000,0.987
2018,PENN,89.2,-4.7,9.6,-1.790,0.662,-1,,-0.080,-0.115,0.0730,0.197,-0.080,0.780,0.0008,-0.0802,0.933,0.000,0.680,1.000,16.918
2018,PKE,14.9,-9.3,-3.2,-3.900,-0.456,-1,0.183,-0.699,-0.686,0.0306,0.184,0.033,3.710,0.0013,-0.0418,0.171,0.014,0.620,1.000,0.282
2018,PLNT,50.1,73.0,8.7,3.070,1.255,1,0.044,0.332,0.180,0.3154,0.132,-0.026,6.590,-0.1239,0.0056,0.777,0.342,0.269,1.000,1.129
2018,POWL,-21.6,-3.7,4.1,8.570,0.681,2,,0.170,0.353,-0.0820,0.198,-0.013,0.920,0.0052,-0.0615,0.030,0.094,0.327,0.649,-4.848
2018,PRIM,-4.1,-7.9,1.7,-23.580,-0.192,-2,0.131,0.796,0.834,0.0427,0.076,-0.012,0.520,-0.0060,-0.0054,0.491,0.563,0.222,0.225,0.988
2018,PRKS,-23.5,84.4,24.8,17.310,,2,,,,-0.0112,0.444,-0.058,0.930,0.0090,-0.0014,0.505,0.572,1.000,0.068,-0.252
2018,QUAD,3.6,-47.8,2.2,1.980,0.589,2,,0.186,0.215,0.0561,0.097,0.262,0.350,0.0195,-0.0111,0.972,0.101,0.249,0.889,7.885
2018,RBA,-3.8,12.0,2.1,12.370,2.310,2,-0.204,0.386,0.168,0.2524,0.520,0.032,5.270,0.0007,-0.0244,0.611,0.871,0.462,0.270,1.042
2018,RBC,-0.9,5.0,4.5,7.040,2.044,3,0.207,,,0.1995,0.000,0.024,2.750,0.0266,0.0595,0.713,0.792,0.421,0.235,1.058
2018,RES,-0.4,-49.0,-2.0,-74.440,0.556,-2,,0.707,-0.226,0.1411,0.098,-0.111,3.030,0.0108,0.2869,0.910,0.811,0.638,0.353,21.460
2018,REX,-3.1,1.1,9.5,-14.110,-2.361,-1,,,,-0.0046,0.060,-0.070,1.170,0.0020,-0.1535,0.000,0.022,0.446,0.800,-0.045
2018,RGR,-6.0,24.8,5.4,8.120,0.768,1,,-0.226,0.044,0.1173,0.189,-0.022,1.620,-0.0583,-0.0783,0.658,0.252,0.168,0.214,0.688
2018,RIG,-36.5,-1.8,3.8,-24.900,3.367,-1,-0.143,-0.348,0.006,0.0207,0.068,0.000,1.340,0.1231,-0.3274,0.844,0.016,0.258,0.556,0.400
2018,RRX,-1.8,7.1,6.0,2.420,1.413,6,,,,0.0888,0.174,-0.065,0.960,-0.0089,-0.0191,0.862,0.358,0.777,0.553,1.181
2018,RUSHA,50.2,-22.4,3.7,3.570,1.242,1,0.019,-0.203,-0.386,0.0315,0.008,0.019,0.290,0.0323,0.0086,0.773,0.887,0.567,1.000,1.202
2018,RYAM,22.4,-28.8,2.3,49.770,38.918,3,,2.069,1.558,0.0001,0.123,0.130,1.260,0.3703,-0.1124,0.272,0.000,1.000,0.817,0.001
2018,SAH,-22.7,-24.6,1.8,6.380,-2.127,1,0.037,0.049,0.006,0.0289,0.006,-0.012,0.090,-0.0563,-0.0034,0.793,0.255,0.718,0.143,1.211
2018,SBLK,30.2,-37.6,0.1,35.450,2.017,1,0.131,1.165,0.461,0.3456,0.000,0.011,2.420,0.1329,0.7147,1.000,0.985,0.508,0.545,0.747
2018,SD,-21.8,-49.4,2.8,16.930,0.240,1,,-0.705,-0.651,-0.1956,0.129,0.007,1.510,-0.9442,3.2206,0.836,0.625,0.603,0.008,-0.113
2018,SEDG,155.4,17.4,6.5,40.160,2.356,4,,0.677,-0.021,0.1826,0.161,0.025,2.850,0.0733,0.0468,1.000,1.000,0.416,0.441,2.538
2018,SHAK,14.1,28.3,5.3,4.330,1.161,1,0.212,-0.101,-0.413,0.0607,0.199,0.040,3.020,0.0960,-0.0073,0.803,0.670,0.091,0.435,1.008
2018,SHOO,18.0,11.6,3.5,0.280,1.035,1,0.000,0.003,-0.080,0.0869,0.303,-0.003,1.640,0.0325,-0.0309,0.033,0.919,0.614,0.449,0.696
2018,SIG,-45.4,-27.7,4.4,3.490,-0.414,1,0.007,-0.051,-0.061,0.1411,0.157,-0.202,0.410,-0.1161,-0.0348,0.797,0.840,0.190,0.000,1.413
2018,SMP,2.9,0.9,3.4,10.990,-0.675,1,,0.411,0.367,0.0743,0.215,0.061,1.060,-0.0067,0.0128,0.404,0.466,0.444,0.875,0.857
2018,SSD,29.1,8.5,6.1,2.090,1.153,1,-0.114,-0.010,-0.168,0.1066,0.178,-0.033,2.740,-0.0034,-0.0239,0.346,0.323,1.000,1.000,0.791
2018,SSRM,-23.6,67.0,7.2,10.800,0.586,1,,1.242,1.395,0.1848,0.017,0.007,2.220,0.0036,0.0002,0.972,0.352,0.103,0.306,0.540
2018,STN,-3.4,-3.9,4.9,-2.340,0.742,-4,,-0.094,-0.161,0.0259,0.290,-0.111,0.730,-0.0031,-0.0130,0.000,0.000,0.210,0.000,0.368
2018,STNG,-39.4,-25.7,3.6,32.220,5.195,5,,0.006,-0.393,-0.0243,0.077,0.035,1.330,0.7525,0.0492,0.328,0.000,0.323,0.025,-0.166
2018,STRL,30.3,19.6,4.5,2.880,1.060,4,-0.154,0.289,-0.219,0.0274,0.047,0.011,0.350,0.0969,0.0590,0.958,0.845,1.000,0.658,0.822
2018,SUN,8.0,0.9,4.4,40.260,-0.053,2,,-0.877,-0.897,0.0260,0.018,-0.003,0.220,0.0433,0.1579,0.517,0.173,0.132,0.417,1.524
2018,SWBI,-51.5,18.8,6.2,3.830,0.895,2,0.143,-0.257,0.069,0.0371,0.123,0.045,0.600,-0.0432,-0.1779,0.203,0.000,0.050,0.000,0.204
2018,SXC,12.1,-1.5,0.1,-4.900,0.680,-1,,-0.913,-1.017,0.1071,0.050,-0.069,0.540,0.0062,-0.0382,0.887,0.578,0.864,0.420,1.853
2018,SXI,2.7,-22.9,-3.4,1.280,1.066,5,0.240,0.124,-0.082,0.0867,0.020,0.016,1.570,-0.0045,0.0105,0.437,0.859,1.000,0.766,0.956
2018,TEN,-24.1,-17.0,2.0,2.460,1.290,2,0.152,0.205,0.095,0.0619,0.043,0.088,0.100,-0.0584,0.0266,0.725,0.364,0.764,0.000,1.085
2018,TEX,33.7,-17.9,6.3,3.930,1.758,4,,-0.274,-0.365,0.0385,0.157,-0.006,0.840,-0.1974,0.3177,0.851,0.538,1.000,0.779,1.094
2018,TFII,-10.7,29.5,6.3,-12.390,0.618,-1,-0.208,0.578,0.378,0.0429,0.000,0.005,0.760,-0.0314,-0.0184,0.484,0.275,0.704,0.333,0.659
2018,TGLS,-16.2,-7.7,1.0,-6.850,-0.632,-4,,0.420,0.446,0.1268,0.022,-0.026,1.020,0.0333,0.0280,0.657,0.302,0.015,0.312,1.017
2018,THRM,-13.4,28.6,5.2,7.340,6.289,1,,0.295,0.208,0.0816,0.206,0.054,1.250,0.0068,-0.0303,0.236,0.552,0.248,0.219,0.735
2018,TK,-19.3,-49.7,4.2,-32.280,4.773,-1,,1.900,2.308,0.2040,0.054,0.020,0.360,0.0059,0.0533,0.864,0.478,0.000,0.079,1.470
2018,TKR,3.8,-5.4,5.7,1.470,1.085,4,,0.044,-0.145,0.1021,0.231,-0.055,1.210,0.0060,0.1196,0.926,0.631,1.000,0.652,1.897
2018,TNET,54.9,17.1,1.9,-1.790,0.718,-8,-0.021,-0.134,-0.179,0.0566,0.070,-0.008,0.910,0.0167,0.0039,0.702,0.450,0.000,0.615,1.228
2018,TPC,-20.4,-19.1,2.5,5.720,0.429,1,0.078,-0.080,-0.037,0.0497,0.060,-0.029,0.230,0.0045,0.0080,0.723,0.754,0.182,0.417,1.235
2018,TREX,57.1,39.0,5.0,-3.840,0.880,-1,0.037,0.107,-0.175,0.2072,0.209,0.001,5.860,0.0013,-0.0001,0.836,0.821,0.776,1.000,1.230
2018,TRN,24.7,1.0,4.4,-5.460,1.440,-1,,-0.473,-0.294,0.1592,0.138,0.014,1.070,0.0355,0.0110,0.195,0.322,0.133,1.000,0.867
2018,TROX,4.6,-43.2,3.0,3.060,0.834,1,,11.429,11.582,0.1293,0.140,0.114,1.180,0.0005,0.0709,1.000,1.000,0.058,0.667,31.926
2018,TTEK,16.8,-2.2,-4.7,12.670,,1,,-0.242,-0.378,0.0640,0.060,0.003,0.990,-0.0218,0.0044,0.939,0.650,0.665,0.955,1.432
2018,TTI,-19.0,-39.1,2.2,8.870,1.393,6,,0.187,-0.127,-0.0766,0.148,-0.029,0.510,0.1948,0.0248,0.346,0.105,0.897,0.257,-3.113
2018,UFPI,3.9,-10.3,3.9,-15.420,0.445,-1,-0.068,-0.069,-0.193,0.0429,0.092,0.007,0.570,-0.0003,0.0019,0.588,0.632,0.395,0.658,1.038
2018,ULH,61.8,7.1,4.6,3.640,1.238,4,0.000,0.019,-0.170,0.0418,0.045,-0.007,0.510,-0.0009,0.0196,0.526,0.085,0.528,0.377,0.751
2018,URBN,45.5,-18.3,2.8,2.210,1.630,2,-0.016,-0.083,-0.140,0.0834,0.229,0.021,1.120,-0.0650,-0.0133,0.430,0.000,0.484,0.330,0.817
2018,USAC,-2.6,-16.4,6.4,-18.450,0.033,-1,-0.138,-0.446,-0.452,0.1529,-1.814,0.046,4.000,0.1020,0.0342,0.966,0.470,0.182,0.504,8.172
2018,USLM,1.0,-7.5,-1.7,7.580,-0.707,1,,,,0.1474,0.006,-0.007,2.910,0.0036,0.0000,0.422,0.430,0.595,0.552,0.901
2018,VAC,42.4,-29.6,2.2,-34.450,-0.752,-1,0.152,0.297,0.445,0.1263,0.215,-0.028,1.940,-0.0144,-0.0214,0.799,0.557,0.000,1.000,1.089
2018,VET,-19.2,-18.9,4.3,17.040,2.336,1,,0.432,0.134,0.1524,0.139,-0.040,4.610,0.0297,0.1078,0.648,0.626,0.858,0.257,1.125
2018,VMI,8.9,-12.0,3.8,-5.570,0.518,-1,-0.012,0.061,0.001,0.0891,0.149,-0.004,1.290,-0.0020,0.0060,0.607,0.365,0.746,0.887,0.890
2018,VNOM,31.9,34.6,5.7,-0.590,0.995,-3,0.233,0.798,-0.323,0.7231,0.005,-0.013,15.720,0.2975,0.1175,1.000,1.000,0.838,0.207,2.453
2018,VSEC,14.8,-23.8,4.0,-10.160,,-4,,,,0.0662,0.006,-0.028,0.680,0.0043,0.0043,0.098,0.016,0.203,0.514,0.785
2018,VVX,10.5,2.9,5.4,7.630,-0.530,2,,0.351,0.324,0.0347,0.006,0.003,0.280,0.0237,0.0051,0.232,0.030,0.640,0.737,0.762
2018,WCC,-9.8,-18.8,-1.1,3.520,1.450,4,0.051,0.064,-0.049,0.0408,0.143,-0.019,0.410,-0.0346,-0.0049,0.084,0.010,0.781,0.436,0.787
2018,WEN,18.5,8.9,4.7,15.180,0.014,4,0.000,0.211,0.213,0.2153,0.168,0.008,3.310,-0.0288,-0.0403,0.701,0.999,0.943,1.000,1.495
2018,WGO,41.5,-30.4,4.5,-57.040,0.316,-1,0.095,0.053,-0.211,0.0753,0.026,-0.050,0.720,0.0053,-0.0013,0.582,0.734,0.352,0.339,1.104
2018,WING,75.5,41.5,7.3,-5.060,0.738,-1,-0.147,0.126,-0.017,0.3325,0.370,0.023,13.060,0.0118,-0.0010,0.934,1.000,0.434,1.000,1.180
2018,WLFC,12.1,30.0,3.0,-14.080,0.497,-3,,-0.529,-0.668,0.0331,0.281,0.013,1.960,-0.0118,-0.0328,0.401,0.262,0.381,0.173,0.448
2018,WMS,-1.4,7.9,10.8,-2.300,0.794,-1,,1.049,0.960,0.0848,0.071,0.076,1.030,0.0234,0.0129,0.838,0.952,0.265,0.476,1.473
2018,WNC,33.7,-37.0,-2.2,26.050,-2.088,1,0.059,0.596,0.420,0.0649,0.022,-0.003,0.820,-0.0335,-0.0230,0.241,0.247,0.889,0.904,0.813
2018,WOR,-15.2,-13.3,9.2,-0.070,0.997,-1,-0.139,0.322,0.125,0.0449,0.100,0.053,0.480,-0.0405,-0.0007,0.726,0.307,0.851,0.404,1.030
2018,WTI,48.5,26.0,4.7,9.370,4.498,1,0.133,0.079,-0.042,0.2569,0.397,-0.049,1.100,0.0058,0.0719,0.998,1.000,0.563,0.684,0.472
2018,WWW,16.9,33.9,5.8,-16.990,5.578,-2,,-0.332,-0.125,-0.1265,0.185,-0.040,1.210,-0.0110,-0.1472,0.000,0.417,0.000,0.882,-2.044
2018,XPO,86.1,-33.7,4.2,9.400,3.015,3,0.047,-0.010,-0.151,0.0329,0.106,-0.002,0.270,0.0700,0.0093,0.908,0.000,0.055,0.474,3.724
2018,ZWS,28.0,-11.6,-4.3,4.930,2.223,4,,,,0.1475,0.216,-0.002,0.830,0.1670,0.0749,0.977,1.000,1.000,1.000,1.312
2019,AAON,7.5,27.8,25.3,8.500,,1,-0.143,0.258,0.180,0.1433,0.001,-0.004,5.020,0.4855,-0.0234,0.553,0.546,0.680,0.954,0.794
2019,ABG,8.7,31.0,29.0,-2.910,0.700,-1,0.068,-0.089,-0.157,0.0433,0.108,0.016,0.210,-0.0667,-0.0010,0.194,0.000,0.616,0.174,0.954
2019,AGCO,-5.7,15.3,28.9,-8.930,0.223,-3,0.074,-0.503,-0.529,0.0623,0.140,-0.034,0.530,-0.0236,0.0051,0.590,0.250,0.587,0.324,1.245
2019,AGX,17.9,-27.0,6.3,1.700,0.966,1,-0.200,-0.978,-0.495,-0.0490,0.109,0.006,1.630,-0.0108,-0.0971,0.000,0.000,0.011,0.620,-0.350
2019,ALGT,-21.0,35.8,34.2,-3.850,0.697,-1,0.036,0.170,0.082,0.1531,0.047,0.006,1.210,0.0057,0.0840,0.340,0.348,0.345,0.044,0.769
2019,ALNT,30.5,-18.8,10.8,-10.110,0.566,-2,,0.172,0.040,0.0454,0.118,0.007,1.890,0.0054,-0.0338,0.000,0.275,0.172,0.729,0.550
2019,AMRC,76.9,28.7,20.2,2.650,,1,,0.345,0.316,0.0900,0.137,-0.025,1.050,0.0298,0.0234,1.000,1.000,0.349,1.000,2.578
2019,AR,-47.9,-81.3,4.9,19.970,1.498,3,0.095,0.223,-0.379,-0.0389,0.105,-0.022,0.780,-0.0104,-0.2891,0.470,0.647,0.378,0.000,-0.120
2019,ARCB,15.5,-38.7,15.5,-2.060,0.813,-1,0.086,0.735,0.645,0.0480,0.011,0.029,0.350,0.0053,0.0245,0.761,0.720,0.663,0.643,2.061
2019,ARCO,-28.8,-40.9,1.4,-1.990,1.142,-4,,-0.017,0.143,0.0516,0.083,-0.081,0.470,-0.0225,-0.0602,0.598,0.793,0.036,0.551,1.093
2019,ARLP,-8.0,-48.8,13.7,0.220,1.023,1,-0.160,-0.620,-0.720,0.1688,0.035,0.033,1.260,-0.0071,0.0066,0.677,0.110,0.659,0.675,0.909
2019,AROC,10.5,-15.6,22.5,-5.850,0.665,-1,,-0.072,-0.188,0.3959,0.091,0.038,1.430,0.8327,0.0587,0.972,0.711,0.934,0.790,1.169
2019,ATI,-14.0,-33.2,18.2,-3.320,0.809,-1,-0.114,0.026,-0.114,0.0720,0.046,0.005,0.930,0.2352,-0.0183,0.950,0.734,0.934,0.737,2.010
2019,ATRO,-4.0,-35.9,13.0,-23.680,0.438,-1,0.028,-0.256,-0.440,0.0915,0.268,0.028,1.230,0.0258,0.1387,0.596,0.432,0.242,0.373,0.889
2019,AVAV,51.9,-29.2,13.7,18.960,-15.506,1,,-0.251,-0.429,0.1041,0.299,-0.003,5.380,0.0241,0.1012,0.606,0.559,0.403,0.720,3.615
2019,AVNT,-25.2,3.7,26.9,-3.710,0.529,-2,-0.019,-0.042,-0.084,0.0564,0.142,0.014,0.730,-0.0318,-0.0009,0.635,0.403,0.449,0.196,0.793
2019,AXON,121.0,33.5,26.4,5.130,1.318,1,,,,0.0174,0.552,0.037,8.550,0.1276,-0.0634,0.090,0.153,0.234,0.768,0.147
2019,AZZ,-9.3,3.8,27.5,18.970,3.778,1,-0.033,0.395,0.137,0.0951,0.113,0.051,1.230,0.0072,0.0876,0.470,0.226,0.807,0.000,0.847
2019,BBSI,2.0,7.9,23.3,-5.800,-0.946,-1,,2.551,2.580,0.0736,-3.152,-0.001,0.600,0.0065,0.0248,0.966,1.000,0.000,0.619,8.083
2019,BC,-16.4,25.1,30.3,0.770,1.056,3,,-0.052,-0.197,0.0512,0.183,-0.008,0.870,-0.0045,0.0680,0.484,0.170,1.000,0.000,0.629
2019,BCC,-33.1,45.4,35.7,-11.520,-0.263,-2,,-0.301,-0.277,-0.0791,0.084,-0.026,0.220,-0.0109,-0.0989,0.000,0.007,0.000,0.250,-3.103
2019,BCPC,18.1,26.3,33.1,-0.190,0.935,-3,0.116,-0.147,-0.174,0.1667,0.108,0.058,4.480,0.0054,-0.0008,0.812,0.768,0.179,0.587,1.023
2019,BJRI,34.3,-17.1,22.9,-1.990,0.788,-1,-0.039,-0.113,-0.188,0.0506,0.053,0.014,1.010,0.0383,0.0086,0.616,0.444,0.582,0.350,0.975
2019,BLBD,-9.5,6.5,28.2,-10.740,-0.775,-1,0.111,-0.023,0.024,0.0119,0.112,0.001,0.520,0.0994,0.0414,0.491,0.519,0.415,0.847,0.343
2019,BOOT,33.9,78.7,41.3,-4.470,0.744,-1,,-0.048,-0.178,0.1153,0.222,0.006,0.900,0.0467,0.0068,0.846,0.799,0.215,0.335,1.755
2019,BSM,0.1,-44.4,13.7,101.010,2.779,2,,8.882,7.304,0.6938,0.066,0.003,6.590,0.1101,0.4527,1.000,0.891,0.838,0.011,3.835
2019,BTU,-20.5,-76.9,5.8,-3.540,1.809,-3,,-0.779,-0.700,0.0908,-0.003,-0.106,0.660,0.0770,-0.1081,0.883,0.884,0.406,0.667,5.271
2019,BYD,-24.8,20.5,33.2,28.850,7.912,3,,0.333,0.003,0.1196,0.160,-0.004,1.240,-0.0032,-0.0168,0.679,0.753,1.000,0.587,0.957
2019,BZH,-25.8,27.4,30.0,-6.180,0.562,-1,0.131,-0.986,-1.065,0.0087,0.039,0.011,0.200,0.0000,-0.0092,0.472,0.299,0.444,0.200,0.306
2019,CAKE,0.3,-13.4,23.1,-2.260,0.508,-1,-0.032,-0.018,-0.041,0.0331,0.063,-0.003,0.900,-0.0227,-0.0102,0.000,0.000,0.382,0.000,0.461
2019,CAPL,-28.9,11.1,24.0,-24.270,-0.042,-2,,0.514,0.524,0.0283,0.008,0.001,0.240,0.0114,0.0069,1.000,0.554,0.252,0.077,2.291
2019,CAR,-24.5,40.5,37.4,0.590,,1,,0.263,0.247,0.0693,0.130,-0.006,0.250,-0.0617,-0.0025,0.411,0.115,0.371,0.000,0.897
2019,CASY,16.6,31.9,21.1,-18.160,-0.018,-2,0.190,-0.295,-0.291,0.0329,0.000,0.016,0.520,-0.0247,0.0135,0.327,0.836,0.361,0.439,0.814
2019,CBRL,1.3,1.2,21.8,-0.220,0.931,-2,0.008,0.020,-0.010,0.0945,0.045,-0.032,1.280,0.0015,-0.0028,0.580,0.451,0.357,0.704,0.998
2019,CBT,-25.1,-17.1,18.7,-3.540,0.799,-2,-0.054,0.011,-0.129,0.0938,0.108,0.001,0.860,-0.0291,-0.0368,0.873,0.349,0.850,0.210,1.033
2019,CBZ,12.2,41.3,39.3,-5.970,0.250,-2,,0.060,0.040,0.0418,0.045,-0.022,1.180,-0.0275,0.0528,0.313,0.000,0.612,0.759,0.533
2019,CCJ,44.7,-29.9,18.8,7.050,-0.957,2,,-0.675,-0.710,0.1852,0.046,-0.028,3.000,0.0000,0.2726,1.000,0.796,0.694,0.668,55.952
2019,CCS,-18.4,33.9,35.2,-23.500,0.510,-2,-0.056,-0.005,-0.249,0.0559,0.027,0.009,0.340,0.0930,-0.0012,0.232,0.000,0.059,0.007,0.803
2019,CDE,-29.5,13.2,30.1,8.770,0.432,1,-0.200,-0.655,-0.588,0.0833,0.029,0.007,1.790,0.0790,-0.2431,0.312,0.211,0.237,0.439,0.411
2019,CECO,15.2,-60.1,7.3,23.770,7.180,4,,,,0.0611,0.227,-0.013,1.680,0.0211,0.1727,0.846,0.597,0.582,0.864,3.482
2019,CHDN,12.2,55.7,30.2,52.120,-0.755,1,,-0.110,-0.334,0.0548,0.127,-0.012,3.920,-0.1183,0.1263,0.309,0.291,0.596,1.000,0.513
2019,CHH,3.1,29.8,34.7,4.340,-2.557,1,0.048,-0.069,-0.100,0.2124,2.265,-0.017,4.350,-0.0402,-0.0258,0.031,0.257,0.323,0.677,0.788
2019,CLF,49.9,-35.8,18.5,9.660,2.555,1,,0.150,-0.009,0.2344,0.051,0.085,1.520,0.0215,0.0591,0.981,0.673,0.650,1.000,0.915
2019,CLH,36.3,19.5,23.2,3.270,1.283,1,,-0.769,-0.917,0.0483,0.165,0.134,1.160,-0.0131,0.0110,0.634,0.738,1.000,0.915,1.160
2019,CMC,-33.7,37.8,36.1,-32.820,0.087,-1,0.061,0.193,0.162,0.0326,0.092,-0.055,0.390,0.0070,-0.0109,0.606,0.531,0.512,0.311,0.907
2019,CMCO,-4.9,-2.7,23.7,2.140,2.054,1,0.034,-0.105,-0.147,0.0306,0.125,0.022,0.970,0.0148,-0.0373,0.363,0.795,0.240,0.658,0.415
2019,CMP,-24.0,11.9,29.7,-4.690,0.571,-1,-0.185,-0.958,-1.021,0.1404,0.095,0.014,1.190,0.0007,-0.0352,0.258,0.182,0.415,0.051,0.920
2019,CMRE,-21.9,67.2,42.9,15.730,-0.538,2,0.200,-0.087,-0.142,0.3386,0.019,0.000,1.050,0.0398,0.1619,0.656,0.249,0.498,0.141,0.903
2019,CNR,7.5,-72.2,7.6,14.060,,1,,-0.703,-0.835,0.1507,0.048,0.038,0.640,-0.0165,0.0617,0.814,0.984,0.648,0.213,2.863
2019,CNX,-11.3,-45.1,13.3,89.990,-1.595,2,,-0.369,-0.922,0.4220,0.066,-0.103,1.400,-0.1145,0.5231,1.000,0.729,1.000,0.431,15.458
2019,CODI,-4.4,23.4,23.9,-8.620,0.776,-2,0.104,-0.255,-0.554,0.0445,0.215,0.003,0.570,0.0000,-0.0042,0.697,0.580,0.767,0.000,1.181
2019,CPA,-28.5,12.9,29.7,-5.210,-1.246,-3,-0.096,-0.314,-0.285,-0.1926,0.079,0.013,1.500,0.0009,-0.3631,0.000,0.071,0.472,0.404,-1.458
2019,CPAC,-15.7,-8.4,24.1,10.540,-0.747,1,,-0.316,-0.361,0.1698,0.037,0.028,2.250,0.0000,0.0959,0.427,0.040,0.746,0.327,0.784
2019,CPS,-36.2,-72.3,7.1,-6.180,,-3,-0.203,0.355,0.425,-0.0776,0.087,0.003,0.360,-0.0446,-0.1583,0.000,0.000,0.000,0.225,-1.407
2019,CRAI,8.8,-4.7,19.1,-1.630,0.881,-1,,0.202,0.081,0.0721,0.201,0.130,1.010,0.0323,0.0787,0.843,0.154,0.668,0.662,1.234
2019,CRC,8.5,-69.0,6.0,-35.690,0.511,-1,,-0.272,-0.645,0.4218,0.080,0.026,0.350,0.0995,0.1986,0.884,0.903,0.706,0.292,7.385
2019,CRI,-14.5,10.7,27.3,8.320,-2.242,1,0.109,-0.189,-0.246,0.1570,0.177,0.081,1.320,-0.0353,0.0151,1.000,0.621,0.536,0.127,1.313
2019,CRK,-4.1,-13.6,17.6,109.560,,2,0.129,1.225,0.129,0.5306,0.053,0.030,2.040,6.1274,0.3631,1.000,1.000,1.000,0.772,0.452
2019,CROX,109.8,31.9,26.4,1.160,1.159,2,,-0.245,-0.330,-0.0645,0.517,-0.100,1.630,-0.0066,0.0880,0.585,0.556,1.000,0.832,-3.271
2019,CRS,-6.2,-7.4,22.4,-5.220,0.730,-2,0.152,-0.157,-0.298,0.0996,0.093,0.042,0.980,0.0084,0.0147,1.000,1.000,0.786,0.313,1.618
2019,CSW,28.7,42.2,32.8,10.870,8.901,2,,,,0.1216,0.320,0.036,2.410,-0.0217,0.0017,0.378,0.634,0.551,0.951,0.915
2019,CVCO,8.7,35.2,31.9,-14.900,0.272,-1,-0.007,-0.331,-0.387,0.0778,0.006,-0.004,1.550,0.0060,-0.0297,0.546,0.674,0.188,0.454,1.067
2019,CVI,35.1,-22.7,20.6,-24.070,0.273,-2,-0.154,-0.341,-0.431,0.1220,0.017,0.007,0.480,0.1578,0.1031,0.832,0.717,0.485,1.000,2.816
2019,CVNA,123.5,148.9,48.3,-16.690,0.878,-1,0.122,0.858,-0.348,-0.1274,0.055,0.032,0.840,1.4789,0.0420,0.853,0.736,0.078,0.776,-0.707
2019,CYD,-24.4,-24.1,14.6,-16.210,-1.722,-1,,6.438,6.540,0.0858,0.108,0.013,0.300,-0.0014,-0.0120,0.836,0.214,0.317,0.571,1.246
2019,CYRX,7.7,68.3,36.1,-4.710,0.938,-1,0.143,0.654,-0.060,-0.3901,0.455,-0.021,15.910,0.1530,0.2936,1.000,0.871,0.435,0.510,-0.379
2019,CZR,47.7,17.1,22.7,47.350,5.970,1,,0.179,-0.390,0.1291,0.059,0.000,1.790,-0.0063,0.0596,0.780,1.000,0.319,0.820,1.399
2019,DCH,10.6,-39.3,16.1,-7.670,-0.427,-4,0.071,-0.126,-0.103,-0.2327,0.079,0.145,0.260,-0.0228,-0.3185,0.000,0.177,0.000,0.229,-3.272
2019,DCO,50.8,-1.7,26.5,0.160,1.011,2,,-0.212,-0.366,0.0382,0.137,0.009,0.790,0.0182,0.0575,0.923,0.906,1.000,1.000,3.454
2019,DDS,-19.8,-13.1,18.8,-6.670,-0.603,-1,0.211,0.038,0.063,0.0573,0.227,0.014,0.270,-0.0669,-0.0054,0.511,0.000,0.301,0.059,1.027
2019,DECK,47.2,37.5,33.3,3.780,1.938,1,0.243,-0.907,-0.986,0.2801,0.258,0.010,1.860,-0.0825,0.0417,1.000,1.000,0.614,0.990,22.003
2019,DHT,17.9,41.2,35.3,43.400,7.310,2,-0.071,-0.172,-0.675,0.2396,0.019,-0.010,1.530,0.0081,0.2098,0.819,0.429,0.249,0.115,2.294
2019,DK,2.4,-23.5,17.0,-9.390,-0.431,-2,0.241,-0.715,-0.686,0.0757,0.030,0.000,0.290,-0.0014,0.0305,0.814,0.671,0.212,0.424,3.086
2019,DKL,-2.0,-3.7,21.4,-20.280,0.209,-2,-0.216,0.140,0.086,0.1955,0.046,0.017,1.130,0.0009,0.0388,0.900,0.858,0.622,0.288,1.288
2019,DKS,5.3,-0.4,9.2,-1.990,1.444,-8,0.009,-0.059,0.005,0.0570,0.023,-0.110,0.390,-0.0877,-0.0099,0.347,0.088,0.000,0.106,0.915
2019,DMLP,15.7,-17.4,16.5,2.670,1.228,1,,,,0.7746,0.063,0.007,8.030,-0.0003,0.0461,1.000,1.000,0.422,0.000,1.288
2019,DQ,-31.5,68.8,22.4,-2.490,1.101,-4,,-0.444,-0.173,0.2679,0.122,-0.017,1.450,0.2045,-0.1524,0.604,0.343,0.000,0.550,1.127
2019,DXPE,-3.2,-13.1,16.5,-5.180,0.767,-2,,0.088,-0.082,0.0657,0.213,-0.016,0.480,0.0098,0.0337,0.949,0.463,0.862,0.281,6.429
2019,DY,-60.3,-1.4,19.1,2.100,1.173,3,,-0.097,-0.239,-0.0055,0.098,-0.301,0.430,-0.0266,-0.0234,0.000,0.000,0.490,0.000,-0.082
2019,EBF,-2.4,-13.7,11.0,0.180,1.012,3,-0.059,0.063,-0.094,0.1079,0.008,-0.026,1.300,0.0271,0.0167,0.948,0.532,1.000,0.854,1.388
2019,EFXT,23.4,-42.7,15.8,-45.000,-0.479,-1,,0.620,0.765,0.1019,0.066,0.000,1.260,0.0084,-0.0012,0.919,0.157,0.328,0.504,1.395
2019,EGO,-17.3,76.1,48.6,6.530,0.564,1,,-0.779,-0.695,-3.7814,0.174,-0.012,1.480,-0.0030,-3.5275,0.523,0.157,0.308,0.023,-5.699
2019,EMBJ,-23.6,-67.2,1.2,167.230,-1.363,4,,-0.716,-1.681,0.0458,0.082,-0.008,0.730,0.0011,0.0112,0.700,0.542,1.000,0.784,1.159
2019,ENPH,190.0,407.9,131.9,14.580,12.653,1,,-0.105,-0.264,0.0542,0.151,0.004,2.910,0.3291,0.0810,1.000,0.864,0.549,1.000,0.600
2019,ENR,-19.0,6.8,26.5,1.450,0.144,1,0.093,0.783,0.786,0.2121,0.081,-0.013,1.600,-0.0081,-0.0211,0.772,0.940,0.682,0.472,1.475
2019,ENS,33.4,-12.8,21.8,-3.790,0.458,-4,-0.064,0.158,0.126,0.0735,0.165,0.001,1.420,0.0232,-0.0304,0.509,0.000,0.515,0.803,0.779
2019,EPAC,6.0,-27.7,-2.4,-2.420,-0.957,-2,,-0.501,-0.489,0.0601,0.260,-0.060,1.260,0.0214,0.0253,0.862,0.433,0.562,0.388,62.280
2019,EQT,-37.3,-72.8,5.7,-37.420,0.565,-1,,-0.206,-0.692,-0.8615,0.062,-0.053,0.910,0.1590,-1.0849,0.286,0.622,0.702,0.000,-31.725
2019,ESI,4.6,-5.2,18.6,-9.260,1.201,-4,,-0.547,0.005,0.1480,0.275,-0.049,1.100,0.0035,0.1966,1.000,0.332,0.000,0.104,2.409
2019,EXP,-36.7,30.9,35.8,-8.640,-5.269,-2,-0.075,-0.081,-0.008,0.2131,0.028,0.032,2.370,-0.0464,-0.0226,0.698,0.691,0.000,0.099,1.044
2019,FCN,59.7,57.3,33.9,-6.300,0.559,-2,,-0.031,-0.111,0.0887,0.234,0.101,1.430,0.0262,0.0149,0.709,0.451,0.645,0.911,1.043
2019,FET,-65.5,-78.5,5.9,-24.200,0.296,-4,,0.766,0.664,-1.3960,0.262,-0.086,0.490,0.0092,-1.2866,0.000,0.000,0.529,0.000,-8.887
2019,FIX,23.7,-11.2,18.0,3.960,1.168,2,-0.075,0.136,-0.140,0.0646,0.137,0.006,0.890,-0.0044,0.0128,0.708,0.615,1.000,0.887,1.201
2019,FND,-15.3,43.1,39.5,-14.610,0.454,-1,0.111,0.143,0.022,0.0534,0.273,0.018,2.270,-0.0043,-0.0298,0.227,0.947,0.000,0.063,0.759
2019,FOXF,58.2,3.8,20.5,-8.490,0.776,-1,0.036,0.087,-0.208,0.1457,0.102,-0.027,3.860,0.0059,0.0132,0.787,0.713,0.782,1.000,1.217
2019,FRO,65.9,14.0,22.8,-12.840,0.626,-1,-0.250,0.353,0.137,0.2665,0.043,0.019,1.460,-0.0056,1.5559,0.893,0.459,0.298,0.634,8.003
2019,FSM,-21.9,-17.2,11.0,-14.020,3.032,-2,0.010,-0.163,0.047,0.1049,0.106,0.008,2.190,0.0036,-0.6604,0.501,0.130,0.000,0.032,0.523
2019,FSS,14.9,25.2,25.0,4.520,1.543,1,,-0.050,-0.178,0.1195,0.137,0.072,1.350,0.0033,0.0594,0.390,0.170,0.600,0.534,1.175
2019,FTAI,-1.0,17.0,23.2,56.900,1.842,2,,0.669,-0.576,0.1389,0.066,-0.006,3.090,0.1227,0.1200,0.443,0.108,0.599,0.000,1.555
2019,FUL,-21.2,13.1,30.9,-23.510,0.361,-3,-0.082,-0.056,-0.189,0.0877,0.186,0.004,0.740,0.0057,0.0365,0.807,0.599,0.367,0.000,1.437
2019,FUN,-22.9,4.0,28.2,7.790,5.616,2,,0.199,0.104,0.1575,0.174,-0.014,2.160,-0.0105,0.0711,0.876,0.849,0.636,0.000,0.834
2019,FWRD,-1.0,13.9,29.9,-1.780,0.902,-2,0.159,0.029,-0.136,0.0983,0.030,-0.008,1.280,-0.0301,0.0043,0.782,0.523,0.629,0.000,1.077
2019,GBX,-22.8,-20.0,20.3,-4.680,0.632,-2,0.149,0.142,0.061,0.0363,0.083,-0.078,0.500,0.0121,-0.0382,0.000,0.060,0.420,0.282,0.307
2019,GEL,2.6,-18.6,21.7,-57.580,-0.080,-2,,7.542,7.585,0.0060,0.025,-0.033,0.920,0.0000,-0.0821,0.000,0.706,0.330,0.000,0.075
2019,GEO,14.3,-24.1,19.9,2.390,1.809,2,-0.152,-0.014,-0.068,0.1059,0.079,-0.028,1.180,-0.0249,-0.0109,0.215,0.000,0.219,0.333,0.866
2019,GIII,18.4,-88.5,-0.4,7.260,,4,,-0.089,-0.161,0.0616,0.263,0.111,0.640,0.0203,0.0205,0.508,0.196,0.184,0.275,1.175
2019,GLP,18.3,-11.6,16.8,-24.210,0.601,-1,,-0.154,-0.518,0.0251,0.015,0.006,0.050,0.0093,0.0189,0.966,0.715,0.764,0.200,3.876
2019,GME,-28.5,-58.9,-0.1,-17.370,-2.605,-1,,-0.657,-0.532,-0.1096,0.082,-0.023,0.120,0.0054,-0.0820,0.417,0.000,0.027,0.000,-4.868
2019,GNK,-36.2,-13.8,18.2,-30.590,0.619,-3,,0.094,-0.404,0.2315,0.057,0.042,0.990,0.2050,0.0984,1.000,1.000,0.651,0.192,0.272
2019,GNRC,15.9,117.9,58.7,-6.910,0.691,-2,0.007,0.014,-0.141,0.1932,0.110,0.020,1.610,-0.0048,0.0004,0.840,0.824,0.750,0.094,1.216
2019,GOLF,11.2,8.0,21.6,-8.960,-0.343,-2,-0.167,0.195,0.218,0.0571,0.599,0.000,1.140,0.0015,-0.0180,0.385,0.493,0.275,0.905,0.675
2019,GPK,-20.7,34.7,34.9,1.350,1.039,1,0.209,-0.126,-0.484,0.0695,0.076,0.000,0.620,-0.0141,-0.0192,0.757,0.066,0.934,0.050,0.826
2019,GPRK,87.6,-5.5,16.2,-61.380,0.408,-2,,-0.232,-0.655,0.5522,0.008,-0.030,1.880,-0.0019,0.3725,1.000,0.935,0.604,0.601,4.469
2019,GRBK,-11.6,23.7,24.0,3.830,1.120,1,0.085,0.052,-0.306,0.1038,0.087,0.013,0.760,0.0008,-0.0321,0.999,0.000,0.894,0.540,0.018
2019,GRC,17.0,15.1,30.8,-0.990,0.896,-2,0.103,0.361,0.276,0.1036,0.154,-0.021,2.100,0.0290,-0.0177,0.521,0.668,0.664,0.677,0.983
2019,GSM,-86.0,-63.4,5.7,12.240,1.735,1,,,,-0.0049,0.135,0.038,0.160,-0.0113,-0.0584,0.495,0.001,0.748,0.000,-0.354
2019,GT,-39.2,-29.4,19.3,-4.970,,-2,-0.073,-0.703,-0.655,0.0743,0.150,-0.091,0.280,-0.0369,-0.0225,0.155,0.146,0.292,0.000,0.791
2019,HBM,-22.1,-49.9,13.7,-12.980,7.237,-3,,0.066,0.217,0.1555,0.025,0.062,1.130,-0.0005,-0.1095,0.895,0.511,0.011,0.123,3.891
2019,HCC,19.4,-28.7,19.2,62.660,-4.058,1,0.072,-0.290,-0.793,0.4363,0.021,0.012,1.110,-0.0072,0.1590,0.993,0.905,0.202,0.454,11.407
2019,HESM,1.9,13.3,28.5,-1.790,0.885,-3,-0.030,0.143,0.006,0.5389,0.021,0.013,1.740,0.0018,0.0226,0.976,0.858,0.201,0.000,1.729
2019,HGV,-25.0,-15.9,16.7,43.390,,1,0.025,0.290,-0.147,0.2632,0.090,-0.001,1.570,-0.0323,0.0686,0.918,0.854,1.000,0.120,1.280
2019,HLIO,-32.9,8.2,26.7,10.490,1.193,3,0.025,0.485,-0.164,0.1590,0.205,-0.003,2.430,0.1807,0.0686,0.326,0.434,0.739,0.000,0.783
2019,HLX,5.9,20.8,30.4,-33.210,-0.100,-3,,,,-0.0220,0.109,-0.072,1.350,0.0047,-0.0634,0.870,0.109,0.449,0.425,-0.279
2019,HNI,18.8,-9.2,23.7,0.420,1.215,1,0.010,-0.525,-0.549,0.0957,0.269,0.003,0.820,0.0036,0.0472,0.883,0.505,0.370,0.396,1.533
2019,HTLD,-0.3,1.5,28.1,5.650,0.667,1,0.174,-0.152,-0.039,0.2011,0.038,0.006,2.690,-0.0166,0.1415,1.000,1.000,0.100,0.555,1.419
2019,HUBG,1.3,21.7,32.0,-0.920,1.080,-3,0.122,-0.353,-0.228,0.0474,0.084,0.008,0.390,0.0050,0.0120,1.000,1.000,0.000,0.348,1.599
2019,HURN,28.1,22.9,26.5,-1.640,0.874,-1,-0.015,-0.129,-0.243,0.0831,0.045,-0.037,1.340,0.0362,0.2290,0.911,0.278,0.630,0.414,4.715
2019,HWKN,29.2,-0.4,24.9,-7.340,0.538,-1,,,,0.0524,0.112,-0.020,0.820,0.0060,0.0126,0.852,0.289,0.359,0.283,0.917
2019,IAG,-36.3,-17.2,22.1,3.160,0.646,1,,3.609,3.666,-0.0423,0.043,-0.016,1.570,0.0030,-0.0749,0.588,0.183,0.269,0.508,-0.494
2019,ICFI,28.1,10.8,21.9,8.600,1.949,3,-0.041,-0.003,-0.179,0.0779,0.243,-0.019,1.050,0.0103,0.0151,1.000,0.000,0.873,0.862,1.153
2019,IESC,-1.5,50.7,34.8,6.650,1.408,3,,,,0.0389,0.132,-0.003,0.390,0.0030,0.0238,0.784,0.421,0.809,0.341,1.358
2019,IIIN,-31.1,-0.6,25.5,-18.760,0.258,-2,,17.759,17.694,0.0427,0.063,-0.110,0.920,0.0058,-0.0177,0.104,0.130,0.488,0.154,0.482
2019,IOSP,12.4,38.6,36.8,2.410,1.261,1,0.183,0.025,-0.092,0.1086,0.181,0.019,1.250,-0.0006,0.0001,0.188,0.084,0.396,0.274,0.940
2019,JBTM,-13.6,-17.0,4.3,-9.050,0.183,-3,,,,0.1100,0.204,0.017,1.560,-0.0062,-0.0004,0.997,0.877,0.000,0.526,1.538
2019,KAI,-10.2,27.9,33.6,1.440,1.170,1,0.230,0.056,-0.044,0.1514,0.281,0.003,1.580,0.0030,0.0320,0.835,0.170,0.302,0.358,1.266
2019,KBH,-36.0,68.3,43.7,-11.000,-0.547,-2,0.032,-0.219,-0.180,0.0904,0.089,0.041,0.490,0.0057,-0.0036,0.948,0.839,0.000,0.294,1.702
2019,KEX,0.0,13.2,27.4,-28.330,0.063,-2,0.103,-0.064,-0.083,-0.0267,0.090,0.050,1.500,0.0048,0.0470,0.170,0.163,0.303,0.144,-0.220
2019,KFRC,46.5,5.6,26.4,0.270,1.065,1,0.236,-0.007,-0.052,0.0623,0.039,0.060,0.650,-0.0111,0.0082,0.863,0.261,0.354,0.714,1.233
2019,KFY,7.2,-36.7,7.2,-5.760,0.489,-4,,0.029,-0.026,0.1289,0.788,-0.010,1.320,-0.0044,0.0208,0.956,1.000,0.104,0.379,1.612
2019,KGC,-24.8,55.5,40.9,6.010,0.328,2,,-0.750,-0.720,0.0319,0.042,-0.003,1.250,-0.0064,-0.0951,0.910,0.401,0.392,0.411,0.376
2019,KOS,4.4,-21.9,19.3,0.550,1.009,4,,1.722,1.111,0.1092,0.115,0.097,3.060,0.0968,0.1359,0.804,0.292,0.433,0.000,0.433
2019,KRNT,51.9,109.2,55.1,-5.980,0.814,-1,,1.480,1.218,0.0222,0.347,-0.040,5.300,0.0564,0.0403,0.646,0.808,0.647,0.697,1.023
2019,KRO,-37.1,-45.7,7.8,-11.250,1.964,-4,-0.046,-0.103,0.126,0.1276,0.212,0.026,1.050,0.0000,-0.1291,0.603,0.592,0.004,0.390,1.212
2019,KTOS,42.7,17.8,29.2,0.060,0.997,1,,-0.720,-0.533,0.0657,0.197,0.000,2.970,0.0300,0.1310,1.000,0.934,0.233,1.000,8.407
2019,KWR,46.6,-24.6,12.0,-4.080,0.045,-2,0.063,-0.011,-0.013,0.0949,0.355,-0.004,3.210,0.0045,0.0140,0.555,0.098,0.330,1.000,0.975
2019,LAD,-26.1,69.9,44.7,-5.360,0.651,-2,0.049,-0.052,-0.152,0.0360,0.009,-0.045,0.160,-0.0599,-0.0058,0.073,0.214,0.047,0.000,0.903
2019,LBRT,-15.9,-49.9,12.4,-21.060,0.204,-6,-0.129,-0.268,-0.322,0.0760,0.054,-0.001,0.860,0.6833,-0.0648,0.799,0.450,0.000,0.021,22.972
2019,LCII,-29.9,48.9,40.9,-10.830,-0.216,-4,-0.188,-0.129,-0.110,0.0550,0.185,-0.011,0.790,-0.0078,-0.0257,0.000,0.000,0.000,0.000,0.597
2019,LGIH,-6.8,59.1,34.3,1.030,1.260,1,-0.017,0.243,0.193,0.1304,0.069,-0.045,0.960,-0.0100,-0.0048,0.662,0.000,0.019,0.341,1.041
2019,LIND,47.6,1.5,22.1,8.540,3.719,1,-0.091,-0.228,-0.345,-0.0499,0.171,-0.001,1.990,0.0160,-0.0101,0.122,0.089,0.429,0.804,-1.584
2019,LNN,-2.0,11.8,29.7,-3.530,1.537,-2,-0.156,24.968,25.069,0.0182,0.103,-0.099,1.750,0.0061,-0.0316,0.305,0.000,0.353,0.727,0.230
2019,LPG,-29.9,132.1,59.1,6.220,1.355,2,,-0.285,-0.522,0.1690,0.235,0.015,1.880,-0.0223,0.0119,0.573,0.417,0.259,0.036,0.958
2019,LPX,-12.6,19.8,31.5,-19.670,-6.639,-2,,-0.223,-0.052,0.0277,0.097,0.097,1.330,-0.0249,-0.1961,0.363,0.295,0.004,0.569,0.365
2019,LZB,11.5,-0.4,26.5,1.310,1.112,3,0.146,0.080,-0.050,0.0873,0.319,0.026,0.890,-0.0139,0.0073,0.660,0.977,1.000,0.563,1.130
2019,MAN,-35.5,18.9,29.1,-3.490,,-3,0.114,-0.106,-0.063,0.0404,0.123,0.040,0.220,-0.0743,-0.0019,0.858,0.252,0.175,0.000,1.114
2019,MAT,-19.3,17.4,33.1,2.540,0.679,2,,0.238,0.292,0.0705,0.136,-0.010,0.950,0.0044,0.2274,0.777,0.791,0.582,0.000,26.208
2019,MATV,-16.4,-0.5,27.4,4.550,,1,,0.130,0.075,0.1078,0.048,-0.005,1.020,0.0042,0.0059,0.542,0.083,0.478,0.054,0.824
2019,MATX,2.8,5.0,23.6,1.090,1.130,1,0.021,-0.067,-0.161,0.0398,0.103,-0.013,0.690,0.0093,0.0090,0.145,0.273,0.561,0.222,0.538
2019,MCFT,5.3,-26.7,19.1,11.000,1.250,1,0.085,0.176,-0.374,0.1211,0.035,0.002,1.090,0.0037,-0.0163,0.478,0.000,0.878,0.095,0.904
2019,MCRI,1.6,-28.0,11.3,4.530,3.143,1,-0.071,0.044,-0.023,0.1516,0.082,0.032,3.460,-0.0072,0.0064,0.429,0.457,0.664,0.901,0.940
2019,MEOH,-8.5,-35.7,16.2,-31.630,0.297,-1,,0.117,-0.017,0.2187,0.000,0.016,1.140,-0.0712,0.0581,0.891,0.777,0.424,0.118,1.592
2019,MGRC,11.2,47.3,31.7,3.180,1.554,1,,-0.009,-0.098,0.2642,0.024,0.002,2.620,0.0043,0.0450,1.000,1.000,0.614,0.721,1.301
2019,MHO,-8.5,50.0,37.2,-2.980,0.845,-2,0.200,0.064,-0.098,0.0687,0.058,0.141,0.360,-0.0960,-0.0061,0.543,0.046,0.434,0.171,0.945
2019,MLI,7.7,-4.1,22.2,-10.580,0.391,-1,,0.946,0.878,0.0715,0.066,0.137,0.700,-0.0088,0.0295,0.523,0.759,0.668,0.238,1.057
2019,MLKN,-6.1,-52.5,0.6,-0.920,0.884,-1,,,,0.0777,0.279,-0.024,0.820,-0.0205,0.0108,0.502,0.038,0.434,0.346,0.952
2019,MLR,34.0,-11.4,15.2,-14.920,0.459,-1,,,,0.0630,0.060,-0.020,0.550,0.0007,0.0030,0.839,1.000,0.461,1.000,1.205
2019,MMYT,-16.6,-11.5,26.2,4.610,0.857,1,-0.243,0.156,0.432,-0.2931,0.398,0.121,5.470,0.0437,-0.0138,0.555,0.715,0.040,0.859,-1.274
2019,MOD,-36.0,-49.8,12.3,-2.470,0.691,-5,0.235,-0.067,-0.122,0.0621,0.107,0.025,0.340,0.0240,0.0350,1.000,0.660,0.241,0.361,2.173
2019,MOV,4.3,-74.8,0.6,24.040,3.512,1,0.218,0.489,0.153,0.0857,0.543,0.228,1.390,0.0202,-0.0037,0.565,1.000,1.000,0.491,0.919
2019,MRCY,3.2,49.2,38.7,-0.890,0.975,-1,0.119,0.351,0.002,0.1248,0.277,0.032,4.220,0.0054,0.0325,1.000,0.301,0.577,0.609,1.594
2019,MTH,-18.4,73.2,43.6,-3.180,0.677,-1,,-0.060,-0.127,0.0965,0.067,0.012,0.460,-0.0365,0.0032,0.747,0.515,0.187,0.160,1.201
2019,MTRN,7.2,5.0,28.3,-4.430,,-4,0.226,-0.261,-0.227,0.0483,0.276,0.175,0.930,0.0081,0.0020,0.695,1.000,0.389,0.807,1.177
2019,MTX,-22.3,-5.4,22.9,-5.790,0.381,-2,0.009,0.015,-0.021,0.1432,0.109,0.020,1.150,-0.0112,0.0025,0.701,0.411,0.157,0.280,1.100
2019,MTZ,-16.1,23.4,24.7,18.530,17.880,2,0.009,-0.194,-0.391,0.0460,0.040,0.007,0.490,-0.0581,0.0096,0.723,0.622,0.520,0.404,1.036
2019,MUR,-14.8,-17.6,19.9,-10.450,0.678,-1,0.107,0.751,0.532,0.2254,0.064,-0.018,1.840,0.0101,0.1889,0.848,0.752,0.908,0.450,3.631
2019,MUSA,-5.6,41.1,35.5,-13.430,0.212,-2,0.009,0.141,0.105,0.0323,0.010,-0.002,0.180,-0.0685,0.0132,0.798,0.920,0.665,0.462,1.423
2019,MUX,-7.4,-68.5,3.4,-91.600,0.086,-3,,-0.495,-0.582,-0.6880,0.259,0.037,5.230,0.0045,-0.3099,0.941,0.107,0.224,0.117,-0.357
2019,MWA,-15.1,19.8,28.5,-3.940,0.673,-1,,0.171,0.089,0.0825,0.213,0.003,1.690,-0.0075,-0.0336,0.267,0.226,0.819,0.488,0.714
2019,MYE,-7.4,-26.8,14.6,4.920,0.199,1,,-0.247,-0.235,0.0508,0.430,0.100,1.200,0.1532,0.0222,0.777,0.635,0.709,1.000,1.618
2019,MYRG,-10.2,-15.7,14.5,12.530,2.798,2,0.231,0.201,0.006,0.0390,0.002,-0.049,0.340,0.0061,0.0014,0.425,0.320,0.600,0.000,1.034
2019,NBR,-53.9,-26.1,19.7,-7.300,0.588,-4,,-0.210,-0.315,0.2578,0.090,-0.013,0.350,0.2220,0.0283,0.711,0.296,0.767,0.000,1.033
2019,NOG,12.9,-59.7,4.0,-57.490,0.658,-1,,-0.859,-1.964,1.6278,0.033,0.068,1.820,4.8667,1.6911,0.974,0.468,0.746,0.730,1.418
2019,NPK,11.2,-24.7,9.5,-41.580,-1.660,-1,,,,0.1785,0.002,-0.008,2.350,0.0023,-0.0281,0.358,0.281,0.184,0.778,1.188
2019,NPO,-19.2,-13.6,19.7,-7.730,0.403,-2,,0.073,0.021,0.0498,0.210,-0.018,0.910,-0.0505,-0.0274,0.822,0.083,0.414,0.117,1.069
2019,NRP,36.9,-62.8,7.7,-44.760,-18.861,-2,,-0.370,0.055,1.0292,0.113,0.038,1.910,0.1417,0.4613,1.000,0.925,0.000,0.298,4.011
2019,NVGS,-1.0,-61.0,0.1,-13.120,0.133,-1,,-0.301,-0.322,0.1079,0.017,0.017,2.010,-0.0042,-0.0354,0.000,0.000,0.181,0.170,0.405
2019,NX,-2.4,3.2,20.7,-2.460,0.522,-1,,-0.357,-0.384,-0.0124,0.142,-0.010,0.630,-0.0620,-0.0099,0.243,0.264,0.430,0.125,-0.384
2019,OII,-18.6,-16.1,21.6,-6.810,0.249,-1,,1.224,1.201,-0.1962,0.109,0.013,0.800,-0.0032,-0.1774,0.000,0.025,0.702,0.000,-3.939
2019,OIS,-38.9,-38.1,16.8,-18.170,0.730,-1,,0.203,-0.289,-0.0221,-0.243,0.006,0.950,0.1809,0.0409,0.367,0.162,0.852,0.000,-8.262
2019,OLN,-33.1,-37.4,14.9,-19.490,0.046,-1,0.177,0.038,0.029,0.0776,0.072,-0.006,0.580,-0.0130,0.0096,0.527,0.647,0.073,0.161,1.234
2019,OMAB,8.0,44.6,40.7,1.390,1.162,1,0.174,-0.115,-0.214,0.5238,0.081,0.013,5.310,0.0000,0.0841,0.896,0.310,0.400,0.139,1.151
2019,OR,8.4,-0.7,26.4,-25.130,2.096,-4,0.024,0.570,1.050,-1.2765,0.050,0.006,8.720,-0.0165,-0.5148,0.000,0.648,0.000,0.093,-7.102
2019,OXM,3.7,-52.0,1.1,2.800,,1,0.059,-0.037,-0.056,0.0737,0.308,0.025,1.190,0.0052,0.0105,0.551,0.409,0.506,0.571,0.889
2019,P,-6.0,-22.6,15.5,-9.470,0.724,-4,-0.222,-0.188,-0.436,-0.0591,0.634,0.002,3.610,0.0989,-0.0124,0.993,0.975,0.000,0.059,-0.128
2019,PAC,0.2,40.8,38.8,-25.180,0.385,-1,,21.308,21.151,0.4977,0.000,0.018,6.930,0.0000,-0.0050,0.549,0.596,0.244,0.461,1.018
2019,PAGP,11.6,-28.2,16.6,-34.170,0.312,-1,,-0.230,-0.386,0.1496,0.010,-0.002,0.110,0.0323,0.1154,1.000,1.000,0.585,0.455,2.922
2019,PATK,-33.7,29.4,34.8,-29.430,0.284,-3,,0.078,-0.039,0.0732,0.037,0.058,0.310,-0.0670,0.0015,0.423,0.771,0.000,0.000,0.981
2019,PENN,-5.0,25.3,32.9,52.280,-24.399,1,0.028,0.706,0.204,0.1076,0.208,-0.004,0.820,0.2505,0.0346,0.837,0.458,1.000,0.763,1.032
2019,PKE,0.7,-19.3,25.0,11.600,0.814,1,,-0.443,0.066,0.1790,0.154,0.110,5.010,0.0045,0.1484,0.872,0.884,0.153,1.000,1.744
2019,PLNT,73.5,48.1,31.9,-10.070,0.749,-1,0.063,0.192,-0.109,0.3025,0.117,0.003,8.570,-0.0010,-0.0129,0.716,0.108,0.683,0.980,1.049
2019,POWL,-4.5,44.2,33.3,-20.800,0.505,-2,,2.809,2.597,-0.0278,0.161,-0.008,0.710,0.0047,0.0542,0.387,0.259,0.731,0.415,-66.988
2019,PR,-34.0,-77.0,5.7,-76.510,0.307,-4,-0.250,0.988,0.648,0.2194,0.078,0.013,3.680,,-0.0713,0.858,0.309,0.259,0.077,34.853
2019,PRIM,-1.9,-3.5,21.0,2.170,1.044,3,0.016,-0.672,-1.188,0.0606,0.057,0.065,0.410,-0.0061,0.0179,0.934,0.642,1.000,0.000,1.569
2019,PUMP,10.2,-88.4,1.1,-17.910,0.665,-4,0.054,0.295,-0.062,0.1625,0.035,0.007,0.960,0.0046,0.1172,1.000,1.000,0.209,0.011,19.559
2019,QUAD,-47.8,-65.8,9.1,-0.860,0.634,-2,-0.102,-0.801,-0.816,0.0548,0.076,-0.001,0.170,-0.0516,-0.0012,0.983,0.077,0.743,0.250,11.537
2019,RBA,12.3,10.5,22.1,25.160,1.340,1,-0.111,0.441,-0.550,0.1582,0.269,0.004,3.530,0.0161,-0.0942,0.366,0.000,1.000,0.000,0.722
2019,RBC,11.4,-4.5,22.1,-2.480,0.526,-4,,-0.063,-0.091,0.1157,0.170,0.061,2.910,0.0145,-0.0838,0.000,0.992,0.090,0.338,0.620
2019,RES,-52.1,-57.1,11.5,-5.250,1.797,-6,,0.461,0.579,0.0522,0.106,-0.062,1.330,-0.0086,-0.0889,0.789,0.591,0.194,0.044,3.926
2019,RGR,25.9,-14.2,22.8,-7.220,0.253,-1,-0.127,,,0.1411,0.137,0.009,2.130,-0.0142,0.0238,0.806,0.321,0.591,0.821,0.963
2019,RRC,-16.3,-74.6,5.1,0.400,1.008,3,,-0.286,-0.773,0.1965,0.052,0.038,0.810,0.0045,0.0412,0.750,0.373,0.480,0.000,10.345
2019,RRX,7.5,1.4,22.9,-0.560,0.930,-2,,,,0.0937,0.180,0.004,0.920,-0.0291,0.0048,0.880,0.542,0.743,0.468,1.138
2019,RUSHA,-20.4,13.7,29.9,18.070,2.915,1,,-0.081,-0.356,0.0444,0.007,0.026,0.190,-0.0564,0.0129,1.000,0.583,0.694,0.474,1.581
2019,RYAM,-27.1,-82.0,4.1,-108.680,0.318,-2,,-0.838,-1.345,0.0551,0.067,0.023,0.360,-0.1354,0.0550,0.498,0.102,0.372,0.035,0.585
2019,SAH,-20.5,93.9,51.6,-2.120,2.525,-3,-0.095,-0.208,-0.173,0.0228,0.006,0.054,0.070,0.0029,-0.0061,0.603,0.255,0.000,0.000,1.032
2019,SBLK,-36.0,4.1,29.4,-38.810,0.709,-1,-0.135,3.951,3.007,0.1620,0.005,0.026,1.130,0.4397,-0.1836,0.964,0.661,0.735,0.232,0.405
2019,SEDG,12.5,161.2,69.5,-2.790,0.934,-3,-0.100,0.215,-0.178,0.0908,0.167,-0.042,2.110,0.0162,-0.0917,0.767,0.717,0.258,0.241,0.917
2019,SHAK,26.8,43.2,35.3,2.790,1.106,1,,0.338,0.045,0.0228,0.195,-0.012,3.350,0.1180,-0.0379,0.716,0.011,0.058,0.494,0.391
2019,SHOO,15.7,2.6,20.3,8.700,3.221,1,0.105,-0.058,-0.185,0.0610,0.170,0.036,1.650,-0.0686,-0.0259,0.000,0.640,0.863,0.434,0.531
2019,SID,21.2,-60.2,8.7,20.110,,1,,0.662,0.452,0.2167,0.127,0.096,0.670,0.0169,-0.0288,0.212,0.958,0.616,0.506,1.106
2019,SIG,-27.3,-73.6,-0.2,-9.040,-2.006,-1,0.037,1.780,1.840,-0.0388,0.180,0.005,0.230,-0.2299,-0.1798,0.619,0.883,0.080,0.000,-0.788
2019,SKY,-17.6,113.2,46.0,-471.550,0.072,-1,0.227,3.348,2.983,0.0507,0.132,-0.048,0.870,0.3138,-0.0015,0.994,1.000,1.000,0.139,3.221
2019,SM,-7.5,-55.6,11.8,-38.700,0.287,-1,0.125,-0.452,-0.608,1.0937,0.078,0.033,0.680,0.0150,1.3802,0.973,0.243,0.606,0.495,8.745
2019,SMG,-22.3,53.0,38.5,19.400,2.277,3,0.112,0.103,-0.243,-0.2848,0.065,0.021,1.440,-0.0399,0.0398,0.261,0.000,1.000,0.271,-28.352
2019,SMP,-5.3,4.5,28.3,-2.620,0.526,-1,-0.148,0.141,0.112,0.0861,0.204,-0.062,1.020,-0.0045,0.0118,0.564,0.488,0.424,0.775,0.972
2019,SSD,8.2,35.7,30.7,-3.880,0.531,-2,,0.165,0.121,0.0852,0.151,-0.003,2.590,-0.0382,-0.0213,0.000,0.000,0.082,0.815,0.592
2019,SSRM,69.6,32.8,36.6,-12.380,-0.454,-1,,0.277,0.315,0.0295,0.115,0.016,4.040,0.0064,-0.1553,0.653,0.241,0.104,0.805,1.267
2019,STNG,-19.2,16.9,31.6,16.010,-4.136,1,,0.033,-0.096,0.1662,0.077,0.087,1.540,0.6351,0.1905,0.504,0.362,0.226,0.087,1.293
2019,STRL,20.9,-8.1,14.0,4.760,-0.117,1,0.105,0.869,0.864,0.0369,0.048,0.011,0.390,-0.0080,0.0094,0.935,0.813,0.206,0.763,15.280
2019,SWBI,20.9,-4.8,20.4,-6.000,0.329,-1,0.000,-0.052,-0.081,-0.0125,0.115,0.018,0.750,-0.0021,-0.0497,0.044,0.280,0.403,0.143,-0.085
2019,SXC,-8.9,-45.1,12.5,-4.940,0.344,-2,,0.340,0.314,0.0618,0.046,-0.075,0.460,0.0015,-0.0453,0.752,0.430,0.647,0.330,1.020
2019,SXI,-21.6,-8.7,22.3,3.150,0.683,1,-0.190,1.979,2.047,0.1033,0.001,0.017,1.220,-0.0015,0.0167,0.729,0.619,0.103,0.086,1.084
2019,TEN,-16.4,-33.9,-3.6,74.700,18.332,1,-0.078,2.183,1.393,-0.0019,0.057,0.007,0.110,0.5640,-0.0638,0.000,0.000,1.000,0.071,-0.036
2019,TEX,-16.4,-25.6,19.3,5.380,1.510,1,,-0.368,-0.527,0.0778,0.173,0.018,0.510,-0.1435,0.0393,0.928,0.752,0.854,0.294,1.889
2019,TFII,30.9,6.7,25.9,-11.370,-3.063,-5,,0.515,0.601,0.0782,0.000,0.011,0.940,-0.0405,0.0353,0.539,0.733,0.405,0.686,1.083
2019,TGLS,-4.6,-16.0,14.0,-0.200,0.988,-1,,0.230,0.068,0.1463,0.038,0.033,0.900,0.0937,0.0195,0.622,0.484,0.427,0.183,1.031
2019,THO,-49.5,13.4,18.8,-13.220,1.620,-9,,0.107,0.452,0.0341,0.066,-0.044,0.460,0.0001,-0.0366,0.000,0.000,0.000,0.079,0.461
2019,THRM,25.2,10.5,29.7,-11.160,-0.140,-1,-0.131,-0.248,-0.234,0.0821,0.214,-0.026,1.400,-0.0577,0.0005,0.213,0.000,0.000,0.200,0.750
2019,TK,-47.8,-32.4,4.9,67.280,-3.000,4,,,,0.1730,0.047,0.038,0.240,0.0327,0.1260,0.818,0.452,1.000,0.020,1.157
2019,TKR,-8.7,33.0,34.6,2.730,1.192,1,-0.029,0.003,-0.167,0.1147,0.204,-0.034,0.910,-0.0190,0.0127,0.931,0.657,0.858,0.169,1.869
2019,TNET,19.1,3.1,27.7,1.340,1.197,2,0.135,-0.026,-0.107,0.0458,0.069,0.018,1.020,0.0012,-0.0108,0.455,0.670,0.089,0.736,0.923
2019,TPC,-19.8,-34.2,12.8,5.550,0.129,2,0.241,5.526,5.534,0.0766,0.057,-0.009,0.200,-0.0032,0.0269,1.000,1.000,0.297,0.292,1.971
2019,TREX,40.1,35.7,34.8,-4.150,0.778,-2,0.222,0.165,0.020,0.2303,0.197,0.008,6.750,-0.0044,0.0231,0.732,0.871,0.546,1.000,1.098
2019,TRMD,-22.7,18.5,16.5,8.240,0.167,1,,,,0.0511,0.075,0.000,0.700,0.0000,-0.0225,0.816,0.236,0.517,0.630,73.525
2019,TRN,2.5,-15.2,22.6,-14.520,4.312,-2,,-0.394,-0.205,0.1222,-0.346,0.015,1.050,-0.1021,-0.0370,0.204,0.050,0.121,0.960,0.714
2019,TROX,-41.0,-26.7,15.8,-12.370,-1.562,-1,,-0.657,-0.581,0.1585,0.117,0.039,0.810,0.0177,0.0292,1.000,0.924,0.262,0.420,6.152
2019,TTEK,1.3,77.9,44.8,-6.140,,-2,,-0.248,-0.192,0.0777,0.060,0.036,0.970,-0.0089,0.0137,0.990,0.851,0.145,0.507,1.361
2019,UFPI,-10.5,50.9,40.2,-12.490,0.155,-2,0.000,-0.120,-0.142,0.0460,0.093,-0.003,0.440,-0.0001,0.0030,0.599,0.657,0.075,0.257,1.029
2019,ULH,7.1,-24.7,18.7,3.460,1.177,1,,0.034,-0.197,0.0463,0.024,0.000,0.460,-0.0005,0.0046,0.634,0.133,1.000,0.300,0.912
2019,URBN,-17.9,-24.2,14.7,-5.390,0.404,-2,0.051,-0.185,-0.222,0.1012,0.229,0.005,0.830,-0.0076,0.0178,0.700,0.240,0.360,0.252,1.080
2019,USAC,-13.2,-2.9,25.8,-3.970,0.970,-2,,0.098,-1.183,0.2126,-1.676,0.039,2.560,0.5415,0.0597,0.990,0.655,0.851,0.229,23.021
2019,USLM,-8.6,36.9,33.1,2.780,0.382,1,,,,0.1151,0.076,-0.012,2.680,0.0023,-0.0322,0.139,0.154,0.458,0.419,0.724
2019,VAC,-29.7,5.8,20.7,64.610,2.196,4,0.129,1.049,-0.137,0.1198,0.172,-0.003,1.590,0.7684,-0.0065,0.574,0.555,1.000,0.643,1.012
2019,VET,-19.1,-63.1,6.7,-51.440,0.466,-1,,0.500,0.050,0.1559,0.102,-0.003,3.260,0.2433,0.0034,0.689,0.668,0.660,0.000,1.649
2019,VMI,-11.0,8.7,28.9,-2.160,,-1,-0.016,0.038,0.063,0.0520,0.163,0.012,1.110,-0.0223,-0.0371,0.498,0.150,0.542,0.547,0.603
2019,VNOM,29.4,-29.2,18.6,-60.410,0.287,-2,,-0.887,-1.130,0.6722,-0.018,-0.039,5.480,-0.5460,-0.0509,0.976,0.850,0.271,0.000,1.789
2019,VSEC,-25.0,-19.8,16.0,-4.080,2.358,-1,,,,0.0754,0.004,-0.016,0.560,0.0071,0.0093,0.319,0.166,0.205,0.193,0.932
2019,VVX,2.2,90.8,37.7,-2.850,0.800,-2,-0.064,0.246,0.132,0.0384,-0.096,-0.007,0.250,0.0054,0.0036,0.427,0.163,0.754,0.500,1.025
2019,WCC,-21.6,0.4,24.3,-2.610,0.221,-3,0.008,0.015,0.008,0.0450,0.141,-0.035,0.300,-0.0274,0.0042,0.303,0.237,0.410,0.154,0.944
2019,WEN,9.6,29.2,26.3,-1.410,0.953,-1,0.067,-0.080,-0.366,0.1151,0.180,0.006,2.690,-0.0365,-0.1002,0.164,0.452,0.932,0.685,0.699
2019,WFG,-17.4,-23.9,20.1,-56.240,-1.103,-2,,,,-0.0418,0.142,-0.004,0.880,-0.1115,-0.2570,0.000,0.000,0.000,0.164,-0.353
2019,WGO,-30.6,-16.9,2.5,-17.310,-0.786,-5,0.172,-0.183,-0.107,0.0668,0.082,-0.003,0.450,-0.0041,-0.0085,0.356,0.859,0.000,0.156,0.943
2019,WING,41.0,54.1,40.1,-3.740,0.920,-2,-0.118,0.110,-0.322,0.2142,0.330,-0.004,12.760,0.0055,-0.1182,0.401,0.229,0.836,0.828,0.777
2019,WLDN,66.2,-17.7,17.7,31.270,10.071,3,,0.299,-0.048,0.0194,0.193,-0.013,1.550,0.2151,-0.0272,0.062,0.336,0.451,1.000,0.341
2019,WLFC,45.3,-8.3,12.2,68.650,4.733,3,,-0.462,-1.333,0.1656,0.182,0.118,2.250,-0.0423,0.1324,1.000,0.354,1.000,0.381,1.706
2019,WMS,4.3,71.1,45.0,-2.220,-0.617,-2,-0.219,0.088,0.097,0.0783,0.073,-0.033,1.060,0.0217,-0.0065,0.766,0.695,0.153,0.511,1.217
2019,WNC,-36.3,-20.7,24.1,-17.820,0.408,-2,-0.136,0.005,-0.118,0.0373,0.027,0.010,0.370,-0.0857,-0.0276,0.078,0.000,0.525,0.038,0.483
2019,WOR,-14.3,-38.4,0.9,-6.090,0.390,-3,-0.125,-0.080,-0.119,0.0158,0.086,-0.011,0.340,-0.0701,-0.0291,0.533,0.000,0.510,0.135,0.375
2019,WSC,-21.8,63.2,23.1,-130.740,-0.478,-1,0.125,0.464,0.887,-0.0167,0.350,0.018,1.550,0.4059,0.1091,0.650,0.723,0.000,0.880,-2.202
2019,WTI,29.6,-50.2,8.5,-28.060,0.283,-1,,-0.695,-0.806,0.7159,0.407,0.029,1.210,0.0104,0.4590,1.000,1.000,0.554,0.571,1.465
2019,WWW,19.7,-15.9,18.7,4.080,-0.044,4,0.061,-0.060,-0.062,0.0930,0.208,-0.106,1.480,-0.0246,0.2195,0.879,0.457,0.698,0.926,1.327
2019,XPO,-33.9,56.6,39.6,-6.870,0.404,-3,-0.143,-0.248,-0.295,0.0287,0.111,-0.002,0.160,0.0309,-0.0041,0.816,0.001,0.019,0.184,1.816
2019,ZWS,-8.6,24.2,29.8,-4.220,-0.541,-3,,,,0.1462,0.211,0.033,0.730,0.0084,-0.0013,0.959,0.813,0.424,0.773,1.398
2020,AAON,38.5,35.2,49.4,8.610,,1,0.138,0.031,-0.060,0.1748,0.003,0.084,6.470,0.0054,0.0315,0.744,0.844,0.744,1.000,1.029
2020,ABG,34.8,52.5,47.3,1.340,1.278,3,0.081,-0.108,-0.169,0.0418,0.020,0.029,0.270,-0.0153,-0.0016,0.000,0.126,0.583,0.435,0.923
2020,ADT,-17.4,63.5,56.8,-3.720,0.719,-2,,-0.252,-0.348,0.0632,0.260,-0.074,0.910,-0.0185,-0.0162,0.640,0.005,0.036,0.027,1.037
2020,AG,34.7,86.9,54.3,26.420,4.366,2,,-0.513,-0.855,-0.4852,0.020,-0.080,5.270,0.0806,2.0277,0.758,0.907,0.655,0.398,-1.543
2020,AGI,33.8,15.3,30.3,-3.820,0.786,-1,0.143,-0.292,-0.432,0.2237,0.036,0.027,3.740,0.0021,0.5382,1.000,1.000,0.133,0.450,0.832
2020,AGX,-27.1,45.4,55.0,27.410,0.450,3,,0.943,1.167,-0.1462,0.182,-0.002,2.410,0.0039,-0.0972,0.569,0.001,0.298,1.000,-2.578
2020,ALGT,29.8,15.0,37.2,0.840,1.076,1,-0.039,-0.766,-0.885,0.2009,0.043,-0.045,1.420,0.0011,0.0479,0.478,0.524,0.630,0.158,0.952
2020,ALNT,-23.8,50.0,56.1,-1.770,0.914,-1,0.007,-0.076,-0.265,0.0648,0.114,-0.061,1.220,0.0150,0.0194,0.282,0.553,0.729,0.116,0.819
2020,AMRC,31.4,148.4,77.3,37.820,12.677,3,0.180,0.126,-0.285,0.0605,0.095,0.020,1.280,0.0155,-0.0295,0.770,0.000,1.000,1.000,1.375
2020,AR,-80.5,436.2,161.8,-19.340,3.381,-4,,-0.947,-0.672,-0.0773,0.162,0.041,0.150,-0.0430,-0.0383,0.462,0.007,0.029,0.000,-0.605
2020,ARCB,-37.6,86.2,57.7,-2.670,1.572,-5,,-0.699,-0.626,-0.0157,0.013,0.018,0.220,-0.0447,-0.0636,0.000,0.155,0.000,0.200,-0.700
2020,ARCO,-53.3,64.2,73.8,-3.070,0.042,-1,,-0.966,-0.968,0.0804,0.002,-0.210,0.230,-0.0079,0.0288,0.684,0.639,0.485,0.061,1.481
2020,ARKO,-1.1,0.4,40.1,-29.760,0.331,-1,,,,0.0010,0.316,-0.008,1.040,-0.4175,-0.0140,0.359,0.000,0.416,0.000,0.101
2020,ARLP,-52.5,-45.4,16.7,-8.120,2.224,-3,,-0.924,-0.776,0.0794,0.039,-0.072,0.600,-0.0172,-0.0894,0.303,0.000,0.222,0.138,0.477
2020,AROC,-14.8,18.4,33.7,0.090,1.017,2,0.235,-0.665,-0.720,0.4232,0.124,0.009,1.340,0.1743,0.0272,1.000,1.000,0.864,0.737,1.131
2020,ATI,-22.7,-8.0,26.5,-1.710,,-2,0.125,-0.525,-0.506,0.0967,0.039,0.157,0.710,0.0041,0.0247,0.982,0.948,0.616,0.545,4.363
2020,ATRO,-39.4,-18.5,26.8,14.550,0.132,1,,-0.983,-0.960,-0.1858,0.266,-0.054,0.720,-0.0713,-0.2772,0.000,0.000,0.314,0.000,-2.404
2020,AVAV,-30.2,91.3,57.7,-31.930,-1.264,-1,,0.435,0.614,-0.0179,0.398,-0.013,3.990,-0.0108,-0.1220,0.468,0.498,0.070,0.414,-0.371
2020,AVNT,9.3,18.3,39.8,-0.910,1.045,-6,-0.122,-0.134,0.076,0.0311,0.759,0.054,0.870,-0.0215,-0.0252,0.000,1.000,0.000,0.500,0.411
2020,AXON,28.1,109.4,76.5,24.910,2.004,2,,,,-0.0837,0.623,-0.041,8.750,0.0099,-0.1011,0.000,0.000,1.000,0.800,-1.067
2020,AZZ,7.9,5.0,32.9,15.540,3.583,1,0.037,0.315,0.099,0.1148,0.116,0.040,1.210,0.0043,0.0198,0.659,0.518,0.721,0.018,1.064
2020,BAK,-61.5,64.2,46.5,-26.840,2.368,-2,,-0.484,-0.019,0.0299,0.039,-0.023,0.360,-0.0003,-0.1249,0.402,0.000,0.000,0.303,0.230
2020,BBSI,5.1,-4.8,30.8,2.800,,4,0.171,-0.353,-0.384,0.0517,0.165,-0.026,0.640,0.0134,-0.0218,0.679,0.719,0.224,0.707,1.592
2020,BCC,42.8,28.9,42.7,8.520,-0.654,2,0.197,0.667,0.633,0.0225,0.089,-0.018,0.340,0.0115,0.1016,0.771,0.866,0.441,0.731,0.962
2020,BCPC,16.3,11.8,34.4,-0.460,0.798,-1,0.048,-0.163,-0.182,0.1420,0.114,-0.079,5.200,-0.0010,-0.0247,0.000,0.668,0.233,0.992,0.862
2020,BE,-50.3,687.6,387.8,-67.880,-1.983,-2,,-0.150,0.301,-0.4212,0.331,-0.132,0.840,0.1066,0.0479,0.910,1.000,0.044,0.057,-0.449
2020,BJRI,-15.9,25.4,36.9,0.620,1.199,1,0.111,-0.442,-0.480,0.0560,0.053,0.014,0.730,-0.1064,0.0055,0.692,0.332,0.348,0.079,1.078
2020,BLBD,5.7,9.1,32.5,-4.700,-0.307,-1,0.000,0.159,0.170,0.0053,0.134,-0.007,0.550,0.0068,-0.0066,0.446,0.869,0.436,0.850,0.169
2020,BOOT,80.1,38.1,41.6,0.460,1.041,1,0.037,0.149,0.031,0.1232,0.219,0.007,1.460,0.0167,0.0078,1.000,1.000,0.189,0.633,1.857
2020,BSM,-45.2,-5.2,31.4,-49.440,30.404,-2,,-0.132,0.379,0.3715,0.113,-0.015,4.080,-0.0640,-0.3224,0.874,0.730,0.000,0.000,2.172
2020,BTU,-71.0,-53.3,14.1,1.660,0.924,1,,-0.486,-0.286,-0.1481,-0.004,0.256,0.200,-0.1517,-0.2389,0.626,0.857,0.212,0.138,-13.003
2020,BVN,-24.6,-6.3,25.8,7.300,0.523,3,0.024,,,-0.0368,0.033,0.005,3.650,0.0000,-0.1149,0.475,1.000,0.424,0.668,-15.931
2020,BYD,22.8,55.7,47.1,-28.630,0.155,-2,0.064,9.694,9.641,0.1379,0.162,0.019,1.190,-0.0060,0.0183,0.819,0.730,0.495,0.496,1.019
2020,BZH,32.0,7.6,32.6,2.130,2.189,3,0.125,-0.137,-0.176,0.0094,0.039,0.036,0.250,-0.0598,0.0007,0.874,0.076,0.307,0.455,0.772
2020,CAKE,-11.9,22.4,36.0,17.630,,1,-0.033,5.926,5.740,0.0092,0.085,0.018,0.730,-0.0311,-0.0239,0.000,0.042,1.000,0.000,0.140
2020,CAPL,10.3,-9.6,28.4,10.190,0.385,1,,-0.954,-0.891,0.0184,0.009,-0.007,0.300,0.0014,-0.0099,0.676,0.220,0.353,0.308,1.169
2020,CAR,46.8,3.5,30.6,6.360,,1,,0.195,0.140,0.0648,0.134,0.045,0.350,-0.0412,-0.0045,0.388,0.114,0.748,0.222,0.827
2020,CARG,-20.2,4.4,31.0,-0.970,0.963,-8,0.214,-0.571,-0.825,0.0862,0.753,-0.010,6.580,0.0014,0.0315,0.905,0.000,0.000,0.000,1.787
2020,CBRL,-2.5,-1.2,32.8,2.130,2.008,2,-0.012,-0.289,-0.332,0.0935,0.045,-0.037,1.230,-0.0036,-0.0010,0.401,0.490,0.596,0.400,0.970
2020,CBT,-16.6,9.4,32.1,-8.740,4.231,-6,-0.055,-0.246,-0.132,0.0867,0.107,0.007,0.710,-0.0516,-0.0071,0.851,0.273,0.312,0.025,0.949
2020,CCJ,-30.6,76.7,55.3,39.260,0.005,1,,-0.365,-0.363,0.1950,0.041,-0.009,2.430,0.0026,0.0098,1.000,0.651,0.680,0.515,39.275
2020,CCS,33.2,52.0,44.8,16.470,4.231,1,0.181,-0.072,-0.288,0.0800,0.021,-0.005,0.410,0.0586,0.0241,0.691,0.473,0.078,0.151,1.257
2020,CDE,12.4,43.8,42.2,1.520,1.045,5,,-0.078,-0.433,0.1475,0.037,-0.006,2.110,0.1869,0.0642,0.333,0.238,0.944,0.543,0.720
2020,CLF,-39.2,135.1,64.8,1.810,0.928,1,0.042,0.926,1.159,0.1530,0.070,-0.054,0.990,-0.1100,-0.0814,0.612,0.477,0.327,0.624,1.078
2020,CLH,14.3,11.4,36.4,-4.260,0.259,-1,-0.087,-0.647,-0.662,0.0601,0.141,-0.044,1.280,-0.0015,0.0117,0.596,0.545,0.669,0.833,1.245
2020,CMC,37.4,2.0,33.1,-9.520,0.469,-2,,-0.116,-0.200,0.0919,0.080,-0.003,0.450,0.0092,0.0592,1.000,1.000,0.590,0.419,2.103
2020,CMCO,2.6,9.5,31.5,-3.920,1.892,-1,0.085,-0.292,-0.209,0.1048,0.129,0.055,1.070,0.0293,0.0742,0.845,0.816,0.000,0.795,1.361
2020,CMP,11.2,9.7,34.1,-2.990,0.487,-1,-0.119,-0.231,-0.259,0.1923,0.092,-0.007,1.330,0.0010,0.0519,0.763,0.706,0.379,0.158,1.575
2020,CMRE,71.7,-3.3,28.6,-18.730,0.479,-1,0.143,0.075,-0.098,0.4026,0.023,0.027,1.520,0.0605,0.0640,0.838,0.742,0.628,0.528,1.125
2020,CNX,-42.3,77.3,53.8,-14.860,1.894,-4,,-0.867,-0.552,0.0606,0.093,0.053,0.850,-0.0813,-0.3614,0.469,0.379,0.102,0.188,1.517
2020,CODI,20.8,18.8,38.8,-1.020,1.076,-1,0.163,-0.457,-0.312,0.0714,0.236,-0.021,0.760,0.0000,0.0270,0.935,0.987,0.108,0.358,2.044
2020,CPA,13.2,-27.3,21.6,-1.380,0.740,-1,0.096,-0.089,-0.128,0.0261,0.078,0.002,1.680,0.0004,0.2187,0.548,0.419,0.654,0.555,0.221
2020,CPAC,-8.6,-7.3,28.2,-11.340,0.352,-1,,0.206,0.145,0.1802,-0.041,-0.002,1.910,0.0000,0.0104,0.559,0.000,0.697,0.063,0.870
2020,CPS,-73.3,88.0,64.0,-1.590,1.112,-1,,-0.720,-0.563,-0.0255,0.108,-0.036,0.110,-0.0508,0.0521,0.153,0.000,0.064,0.000,-0.442
2020,CRAI,-10.9,32.7,44.4,-1.720,0.849,-1,-0.013,-0.064,-0.160,0.0610,0.207,-0.066,0.790,-0.0453,-0.0111,0.753,0.268,0.585,0.377,1.094
2020,CRI,-3.4,-2.0,28.6,-0.800,0.620,-2,-0.028,-0.738,-0.751,0.1479,0.284,-0.127,1.210,-0.0389,-0.0091,0.882,0.405,0.309,0.000,1.258
2020,CRK,-19.0,-2.7,34.7,-147.500,0.375,-1,,0.259,-0.626,0.3515,0.022,-0.062,2.050,1.6940,-0.1791,0.983,0.555,0.498,1.000,0.325
2020,CROX,10.8,192.2,105.9,1.950,1.099,3,,0.555,0.337,0.0318,0.448,-0.160,1.610,0.0121,0.0963,0.773,0.643,1.000,0.626,4.176
2020,CRS,-10.5,-18.7,24.7,0.690,1.305,1,-0.046,-0.087,-0.117,0.0960,0.097,-0.034,0.850,0.0104,-0.0036,0.862,0.944,0.530,0.224,1.425
2020,CSW,33.8,70.9,53.2,-2.560,0.758,-2,,,,0.1253,0.325,-0.059,2.900,-0.0065,0.0037,0.396,0.716,0.440,0.984,0.924
2020,CVCO,30.4,-13.4,26.3,5.890,1.524,3,0.166,0.272,0.101,0.0841,0.003,-0.036,1.870,0.0026,0.0062,0.642,0.785,0.479,0.750,1.076
2020,CVI,-20.5,-33.0,19.0,6.500,0.598,1,0.092,-0.441,-0.344,0.0439,0.020,0.029,0.430,0.0000,-0.0780,0.551,0.008,0.318,0.512,0.773
2020,CYD,-22.6,19.2,44.8,21.740,2.903,2,,,,0.0483,0.120,0.021,0.200,0.0000,-0.0376,0.323,0.000,1.000,0.095,0.711
2020,CYRX,63.9,242.2,111.7,-18.920,0.767,-2,,0.091,-0.533,-0.0950,0.398,-0.026,18.520,0.2289,0.2950,1.000,0.967,0.614,0.602,-0.113
2020,CZR,8.3,74.7,58.0,-47.960,-0.328,-4,,-0.947,-0.829,0.0995,0.054,-0.076,1.580,0.0030,-0.0296,0.656,0.978,0.000,0.366,0.874
2020,DCH,-47.9,20.4,36.0,-7.910,2.029,-1,,-0.687,-0.532,-0.2878,0.063,-0.142,0.150,0.0081,-0.0550,0.000,0.000,0.000,0.000,-6.276
2020,DCO,0.8,32.1,38.9,0.550,1.042,1,0.154,-0.141,-0.280,0.0812,0.133,0.026,0.700,0.0106,0.0430,1.000,1.000,0.932,0.833,5.596
2020,DDS,-14.2,37.3,48.0,-2.390,2.113,-1,-0.203,-0.876,-0.831,0.0444,0.238,-0.013,0.220,-0.0717,-0.0128,0.518,0.178,0.139,0.000,0.999
2020,DHT,44.1,3.3,32.2,22.240,2.377,1,-0.182,0.491,0.107,0.4464,0.018,0.021,1.810,0.1690,0.2068,1.000,0.892,0.212,0.264,3.070
2020,DK,-28.0,1.8,33.8,1.070,0.833,1,,-0.424,-0.370,0.0211,0.034,-0.059,0.200,-0.0948,-0.0546,0.432,0.083,0.197,0.152,0.795
2020,DKL,-11.8,54.2,51.2,3.190,0.803,1,,-0.027,0.103,0.2144,0.042,-0.084,1.120,0.0008,0.0189,0.724,0.714,0.354,0.017,1.219
2020,DKS,3.6,113.8,68.3,-0.970,0.828,-1,0.082,-0.769,-0.815,0.0379,0.243,0.040,0.350,-0.1007,-0.0191,0.210,0.205,0.643,0.050,0.687
2020,DMLP,-15.9,-3.4,35.3,-52.650,-0.303,-1,,,,0.6288,0.101,0.018,6.730,0.0726,-0.1459,0.725,0.673,0.258,0.000,1.049
2020,DQ,71.3,524.3,218.0,32.780,2.337,4,,0.479,-0.095,0.2530,0.014,0.015,2.350,0.0609,-0.0149,0.608,0.548,0.555,1.000,1.107
2020,DXPE,-27.4,47.5,45.2,-11.210,-0.804,-6,,-0.376,-0.326,0.0228,0.242,-0.164,0.340,0.0018,-0.0429,0.852,0.000,0.432,0.316,21.611
2020,DY,-30.2,156.2,82.0,-5.700,-0.348,-4,,-0.837,-0.823,-0.0043,0.083,-0.292,0.290,0.0060,0.0012,0.010,0.000,0.127,0.000,-0.069
2020,EBF,-16.7,22.6,45.6,-0.320,0.948,-3,-0.057,-0.382,-0.442,0.1026,0.009,-0.035,0.990,-0.0022,-0.0053,0.549,0.415,0.826,0.386,0.904
2020,ECVT,-9.3,16.3,25.3,-6.480,,-2,,-0.371,-0.298,0.0865,0.123,0.000,1.320,0.0086,-0.0647,0.341,0.229,0.000,0.500,0.791
2020,EFXT,-42.7,-13.0,23.5,6.470,1.403,1,-0.199,0.042,-0.184,0.1576,0.033,0.000,0.590,-0.0003,0.0557,0.982,0.385,0.626,0.015,1.852
2020,EGO,74.9,64.9,45.5,-0.420,0.996,-1,,3.387,2.321,0.5518,0.027,-0.007,2.020,0.0435,4.3332,1.000,1.000,0.997,0.158,0.815
2020,EMBJ,-65.4,48.4,55.0,-47.800,-0.929,-1,,0.225,0.455,-0.4143,0.082,0.055,0.240,0.0005,-0.3952,0.000,0.544,0.349,0.122,-138.794
2020,ENR,8.2,-7.1,28.9,-28.430,0.504,-2,-0.141,0.027,-0.262,0.1489,0.076,0.014,1.350,0.1508,-0.0632,0.555,0.439,0.591,0.287,1.160
2020,ENS,-12.8,22.4,38.6,-3.090,0.799,-3,-0.080,0.043,-0.080,0.0564,0.000,0.000,1.070,-0.0061,-0.0170,0.174,0.016,0.838,0.230,0.630
2020,EPAC,-23.3,36.3,60.0,-1.080,1.022,-6,-0.250,0.049,0.558,0.0642,0.377,0.060,1.820,-0.0178,0.0041,0.827,1.000,0.000,0.740,8.365
2020,EQT,-70.4,232.0,128.5,-6.850,1.204,-5,,,,-1.7185,0.045,0.085,0.360,0.0029,-0.8569,0.000,0.586,0.000,0.000,-14.669
2020,ESI,-3.6,64.8,53.8,-0.080,1.017,-1,0.100,-0.213,-0.163,0.1795,0.241,0.017,1.500,-0.1217,0.0315,1.000,0.689,0.161,0.243,2.127
2020,EXP,24.3,22.9,35.4,-3.570,0.588,-1,0.007,-0.238,-0.289,0.2267,0.039,-0.050,2.570,-0.1114,0.0137,0.788,0.747,0.407,0.222,1.118
2020,FCN,46.6,-0.1,33.5,3.640,1.233,1,-0.129,0.104,-0.089,0.0800,0.221,-0.068,1.780,-0.0130,-0.0087,0.506,0.036,1.000,0.849,0.847
2020,FIVE,-55.3,261.0,162.1,-6.640,0.678,-1,0.010,-0.800,-0.940,0.2097,0.211,-0.166,1.630,-0.0040,0.0164,1.000,1.000,0.000,0.000,2.149
2020,FIX,-12.5,40.5,46.7,3.400,1.180,1,0.217,0.111,-0.112,0.0647,0.120,-0.015,0.640,-0.0212,0.0001,0.589,0.184,0.817,0.262,1.073
2020,FLNG,-46.1,36.8,48.5,-12.830,0.774,-2,,,,0.6339,0.036,0.000,3.080,0.4742,0.0392,1.000,1.000,0.118,0.000,160.481
2020,FOXF,-0.7,133.6,82.6,-1.670,0.918,-5,0.048,0.228,0.043,0.1407,0.102,-0.043,3.160,0.0017,-0.0050,0.755,0.654,0.449,0.535,1.100
2020,FRO,18.7,-5.4,36.1,56.320,,1,-0.217,0.801,0.244,0.3895,0.039,0.041,1.350,0.0000,0.1230,0.964,0.882,0.428,0.494,3.238
2020,FSM,-26.3,159.8,97.1,12.890,5.495,4,,0.612,0.454,0.1309,0.136,-0.110,1.660,0.0026,0.0260,0.521,0.371,0.417,0.000,0.692
2020,FSS,23.0,26.0,46.1,-2.100,0.857,-1,0.143,-0.116,-0.241,0.1158,0.142,-0.017,1.490,0.0033,-0.0038,0.366,0.126,0.597,0.726,1.095
2020,FTAI,12.5,48.2,54.2,-43.380,0.281,-2,-0.137,1.415,1.245,0.1533,0.149,-0.038,2.200,0.0120,0.0145,0.943,0.300,0.111,0.020,4.232
2020,FUL,13.3,7.3,33.5,1.990,0.657,1,-0.044,-0.039,-0.001,0.0833,0.190,0.002,0.890,0.0078,-0.0044,0.762,0.525,0.042,0.254,1.190
2020,FUN,4.7,-15.9,24.2,-4.670,0.390,-3,,-0.208,-0.238,0.0654,0.186,0.007,2.090,0.0077,-0.0922,0.818,0.845,0.482,0.019,0.396
2020,FWRD,15.0,25.3,38.6,-2.140,0.765,-1,-0.086,0.299,0.229,0.0861,0.031,0.010,1.360,-0.0137,-0.0122,0.844,0.474,0.344,0.119,1.031
2020,GBX,-27.9,27.7,38.8,-5.380,0.835,-2,,-0.403,-0.676,0.0487,0.071,-0.099,0.290,0.0058,0.0124,0.226,0.255,0.627,0.017,0.461
2020,GEL,-28.7,-54.2,13.3,4.260,0.743,1,,0.045,0.168,0.1174,0.021,-0.124,0.770,0.0000,0.1114,0.732,0.575,0.270,0.000,1.236
2020,GEO,-22.5,-50.2,15.1,-4.520,0.451,-1,,,,0.1066,0.070,0.021,0.860,-0.0020,0.0007,0.306,0.000,0.146,0.120,0.897
2020,GIII,-80.5,312.4,184.8,-6.750,-0.307,-1,0.119,-0.488,-0.473,0.0716,0.248,0.691,0.120,-0.0320,0.0100,0.577,0.117,0.000,0.000,1.327
2020,GLNG,-44.9,-4.1,32.2,-6.630,1.391,-5,,-0.957,-0.721,0.4511,0.107,0.066,2.590,-0.0149,0.0825,0.626,1.000,0.057,0.009,0.763
2020,GOLF,2.6,72.0,62.9,-5.360,0.575,-1,0.044,1.906,1.833,0.0776,0.424,-0.049,1.150,0.0083,0.0205,0.523,0.434,0.735,0.722,0.865
2020,GOOS,-38.2,10.5,32.9,-16.900,0.306,-2,-0.242,,,0.3570,0.273,-0.044,4.820,-0.0103,0.0066,1.000,1.000,0.368,0.000,39.459
2020,GPK,30.4,0.3,31.4,-2.570,0.238,-1,,-0.144,-0.152,0.0956,0.082,-0.032,0.750,-0.0492,0.0261,0.748,0.608,0.151,0.267,1.045
2020,GPRK,-4.1,-2.7,29.2,13.910,-0.488,1,,1.071,1.025,0.2004,0.018,0.014,1.690,-0.0218,-0.3518,0.929,0.940,0.389,0.498,2.461
2020,GRBK,22.1,77.5,57.0,-15.300,0.614,-1,0.069,-0.021,-0.264,0.0919,0.018,-0.013,0.720,-0.0021,-0.0119,0.274,0.149,0.793,0.075,0.807
2020,GRC,6.1,-9.3,27.8,-5.550,2.589,-6,-0.059,0.287,0.378,0.1072,0.164,-0.078,2.290,-0.0114,0.0036,0.578,0.877,0.124,0.875,1.042
2020,GT,-38.1,10.1,33.5,-1.000,1.311,-1,,-0.717,-0.675,0.0517,0.166,-0.124,0.180,-0.0043,-0.0226,0.046,0.207,0.322,0.000,0.585
2020,HBM,-49.0,119.1,65.1,11.920,0.394,1,,-0.226,-0.148,0.0193,0.018,0.019,0.680,0.0000,-0.1362,0.808,0.000,0.060,0.003,1.451
2020,HCC,-30.3,25.7,33.0,-48.340,-8.302,-2,0.167,-0.278,0.154,0.1175,0.039,-0.023,0.810,-0.0274,-0.3188,0.833,0.000,0.000,0.176,1.211
2020,HESM,11.2,-6.7,30.3,32.790,3.146,2,,0.956,0.475,0.2910,0.134,-0.018,1.620,0.0018,-0.2479,0.139,0.946,0.320,0.003,0.654
2020,HGV,-14.1,42.2,49.1,-36.240,-2.967,-1,,3.160,3.431,0.2243,0.072,0.020,1.310,-0.1036,-0.0389,0.654,0.199,0.000,0.024,1.117
2020,HLIO,2.4,65.2,48.8,-10.850,-5.675,-4,,-0.339,-0.247,0.1491,0.192,-0.054,2.290,0.0025,-0.0099,0.345,0.379,0.088,0.003,0.832
2020,HLX,10.1,-34.2,21.8,7.810,,2,,0.688,0.610,0.0331,0.123,-0.089,1.500,0.0233,0.0552,0.938,0.499,0.548,0.618,0.312
2020,HNI,-9.0,-6.6,22.9,0.670,1.288,3,0.057,-0.767,-0.797,0.1054,0.265,0.003,0.730,-0.0265,0.0097,0.983,0.615,0.457,0.226,1.613
2020,HP,-24.3,-33.9,22.0,-10.150,2.480,-4,,,,0.0465,0.092,0.005,1.660,-0.0064,-0.0268,0.608,0.268,0.322,0.034,197.872
2020,HTLD,1.0,-6.6,26.1,15.990,-6.174,5,,-0.032,-0.169,0.1056,0.038,-0.005,2.790,0.0015,-0.0955,0.318,0.257,0.805,0.639,0.736
2020,HUBG,21.8,0.0,29.5,-9.410,5.403,-2,0.012,0.349,0.464,0.0431,0.088,0.000,0.500,-0.0071,-0.0042,0.854,0.798,0.088,1.000,1.296
2020,HUN,-6.3,31.2,39.5,5.080,0.836,1,-0.033,-0.487,-0.228,0.0302,0.138,-0.012,0.650,-0.0422,-0.0485,0.199,0.350,0.116,0.648,0.393
2020,HURN,17.8,-4.9,31.6,1.050,1.099,1,0.234,-0.063,-0.179,0.0796,0.049,-0.041,1.460,0.0171,-0.0035,0.909,0.180,0.952,0.608,4.083
2020,HWKN,0.9,17.4,33.5,-2.410,1.663,-5,,-0.027,0.034,0.0563,0.122,0.013,0.840,-0.0099,0.0038,0.871,0.462,0.050,0.333,1.032
2020,ICFI,7.7,10.1,40.2,-7.340,0.403,-2,-0.048,-0.014,-0.063,0.0713,0.246,-0.029,1.020,-0.0051,-0.0066,0.697,0.000,0.297,0.810,1.049
2020,IESC,46.3,99.1,61.9,-8.970,0.595,-1,,,,0.0448,0.137,-0.029,0.470,-0.0053,0.0060,0.929,0.751,0.450,0.525,1.376
2020,IIIN,11.6,7.5,33.7,0.280,0.957,1,,-0.573,-0.510,0.0051,0.059,0.122,1.050,0.0018,-0.0376,0.119,0.007,0.216,0.292,0.067
2020,IOSP,37.4,-3.4,29.2,-3.510,-0.449,-1,0.073,-0.170,-0.159,0.1121,0.190,-0.009,1.690,0.0074,0.0035,0.210,0.157,0.243,0.737,0.997
2020,JBTM,-20.5,79.9,70.9,8.100,6.309,1,,,,0.1148,0.189,-0.042,1.200,0.0000,0.0048,1.000,0.895,0.321,0.100,1.413
2020,KAI,28.5,30.9,39.5,6.740,2.440,1,0.031,-0.250,-0.364,0.1180,0.277,0.005,1.840,0.0078,-0.0334,0.231,0.000,0.329,0.545,0.954
2020,KBH,68.6,-9.0,27.6,20.850,-2.956,2,0.016,-0.053,-0.209,0.1042,0.090,0.002,0.760,-0.0707,0.0138,1.000,1.000,0.453,0.933,1.837
2020,KEX,3.7,-34.3,19.9,-3.690,1.684,-6,-0.017,-0.355,-0.264,0.0247,0.162,-0.084,1.640,0.0059,0.0513,0.387,0.168,0.190,0.420,0.244
2020,KFRC,-0.6,28.1,39.9,-3.290,2.183,-1,-0.015,-0.096,-0.035,0.0579,0.040,-0.059,0.600,-0.1194,-0.0044,0.926,0.174,0.000,0.595,1.253
2020,KFY,-32.1,79.3,68.8,9.120,,1,0.027,-0.419,-0.505,0.0598,0.795,0.073,0.840,-0.0267,-0.0691,0.685,0.275,0.189,0.000,0.745
2020,KOS,-36.5,-32.2,22.5,2.140,1.045,1,-0.182,-0.438,-0.930,0.4041,0.218,-0.187,1.080,-0.0593,0.2949,1.000,1.000,0.392,0.000,1.496
2020,KRNT,105.2,128.1,70.8,10.160,1.546,1,-0.137,-0.719,-1.007,0.0680,0.314,-0.019,10.360,0.1729,0.0458,0.783,0.830,0.696,1.000,3.168
2020,KRO,-47.6,90.4,71.2,0.060,1.010,4,,-0.371,-0.438,0.0461,0.200,-0.036,0.530,-0.0017,-0.0815,0.352,0.396,0.506,0.007,0.444
2020,KTOS,12.3,55.6,49.3,-2.900,0.813,-2,-0.100,-0.181,-0.307,0.0502,0.206,-0.046,2.960,0.0310,-0.0155,0.893,0.815,0.785,0.715,3.622
2020,KWR,-25.2,88.8,62.7,38.590,1.831,2,0.039,0.429,-0.422,0.0518,0.260,-0.009,2.440,0.3269,-0.0431,0.592,0.405,1.000,0.529,0.595
2020,LAD,56.1,162.0,74.7,2.170,1.279,2,-0.007,0.004,-0.096,0.0375,0.009,-0.081,0.240,-0.0042,0.0015,0.271,0.529,0.095,0.276,0.963
2020,LCII,39.4,40.3,42.7,8.090,-1.712,3,0.076,0.208,0.157,0.0667,0.162,-0.063,1.140,-0.0036,0.0117,0.147,0.341,0.314,0.393,0.717
2020,LGIH,36.4,44.2,47.9,15.450,1.572,3,0.077,0.165,-0.260,0.1387,0.062,-0.143,1.120,0.0394,0.0083,0.858,0.105,0.481,0.590,1.093
2020,LIND,-3.1,48.1,41.7,-8.400,0.466,-1,,1.945,1.872,-0.0125,0.167,-0.045,1.900,0.0920,0.0374,0.266,0.105,0.298,0.633,-0.248
2020,LNN,21.4,31.1,37.8,15.060,0.132,2,,-0.080,-0.058,0.1122,0.091,0.086,2.580,0.0020,0.0940,0.877,1.000,0.636,1.000,1.802
2020,LPG,128.0,-6.3,27.4,-69.510,0.442,-1,-0.113,1.148,0.598,0.4888,0.059,-0.018,2.540,-0.0049,0.3198,0.857,0.688,0.354,0.214,2.703
2020,LPX,24.3,31.6,40.8,9.320,0.487,2,,-0.084,0.005,-0.1359,-0.002,0.038,1.650,-0.1850,-0.1636,0.000,0.145,0.329,1.000,-1.659
2020,LZB,0.9,25.5,38.0,-0.020,0.987,-4,0.125,-0.670,-0.687,0.1099,0.310,0.013,0.850,-0.0108,0.0226,1.000,1.000,0.233,0.467,1.386
2020,M,-40.9,4.7,34.8,2.800,0.328,1,0.082,-0.445,-0.432,0.0652,0.298,-0.055,0.180,-0.0016,-0.0556,0.426,0.238,0.430,0.000,1.188
2020,MATV,-3.3,30.3,38.7,-2.600,2.737,-2,0.127,-0.177,-0.136,0.1040,0.047,-0.028,1.010,0.0071,-0.0038,0.515,0.690,0.194,0.041,0.798
2020,MATX,3.2,108.0,69.1,-1.350,1.460,-4,,-0.035,0.008,0.0414,0.098,-0.017,0.720,0.0046,0.0016,0.213,0.169,0.121,0.278,0.611
2020,MCFT,-15.5,46.4,46.2,-35.270,-1.046,-4,0.229,-0.114,0.066,0.1037,0.044,0.154,0.810,-0.0001,-0.0174,0.676,0.000,0.000,0.208,0.860
2020,MCRI,-41.0,132.6,91.3,1.940,2.021,1,-0.154,1.786,1.748,0.1240,0.081,-0.181,1.990,0.0094,-0.0276,0.000,1.000,0.264,0.188,0.732
2020,MEOH,-35.7,-8.6,29.7,56.290,-0.492,1,,-0.085,-0.270,0.0583,0.000,0.000,0.860,-0.0232,-0.1605,0.360,0.466,0.465,0.000,0.557
2020,MGRC,42.6,5.8,35.2,-10.650,0.499,-1,0.138,-0.018,-0.124,0.2598,0.025,-0.032,3.290,0.0075,-0.0044,0.919,0.909,0.607,1.000,1.232
2020,MHO,47.3,14.5,33.4,-12.340,0.181,-1,-0.071,-0.086,-0.113,0.0820,0.117,-0.018,0.500,0.0308,0.0133,0.923,0.533,0.000,0.741,1.113
2020,MLI,8.6,4.7,30.8,3.060,0.472,1,-0.058,0.903,0.931,0.0817,0.075,0.132,0.770,-0.0114,0.0103,0.694,1.000,0.369,0.349,1.160
2020,MLKN,-56.8,174.5,123.3,4.230,2.279,1,,,,0.0810,0.285,-0.091,0.330,0.0015,0.0033,0.408,0.308,0.662,0.000,0.947
2020,MLR,-10.6,37.1,43.1,12.990,,1,,,,0.0747,0.058,0.009,0.430,0.0004,0.0117,1.000,1.000,0.583,0.294,1.344
2020,MMYT,7.2,0.5,27.5,3.840,1.277,5,0.130,,,-0.1659,0.306,0.212,5.860,0.0061,0.1271,0.767,0.739,0.430,0.955,-0.612
2020,MOD,-46.5,72.2,52.2,-3.620,1.408,-9,0.197,-0.575,-0.450,0.0173,0.136,0.065,0.190,-0.0020,-0.0448,0.717,0.148,0.000,0.000,0.658
2020,MRCY,54.1,-9.5,28.4,-1.190,0.948,-1,0.125,0.032,-0.187,0.1074,0.296,0.033,5.940,0.1529,-0.0174,0.774,0.633,0.282,1.000,1.080
2020,MTH,69.7,35.3,44.0,6.010,1.965,3,,-0.113,-0.236,0.1049,0.062,-0.021,0.740,-0.0111,0.0084,0.899,0.821,0.442,0.800,1.355
2020,MTRN,-1.1,25.0,37.4,-8.960,-2.032,-1,0.015,-0.057,0.004,0.0591,0.132,-0.058,0.960,0.0219,0.0109,0.717,0.546,0.344,0.700,1.384
2020,MTX,-5.8,16.4,37.0,1.560,0.512,1,0.044,-0.198,-0.182,0.1204,0.124,-0.005,1.080,-0.0141,-0.0228,0.402,0.067,0.150,0.316,0.886
2020,MTZ,21.3,70.2,62.2,-12.860,-5.453,-2,0.032,-0.300,-0.192,0.0788,0.046,-0.017,0.550,-0.0206,0.0328,0.889,0.451,0.086,0.692,1.579
2020,MUR,-22.4,-34.0,20.0,0.160,1.012,3,-0.059,0.525,0.387,-0.0485,0.075,-0.059,1.200,-0.1113,-0.2740,0.405,0.523,0.784,0.087,-1.075
2020,MUSA,40.3,13.6,36.7,2.260,0.344,1,0.055,-0.122,-0.110,0.0212,0.011,-0.006,0.250,-0.0504,-0.0110,0.569,0.725,0.570,1.000,0.970
2020,MWA,22.0,0.9,30.9,5.310,2.073,1,0.143,-0.119,-0.222,0.0955,0.235,0.019,1.940,-0.0006,0.0130,0.232,0.363,0.864,0.683,0.785
2020,MYE,-28.8,76.5,57.6,-8.380,2.164,-2,,-0.201,-0.045,0.0754,0.429,-0.027,0.940,0.0042,0.0246,0.856,0.826,0.283,0.567,1.889
2020,MYRG,-15.0,134.6,73.8,-18.030,0.608,-1,,-0.024,-0.303,0.0366,0.084,0.008,0.210,0.0070,-0.0024,0.763,0.969,0.648,0.000,1.185
2020,NBR,-24.1,-23.3,20.8,-5.930,3.166,-8,,-0.304,-0.218,0.2726,0.117,0.026,0.270,0.0054,0.0148,0.607,0.636,0.555,0.041,1.051
2020,NOG,-60.2,51.6,67.1,-3.310,0.617,-5,,2.246,2.193,-0.3891,0.051,-0.013,0.630,0.3323,-0.6591,0.787,0.249,0.281,0.163,-0.332
2020,NPO,-10.6,31.6,43.7,-20.970,6.355,-2,,-0.494,-0.245,-0.4239,0.693,0.035,0.880,-0.0048,-0.4737,0.000,1.000,0.000,0.100,-15.590
2020,NVT,7.0,-9.9,28.5,0.480,,1,0.068,0.054,0.056,0.1456,0.242,0.062,2.070,-0.0533,-0.0062,0.586,0.106,0.060,0.600,1.018
2020,NWPX,34.7,6.1,34.0,-17.860,0.589,-2,0.232,-0.067,-0.322,0.1699,0.064,0.049,1.160,0.0083,0.1230,1.000,1.000,0.427,0.763,2.684
2020,NX,-2.1,48.0,46.7,1.420,0.070,1,,-0.774,-0.773,0.0101,0.123,-0.051,0.620,-0.0006,0.0225,0.590,0.088,0.124,0.123,0.399
2020,OIS,-36.6,-38.4,18.1,-9.080,3.287,-1,-0.158,0.252,0.383,-0.0523,-0.269,0.024,0.650,0.0068,-0.0303,0.385,0.080,0.324,0.000,-1.371
2020,OLN,-34.0,50.1,43.2,0.640,0.960,1,,-0.388,-0.237,-0.0355,0.083,0.055,0.410,-0.0544,-0.1131,0.000,0.067,0.003,0.000,-0.703
2020,OMAB,46.9,-26.9,22.3,7.130,2.472,1,-0.091,-0.351,-0.471,0.5146,0.064,0.016,7.310,-0.0055,-0.0092,0.666,0.210,0.444,0.597,1.041
2020,OR,1.1,4.6,27.5,-9.560,3.014,-3,-0.004,-0.537,-0.394,-2.5450,0.191,0.018,6.850,-0.0684,-1.2684,0.000,0.479,0.106,0.041,-125.586
2020,OVV,-55.3,40.0,41.1,-82.530,-0.710,-2,0.087,2.424,2.767,-0.0179,-0.024,0.055,0.640,0.3850,-0.5866,0.664,0.566,0.086,0.000,-0.529
2020,OXM,-48.5,99.9,76.9,-3.550,-0.097,-1,-0.009,-0.863,-0.860,0.0708,0.289,0.075,0.610,0.0044,-0.0029,0.531,0.396,0.410,0.000,0.856
2020,P,-26.5,69.8,61.2,1.610,1.108,1,0.046,7.428,7.263,-0.0014,0.621,-0.050,2.380,0.0820,0.0577,1.000,1.000,0.009,0.008,-0.005
2020,PAGP,-27.2,-43.7,17.9,14.490,-0.406,1,,-0.882,-0.924,0.0359,0.008,0.014,0.090,0.1375,-0.1136,0.201,0.175,0.484,0.273,0.656
2020,PATK,39.7,25.8,37.3,4.990,-2.207,1,0.162,-0.265,-0.300,0.0655,0.043,0.080,0.420,-0.0060,-0.0077,0.220,0.713,0.082,0.300,0.887
2020,PDS,-41.6,-11.4,26.4,-51.160,-0.509,-2,,-0.181,-0.008,0.0647,0.069,0.136,0.290,-0.0372,-0.0184,0.977,0.628,0.295,0.039,0.557
2020,PENN,35.5,212.5,92.1,-55.440,0.225,-1,0.107,-0.985,-1.146,0.0084,0.227,0.082,0.760,0.0143,-0.0992,0.000,0.711,0.247,0.649,0.058
2020,PKE,-18.2,-16.8,24.0,0.890,1.040,2,0.006,-0.010,-0.243,0.1939,0.123,0.014,5.630,0.0130,0.0149,1.000,0.698,1.000,0.896,1.730
2020,POWL,43.4,-28.2,21.1,12.590,2.248,1,,-0.043,-0.269,0.0225,0.140,-0.006,0.890,0.0099,0.0503,0.714,0.576,0.749,0.714,14.377
2020,PR,-79.0,40.1,43.9,17.680,-6.221,1,-0.250,-0.968,-1.121,0.1009,0.091,-0.086,0.910,0.2418,-0.1184,0.773,0.200,0.205,0.000,1.978
2020,PRIM,-9.1,50.6,52.6,-5.190,2.076,-4,,-0.860,-0.759,0.0518,0.062,-0.058,0.350,-0.0133,-0.0088,0.721,0.623,0.095,0.118,1.378
2020,PVH,-70.6,200.2,127.0,2.200,1.878,2,0.039,-0.607,-0.654,0.0161,0.522,-0.133,0.240,-0.0434,-0.0346,0.000,0.497,0.428,0.000,0.198
2020,RBA,7.9,41.9,54.5,-24.800,-0.369,-2,0.146,-0.099,-0.033,0.2152,0.288,-0.023,3.380,0.0019,0.0570,0.514,0.181,0.000,0.095,1.083
2020,RBC,3.3,48.5,43.4,-1.950,0.624,-1,-0.016,0.020,-0.012,0.2116,0.174,0.081,2.930,0.0073,0.0959,0.890,0.978,0.102,0.358,1.117
2020,RES,-54.2,-21.0,25.7,-4.010,1.120,-10,,0.275,0.648,-0.1181,0.156,0.068,0.850,-0.0125,-0.1703,0.557,0.471,0.086,0.020,-1.730
2020,RGR,-12.8,33.3,39.2,4.160,0.760,2,,-0.103,0.029,0.0940,0.066,0.016,2.250,0.0053,-0.0471,0.223,0.197,0.319,0.964,0.634
2020,RIG,-49.5,-20.9,23.0,9.800,-1.500,2,,-0.027,-0.086,-0.0934,0.068,-0.024,0.880,0.0049,-0.0600,0.797,0.226,0.811,0.276,-0.485
2020,ROAD,37.4,94.1,59.4,3.580,1.357,1,,1.053,0.917,0.0385,0.097,-0.101,1.010,0.0038,-0.0049,0.372,0.383,0.309,0.507,0.692
2020,RRC,-75.0,274.6,135.7,-4.360,1.124,-4,,-0.858,-0.462,0.0261,0.073,-0.018,0.260,0.0067,-0.1704,0.712,0.059,0.028,0.000,0.898
2020,RRX,1.4,64.4,55.7,0.270,0.984,1,,,,0.1007,0.166,0.000,1.000,-0.0530,0.0070,0.825,0.415,0.009,0.638,1.045
2020,RUSHA,15.6,42.4,42.4,-30.670,-0.892,-1,,-0.372,-0.227,0.0299,0.009,0.017,0.200,-0.0475,-0.0145,0.606,0.761,0.166,0.526,1.010
2020,SAH,81.6,52.4,44.8,-2.620,0.721,-1,0.102,-0.348,-0.416,0.0336,0.005,-0.063,0.120,0.0362,0.0108,0.897,0.206,0.797,0.714,1.465
2020,SBLK,7.1,67.1,49.1,-13.100,0.588,-1,,-0.832,-1.019,0.1860,0.003,0.029,1.000,0.0368,0.0240,0.969,0.362,0.217,0.233,0.495
2020,SHAK,40.8,70.4,54.0,-9.990,0.686,-1,,-0.460,-0.679,0.0032,0.214,-0.016,4.190,0.1520,-0.0196,0.671,0.072,0.000,0.418,0.049
2020,SHOO,-3.6,16.1,42.5,-2.720,0.678,-2,,-0.071,-0.129,0.0449,0.000,-0.060,1.450,-0.0206,-0.0161,0.000,1.000,0.465,0.057,0.410
2020,SID,-55.3,369.6,154.9,-2.230,1.528,-2,0.245,-0.283,-0.218,0.0995,0.074,0.122,0.290,0.0000,-0.1256,0.067,0.260,0.374,0.059,0.523
2020,SIG,-65.8,523.4,251.8,0.270,,2,0.058,-0.231,-0.230,0.1037,0.181,0.299,0.090,0.1531,0.1424,0.872,0.948,0.197,0.000,3.088
2020,SKY,114.8,-7.1,27.5,-3.230,,-3,0.032,0.313,0.348,0.0711,0.130,0.008,1.470,0.0096,0.0204,0.967,0.948,0.225,0.438,6.998
2020,SM,-52.9,200.4,88.3,29.700,-0.995,1,,2.548,2.400,-0.1957,0.083,0.062,0.330,-0.0039,-1.2895,0.622,0.992,0.599,0.155,-0.846
2020,SMP,8.1,-18.9,21.5,-6.060,-0.618,-3,0.073,-0.021,0.003,0.0950,0.207,0.035,1.050,-0.0026,0.0088,0.634,0.783,0.227,0.850,1.035
2020,SSD,37.1,19.9,39.4,-0.520,0.943,-1,0.105,-0.183,-0.268,0.1175,0.152,0.011,3.290,-0.0239,0.0323,0.253,0.135,0.527,1.000,0.792
2020,SSRM,32.2,-12.3,26.3,42.720,2.498,1,0.182,0.259,-0.453,0.2434,0.055,-0.005,3.830,0.0328,0.2139,0.856,0.680,0.379,0.905,2.536
2020,STNG,20.3,-32.0,19.7,18.220,2.295,2,,0.156,-0.167,0.2656,0.071,0.030,1.880,0.2242,0.0994,0.751,0.548,0.296,0.265,2.246
2020,STRL,-8.5,75.5,58.1,35.660,,2,-0.154,1.429,1.071,0.0281,0.044,-0.005,0.340,0.0370,-0.0088,0.889,0.693,0.763,0.632,2.677
2020,SUN,1.4,4.9,30.8,14.730,-0.631,1,,-0.627,-0.684,0.0239,0.012,-0.011,0.150,0.0059,0.0337,0.510,0.007,0.143,0.125,1.092
2020,SWBI,-8.2,103.4,64.2,7.420,-0.640,2,,-0.067,-0.096,0.0654,0.135,-0.036,0.720,0.0220,0.0780,0.320,0.260,0.403,0.177,0.533
2020,SXC,-44.6,-1.3,31.6,-3.250,0.703,-3,,1.152,1.075,0.0415,0.058,0.009,0.300,0.3150,-0.0203,0.845,0.215,0.755,0.206,0.997
2020,SXI,-5.8,13.8,36.3,-4.260,-1.452,-1,,-0.248,-0.223,0.1148,0.016,0.032,1.190,-0.0181,0.0114,0.931,1.000,0.258,0.282,1.189
2020,TEN,-19.4,-21.9,32.9,-85.280,-0.039,-1,,1.484,1.516,0.0024,0.059,0.220,0.040,-0.3760,0.0043,0.052,0.000,0.020,0.000,0.052
2020,TEX,-25.3,46.0,43.3,-11.630,1.701,-2,0.137,-0.895,-0.613,0.0259,0.163,0.004,0.440,-0.0124,-0.0519,0.793,0.555,0.157,0.191,0.581
2020,TFII,6.7,116.8,65.0,24.030,-5.548,1,,0.541,0.338,0.0839,0.043,0.000,0.960,-0.0141,0.0058,0.610,0.417,0.707,0.725,1.108
2020,THO,-17.0,153.7,90.0,32.270,2.407,1,-0.057,-0.594,-1.146,0.0350,0.081,-0.268,0.320,0.0478,0.0009,0.015,0.224,0.894,0.000,0.508
2020,THRM,17.2,44.6,35.5,-1.880,1.258,-1,0.077,-0.201,-0.109,0.0956,0.213,0.060,1.650,-0.0556,0.0135,0.337,0.208,0.000,0.417,0.932
2020,TKR,35.6,40.9,42.4,-5.240,-0.412,-4,-0.125,-0.091,-0.076,0.1043,0.178,0.019,1.150,-0.0081,-0.0104,0.864,0.855,0.550,0.538,1.394
2020,TNET,2.6,66.1,50.6,0.270,1.025,6,,-0.276,-0.386,0.0619,0.053,-0.004,0.920,-0.0279,0.0161,0.656,0.471,0.352,0.543,1.114
2020,TRIP,-49.6,25.0,37.3,3.370,0.485,1,0.152,1.007,1.039,0.0687,0.412,0.022,2.730,-0.0071,0.0022,0.455,0.094,0.094,0.000,0.622
2020,TRMD,18.5,17.0,44.3,10.130,3.258,2,,,,0.8151,0.066,0.000,0.770,0.0176,0.7640,1.000,0.514,0.582,0.356,11.231
2020,TRN,-15.1,45.9,38.3,28.340,-1.249,3,,0.202,0.045,0.1143,0.084,0.001,0.890,-0.1253,-0.0079,0.194,0.166,1.000,0.747,0.722
2020,TROX,-37.0,150.1,89.6,-6.880,0.899,-1,0.167,0.341,-0.275,0.0635,0.137,-0.141,0.410,0.1531,-0.0950,0.603,0.648,0.924,0.178,1.889
2020,TTEK,77.7,49.3,48.5,-2.640,0.809,-1,,-0.213,-0.325,0.0794,0.058,-0.001,1.560,-0.0165,0.0017,1.000,0.708,0.573,0.979,1.386
2020,TX,-34.7,53.9,41.9,5.400,0.676,1,0.024,-0.245,-0.132,0.0417,0.036,-0.029,0.390,0.0000,-0.1034,0.000,0.000,0.136,0.163,0.309
2020,UFPI,53.3,20.5,31.7,5.090,-0.244,2,0.034,-0.015,-0.025,0.0519,0.105,0.016,0.700,0.0141,0.0059,0.712,0.904,0.146,1.000,1.067
2020,ULH,-24.7,24.4,36.7,-3.020,,-4,0.103,-0.122,-0.095,0.0412,0.054,0.000,0.320,-0.0385,-0.0051,0.609,0.094,0.162,0.032,0.898
2020,URBN,-23.8,47.6,52.1,2.170,2.514,2,-0.206,-0.884,-0.920,0.0574,0.241,0.005,0.570,-0.0872,-0.0438,0.284,0.000,0.397,0.037,0.675
2020,USAC,1.7,-4.8,28.8,-0.420,0.896,-6,,-0.997,-1.033,0.2458,-1.611,0.047,2.190,0.0029,0.0332,0.993,0.726,0.102,0.245,10.415
2020,USLM,32.5,35.8,41.7,-13.880,0.409,-1,,,,0.1471,0.086,-0.032,3.250,0.0036,0.0319,0.334,0.139,0.666,0.750,0.924
2020,VAC,-1.2,71.2,55.9,-33.290,0.210,-4,-0.058,-0.242,-0.331,0.1362,0.169,-0.066,0.960,-0.1050,0.0165,0.833,0.519,0.177,0.000,1.133
2020,VET,-69.7,-4.3,31.2,37.360,0.090,1,,-0.992,-0.955,0.5578,0.032,-0.181,0.900,0.0130,0.4019,1.000,1.000,0.339,0.000,7.638
2020,VMI,10.7,47.1,43.2,-3.690,-1.148,-2,-0.108,-0.320,-0.300,0.0805,0.169,0.018,1.200,-0.0211,0.0285,0.772,0.660,0.558,0.717,1.005
2020,VNOM,-30.2,-25.6,22.3,34.080,-2.931,1,,-0.878,-1.132,0.6215,0.025,-0.013,4.760,0.2791,-0.0507,0.954,0.725,0.278,0.000,1.550
2020,VVX,92.7,2.3,36.1,-5.960,0.645,-1,,0.079,-0.029,0.0428,-0.113,0.010,0.460,0.0304,0.0044,0.853,0.675,0.672,1.000,1.177
2020,WCC,-3.4,76.4,58.7,0.460,1.118,3,-0.015,0.059,0.015,0.0399,0.138,-0.038,0.260,-0.0864,-0.0051,0.198,0.000,0.593,0.077,0.904
2020,WFG,-21.9,51.0,40.1,81.470,-1.767,1,,,,-0.0275,0.147,0.026,0.760,-0.0148,0.0143,0.115,0.296,1.000,0.059,-0.300
2020,WFRD,-70.4,55.2,76.9,-22.070,3.451,-1,,,,-0.3208,-0.166,-0.033,0.100,-0.9301,1.0501,0.756,1.000,0.278,0.000,-1.033
2020,WGO,0.6,164.3,112.4,25.660,2.336,4,,0.288,-0.161,0.0473,0.067,0.211,0.440,0.0692,-0.0195,0.122,0.372,0.576,0.141,0.662
2020,WHD,-28.3,19.7,39.1,-6.440,0.044,-3,0.028,-0.172,-0.175,0.2573,0.088,-0.029,3.060,0.9801,-0.0564,0.718,0.717,0.000,0.685,1.125
2020,WING,49.7,68.1,49.4,0.890,1.029,1,-0.177,0.026,-0.288,0.1672,0.335,-0.028,14.690,0.0030,-0.0470,0.191,0.067,0.551,0.954,0.635
2020,WLDN,-18.9,56.9,50.1,-14.870,0.770,-2,0.169,1.754,1.257,0.0427,0.206,-0.014,0.820,0.0620,0.0233,0.555,0.481,0.574,0.270,0.937
2020,WLFC,-17.4,2.5,39.1,-78.870,-0.451,-1,,-0.690,-0.445,0.0492,0.229,-0.099,1.560,0.0269,-0.1163,0.263,0.200,0.000,0.000,0.401
2020,WMS,85.1,84.4,54.3,1.700,1.077,2,-0.152,4.448,4.211,0.1043,0.076,0.082,2.040,0.2013,0.0260,0.956,1.000,0.434,1.000,3.201
2020,WNC,-17.2,30.0,37.1,-10.150,-1.016,-1,-0.105,-0.456,-0.404,0.0549,0.016,0.045,0.290,-0.0298,0.0176,0.263,0.146,0.233,0.000,0.719
2020,WOR,-30.5,151.0,99.2,1.000,0.926,1,-0.059,-0.372,-0.246,0.0528,0.106,0.129,0.260,-0.0358,0.0370,0.526,0.603,0.174,0.000,1.109
2020,WSC,59.3,61.2,53.6,-19.430,0.204,-2,-0.182,1.675,1.626,0.1448,0.214,-0.023,1.770,0.0104,0.1615,1.000,0.322,0.144,1.000,6.633
2020,WTI,-52.0,33.1,41.9,19.750,-0.427,1,,-0.465,-0.524,0.1109,0.467,-0.036,0.640,0.0108,-0.6050,0.863,1.000,0.507,0.205,0.231
2020,WWW,-19.6,28.8,43.2,1.990,1.707,3,0.017,-0.267,-0.315,-0.0086,0.281,-0.044,1.010,-0.1340,-0.1016,0.474,0.250,1.000,0.426,-0.126
2020,XPO,58.2,29.2,39.3,-1.590,1.380,-7,0.109,-0.022,0.035,0.0488,0.108,0.010,0.200,-0.2482,0.0201,0.859,0.064,0.000,0.289,1.568
2020,XPRO,-45.6,-2.5,32.4,-13.260,-0.496,-3,,,,-0.0730,0.173,0.017,8.290,0.0052,0.0500,0.560,0.075,0.226,0.107,-0.517
2020,YETI,56.1,128.1,67.7,6.560,1.390,2,0.116,-0.286,-0.520,0.0403,0.505,-0.015,3.250,0.0199,-0.1156,0.732,1.000,0.072,0.917,0.497
2020,YPF,-59.0,-20.3,29.0,-33.760,-23.505,-2,,63.902,64.225,2.5360,0.005,-0.280,0.140,0.0036,6.6553,0.575,0.000,0.052,0.000,34.922
2020,ZWS,26.6,27.7,43.7,2.050,,1,,0.001,-0.013,0.1578,0.207,0.020,0.940,0.0052,0.0116,0.949,0.844,0.529,1.000,1.398
2021,AAON,33.1,-23.6,7.3,-23.530,-0.256,-1,-0.015,-0.172,-0.124,0.2204,0.003,-0.016,7.960,0.0146,0.0455,1.000,0.822,0.035,1.000,1.296
2021,ABG,45.5,11.6,6.4,17.770,,2,0.036,0.270,0.091,0.0602,0.020,-0.046,0.390,0.0052,0.0184,0.899,0.365,1.000,1.000,1.300
2021,ACEL,73.2,9.1,0.9,-117.060,-2.384,-1,,,,-0.1608,0.301,-0.018,3.490,0.2185,-0.1475,0.996,0.209,0.000,1.000,-0.031
2021,AG,88.0,-27.1,0.6,-14.470,0.530,-1,,0.649,0.486,0.2532,0.019,0.006,11.010,0.0998,0.7384,0.984,0.880,0.605,0.990,1.087
2021,AGI,19.0,-7.2,3.8,-4.490,0.829,-1,0.182,0.178,-0.040,0.3588,0.031,0.032,4.110,0.0118,0.1351,0.939,0.899,0.296,0.382,3.158
2021,AGX,46.7,-26.4,0.6,-45.580,0.614,-1,,0.504,-0.220,0.1013,0.087,0.009,2.190,0.0157,0.2474,0.873,0.596,0.751,0.796,3.619
2021,ALGT,18.5,-6.5,10.0,7.430,0.862,2,,-0.245,0.221,-0.0959,0.033,0.030,3.150,0.0064,-0.2969,0.630,0.000,0.296,1.000,-1.163
2021,ALNT,49.4,-27.5,2.8,7.820,-2.816,2,0.074,0.011,-0.046,0.0513,0.110,-0.004,1.870,0.0115,-0.0135,0.120,0.000,0.345,0.704,0.694
2021,ALSN,-6.8,-3.1,6.0,7.190,0.649,2,-0.041,-0.076,0.057,0.2486,0.084,-0.022,2.270,-0.0478,-0.0188,0.456,0.374,0.414,0.425,0.859
2021,AM,92.2,9.6,6.8,-5.910,1.751,-1,0.119,-0.160,-0.023,0.5191,0.059,-0.002,4.510,-0.0426,1.2688,0.839,0.903,0.000,0.005,1.203
2021,AMRC,163.5,-3.6,6.2,-30.730,0.076,-1,,-0.021,-0.046,0.0782,0.107,0.061,2.900,0.0287,0.0177,0.875,0.420,0.248,1.000,1.396
2021,AMSC,295.6,-68.2,3.4,-18.790,0.629,-2,,0.064,-0.255,-0.3918,0.428,0.024,8.240,0.2012,-0.0223,0.379,0.379,0.776,1.000,-1.692
2021,ARCB,85.1,86.5,18.2,12.860,,2,0.058,0.135,-0.003,0.0371,0.011,-0.006,0.430,0.0488,0.0527,0.632,0.513,1.000,1.000,1.577
2021,ARCO,66.1,39.8,2.7,18.080,0.519,2,,-0.101,0.094,0.0358,0.077,0.012,0.560,-0.0008,-0.0446,0.793,0.651,0.512,0.717,1.002
2021,ARIS,50.3,-19.6,-7.5,-9.750,0.087,-2,,,,0.3429,0.071,0.026,0.820,-0.0899,1.9716,0.718,0.717,0.250,0.655,1.500
2021,ARKO,2.1,-26.1,5.9,13.820,0.198,1,,0.949,0.984,0.0069,0.024,0.048,1.160,0.0000,0.0058,0.314,0.000,0.224,0.057,0.512
2021,ARLP,-39.6,163.6,22.0,4.320,0.816,2,0.008,0.008,0.199,0.1244,0.051,0.107,0.530,-0.0027,0.0450,0.702,0.221,0.393,0.223,0.866
2021,AROC,20.1,-17.7,4.6,-2.920,1.182,-3,0.007,-0.203,-0.013,0.4363,0.136,0.014,1.780,0.0050,0.0131,0.715,0.927,0.587,1.000,1.119
2021,ATI,-7.7,3.1,12.5,5.930,0.857,1,-0.077,0.142,0.495,-1.6529,0.058,0.003,0.770,-0.1394,-1.7496,0.000,0.179,0.101,0.590,-17.525
2021,ATRO,-25.8,-11.1,5.2,-2.310,1.058,-4,,0.149,0.570,-0.0476,0.214,-0.090,0.820,-0.0042,0.1381,0.673,0.225,0.000,0.422,-3.449
2021,AVAV,98.5,-31.6,7.0,16.010,2.419,2,,-0.264,-0.537,-0.0081,0.328,0.037,6.550,0.0185,0.0098,0.479,0.457,0.506,0.976,-0.122
2021,AVNT,19.3,14.5,7.0,20.300,1.653,2,0.079,0.511,-0.003,0.0652,0.189,0.008,1.210,0.1884,0.0341,0.507,1.000,1.000,1.000,0.894
2021,AZZ,5.7,10.6,19.1,-8.270,1.595,-1,,-0.156,0.066,0.1230,0.111,0.006,1.460,-0.0081,0.0082,0.849,0.725,0.066,0.693,1.382
2021,BALY,97.2,-32.3,5.2,0.360,0.963,2,,3.570,3.664,-0.1493,0.038,-0.137,4.650,-0.0194,-0.3719,0.560,0.617,0.645,1.000,-1.056
2021,BBSI,-4.9,-21.3,7.5,3.360,0.592,2,0.014,-0.004,0.045,0.0373,0.176,-0.001,0.650,-0.0065,-0.0145,0.605,0.711,0.295,0.718,0.978
2021,BCC,29.5,58.6,8.9,8.440,1.335,2,0.099,0.324,-0.012,0.0673,0.070,0.004,0.380,0.0043,0.0449,0.818,0.510,1.000,1.000,2.289
2021,BCPC,11.0,21.0,5.1,-1.910,0.817,-1,0.031,0.040,-0.045,0.1601,0.097,-0.007,5.300,0.0026,0.0181,0.554,0.235,0.637,1.000,0.987
2021,BJRI,21.4,-35.0,3.9,-3.670,1.128,-1,0.167,-0.204,0.119,-0.1031,0.002,-0.032,1.520,0.1459,-0.1591,0.584,0.000,0.352,1.000,-9.814
2021,BLBD,-0.9,-27.5,5.3,3.210,0.822,2,,-0.113,0.035,-0.0017,0.113,-0.092,0.660,0.0219,-0.0070,0.241,0.324,0.198,1.000,-0.056
2021,BOOT,41.6,60.5,7.7,7.880,-4.531,2,,0.301,0.236,0.1377,0.216,0.025,2.150,0.0073,0.0145,1.000,1.000,0.413,1.000,2.031
2021,BSM,-2.8,19.2,6.7,20.210,0.617,2,-0.050,-0.181,0.145,0.3909,0.126,0.025,6.770,0.0032,0.0194,0.647,0.568,0.123,0.420,1.164
2021,BTU,-60.3,267.3,36.6,5.330,0.865,2,0.235,-0.240,0.100,-0.1466,0.030,-0.149,0.130,0.0062,0.0015,0.868,0.255,0.153,0.109,-1.612
2021,BVN,-9.9,-15.9,6.8,1.110,,2,,,,-0.0697,0.027,-0.039,4.220,0.0000,-0.0329,0.616,0.098,0.599,0.761,-49.964
2021,BXC,536.5,104.7,19.4,12.720,1.449,2,,0.556,0.146,0.0351,0.106,-0.005,0.130,0.0407,0.0315,0.462,0.483,0.568,0.647,1.974
2021,BZH,6.0,0.6,6.8,14.720,-0.212,1,0.000,0.144,0.118,0.0413,0.039,-0.015,0.260,-0.0017,0.0318,0.960,1.000,0.359,0.593,3.106
2021,CAKE,15.8,-12.3,5.5,-8.360,1.713,-1,,3.896,4.097,-0.0700,0.093,-0.054,1.050,-0.0073,-0.0792,0.586,0.614,0.443,0.645,-5.187
2021,CAPL,-7.0,14.1,7.3,1.990,1.356,2,,0.638,0.563,0.0148,0.010,0.029,0.350,0.0977,-0.0037,0.086,0.469,0.676,0.500,0.551
2021,CAR,5.8,296.6,13.2,6.950,0.843,2,,-0.300,0.074,0.0273,0.114,0.022,0.590,-0.0632,-0.0374,0.766,0.072,0.399,1.000,0.644
2021,CARG,1.8,-10.7,-1.4,-2.190,2.100,-1,0.167,0.012,0.054,0.2208,0.575,-0.025,7.200,0.0065,0.1346,0.747,0.567,0.282,0.275,2.980
2021,CBRL,-5.0,-12.8,5.1,-6.270,1.458,-1,0.007,0.525,0.725,0.0213,0.050,-0.038,1.610,-0.0092,-0.0723,0.371,0.624,0.426,1.000,0.231
2021,CBT,15.1,20.5,10.1,22.930,-0.129,2,0.069,0.130,0.104,0.1582,0.101,0.052,0.990,-0.0070,0.0715,1.000,0.898,0.690,0.446,1.936
2021,CCS,53.7,34.7,13.0,-9.920,0.713,-1,0.239,0.165,-0.081,0.1228,0.011,0.011,0.520,0.0304,0.0428,1.000,1.000,0.253,0.758,1.907
2021,CDE,43.3,-41.3,3.7,1.890,1.125,2,-0.222,0.196,0.025,0.3969,0.051,-0.003,2.740,0.0030,0.2494,1.000,0.845,0.634,0.711,1.709
2021,CECO,19.3,-36.6,3.0,1.950,0.788,1,,,,0.0720,0.212,0.042,0.960,0.0085,-0.0065,0.862,0.000,0.346,0.331,4.209
2021,CHRD,91.2,106.7,23.3,19.120,0.564,2,-0.127,-0.309,-0.062,-0.1463,0.161,0.010,1.090,-0.0055,0.4971,0.930,0.570,0.163,0.098,-0.286
2021,CLH,14.6,4.5,4.3,4.010,0.682,2,-0.007,-0.255,-0.169,0.0775,0.140,0.029,1.570,-0.0153,0.0175,0.736,0.553,0.419,1.000,1.445
2021,CMC,-2.1,64.4,28.3,9.190,-0.059,2,0.058,0.075,0.070,0.0743,0.082,-0.040,0.480,0.0113,-0.0176,0.844,0.696,0.434,0.500,1.439
2021,CMCO,11.3,9.1,7.4,7.540,0.686,2,0.077,2.382,2.547,0.0627,0.131,0.017,1.530,0.0071,-0.0420,0.554,0.713,0.243,1.000,0.824
2021,CMP,15.2,-17.8,4.5,1.430,0.917,2,-0.150,0.275,0.433,0.1292,0.108,0.050,1.870,0.0027,-0.0631,0.579,0.598,0.141,0.577,1.245
2021,CMRE,2.0,75.8,0.5,8.440,0.336,1,-0.021,,,0.3257,0.028,0.054,1.650,0.0261,-0.0769,0.861,0.559,0.200,1.000,1.109
2021,CNX,80.3,14.7,7.8,15.960,0.379,2,,0.328,0.425,0.0721,0.098,0.017,2.620,0.2021,0.0115,0.486,0.306,0.350,1.000,2.094
2021,CODI,20.9,0.5,1.6,14.800,2.879,3,0.106,0.217,-0.010,0.0673,0.233,0.018,0.970,0.0835,-0.0041,0.911,0.742,0.655,0.755,1.853
2021,CPAC,-4.7,-24.3,2.5,18.120,,2,0.014,0.160,-0.018,0.1943,0.018,0.028,2.090,0.0000,0.0141,0.907,0.067,1.000,0.485,1.182
2021,CPS,85.1,-56.5,2.7,2.490,0.673,2,0.133,0.022,0.073,0.0226,0.091,-0.016,0.260,0.0041,0.0481,0.621,0.398,0.796,0.317,0.770
2021,CRAI,43.3,42.2,17.7,9.970,2.899,1,,0.004,-0.148,0.0753,0.162,0.081,0.990,-0.0184,0.0142,0.835,0.000,0.633,0.541,1.225
2021,CRC,318.0,53.4,5.3,3.260,0.911,2,,,,0.1127,0.139,0.053,1.360,0.6935,-0.2149,0.616,0.224,0.175,1.000,0.803
2021,CRI,-13.6,5.2,8.1,-1.760,1.212,-1,-0.062,0.005,0.105,0.1392,0.332,-0.118,1.200,-0.0145,-0.0087,0.936,1.000,0.498,0.325,1.371
2021,CRK,1.3,32.2,4.6,15.680,0.242,1,0.010,0.453,0.503,0.3739,0.022,0.041,1.800,-0.0316,0.0224,0.937,0.637,0.149,0.712,5.721
2021,CSW,65.5,-5.6,9.5,3.860,2.081,2,,,,0.0458,0.392,-0.032,4.670,-0.0114,-0.0795,0.006,0.715,0.615,1.000,0.341
2021,CTRN,474.6,-64.4,-0.3,10.620,2.211,1,0.036,1.444,1.250,0.0941,0.006,0.003,1.150,-0.1155,0.0407,0.921,1.000,1.000,1.000,4.224
2021,CVCO,-13.6,51.1,19.4,9.480,-1.381,1,0.065,0.157,0.102,0.0825,0.123,-0.003,1.600,0.0002,-0.0016,0.618,0.555,0.321,0.460,1.039
2021,CW,-8.3,13.4,4.7,8.970,-0.275,2,0.026,-0.039,-0.058,0.1144,0.073,0.018,2.080,-0.0355,-0.0696,0.241,0.562,0.612,0.570,0.790
2021,CYD,22.5,-18.3,2.6,73.810,3.171,4,,,,0.0380,0.133,-0.007,0.180,0.0000,-0.0185,0.182,0.227,1.000,0.000,0.552
2021,DAC,584.5,141.1,15.1,2.210,1.349,3,0.033,0.250,0.164,0.4395,0.076,0.064,2.100,0.0000,-0.0080,0.987,0.763,1.000,1.000,2.951
2021,DCH,12.0,-14.9,5.2,16.250,-0.035,2,0.006,0.007,0.001,0.0716,0.058,-0.070,0.240,0.0280,0.3594,0.927,0.500,0.460,0.433,1193.333
2021,DCO,31.2,-17.2,0.9,1.380,0.919,2,0.041,-0.102,0.054,0.0735,0.143,-0.007,1.080,0.0197,-0.0077,0.923,0.957,0.201,1.000,1.376
2021,DDS,41.8,201.4,16.8,8.340,0.680,3,-0.026,0.546,0.723,0.0821,0.212,0.033,0.400,-0.1057,0.0376,0.983,0.701,0.532,1.000,3.747
2021,DHT,6.4,-19.0,5.5,-88.330,-1.470,-2,0.059,-0.619,-0.093,0.1257,0.049,0.030,1.520,0.0183,-0.3207,0.715,0.349,0.000,0.397,0.834
2021,DKL,57.9,1.0,5.0,-2.340,0.316,-1,-0.144,-0.228,-0.239,0.3219,0.040,0.024,3.260,0.7786,0.1075,0.678,0.643,0.545,1.000,1.500
2021,DMLP,-3.6,45.8,7.3,-2.310,1.064,-1,,,,0.5197,0.165,-0.002,10.920,0.0016,-0.1090,0.575,0.673,0.165,0.591,0.863
2021,DNUT,-9.0,-36.1,-12.3,-115.380,0.167,-1,,0.376,0.144,0.0425,0.030,-0.090,2.600,0.0073,0.0257,0.338,1.000,0.149,0.000,0.602
2021,DXPE,40.6,-3.4,12.9,11.450,0.650,1,,0.665,0.877,-0.0159,0.243,-0.046,0.620,0.0415,-0.0387,0.668,0.615,0.201,0.784,-0.625
2021,DY,188.0,-3.5,9.1,10.120,-0.212,1,0.036,-0.074,-0.091,-0.0031,0.085,0.124,0.860,-0.0033,0.0013,0.020,0.025,0.226,0.640,-0.059
2021,EBF,21.6,-11.4,-3.0,3.790,0.806,2,0.022,0.017,0.174,0.1060,0.009,-0.008,1.470,0.0001,0.0033,0.512,0.490,0.436,1.000,0.911
2021,EFXT,-13.0,-13.5,3.6,25.710,0.504,1,0.080,-0.019,0.243,0.1108,0.079,0.000,0.870,0.0009,-0.0468,0.699,0.372,0.212,0.344,1.235
2021,EGO,54.0,-4.0,4.8,-26.200,0.633,-1,-0.062,-0.533,-0.985,-0.7821,0.014,-0.066,1.970,0.0521,-1.3339,0.692,0.965,0.474,0.145,-3.522
2021,EMBJ,58.5,15.5,3.7,39.060,-2.343,3,,,,0.0563,0.035,0.068,0.500,0.0004,0.0887,0.930,0.134,0.624,0.473,0.889
2021,ENR,-4.5,-29.9,4.8,9.050,2.480,2,,-0.164,-0.315,0.1663,0.067,0.029,1.250,0.0470,0.0174,0.626,0.361,0.303,0.234,1.253
2021,ENS,21.5,-21.5,5.8,5.400,0.235,2,-0.013,2.485,2.501,0.0747,0.000,-0.007,1.380,0.0105,0.0182,0.569,0.266,0.301,0.754,0.904
2021,EPAC,27.2,-14.5,10.8,9.030,0.514,4,-0.043,0.227,0.323,0.0473,0.380,-0.067,3.130,-0.0040,-0.0169,0.709,0.918,0.687,1.000,1.503
2021,ERO,183.2,-22.4,1.0,-36.750,0.334,-1,,,,0.5221,0.028,-0.019,5.670,0.0450,0.2992,0.964,1.000,0.214,1.000,2.503
2021,ESI,68.1,29.9,6.6,15.260,6.539,2,0.098,0.112,-0.068,0.1491,0.033,0.020,2.440,-0.0201,-0.0304,0.867,0.142,0.671,1.000,1.442
2021,EXP,27.3,27.2,8.6,7.540,1.942,1,0.130,0.054,-0.102,0.2522,0.028,0.036,2.950,0.0126,0.0255,0.944,0.903,0.752,0.486,1.196
2021,FCN,6.0,17.8,5.9,-0.870,0.823,-1,0.069,0.024,-0.016,0.1132,0.179,0.060,1.680,-0.0693,0.0332,0.716,0.000,0.376,0.740,1.145
2021,FIX,37.8,37.1,10.2,-3.880,-2.821,-3,0.006,-0.007,0.021,0.0691,-0.006,-0.020,0.800,-0.0031,0.0044,0.660,0.497,0.000,0.706,1.109
2021,FLNG,39.0,113.0,13.3,18.400,2.646,1,,,,0.5388,0.024,0.016,3.120,0.0008,-0.0951,0.953,0.826,0.116,0.073,5.140
2021,FRO,-3.1,4.3,7.3,-80.120,-1.515,-2,,0.908,1.390,0.0164,0.090,0.024,1.190,0.1684,-0.3731,0.698,0.000,0.000,0.184,0.114
2021,FSM,158.3,-39.9,7.8,13.940,1.386,2,,1.454,0.953,0.2724,0.117,-0.006,4.530,0.1481,0.1416,0.379,0.854,0.833,0.486,1.215
2021,FSS,20.9,-1.2,9.7,3.160,0.664,2,0.011,-0.025,0.038,0.1147,0.138,-0.041,1.950,0.0017,-0.0011,0.660,0.469,0.223,1.000,1.142
2021,FUL,3.2,49.8,17.2,9.890,-1.115,2,,0.053,0.001,0.0991,0.176,-0.038,0.960,0.0087,0.0158,0.905,0.545,0.310,0.549,1.285
2021,FUN,-14.5,32.5,9.3,0.930,0.989,2,-0.140,-0.863,0.005,-3.2129,0.928,0.017,14.460,-0.0030,-3.2782,0.835,0.298,0.095,1.000,-1.993
2021,FWRD,26.7,24.2,8.5,0.030,0.996,2,0.018,-0.002,0.079,0.0592,0.024,0.011,1.710,-0.0808,-0.0269,0.696,0.331,0.247,1.000,0.754
2021,GBX,29.4,30.2,25.9,-17.230,1.567,-6,,-0.380,0.096,-0.0072,0.108,0.014,0.490,-0.0169,-0.0559,0.000,0.139,0.000,0.534,-0.089
2021,GEL,-55.2,64.5,10.9,3.710,0.871,2,,-0.238,0.012,-0.0683,0.024,-0.023,0.470,0.0000,-0.1856,0.741,0.424,0.111,0.091,-1.445
2021,GIII,326.3,-18.9,6.7,-3.510,1.131,-1,-0.014,0.136,0.438,0.0549,0.285,0.034,0.780,0.0168,-0.0167,0.649,0.413,0.310,0.985,1.040
2021,GLNG,-0.2,36.2,6.9,-7.710,2.112,-3,,-0.108,0.038,0.4084,0.096,0.041,2.950,0.1072,-0.0426,0.984,0.888,0.085,0.064,1.042
2021,GLP,33.7,26.5,13.6,2.050,0.944,2,,0.241,0.585,0.0149,0.023,0.006,0.080,-0.0008,0.0087,0.599,0.216,0.199,1.000,1.491
2021,GNK,44.8,91.4,3.1,3.510,0.776,1,-0.091,-0.109,0.012,-0.6404,0.051,0.031,1.210,-0.0013,-0.7099,0.743,0.693,0.193,0.433,-1.323
2021,GOLF,70.9,0.2,9.8,-1.580,0.900,-1,0.167,0.089,-0.053,0.0644,0.446,-0.007,2.040,-0.0025,-0.0131,0.322,0.820,0.969,1.000,0.726
2021,GOOS,34.7,-20.0,8.0,43.090,-0.277,2,-0.035,2.930,2.836,0.3234,0.305,0.220,7.500,0.0060,-0.0336,0.987,1.000,0.376,0.407,6.745
2021,GPK,2.1,16.6,9.3,1.360,1.186,2,0.039,0.114,0.027,0.1048,0.078,0.018,0.670,-0.0734,0.0092,0.761,0.369,0.238,0.160,1.163
2021,GPRK,-1.8,-15.7,3.3,2.550,0.927,2,,1.561,1.886,-0.7795,0.009,0.009,2.680,0.0128,-0.9799,0.000,0.661,0.193,0.957,-6.812
2021,GRBK,78.2,14.9,15.5,-21.300,0.329,-1,,0.055,-0.050,0.1316,0.009,0.004,1.050,0.0069,0.0397,0.721,1.000,0.104,0.638,1.139
2021,GRC,-8.0,22.2,7.7,-1.560,1.150,-1,-0.076,-0.050,0.070,0.1023,-0.025,0.014,2.420,0.0048,-0.0050,0.460,0.587,0.252,0.966,0.970
2021,GSM,374.3,84.9,9.7,19.150,0.386,2,,0.045,0.166,-0.2850,0.170,0.064,0.590,0.0005,-0.0765,0.373,0.000,0.328,0.333,-3.732
2021,GT,16.7,61.2,11.2,7.330,0.173,2,0.017,0.126,0.141,0.0703,0.166,0.060,0.260,0.0043,0.0186,0.833,0.572,0.792,0.286,1.166
2021,HBM,129.0,5.1,1.7,-9.200,-0.079,-1,-0.250,0.489,0.496,0.0223,0.046,0.045,1.770,0.0000,0.0030,0.810,0.111,0.263,1.000,0.383
2021,HESM,-9.1,38.4,10.3,-30.390,0.144,-3,0.029,-0.031,-0.082,0.5805,0.020,-0.027,0.360,-0.6655,0.2895,1.000,0.768,0.446,0.024,1.199
2021,HGV,50.6,24.0,8.3,0.660,0.988,2,,-0.448,0.099,-0.0283,0.184,0.059,3.980,-0.0192,-0.2526,0.508,0.000,0.156,1.000,-0.195
2021,HL,65.0,-9.9,2.4,-39.660,-0.678,-2,0.018,0.542,0.703,0.1341,0.045,-0.057,4.390,0.0681,0.1003,0.808,0.637,0.060,0.815,3.790
2021,HLIO,70.7,13.3,7.3,31.560,-1.829,2,0.084,0.338,0.134,0.0686,0.221,0.033,4.150,0.0022,-0.0805,0.471,0.054,0.336,0.668,0.467
2021,HLX,-29.1,-24.0,4.2,2.640,0.707,1,,-0.160,-0.096,0.0053,0.080,0.077,1.090,-0.0002,-0.0279,0.665,0.159,0.418,0.424,1.429
2021,HNI,-1.2,9.7,7.0,10.160,0.463,2,,0.222,0.310,0.0670,0.293,0.058,0.830,0.0019,-0.0384,0.597,0.424,0.450,0.714,1.092
2021,HTLD,-5.0,-17.8,11.2,-16.560,-0.704,-3,-0.041,-0.017,0.051,0.1525,0.047,0.017,2.420,-0.0129,0.0469,0.642,0.834,0.317,0.273,1.083
2021,HUBG,2.5,30.6,9.2,4.520,4.575,2,0.030,0.124,0.067,0.0327,0.069,0.024,0.550,0.0082,-0.0104,0.502,0.031,0.556,1.000,1.002
2021,HURN,-5.8,-21.3,1.9,-7.280,1.509,-4,0.002,-0.180,0.036,-0.0638,0.044,-0.010,1.470,-0.0341,-0.1434,0.828,0.000,0.000,0.743,-4.019
2021,HWKN,20.5,45.9,17.6,13.160,3.376,2,0.053,0.054,-0.133,0.0734,0.124,0.026,0.960,0.0005,0.0171,0.902,0.694,0.574,0.750,1.273
2021,IAG,6.0,-7.5,1.1,-3.680,0.834,-1,,0.706,0.522,0.2262,0.033,-0.003,1.290,0.0258,1.1665,0.405,1.000,0.687,0.000,2.885
2021,ICFI,8.8,3.3,5.2,13.140,-2.613,1,,0.009,-0.086,0.0572,0.244,-0.011,1.060,-0.0198,-0.0141,0.354,0.000,0.617,0.854,0.854
2021,IESC,99.8,0.7,9.4,1.520,1.121,2,,,,0.0505,0.136,0.004,0.840,-0.0041,0.0057,0.548,0.533,0.480,1.000,1.371
2021,IIIN,11.4,44.2,15.8,0.690,1.032,2,,,,0.0945,0.072,0.037,1.060,0.0033,0.0894,0.572,0.589,0.827,0.302,1.277
2021,IOSP,-5.9,-5.6,3.2,8.270,0.712,2,,-0.178,0.027,0.0946,0.198,-0.027,2.020,0.0005,-0.0175,0.884,0.357,0.127,1.000,1.130
2021,JBTM,79.5,-11.6,11.6,10.730,0.448,1,,,,0.0990,0.202,-0.002,2.540,0.0000,-0.0158,0.835,0.794,0.221,1.000,1.174
2021,KAI,30.5,45.1,9.0,3.100,0.715,2,0.213,0.036,0.114,0.1307,0.298,-0.003,2.680,0.0072,0.0127,0.438,0.453,0.095,1.000,1.057
2021,KBH,-7.9,23.4,23.0,-9.440,1.678,-3,,0.121,0.355,0.0969,0.103,0.013,0.770,0.0093,-0.0073,0.904,1.000,0.000,0.851,1.532
2021,KEX,-32.7,18.5,8.0,0.200,0.992,2,0.033,-0.247,0.006,0.0506,0.120,0.026,1.450,-0.0004,0.0259,0.893,0.083,0.045,0.407,1.450
2021,KFRC,34.1,44.5,9.9,-0.450,0.922,-1,0.035,0.072,0.019,0.0683,0.212,0.046,0.750,-0.0328,0.0104,0.965,0.048,0.962,0.952,1.470
2021,KOS,-30.2,59.6,10.8,-1.990,1.054,-1,-0.125,-0.007,0.383,0.5201,0.038,0.029,1.430,0.0121,0.1160,1.000,0.876,0.099,0.143,3.310
2021,KRNT,126.7,0.8,3.5,19.850,1.691,3,0.166,1.397,0.911,0.1239,0.281,-0.006,23.810,0.1188,0.0559,1.000,0.990,1.000,1.000,8.492
2021,KRO,98.2,-12.2,3.4,16.010,-2.416,2,,-0.143,-0.256,0.0492,0.182,0.041,1.100,-0.0017,0.0030,0.194,0.294,0.583,0.426,0.414
2021,KRP,-7.2,54.8,7.8,14.880,0.260,2,,1.913,1.965,-3.5523,0.104,0.014,4.170,0.6577,0.1741,0.309,0.664,0.242,0.064,-2.367
2021,KTOS,47.6,-42.3,4.8,1.780,1.184,2,-0.053,0.118,0.003,0.0455,0.218,-0.051,4.840,0.1556,-0.0047,0.860,0.828,0.703,1.000,2.053
2021,LCII,40.3,-16.8,7.5,-2.370,0.942,-1,0.083,0.334,-0.054,0.0810,0.150,0.000,1.370,0.0059,0.0143,0.436,0.794,0.959,0.652,0.885
2021,LGIH,45.1,4.9,7.9,37.590,4.552,2,,0.202,-0.279,0.1845,0.056,0.006,1.250,-0.0072,0.0458,1.000,0.988,0.675,0.756,1.403
2021,LNN,32.2,8.5,19.6,-26.860,-0.032,-1,-0.118,0.152,0.161,0.0695,0.096,0.008,3.190,0.0055,-0.0428,0.624,0.506,0.508,1.000,1.069
2021,LPG,2.8,-7.5,10.3,43.850,-0.088,1,,0.058,0.023,0.4733,0.063,0.098,2.130,-0.0703,-0.0155,0.936,0.819,0.274,0.479,3.041
2021,LPX,32.5,57.7,2.8,28.310,1.889,2,0.115,0.566,-0.036,0.3453,0.024,0.007,1.710,-0.0522,0.4813,1.000,1.000,1.000,1.000,2.663
2021,LQDT,281.3,-3.5,10.0,17.550,-2.558,2,0.077,-0.211,-0.337,0.0830,0.163,-0.130,3.090,0.0407,0.1838,0.970,0.835,1.000,1.000,0.993
2021,LZB,22.9,-11.2,3.1,-3.850,-0.447,-1,0.061,0.357,0.369,0.0732,0.355,-0.021,1.180,0.0050,-0.0367,0.612,0.826,0.677,1.000,0.976
2021,MATV,30.5,-31.0,1.1,8.220,1.920,2,0.116,0.041,-0.131,0.0834,0.047,0.002,1.280,0.0135,-0.0206,0.369,0.500,0.792,0.558,0.655
2021,MATX,101.5,20.6,11.7,16.700,2.307,2,0.098,0.164,-0.131,0.1525,0.085,-0.032,1.350,0.0069,0.1111,1.000,1.000,1.000,1.000,2.271
2021,MCFT,44.9,-8.7,8.9,24.630,-3.473,2,-0.237,0.325,0.134,0.1428,0.025,-0.010,1.440,0.0084,0.0390,0.916,0.685,0.635,0.761,1.581
2021,MCRI,140.1,10.1,10.7,2.750,0.684,2,,0.192,0.252,0.0893,0.077,0.032,6.560,0.0163,-0.0347,0.770,0.142,0.811,1.000,0.652
2021,MEOH,-7.6,31.2,9.8,-19.390,2.840,-1,,0.388,0.687,0.0113,0.000,0.011,0.980,0.0000,-0.0470,0.360,0.757,0.063,0.362,0.145
2021,MGRC,3.3,-7.1,4.6,11.060,-0.121,1,,-0.010,-0.022,0.2754,0.026,-0.024,3.350,-0.0099,0.0156,1.000,0.804,0.355,1.000,1.239
2021,MGY,11.0,95.4,18.5,15.510,0.693,2,0.212,0.006,0.356,0.2859,0.124,0.018,3.260,-0.0135,0.1871,0.981,0.378,0.180,1.000,0.454
2021,MHO,16.0,5.0,10.9,-7.650,0.743,-1,-0.058,0.349,0.128,0.1135,0.057,0.013,0.490,0.0158,0.0315,1.000,1.000,0.718,0.905,1.455
2021,MLI,6.7,45.5,14.2,22.550,14.066,2,0.243,3.616,3.373,0.0962,0.066,0.020,0.840,0.0077,0.0144,0.777,0.819,1.000,0.477,1.231
2021,MLKN,174.8,-24.7,8.9,-4.190,1.590,-2,,,,0.0938,0.297,0.001,1.070,0.0065,0.0129,0.557,0.843,0.453,0.937,1.071
2021,MLR,39.6,-30.4,3.1,1.650,0.881,2,,,,0.0830,0.053,0.018,0.750,0.0004,0.0083,1.000,0.963,0.430,1.000,1.433
2021,MMYT,3.8,-17.3,7.5,20.830,0.747,2,-0.064,0.189,0.802,-0.1293,0.137,0.033,17.200,0.0155,0.0367,0.981,0.834,0.190,1.000,-0.174
2021,MOD,75.1,-31.4,6.6,10.060,-0.297,2,0.028,0.011,-0.013,-0.2244,0.118,0.017,0.400,0.0039,-0.2418,0.000,0.817,0.388,0.614,-12.042
2021,MOV,129.0,35.6,15.6,10.760,0.381,3,,0.593,0.660,0.1452,0.479,0.186,1.180,0.0097,0.1106,0.990,1.000,0.532,0.516,2.340
2021,MRCY,-3.9,-24.1,7.4,-7.330,0.541,-2,0.002,0.217,0.131,0.0860,0.284,0.062,4.940,0.0079,-0.0214,0.516,0.226,0.004,0.623,0.848
2021,MTH,34.4,12.0,8.3,3.340,1.161,2,0.222,0.153,-0.088,0.1532,0.059,-0.007,0.800,-0.0185,0.0483,1.000,1.000,0.752,0.750,1.799
2021,MTRN,21.2,29.6,8.6,27.390,-3.457,2,,,,0.0201,0.118,-0.031,1.170,-0.0031,-0.0390,0.416,0.086,0.793,1.000,0.570
2021,MTX,19.4,6.5,11.1,11.670,0.141,2,0.095,0.019,0.039,0.1322,0.126,0.025,1.410,-0.0229,0.0118,0.519,0.342,0.599,0.632,0.946
2021,MUR,-39.1,138.0,16.1,1.450,0.966,2,,-0.203,0.215,-0.3536,0.082,-0.076,1.130,-0.0085,-0.3050,0.587,0.175,0.158,0.241,-4.167
2021,MUSA,13.9,53.5,16.4,5.060,0.774,2,-0.030,-0.001,0.172,0.0323,0.001,0.003,0.320,-0.0840,0.0111,0.319,0.383,0.347,1.000,1.144
2021,MWA,1.4,4.4,11.9,12.260,,2,0.100,-0.034,-0.150,0.1171,0.207,0.005,1.970,0.0006,0.0216,0.360,0.311,0.893,0.593,0.927
2021,MYE,48.2,-18.5,4.1,12.270,3.272,4,,0.110,-0.067,0.0353,0.052,-0.160,1.420,0.0082,-0.0401,0.593,0.215,1.000,1.000,0.684
2021,MYRG,136.2,40.9,12.1,2.230,1.526,1,,-0.091,-0.156,0.0425,0.084,0.007,0.470,0.0161,0.0060,0.962,0.998,0.229,0.722,1.414
2021,NBR,-24.4,30.5,12.4,4.250,0.899,1,,-0.291,0.088,0.2363,0.144,-0.014,0.290,0.0035,-0.0363,0.525,0.699,0.222,0.138,0.936
2021,NOG,49.5,62.7,6.9,15.290,0.714,2,,0.037,0.418,-1.2938,0.044,-0.014,1.980,0.1323,-0.9048,0.906,0.209,0.189,0.897,-0.578
2021,NPK,42.7,-26.7,2.2,-8.820,0.568,-2,,,,0.1619,0.025,0.023,2.160,0.0028,0.0096,0.273,0.251,0.560,0.536,0.971
2021,NPO,34.6,37.1,8.0,24.400,0.131,2,,-0.116,-0.079,0.0402,0.309,0.023,1.550,-0.0049,0.4641,0.863,0.271,0.507,1.000,1.563
2021,NVGS,137.9,16.4,8.0,7.350,1.970,1,,-0.123,-0.272,0.1231,0.072,-0.065,1.630,0.0073,-0.0015,0.214,0.228,0.992,0.484,0.791
2021,NVT,-12.5,47.0,9.0,0.990,0.890,2,0.011,-0.187,-0.107,0.1427,0.235,-0.029,1.990,-0.0070,-0.0028,0.930,0.389,0.372,0.646,1.270
2021,NWPX,4.3,-18.1,2.3,-7.160,-1.239,-1,,-0.259,-0.220,0.0950,0.083,-0.017,1.200,0.0088,-0.0749,0.839,0.693,0.280,0.782,14.832
2021,NX,47.0,-6.4,11.6,10.810,2.728,3,0.148,0.229,0.058,0.0514,0.134,-0.007,0.920,0.0041,0.0414,0.723,0.605,0.411,1.000,1.614
2021,OII,-8.6,34.2,2.2,-12.710,2.093,-1,,0.835,1.078,0.0051,0.101,0.073,0.590,0.0038,0.1479,0.731,0.481,0.157,0.328,0.223
2021,OLN,57.2,98.5,13.4,28.070,-2.183,2,,0.208,0.016,0.0486,0.083,0.047,0.690,-0.0019,0.0841,0.815,0.441,0.213,0.530,3.888
2021,OMAB,-27.2,24.2,2.2,19.130,0.613,2,-0.146,,,0.3280,0.080,-0.004,9.610,-0.0030,-0.1866,0.677,0.000,0.395,1.000,0.720
2021,OR,5.9,10.0,1.8,27.870,7.832,2,0.156,0.608,0.288,0.2990,0.208,0.013,11.710,0.1500,2.8440,0.906,0.532,0.271,0.201,3.898
2021,OXM,104.8,3.6,13.2,1.780,0.935,3,0.020,0.335,0.591,-0.0751,0.343,0.025,1.830,-0.0229,-0.1459,0.684,0.170,0.313,1.000,-2.745
2021,PAGP,-44.5,33.6,9.5,-8.830,1.339,-1,,-0.283,0.066,-0.0111,0.012,-0.013,0.080,0.0495,-0.0470,0.669,0.022,0.212,0.250,-0.351
2021,PATK,25.7,-11.3,7.8,16.850,1.709,2,0.161,0.083,-0.324,0.0805,0.037,-0.001,0.490,-0.0085,0.0150,0.861,0.789,0.789,0.500,1.122
2021,POWL,-28.1,-1.6,7.6,2.200,0.903,1,-0.007,-0.235,-0.030,-0.0030,0.174,0.001,0.700,0.0008,-0.0255,0.568,0.664,0.192,0.383,-2.007
2021,PR,44.9,99.0,9.8,-7.320,1.210,-1,0.044,-0.208,0.215,-0.3166,0.135,0.035,1.850,-0.1358,-0.4175,0.797,0.198,0.059,0.050,-1.624
2021,PRIM,57.6,-22.8,5.2,4.640,1.518,1,,0.035,-0.101,0.0495,0.056,0.047,0.460,-0.0454,-0.0024,0.680,0.641,0.386,0.568,1.238
2021,PUMP,314.0,17.8,6.9,10.820,0.856,2,,-0.591,0.054,-0.3631,0.124,0.009,1.320,-0.0209,-0.4328,0.000,1.000,0.053,0.458,-17.007
2021,RBC,47.9,42.6,20.3,1.950,0.900,1,0.029,-0.145,0.031,0.1820,0.176,-0.004,4.960,0.0032,-0.0297,0.559,0.435,0.031,1.000,0.947
2021,RES,-8.0,33.5,9.9,23.220,0.614,2,,-0.354,0.017,-0.1456,0.175,0.165,1.600,0.0032,-0.0275,0.681,0.382,0.150,0.172,-1.144
2021,RGR,31.9,-6.1,1.2,7.610,1.143,6,0.199,0.306,-0.304,0.2487,0.059,-0.011,2.140,-0.0011,0.1548,1.000,1.000,1.000,0.407,1.602
2021,RIG,-20.2,-4.8,5.3,-11.480,9.179,-2,,-0.149,-0.021,-0.0493,0.073,0.009,0.690,0.0033,0.0442,0.835,0.213,0.510,0.268,-0.188
2021,ROAD,84.6,-13.0,5.5,14.250,-1.668,1,0.182,2.106,2.017,0.0571,0.103,-0.049,1.880,0.0021,0.0187,0.539,0.667,0.327,1.000,0.967
2021,RUSHA,39.1,20.2,7.9,22.550,0.143,2,0.047,-0.015,0.023,0.0422,0.006,-0.023,0.340,0.0190,0.0123,0.940,0.928,0.500,1.000,1.352
2021,RVLV,90.1,43.2,5.9,-2.560,2.249,-1,0.111,-0.067,-0.021,0.1180,0.282,-0.011,4.570,0.0060,0.0459,0.789,1.000,0.155,0.776,1.486
2021,SAH,42.5,22.4,7.6,7.530,-0.320,2,0.077,0.082,0.064,0.0378,0.004,-0.065,0.190,-0.0099,0.0043,1.000,0.000,0.736,1.000,2.023
2021,SB,149.6,42.6,-5.4,-4.310,-0.795,-2,0.035,0.254,0.273,0.2365,0.109,0.106,1.610,-0.0043,0.0372,0.880,0.730,0.347,0.524,2.109
2021,SBLK,66.2,91.4,11.9,-5.770,1.297,-5,,0.449,0.701,0.2341,0.005,-0.005,1.990,0.0111,0.0482,0.899,0.769,0.000,0.757,32.879
2021,SHAK,61.6,-33.8,8.0,21.350,-0.231,2,0.003,0.120,0.080,-0.0776,0.208,-0.051,8.440,0.0960,-0.0808,0.466,0.491,0.526,1.000,-1.848
2021,SHOO,15.3,8.1,5.5,11.590,0.617,2,0.024,-0.259,-0.073,0.0605,0.000,-0.007,2.470,-0.0040,0.0156,0.703,0.606,0.594,1.000,0.795
2021,SIG,544.4,26.7,10.5,-7.940,0.163,-1,,0.796,0.781,0.1335,0.157,0.034,0.720,0.0370,0.0298,0.925,0.891,0.841,0.589,184.138
2021,SKY,-3.1,94.3,22.9,19.380,-1.141,2,0.084,0.257,0.154,0.0728,0.114,0.043,1.570,0.0036,0.0017,0.973,0.847,0.585,0.405,2.924
2021,SM,203.0,144.3,-3.3,-1.260,1.045,-1,-0.040,-0.032,0.258,-0.5372,0.063,0.009,1.430,0.0149,-0.3414,0.529,0.971,0.252,1.000,-1.563
2021,SMP,-21.8,17.2,6.9,5.530,1.475,2,,-0.178,-0.350,0.1273,0.197,-0.036,0.830,-0.0012,0.0323,0.738,1.000,0.973,0.000,1.301
2021,SSD,23.9,5.2,7.2,-5.590,0.682,-1,0.065,0.093,-0.026,0.1338,0.139,0.034,3.560,-0.0232,0.0163,0.294,0.155,0.699,1.000,0.834
2021,SSRM,-18.4,18.9,1.5,56.280,2.073,2,-0.037,-0.390,-1.477,0.3246,0.042,-0.069,3.540,0.5924,0.0812,0.844,0.930,1.000,0.513,1.822
2021,STN,31.4,33.6,5.5,2.170,0.576,1,0.129,0.287,0.317,0.0764,0.280,0.012,1.230,0.0012,0.0122,0.220,0.170,0.476,1.000,1.126
2021,STRL,70.6,25.2,9.9,-31.260,0.006,-2,0.021,-0.061,-0.063,0.0602,0.058,-0.028,0.470,0.0290,0.0321,0.832,0.833,0.080,0.971,2.016
2021,SUN,5.0,31.8,8.2,-2.470,1.070,-1,-0.036,0.070,0.447,0.0564,0.016,0.001,0.250,0.0024,0.0325,0.617,0.195,0.067,1.000,1.977
2021,SWBI,96.9,14.5,14.2,-6.550,0.893,-2,0.088,0.107,-0.439,0.3120,0.048,-0.032,0.860,-0.0008,0.2466,1.000,1.000,0.568,0.301,2.858
2021,SXC,-0.2,22.5,11.1,3.330,0.868,1,,-0.194,0.025,0.0155,0.098,0.011,0.350,-0.0372,-0.0261,0.806,0.248,0.082,0.425,0.392
2021,SXI,14.9,14.0,11.8,4.990,0.783,2,0.019,0.046,0.226,0.1071,0.019,0.010,1.770,-0.0149,-0.0077,0.816,0.916,0.285,1.000,1.132
2021,TEN,-22.5,-22.6,6.0,13.700,-8.389,2,0.200,0.134,0.012,0.0499,0.004,-0.007,0.030,0.0000,0.0475,0.898,0.750,0.435,0.000,2.252
2021,TEX,43.6,14.6,10.1,14.170,0.439,2,0.041,-0.145,-0.034,0.0402,0.142,-0.016,0.880,-0.0223,0.0143,0.830,0.544,0.498,0.849,1.100
2021,TGLS,26.2,175.6,22.9,5.730,-0.204,2,,-0.143,-0.152,0.1713,0.024,0.041,0.950,0.0061,0.0652,0.811,0.750,0.471,0.533,1.215
2021,THRM,56.6,18.6,10.8,17.280,3.129,2,0.166,0.091,-0.163,0.1451,0.019,0.083,2.790,0.0142,0.0494,0.985,0.857,1.000,1.000,1.623
2021,TK,21.4,-6.5,4.7,-29.590,5.297,-3,,-0.050,0.315,0.0712,0.053,-0.015,0.190,-0.0031,-0.2422,0.656,0.252,0.048,0.257,0.714
2021,TPC,54.1,-39.9,1.0,-6.660,0.686,-1,0.151,-0.059,-0.205,0.0551,0.043,0.031,0.180,0.0202,0.1351,0.943,0.484,0.609,0.458,3.097
2021,TRMD,12.3,-5.1,5.0,-57.160,-3.933,-2,,-0.532,-0.076,-0.2729,0.124,-0.041,0.790,-0.0106,-1.0880,0.457,0.362,0.000,0.400,-5.243
2021,TRN,39.2,1.8,9.1,-7.610,1.175,-4,0.059,-0.298,0.214,0.0888,0.500,-0.046,1.720,-0.0765,-0.0255,0.894,1.000,0.000,1.000,0.877
2021,TROX,148.3,25.2,7.8,25.100,-1.072,2,-0.048,0.154,0.024,0.1201,0.107,-0.007,1.000,0.0376,0.0566,0.828,0.650,0.356,0.588,1.890
2021,TTI,87.8,12.6,7.1,-32.960,1.869,-8,,-0.655,0.054,-0.0454,0.217,0.074,0.510,0.0035,-0.1206,0.454,0.576,0.000,0.772,-3.760
2021,UFPI,21.1,29.6,11.7,11.850,1.427,2,,0.189,-0.208,0.0633,0.062,0.005,0.730,-0.0023,0.0115,0.677,0.168,1.000,1.000,1.200
2021,UGP,-27.6,-24.1,3.1,6.910,0.802,2,0.062,0.602,0.882,0.0225,0.030,-0.005,0.290,-0.5364,0.0242,0.502,0.022,0.272,0.010,0.848
2021,ULH,29.0,-26.7,7.3,5.460,-0.954,2,,,,0.0610,0.020,0.038,0.440,-0.0131,0.0198,0.808,0.528,0.634,0.514,1.379
2021,URBN,46.0,-18.5,6.7,-5.130,3.837,-1,-0.008,0.477,0.546,0.0320,0.234,-0.011,0.970,0.0015,-0.0254,0.786,0.000,0.548,0.549,0.542
2021,USAC,-5.1,7.8,3.7,-3.110,1.388,-3,0.250,-0.107,0.004,0.1970,0.000,-0.003,2.180,0.0029,-0.0488,0.981,0.988,0.013,0.340,43.013
2021,USLM,32.4,4.6,11.1,7.580,,2,,,,0.2064,0.077,-0.025,4.250,0.0039,0.0594,0.640,0.225,0.446,1.000,1.196
2021,VET,-7.8,175.9,30.6,-21.080,,-1,,107.433,107.650,0.4679,0.038,-0.036,1.240,0.0309,-0.0898,0.905,0.843,0.244,0.110,3.025
2021,VMI,46.1,-0.7,6.2,10.470,2.656,3,0.102,0.122,-0.046,0.0678,0.188,-0.007,1.660,-0.0118,-0.0127,0.262,0.674,1.000,1.000,0.789
2021,VNOM,-22.9,58.5,8.8,-4.940,1.388,-1,,-0.099,0.078,-0.3778,0.026,0.036,4.460,0.0165,-0.9993,0.530,0.633,0.194,0.145,-0.998
2021,VSEC,53.2,22.0,7.3,-6.620,1.400,-5,,-0.149,0.083,0.0794,0.005,0.002,0.720,0.0965,0.0036,0.601,0.246,0.000,0.846,1.028
2021,VVX,3.1,-16.7,4.7,-0.660,1.318,-5,,0.151,0.178,0.0386,0.062,0.009,0.470,0.0005,-0.0042,0.820,1.000,0.329,1.000,1.080
2021,WCC,51.3,61.2,6.5,3.850,1.041,2,-0.076,0.788,-0.179,0.0225,0.155,-0.142,0.320,0.2099,-0.0175,0.357,0.091,1.000,0.514,0.571
2021,WEN,-8.1,13.0,12.3,7.750,3.363,2,-0.002,0.072,-0.039,0.1656,0.125,-0.055,2.650,-0.0175,0.0797,0.404,0.417,0.667,0.623,0.959
2021,WFG,48.6,50.1,13.6,-56.830,0.353,-1,,1.230,0.920,0.2877,0.110,-0.016,0.850,-0.0017,0.3152,0.997,0.894,0.516,0.421,2.527
2021,WFRD,50.3,212.8,19.5,24.070,0.376,1,,,,-0.1271,-0.529,-0.031,0.210,0.0000,0.1937,0.913,1.000,0.564,0.038,-0.365
2021,WGO,144.7,-12.7,11.0,-0.790,0.977,-2,0.052,1.086,0.746,0.1190,0.063,-0.074,0.870,-0.0002,0.0717,1.000,1.000,0.539,0.765,1.608
2021,WHD,32.9,44.8,9.1,11.370,0.819,1,0.000,-0.474,0.040,0.1237,0.132,0.110,7.350,0.0020,-0.1336,0.294,0.372,0.051,1.000,0.565
2021,WING,45.9,9.5,6.8,-9.310,0.671,-2,,0.222,0.032,0.1593,0.382,-0.132,17.280,0.0046,-0.0079,0.000,0.160,0.250,0.724,0.615
2021,WLDN,46.9,-26.5,3.7,-14.080,2.273,-1,-0.089,-0.222,0.030,-0.0590,0.245,-0.063,1.380,0.0082,-0.1017,0.128,0.679,0.000,0.828,-2.249
2021,WLFC,7.2,-11.3,1.5,10.240,0.752,1,,-0.632,-0.321,-0.1139,0.271,0.045,2.320,-0.0182,-0.1631,0.000,0.144,0.080,0.759,-0.958
2021,WNC,32.6,17.6,12.6,9.270,0.765,2,,,,0.0248,0.014,0.020,0.600,-0.0143,-0.0300,0.755,0.180,0.181,0.603,0.517
2021,WOR,149.0,-3.4,10.5,11.030,0.055,3,-0.130,0.702,0.708,0.0784,0.115,-0.008,0.740,-0.0480,0.0256,0.931,0.954,0.616,0.906,1.605
2021,WTI,41.3,81.9,8.8,7.530,0.833,2,0.205,-0.248,0.128,0.0037,0.538,0.062,1.400,0.0068,-0.1072,0.751,1.000,0.180,0.692,0.075
2021,WWW,20.2,-26.2,5.5,-1.960,1.139,-1,,0.084,0.245,-0.4005,0.358,-0.067,1.570,0.0122,-0.3919,0.000,0.583,0.518,1.000,-9.912
2021,XPEL,526.3,10.9,8.9,-6.420,0.782,-1,,0.675,0.444,0.1508,0.057,0.158,11.030,0.0000,0.0249,0.841,0.748,0.246,1.000,1.665
2021,XPO,30.1,-10.8,5.6,11.180,7.930,2,0.203,0.119,-0.009,0.0489,0.111,0.007,0.270,-0.0097,0.0000,0.881,0.072,0.137,0.947,1.364
2021,YPF,-19.2,10.1,12.2,-27.990,2.005,-1,,94.182,94.740,0.2333,0.002,0.014,0.190,0.0003,-2.3027,0.730,0.195,0.000,0.145,0.257
2021,ZIM,132.9,164.0,3.9,130.950,-0.889,2,,0.907,0.291,0.3153,0.031,-0.052,0.790,0.1750,0.2706,1.000,1.000,0.441,1.000,5.228
2021,ZWS,38.7,40.6,10.7,-9.050,2.702,-1,-0.147,-0.027,0.117,0.0694,0.263,0.086,1.400,-0.0019,-0.0884,0.561,0.000,0.000,1.000,0.580
2022,AAON,-23.6,39.1,-26.2,13.960,5.953,1,-0.003,0.369,0.201,0.0399,0.007,0.001,5.910,0.0090,-0.1804,0.000,0.249,0.890,0.579,0.258
2022,ABG,21.5,32.0,-24.2,-11.540,0.620,-2,0.047,0.783,0.594,0.0889,0.023,0.089,0.390,0.1237,0.0287,1.000,1.000,0.392,0.647,1.674
2022,ACEL,11.1,-30.8,-9.7,116.610,3.788,1,0.004,0.345,-1.239,0.0887,0.167,0.019,1.700,0.0144,0.2495,0.999,0.000,1.000,0.354,0.023
2022,AG,-21.8,-49.2,-6.4,76.130,-55.400,1,0.036,0.700,-0.048,0.1380,0.014,0.072,5.980,0.1132,-0.1152,0.943,0.738,1.000,0.344,0.585
2022,AGI,-5.4,38.5,-16.7,-1.030,1.110,-2,0.002,-0.167,-0.064,0.2452,0.052,0.019,3.530,-0.0003,-0.1136,0.875,0.681,0.183,0.239,2.321
2022,AGX,-26.6,-2.1,-9.5,9.370,-3.143,1,0.039,-0.161,-0.232,-0.0094,0.124,-0.003,1.220,-0.0105,-0.1106,0.795,0.590,0.394,0.260,-0.800
2022,ALNT,-26.2,21.1,-14.1,-4.350,0.535,-2,0.015,0.086,0.036,0.0414,0.115,0.018,1.270,0.0134,-0.0099,0.000,0.219,0.326,0.183,0.584
2022,ALSN,-3.0,12.7,-18.1,13.790,3.097,1,0.088,0.092,-0.112,0.2733,0.200,0.001,1.730,-0.0936,0.0247,0.575,0.381,0.636,0.131,0.923
2022,AM,9.3,8.9,-17.5,9.180,-1.639,1,0.062,-0.044,-0.101,0.5489,0.072,-0.003,4.950,0.0020,0.0298,0.849,0.755,0.070,0.006,1.272
2022,AMRC,6.0,-21.8,-14.7,35.440,-10.345,1,0.007,0.632,0.309,0.0770,0.094,0.100,2.800,0.0724,-0.0011,0.862,0.227,0.823,0.649,1.189
2022,APG,8.8,13.9,-18.4,16.790,2.807,1,0.172,0.750,0.489,0.0450,0.201,-0.047,1.170,0.3314,0.0688,0.942,1.000,1.000,0.796,2.200
2022,ARCB,97.4,-3.7,-16.6,17.290,1.620,1,0.075,0.540,0.088,0.0733,0.008,0.059,0.620,-0.0100,0.0363,0.874,0.770,0.913,0.729,2.074
2022,ARCO,42.5,7.4,-15.5,-27.030,0.513,-2,0.023,0.289,0.005,0.0997,0.008,0.019,0.590,0.0012,0.0639,0.961,1.000,0.542,0.783,3.027
2022,ARIS,-30.0,-34.5,-12.6,13.750,0.306,1,,0.010,0.070,-0.3438,0.114,-0.005,1.270,0.4874,-0.6866,0.468,0.759,0.198,1.000,-1.545
2022,ARLP,142.0,53.6,-34.6,12.370,1.736,1,0.024,0.405,0.113,0.1291,0.039,-0.082,1.090,0.0000,0.0048,0.719,0.223,0.861,0.654,0.964
2022,AROC,-19.8,15.8,-14.2,3.040,0.402,3,0.010,-0.006,0.014,0.3950,0.139,-0.026,1.610,0.0081,-0.0413,0.496,0.658,0.502,0.839,1.004
2022,ATI,20.7,66.9,-37.5,-5.090,0.762,-1,0.050,0.084,-0.079,0.0878,0.038,0.171,1.000,0.0047,1.7407,0.987,0.895,0.919,0.867,1.881
2022,ATRO,-10.9,7.0,-20.6,-3.920,0.217,-1,0.000,0.102,0.091,-0.0753,0.278,0.003,0.850,0.0403,-0.0277,0.656,0.208,0.513,0.444,-3.396
2022,AVAV,-31.4,22.3,-17.4,-17.310,0.453,-1,-0.156,-0.012,-0.155,-0.1568,0.394,0.003,4.040,0.0255,-0.1486,0.116,0.000,0.381,0.291,-1.871
2022,AVNT,19.6,-24.1,-13.0,-11.430,0.642,-2,0.057,0.083,-0.122,0.0616,0.149,0.045,0.980,0.0033,-0.0036,0.421,0.196,0.392,0.580,0.856
2022,AZZ,7.4,-21.2,-32.7,-4.170,0.351,-2,0.015,0.151,0.129,0.1576,0.121,-0.029,1.520,-0.0425,0.0346,1.000,1.000,0.463,0.752,1.723
2022,BBSI,-17.9,56.9,-28.7,1.490,1.174,1,0.023,0.083,-0.017,0.0517,0.161,0.043,0.480,-0.0165,0.0144,0.679,0.683,0.794,0.282,1.271
2022,BCC,57.1,-8.6,-11.2,2.800,1.153,1,0.129,0.201,-0.010,0.1276,0.070,-0.010,0.410,0.0037,0.0602,0.838,0.857,0.308,0.800,2.585
2022,BCPC,20.5,-3.7,-14.5,4.960,1.382,1,0.076,0.119,-0.061,0.1587,0.093,-0.004,5.650,0.0057,-0.0014,0.623,0.146,1.000,0.643,0.983
2022,BE,-62.6,54.2,-27.4,33.870,10.799,1,0.109,0.126,-0.248,-0.0394,0.147,-0.034,2.780,0.0500,-0.0275,0.969,0.531,0.459,0.274,-0.139
2022,BJRI,-38.3,3.5,-12.2,5.970,1.143,1,-0.021,0.331,-0.148,-0.0275,0.001,-0.052,0.700,0.0443,0.0756,0.778,0.282,0.572,0.238,-5.355
2022,BLBD,-24.2,-15.5,-15.5,30.770,0.029,1,0.176,-0.085,-0.076,-0.0158,0.141,0.045,0.660,0.0391,-0.0141,0.119,0.808,0.298,0.617,-0.600
2022,BOOT,58.7,-22.7,-14.1,-8.770,0.874,-2,0.006,0.372,-0.235,0.1897,0.205,-0.011,2.120,0.0291,0.0521,1.000,1.000,0.635,0.796,2.109
2022,BSM,19.8,33.4,-16.4,-13.360,0.881,-1,,0.379,-0.606,0.8422,0.071,0.005,5.140,0.0814,0.4513,0.976,1.000,0.624,0.380,2.106
2022,BTU,303.8,76.3,-31.2,70.350,60.005,1,0.176,0.700,-0.015,0.4120,0.016,0.099,0.600,0.3616,0.5586,1.000,1.000,1.000,0.620,6.400
2022,BVN,-13.3,-23.8,-13.4,10.760,-2.133,1,,0.108,0.035,-0.1827,0.024,0.031,2.750,0.0000,-0.1130,0.500,0.067,0.309,0.165,-4.778
2022,BWMX,-49.3,-57.6,-9.3,-29.650,-1.732,-3,-0.234,-0.113,0.075,0.1574,0.229,0.005,1.600,0.0200,-0.1461,0.000,0.252,0.000,0.000,0.610
2022,BXC,99.8,8.2,-13.3,0.970,1.085,1,0.141,0.107,-0.018,0.1134,0.086,-0.024,0.200,0.0360,0.0783,0.950,1.000,0.306,1.000,3.398
2022,BZH,-0.4,-8.8,-12.2,19.930,-0.428,1,0.005,-0.111,-0.171,0.0901,0.035,-0.010,0.260,0.0212,0.0489,1.000,1.000,0.661,0.593,3.710
2022,CAKE,-13.6,-2.7,-20.5,-5.670,0.876,-2,0.003,0.249,-0.152,0.0013,0.061,-0.015,0.710,0.1622,0.0712,0.781,0.612,0.432,0.336,0.992
2022,CAPL,14.3,7.0,-20.2,28.800,1.432,1,,0.072,-0.883,0.0151,0.006,0.002,0.210,0.0012,0.0003,0.087,0.127,0.865,0.000,0.598
2022,CARG,-7.1,-47.1,-8.4,72.750,2.422,1,0.212,1.352,0.113,0.1294,0.344,0.040,3.990,0.0298,-0.0913,0.437,0.000,0.964,0.000,1.364
2022,CBRL,-13.1,-18.4,-12.3,5.910,1.276,1,-0.004,0.107,-0.167,0.0541,0.050,-0.003,0.990,-0.0136,0.0329,0.431,0.707,0.647,0.127,0.638
2022,CBT,19.1,33.2,-25.7,-7.420,0.800,-2,0.112,0.109,-0.189,0.1198,0.086,-0.011,0.860,0.0035,-0.0383,0.891,0.577,0.592,0.304,1.493
2022,CCS,36.9,-8.7,-22.9,1.570,1.076,1,0.023,0.045,-0.177,0.1761,0.006,0.017,0.550,0.0211,0.0533,1.000,1.000,0.221,0.778,2.171
2022,CDE,-40.3,-41.0,-12.4,0.520,0.945,1,0.007,-0.056,0.033,0.1784,0.066,0.017,1.630,0.0569,-0.2185,0.394,0.466,0.197,0.288,0.837
2022,CHRD,109.5,4.0,-12.5,53.740,2.112,1,,0.027,-0.994,0.1850,0.047,0.014,1.560,0.0567,0.3313,0.947,0.216,0.846,0.240,0.351
2022,CMC,65.4,41.3,-58.5,-1.720,0.961,-1,0.038,0.304,-0.120,0.1377,0.062,0.006,0.600,0.0138,0.0634,1.000,1.000,0.973,0.773,2.116
2022,CMCO,3.6,-16.1,-13.2,-11.980,0.713,-2,0.004,0.263,-0.034,0.0709,0.131,-0.050,1.470,0.1917,0.0082,0.611,0.825,0.731,0.551,0.912
2022,CMP,-15.7,-19.9,-14.7,153.010,0.122,1,-0.086,-0.008,0.205,0.0615,0.119,0.026,2.590,0.0042,-0.0001,0.304,0.233,0.080,0.816,0.698
2022,CMRE,79.4,-31.0,-5.6,37.910,1.378,5,0.062,1.122,-0.262,0.6429,0.019,0.020,1.750,0.0158,0.3172,1.000,1.000,1.000,0.667,1.946
2022,CNX,15.8,7.7,-20.0,3.690,1.022,6,,0.157,-1.550,0.6164,0.039,0.010,1.330,-0.0343,0.5443,1.000,1.000,1.000,0.271,3.847
2022,CODI,2.2,-8.7,-14.6,-17.660,-0.068,-2,-0.080,0.043,0.054,0.0306,0.259,0.017,0.810,0.0017,-0.0367,0.559,0.471,0.304,0.558,0.672
2022,CPAC,-26.0,-17.8,-11.6,-8.780,-0.011,-2,0.014,0.076,0.077,0.2047,0.017,-0.022,1.140,0.0000,0.0104,0.964,0.293,0.210,0.032,1.352
2022,CRAI,36.7,43.5,-25.2,-13.960,-0.161,-2,-0.024,-0.074,-0.055,0.0917,0.190,-0.038,1.160,-0.0443,0.0165,0.862,0.548,0.000,0.803,1.320
2022,CRC,45.1,3.8,-15.3,-8.370,0.887,-2,,-0.155,-0.815,0.4003,0.075,-0.054,1.220,-0.0158,0.2876,0.945,0.826,0.766,0.739,1.810
2022,CRI,16.1,-23.9,-12.6,4.340,2.474,1,0.033,-0.046,-0.119,0.1299,0.340,0.104,1.150,-0.0438,-0.0093,0.886,0.773,0.497,0.314,1.247
2022,CRK,29.7,68.6,-28.6,-48.640,0.740,-1,,0.208,-1.178,0.4559,0.017,-0.019,1.090,0.0058,0.0820,0.865,1.000,0.620,0.360,1.902
2022,CSW,-5.0,21.0,-21.2,3.280,1.068,1,,,,0.0891,0.278,0.006,3.050,0.0507,0.0434,0.261,0.101,0.709,0.414,0.608
2022,CVCO,52.7,-0.7,-17.4,10.130,1.257,5,0.069,0.421,-0.074,0.1271,0.140,0.011,1.800,-0.0027,0.0446,1.000,1.000,1.000,0.595,1.447
2022,CYD,-23.5,-24.8,-11.8,69.200,-1.483,1,-0.022,,,0.0022,-0.003,-0.064,0.130,0.0000,-0.0358,0.000,0.000,0.510,0.000,0.034
2022,CYRX,-46.5,-41.1,-9.3,-390.750,0.041,-2,-0.022,-0.019,-0.186,-0.1482,0.558,0.047,7.220,0.1742,0.0554,0.900,0.000,0.080,0.066,-0.334
2022,DAC,147.0,-38.8,-10.2,15.010,1.232,7,0.063,0.559,-0.239,0.5377,0.086,0.024,2.870,-0.1717,0.0983,0.982,1.000,1.000,1.000,1.507
2022,DCH,-19.2,26.7,-18.3,0.110,0.992,1,-0.034,-0.046,0.095,0.0262,0.063,-0.051,0.180,-0.0152,-0.0454,0.839,0.000,0.254,0.250,2.590
2022,DCO,-15.3,22.3,-8.0,-4.080,0.523,-2,-0.021,0.037,-0.008,0.0717,0.154,0.022,0.900,0.0143,-0.0018,0.899,0.932,0.654,0.629,1.233
2022,DDS,188.1,74.6,-21.4,-10.310,0.764,-2,0.056,0.138,-0.196,0.1868,0.208,-0.044,0.680,-0.1227,0.1048,1.000,0.827,0.685,0.592,4.135
2022,DINO,-20.7,74.9,-19.2,27.660,1.418,1,,0.048,-0.891,-0.0036,0.020,-0.115,0.270,0.0035,0.0330,0.485,0.000,0.843,0.059,-0.089
2022,DKL,0.3,13.6,-13.7,2.230,1.067,1,0.024,0.140,-0.215,0.2599,0.029,-0.007,2.630,0.0007,-0.0620,0.443,0.349,0.886,0.735,1.110
2022,DMLP,51.0,33.0,-20.9,59.130,1.649,1,,,,0.7791,0.046,0.036,8.450,0.0209,0.2593,1.000,0.973,0.772,0.527,1.207
2022,DNUT,-29.1,-17.8,-8.4,-4.300,0.763,-2,0.021,0.146,0.008,0.0444,0.021,0.084,1.820,0.0257,0.0435,0.352,0.969,0.080,0.058,0.710
2022,DQ,-45.5,-6.2,-16.9,-306.980,0.163,-1,,3.615,3.018,0.5767,0.029,0.117,2.190,0.0085,0.1811,0.803,0.777,0.337,0.149,1.818
2022,DXPE,-11.5,-7.7,-14.4,-5.490,0.826,-1,0.029,0.193,-0.067,0.0259,0.263,-0.084,0.500,0.0193,0.0418,0.832,0.673,0.914,0.531,0.911
2022,DY,4.0,-7.1,-17.0,-3.950,0.267,-1,0.054,0.072,0.057,0.0049,0.084,0.077,0.890,-0.0272,0.0079,0.104,0.112,0.418,0.674,0.124
2022,EBF,-12.6,12.5,-4.6,-0.550,0.952,-2,-0.009,0.020,-0.089,0.1058,0.009,-0.013,1.150,-0.0024,-0.0002,0.510,0.120,0.858,0.308,0.917
2022,ECO,36.9,66.0,12.4,-11.600,1.343,-2,0.024,-0.295,0.159,0.1919,0.038,0.096,2.640,-0.0046,-0.0996,0.330,0.239,0.009,0.784,0.695
2022,EFXT,-12.1,11.1,-13.6,24.700,-5.321,3,0.198,0.884,0.676,0.0645,0.089,0.015,0.810,-0.0009,-0.0463,0.215,0.019,0.600,0.340,0.736
2022,EGO,-7.2,-21.5,-12.3,5.540,0.676,1,0.031,-0.123,-0.008,-0.6261,-0.007,-0.033,2.080,0.0496,0.1560,0.728,0.848,0.141,0.173,-2.496
2022,EMBJ,24.2,4.3,-15.1,90.520,-2.086,1,-0.044,-0.390,-1.002,0.0466,0.066,0.075,0.520,-0.0020,-0.0097,0.893,0.216,0.751,0.486,0.797
2022,ENR,-28.3,6.6,-17.1,-0.660,,-3,0.044,-0.043,-0.041,0.1343,0.072,0.023,0.780,-0.0871,-0.0319,0.552,0.141,0.022,0.000,1.034
2022,ENS,-20.6,16.6,-21.4,0.660,1.056,1,0.041,0.072,-0.051,0.0606,0.000,0.010,0.970,-0.0183,-0.0140,0.405,0.000,0.830,0.123,0.780
2022,EPAC,-10.4,29.7,-19.4,3.610,1.376,1,0.068,0.084,-0.049,0.0544,0.371,0.047,2.300,0.0070,0.0071,0.721,0.704,0.702,0.551,1.463
2022,ERO,-21.5,17.2,-9.1,29.320,2.629,1,0.048,-0.076,-0.549,0.5244,0.097,0.012,2.900,-0.0090,0.0024,0.943,0.885,0.327,0.213,1.865
2022,EXK,-5.5,-45.9,-7.5,-17.260,6.997,-2,-0.097,0.531,0.732,0.0841,0.054,0.078,5.680,0.0907,-0.1139,0.605,0.653,0.066,0.808,1.108
2022,FA,-4.1,-28.5,-14.1,19.920,1.486,1,0.149,0.161,-0.448,0.1191,0.063,0.079,3.910,0.2349,0.0977,0.823,0.640,0.951,0.642,1.380
2022,FIX,34.8,46.5,-17.6,5.700,1.340,3,0.061,0.232,0.008,0.0576,0.123,-0.017,1.000,-0.0035,-0.0115,0.461,0.267,0.781,0.918,0.927
2022,FLNG,138.0,47.3,-24.9,-76.560,0.478,-2,0.042,0.019,-0.682,0.6744,0.017,0.117,3.490,-0.0182,0.1356,1.000,1.000,0.371,0.094,3.408
2022,FRO,11.5,125.4,-39.5,52.650,-0.723,2,,-0.457,-0.678,0.0863,0.046,0.069,2.170,0.0007,0.0700,0.735,0.055,0.500,0.968,0.986
2022,FSM,-39.3,-15.4,-15.5,-2.640,0.972,-2,0.048,0.540,-0.382,0.1954,0.083,0.010,2.010,0.5710,-0.0771,0.283,0.393,0.617,0.082,0.849
2022,FSS,-8.0,56.8,-25.6,-4.370,0.339,-2,-0.001,0.081,0.059,0.0999,0.132,-0.068,1.710,0.0232,-0.0148,0.481,0.000,0.331,0.366,0.946
2022,FTAI,-3.5,11.4,-17.5,30.310,1.486,4,-0.150,1.135,0.208,0.2229,0.162,-0.036,4.630,0.1535,0.3259,0.670,0.853,0.821,0.612,2.113
2022,FUL,49.4,-3.8,-29.0,-4.170,0.787,-2,0.095,0.127,-0.027,0.0848,0.184,-0.003,1.270,0.0397,-0.0143,0.738,0.630,0.503,0.927,1.089
2022,FWRD,29.0,4.5,-19.2,4.890,1.185,1,0.038,0.257,-0.056,0.1130,0.025,0.039,1.800,0.0391,0.0539,1.000,1.000,0.734,0.963,1.323
2022,GBX,22.6,-21.9,-35.3,42.500,-6.271,3,-0.044,0.948,0.581,0.0058,0.080,-0.058,0.790,0.0259,0.0130,0.393,0.160,0.905,0.953,0.104
2022,GEO,-24.1,83.0,-24.6,0.220,0.943,5,-0.001,-0.043,-0.008,0.1363,0.091,-0.003,0.350,0.0037,0.0706,1.000,1.000,0.287,0.030,1.201
2022,GIII,-7.3,-48.5,-7.8,19.320,1.846,1,0.011,0.149,-0.273,0.0918,0.237,0.143,0.540,0.0003,0.0368,0.749,0.333,0.825,0.627,1.400
2022,GLNG,37.6,39.8,-22.1,-15.100,-0.255,-1,0.016,0.367,0.397,0.4501,0.149,0.010,4.340,-0.0157,0.0416,1.000,1.000,0.107,0.129,14.127
2022,GNK,83.9,-3.3,-15.3,14.540,1.188,5,,0.049,-0.871,0.5084,0.037,-0.039,1.470,0.0185,1.1488,1.000,1.000,0.921,0.500,4.970
2022,GOLF,-0.4,10.9,-18.1,-8.000,0.002,-2,0.104,-0.017,-0.017,-0.0521,0.534,-0.007,1.500,-0.0134,-0.1166,0.000,0.000,0.245,0.525,-0.518
2022,GOOS,-33.0,-14.2,-16.4,-1.770,0.931,-2,-0.009,0.075,-0.163,0.3498,0.356,-0.163,3.620,-0.0305,0.0264,0.997,1.000,0.406,0.050,7.145
2022,GPRE,33.0,13.3,-13.6,-8.520,0.888,-2,0.062,0.302,-0.374,0.0097,0.023,-0.091,0.560,0.5247,0.0824,0.551,0.244,0.867,0.545,0.764
2022,GPRK,-14.3,-12.6,-11.4,12.490,1.162,1,0.020,0.740,-0.158,0.3430,0.017,0.016,1.330,0.0085,1.1225,0.843,0.931,0.593,0.308,1.735
2022,GRBK,15.3,29.3,-22.0,53.860,3.234,1,0.104,0.448,-0.332,0.1689,0.003,0.004,0.850,0.0027,0.0373,0.908,0.642,1.000,0.356,1.368
2022,GRC,12.7,-17.4,-12.3,-0.620,0.958,-1,-0.042,0.100,-0.041,0.0874,0.150,-0.078,2.520,-0.0003,-0.0149,0.204,0.168,0.983,0.613,0.813
2022,GSL,102.7,-29.5,-12.9,30.550,1.488,3,0.081,1.033,0.102,0.6081,0.027,0.086,2.490,1.0268,0.2387,0.965,0.930,1.000,0.873,2.367
2022,GSM,86.4,-41.4,-10.6,14.360,1.226,1,0.146,1.074,0.296,0.0981,0.127,0.008,0.790,0.1142,0.3831,0.898,0.762,1.000,0.459,1.883
2022,GT,16.9,-27.0,-8.8,-4.160,0.902,-2,0.008,0.348,-0.034,0.0663,0.148,-0.274,0.260,0.2213,-0.0040,0.907,0.560,0.626,0.286,1.348
2022,HCC,22.2,25.8,-12.9,83.340,7.698,1,,0.931,-0.027,0.4434,0.023,0.002,1.520,0.0076,0.6214,0.991,0.929,0.434,0.852,1.960
2022,HESM,35.8,9.9,-21.4,3.920,1.266,3,0.045,0.065,-0.121,0.6320,0.019,-0.019,0.800,0.8055,0.0515,1.000,0.932,0.287,0.207,1.198
2022,HL,-2.5,2.4,-10.5,1.060,0.656,1,-0.064,-0.117,-0.097,0.1179,0.036,0.082,3.710,0.0111,-0.0162,0.852,0.865,0.227,0.613,5.842
2022,HLIO,16.1,-15.8,-15.9,-38.450,0.531,-2,0.063,0.079,-0.357,0.1465,0.161,0.025,2.940,0.0145,0.0779,0.724,0.000,0.543,0.302,1.000
2022,HNI,8.0,-22.7,-13.8,-8.460,0.462,-2,0.010,0.154,0.081,0.0302,0.279,-0.015,0.810,0.0110,-0.0368,0.230,0.000,0.650,0.704,0.565
2022,HTLD,-18.1,12.0,-18.0,1.050,0.824,1,-0.031,-0.007,0.042,0.1789,0.045,-0.004,2.050,-0.0257,0.0264,0.753,0.705,0.363,0.000,1.212
2022,HUBG,33.4,16.7,-22.6,15.620,1.961,1,0.068,0.290,-0.028,0.0936,0.067,0.021,0.610,0.0105,0.0609,1.000,1.000,1.000,0.794,2.577
2022,HURN,-20.5,51.2,-24.0,20.920,3.229,4,0.106,0.144,-0.159,0.0409,0.038,0.009,1.080,-0.0200,0.1047,0.953,0.243,1.000,0.254,1.666
2022,HWKN,44.4,5.2,-26.4,6.870,1.286,1,0.193,0.159,-0.150,0.0762,0.105,-0.011,1.090,-0.0079,0.0028,0.887,0.504,1.000,0.827,1.254
2022,ICFI,4.3,14.9,-18.2,-20.040,-1.139,-2,-0.031,0.061,0.168,0.0479,0.295,0.010,1.090,0.0151,-0.0093,0.063,0.737,0.000,0.776,0.712
2022,IESC,-7.8,-9.9,-16.4,6.190,1.133,3,,,,0.0422,0.124,-0.084,0.560,-0.0049,-0.0083,0.441,0.171,1.000,0.360,1.047
2022,IIIN,45.6,-21.4,-23.7,25.310,2.060,1,0.060,0.276,-0.216,0.1686,0.069,0.010,1.190,0.0104,0.0741,0.896,1.000,1.000,0.425,2.052
2022,IOSP,-3.6,22.8,-22.4,-8.920,0.787,-2,0.095,0.171,-0.159,0.0859,0.192,0.022,1.580,0.0050,-0.0087,0.921,0.395,0.694,0.442,1.103
2022,JBTM,-11.2,-8.9,-13.5,-0.940,0.929,-3,,,,0.0693,0.209,0.005,1.980,0.0000,-0.0297,0.542,0.466,0.680,0.542,0.799
2022,KAI,43.0,-3.7,-15.5,0.510,1.018,6,0.016,0.248,-0.050,0.1444,0.278,-0.014,3.120,0.0070,0.0137,0.627,0.217,0.695,0.813,1.100
2022,KBH,24.1,-17.8,-34.5,-6.580,0.859,-2,0.119,0.310,-0.093,0.1280,0.097,0.006,0.670,-0.0397,0.0311,1.000,1.000,0.786,0.500,1.643
2022,KEX,22.3,1.4,-17.8,0.110,1.006,6,-0.002,0.186,-0.021,0.0534,0.116,0.032,1.720,0.0056,0.0029,0.930,0.312,0.509,0.636,3.787
2022,KFRC,44.4,-14.3,-13.7,5.700,1.558,1,0.031,0.122,-0.037,0.0604,0.229,-0.001,0.930,-0.0302,-0.0079,0.852,0.603,0.926,0.982,1.183
2022,KOS,72.3,55.6,-29.3,120.350,-9.465,1,0.071,2.441,1.352,0.6893,0.042,0.080,1.670,0.1235,0.1692,1.000,1.000,0.605,0.177,4.084
2022,KRNT,-2.6,-72.1,-4.5,-29.910,0.414,-3,-0.025,0.328,0.117,-0.0035,0.354,-0.034,14.430,0.0360,-0.1274,0.795,0.860,0.286,0.485,-0.405
2022,KRO,-7.7,-24.6,-9.8,-0.340,0.983,-2,0.012,0.084,-0.112,0.1048,0.166,0.051,0.860,0.0000,0.0557,0.279,0.214,0.723,0.244,0.830
2022,KRP,52.9,-7.8,-14.5,-0.140,0.999,-2,0.167,0.292,-0.734,0.6021,0.061,-0.013,5.560,0.6734,4.1544,1.000,0.953,0.718,0.102,0.609
2022,KRT,-13.6,-9.5,-16.0,-4.810,0.861,-1,-0.048,0.340,0.042,0.0782,0.090,0.018,0.850,0.0404,0.0489,0.493,0.739,0.351,0.000,1.746
2022,KTOS,-42.8,-30.2,-10.4,3.210,,1,0.015,0.015,-0.010,0.0435,0.242,-0.009,2.510,-0.0165,-0.0021,0.831,0.798,0.495,0.413,1.295
2022,KWR,-34.6,0.6,-15.8,-6.430,0.712,-2,0.001,0.097,-0.061,0.0688,0.227,-0.012,1.970,0.0029,-0.0212,0.723,0.000,0.250,0.000,0.894
2022,LCII,-17.6,-7.0,-16.5,14.190,1.348,1,0.090,0.409,-0.141,0.0939,0.182,-0.010,0.710,0.0093,0.0129,0.687,0.643,0.574,0.000,1.097
2022,LEU,79.3,-10.8,-8.9,-175.920,-0.024,-1,,-0.023,0.020,0.2438,0.124,-0.046,2.270,0.3833,0.0221,0.953,0.623,0.294,0.691,0.784
2022,LGIH,11.9,-11.8,-16.1,-51.430,-0.264,-2,0.057,-0.269,-0.162,0.1764,0.053,0.067,1.040,-0.0379,-0.0081,0.927,0.833,0.000,0.373,1.249
2022,LNN,0.0,12.8,-50.2,33.500,2.704,1,-0.112,0.303,-0.229,0.0804,0.067,-0.079,2.450,0.0127,0.0110,0.686,0.050,1.000,0.354,1.073
2022,LPG,-7.3,62.8,-32.6,-37.780,-1.467,-1,-0.199,-0.200,0.024,0.3287,0.086,0.002,1.660,-0.2053,-0.1445,0.794,0.560,0.099,0.203,1.685
2022,LQDT,-11.5,-9.3,-15.9,-6.180,0.761,-2,0.076,-0.016,-0.213,0.0672,0.151,-0.083,2.160,-0.0012,-0.0158,0.844,0.740,0.619,0.427,1.644
2022,LZB,-8.8,-20.9,-14.5,-3.870,0.848,-2,0.002,0.280,0.064,0.0691,0.315,0.027,0.730,-0.0609,-0.0041,0.569,0.000,0.458,0.000,0.917
2022,MATV,-34.7,-10.5,-10.8,2.380,1.064,1,0.160,0.263,-0.134,0.0279,0.046,-0.053,0.620,0.0031,-0.0555,0.000,0.000,0.837,0.000,0.243
2022,MATX,18.9,-19.8,-11.8,14.890,1.225,1,0.169,0.566,-0.244,0.3585,0.051,-0.014,0.930,-0.0389,0.2059,1.000,1.000,1.000,0.468,3.363
2022,MCFT,-8.1,18.5,-16.7,8.440,1.325,1,0.034,0.127,-0.217,0.1636,0.021,0.007,0.840,-0.0015,0.0208,0.947,0.726,0.353,0.313,1.827
2022,MCRI,14.0,9.5,-22.4,3.800,1.044,1,0.129,0.425,-0.478,0.2323,0.084,0.036,3.580,0.0243,0.1430,0.955,0.160,1.000,0.348,1.591
2022,MEOH,28.5,7.4,-11.3,-31.070,0.637,-2,0.047,0.177,-0.367,0.1969,0.000,-0.021,0.760,-0.0042,0.1856,0.854,0.715,0.630,0.300,1.825
2022,MGRC,-9.0,48.1,-17.8,7.310,1.679,3,0.002,0.208,0.027,0.2443,0.029,-0.021,2.840,0.0034,-0.0311,0.714,0.611,0.898,0.524,1.073
2022,MGY,97.3,13.7,-19.2,-11.660,0.913,-2,0.010,0.757,-0.469,0.6005,0.046,0.009,3.430,0.0714,0.3147,1.000,0.685,0.702,0.748,1.630
2022,MHO,5.2,13.2,-28.4,9.380,2.410,1,0.066,0.072,-0.089,0.1332,0.053,0.001,0.420,0.0036,0.0196,0.830,0.725,0.326,0.400,1.439
2022,MLCO,-55.7,37.7,-22.5,-118.650,-0.082,-2,-0.167,-0.068,0.022,-0.2172,0.205,-0.074,2.200,-0.0017,0.0572,0.831,0.650,0.254,0.146,-1.219
2022,MLI,54.1,26.5,-25.8,-17.150,0.708,-2,,0.244,-0.171,0.1800,0.048,0.059,0.830,-0.0002,0.0838,0.706,0.983,0.522,0.698,1.842
2022,MLKN,-3.4,-53.7,-21.8,37.880,2.457,1,-0.003,0.747,0.108,0.0060,0.338,-0.016,0.970,0.2706,-0.1112,0.336,0.000,1.000,0.762,0.084
2022,MLR,-28.6,-10.0,-11.7,15.260,-6.039,1,,,,0.0219,0.055,0.026,0.480,0.0005,-0.0611,0.000,0.000,0.665,0.231,0.406
2022,MMYT,-19.4,17.6,-22.2,-118.050,0.465,-2,,0.236,-0.788,-0.0540,0.193,-0.025,9.050,0.0163,0.0753,0.989,0.452,0.626,0.410,-0.074
2022,MOD,-32.6,158.6,-64.8,-0.100,0.974,-2,0.027,0.045,0.008,0.1581,0.101,-0.018,0.240,0.0214,0.3826,1.000,0.359,0.403,0.250,6.482
2022,MOV,47.6,-12.3,-15.3,-12.690,0.550,-2,0.078,0.068,-0.087,0.1855,0.578,0.089,1.210,0.0056,0.0403,0.998,1.000,0.457,0.535,3.781
2022,MRCY,-24.9,-13.1,-22.5,-4.820,0.488,-3,-0.008,-0.030,-0.076,-0.0018,0.296,-0.011,3.280,0.0016,-0.0877,0.152,0.034,0.000,0.082,-0.019
2022,MTH,7.7,7.2,-18.2,-4.390,0.588,-2,0.005,0.175,0.112,0.2076,0.050,-0.039,0.740,-0.0109,0.0544,1.000,0.960,0.345,0.643,1.914
2022,MTRN,34.0,-0.8,-11.7,-18.180,0.482,-2,-0.072,0.171,0.002,0.0390,0.131,0.034,1.230,0.0074,0.0189,0.612,0.345,0.567,1.000,0.977
2022,MTUS,81.2,-20.3,-3.1,39.050,0.116,1,0.040,0.228,0.279,0.1179,0.053,0.020,0.930,-0.0341,0.0426,1.000,1.000,0.408,1.000,4.266
2022,MTX,5.8,1.9,-17.8,-11.420,0.478,-2,-0.025,0.127,0.022,0.1147,0.108,-0.007,1.260,-0.0176,-0.0175,0.000,0.000,0.661,0.465,0.830
2022,MUR,141.9,37.1,-25.4,11.570,1.188,1,0.232,0.101,-0.631,0.4067,0.047,0.017,1.750,0.0194,0.7603,1.000,1.000,0.583,0.576,9.201
2022,MWA,2.8,3.3,-18.1,3.280,1.287,1,0.076,0.092,-0.055,0.1061,0.207,-0.016,1.750,0.0006,-0.0110,0.385,0.630,0.676,0.282,0.859
2022,MYE,-14.2,49.5,-19.2,-6.080,0.881,-2,0.056,0.169,-0.283,0.0539,0.052,0.053,0.830,0.0119,0.0185,0.642,0.000,0.823,0.063,0.915
2022,MYRG,38.1,13.1,-13.6,5.890,,1,0.060,0.051,-0.012,0.0473,0.001,-0.020,0.590,0.0084,0.0047,0.931,0.852,0.215,0.717,1.434
2022,NBR,28.2,50.9,-27.6,3.010,1.154,5,-0.013,0.210,-0.015,0.2407,0.120,-0.017,0.450,0.1249,0.0044,0.572,0.632,0.880,0.288,0.986
2022,NMM,31.3,-7.7,-13.6,33.880,1.134,6,-0.016,2.623,-0.250,0.3937,0.334,-0.019,1.170,1.3372,0.1610,0.818,0.896,1.000,0.719,1.566
2022,NOG,64.8,31.4,-20.7,-18.420,0.927,-2,,0.917,-1.423,0.5725,0.032,0.014,1.950,0.7981,1.8663,0.947,0.694,0.946,0.717,0.301
2022,NPK,-26.6,-5.7,-6.6,1.940,0.729,1,,,,0.0311,0.002,0.002,1.580,0.0031,-0.1308,0.000,0.237,0.255,0.000,0.213
2022,NPO,38.2,6.8,-13.1,-3.780,0.315,-2,0.107,0.068,0.050,0.0235,0.332,0.009,2.040,0.0146,-0.0167,0.832,0.216,0.591,1.000,0.538
2022,NRP,102.9,45.6,-18.5,39.490,1.499,6,,56.568,55.382,0.8898,0.079,0.004,2.490,-0.0015,0.1511,0.947,0.768,1.000,0.796,2.680
2022,NVGS,21.1,3.1,-8.7,21.710,1.826,2,,0.182,-0.298,-0.2724,0.069,0.041,2.240,0.3725,-0.3954,0.000,1.000,1.000,0.937,-2.542
2022,NX,-5.8,8.4,-16.2,1.790,1.126,1,0.099,0.057,-0.103,0.0529,0.115,0.006,0.690,0.0026,0.0015,0.730,0.197,0.517,0.425,1.322
2022,OII,35.5,25.3,-19.7,3.850,1.625,1,-0.006,0.007,-0.094,-0.0269,0.197,0.010,0.790,0.0050,-0.0320,0.700,1.000,0.810,0.488,-1.109
2022,OMAB,24.6,28.2,-12.0,-48.930,0.550,-2,-0.009,0.532,-0.067,0.4759,0.056,0.004,6.730,-0.0101,0.1479,0.855,0.319,0.370,0.478,1.066
2022,OR,8.9,2.5,-16.1,-15.750,3.774,-2,-0.009,-0.238,-0.023,-0.7548,0.236,-0.011,11.520,0.0109,-1.0538,0.575,0.833,0.109,0.287,-4.279
2022,OXM,0.0,42.1,-21.2,-5.970,0.856,-2,0.016,0.238,-0.117,0.1067,0.293,-0.034,1.230,0.0228,0.1818,0.865,0.570,0.688,0.470,2.733
2022,PAGP,32.2,6.8,-19.6,32.500,1.383,1,,0.433,-0.739,0.0459,0.007,-0.010,0.060,0.0157,0.0570,0.786,0.135,0.663,0.083,1.792
2022,PATK,-13.1,6.6,-18.9,-2.780,0.946,-2,0.139,0.390,-0.095,0.0825,0.034,-0.021,0.260,0.0094,0.0021,0.832,0.920,0.463,0.000,1.114
2022,POWL,-1.8,31.8,-31.3,-12.850,0.000,-1,-0.061,-0.015,-0.015,-0.0403,0.166,-0.002,0.730,0.0078,-0.0373,0.317,0.229,0.457,0.433,-7.281
2022,PR,103.6,18.3,-14.2,20.190,1.216,1,0.107,0.616,-0.521,0.5476,0.059,0.023,2.410,0.1377,0.8642,1.000,1.000,0.500,0.092,12.660
2022,PRIM,-21.3,-0.6,-18.7,1.690,0.460,1,-0.010,1.013,1.027,0.0421,0.065,0.020,0.410,0.1190,-0.0074,0.561,0.589,0.142,0.500,0.955
2022,REAL,-75.1,-81.2,-2.3,15.970,1.306,1,0.086,0.601,-0.081,-0.3182,0.521,-0.109,1.410,0.0431,0.2488,0.839,0.000,0.818,0.000,-0.724
2022,RES,38.1,37.9,-26.9,-12.780,0.863,-2,0.116,0.557,-0.247,0.0748,0.120,0.035,1.550,0.0138,0.2204,0.881,0.549,0.612,0.231,1.348
2022,RGR,-4.9,-13.8,-10.4,-23.050,-0.032,-2,-0.062,-0.107,-0.100,0.2665,0.053,0.012,1.580,-0.0001,0.0178,0.868,0.913,0.358,0.013,1.565
2022,RIG,-5.7,111.1,-25.9,9.020,0.526,2,-0.074,-0.069,0.032,-0.0692,0.079,-0.009,0.850,0.0601,-0.0200,0.875,0.085,0.490,0.348,-0.213
2022,ROAD,-9.2,4.7,-18.4,25.040,2.034,3,0.195,0.215,-0.277,0.0281,0.087,0.044,1.370,0.0050,-0.0291,0.386,0.220,1.000,0.490,0.540
2022,RUSHA,22.0,10.8,-17.8,-4.020,0.461,-2,0.074,0.120,0.086,0.0685,0.006,0.016,0.390,0.0145,0.0263,0.944,1.000,0.581,0.962,1.738
2022,RVLV,36.7,-49.2,-6.1,8.780,1.143,4,0.080,0.432,-0.272,0.1332,0.294,-0.046,4.210,0.0339,0.0151,0.911,0.911,1.000,0.423,1.519
2022,SAH,29.8,14.5,-18.4,-6.780,0.671,-2,0.023,0.326,0.188,0.0502,0.006,0.061,0.180,-0.0281,0.0123,1.000,1.000,0.423,0.733,2.229
2022,SB,50.0,-29.7,-7.0,-1.110,0.986,-1,0.008,0.183,-0.587,0.5918,0.059,0.052,1.730,0.1904,0.3553,0.995,0.981,0.987,0.580,2.426
2022,SBLK,89.7,-16.3,-12.7,22.470,1.209,1,0.070,0.439,-0.862,0.6280,0.002,-0.008,2.040,0.0547,0.3938,1.000,1.000,0.980,0.584,3.331
2022,SD,187.1,-10.9,-11.3,11.380,1.167,1,,,,0.6703,0.052,-0.005,3.330,0.0339,0.5816,0.973,1.000,0.860,0.914,0.691
2022,SEI,-18.3,-28.1,14.9,57.860,7.009,2,-0.042,0.456,-0.219,0.1515,0.064,0.058,1.540,0.0174,0.1109,0.538,0.000,0.304,0.000,0.456
2022,SHAK,-36.8,-21.9,-9.2,-19.650,0.596,-2,0.000,0.293,0.002,-0.0319,0.204,-0.046,3.980,0.0542,0.0456,0.590,0.543,0.478,0.214,-1.906
2022,SHOO,12.2,-20.8,-12.5,11.460,1.219,1,0.097,0.294,-0.345,0.1373,0.000,0.038,1.840,0.0337,0.0768,0.910,0.765,0.535,0.450,1.772
2022,SKY,92.4,-8.1,-18.7,-21.010,0.664,-2,0.072,0.255,-0.161,0.1710,0.120,-0.010,1.920,0.0056,0.0981,1.000,1.000,0.602,0.686,3.445
2022,SM,147.4,-15.1,-13.4,-2.650,0.984,-2,,0.603,-1.066,0.5285,0.043,0.013,1.640,0.0829,1.0657,0.781,0.736,0.775,0.853,9.453
2022,SMP,12.9,-13.7,-12.9,1.830,1.235,1,0.103,0.100,0.004,0.0879,0.190,-0.036,0.800,-0.0162,-0.0394,0.240,0.364,0.500,0.088,0.870
2022,SSD,5.7,1.6,-16.2,33.510,4.764,1,0.120,0.370,-0.054,0.2314,0.124,0.005,3.020,-0.0048,0.0976,0.868,0.720,1.000,0.571,1.324
2022,SSRM,30.2,-30.7,-8.3,-33.190,0.232,-2,0.064,-0.111,-0.212,0.2721,0.052,0.095,3.020,0.1320,-0.0525,0.727,0.825,0.309,0.283,1.407
2022,STRL,27.4,28.8,-24.3,-5.280,0.747,-1,0.189,0.186,0.030,0.0493,0.065,0.018,0.560,0.0254,-0.0109,0.647,0.884,0.356,1.000,1.076
2022,SUN,33.2,11.2,-17.9,23.670,1.336,1,0.050,0.321,-0.619,0.0355,0.009,0.011,0.200,0.0090,-0.0209,0.484,0.055,0.896,0.467,1.126
2022,SWBI,13.3,-40.9,-8.8,-23.670,4.227,-6,-0.104,-0.443,-0.133,0.2235,0.075,-0.011,0.840,-0.1531,-0.0885,0.783,0.560,0.041,0.427,1.814
2022,SXC,23.8,30.5,-28.0,-3.480,0.837,-1,-0.226,0.034,-0.144,0.0766,0.037,0.010,0.400,0.0145,0.0612,0.943,0.413,0.925,0.550,1.763
2022,SXI,12.1,22.6,-21.4,2.750,1.171,1,0.049,0.080,-0.109,0.1172,0.026,-0.017,1.660,-0.0108,0.0101,0.868,0.882,0.871,0.698,1.205
2022,TEX,13.9,17.3,-20.8,-3.950,0.867,-2,0.044,0.107,-0.151,0.0705,0.098,-0.006,0.800,0.0085,0.0303,0.625,0.316,0.748,0.643,1.137
2022,TGLS,185.5,65.4,-29.0,2.530,1.096,1,0.022,0.204,-0.084,0.2470,0.035,0.036,2.120,0.0275,0.0756,1.000,1.000,0.742,0.620,1.582
2022,TH,120.9,224.3,-42.8,-26.480,0.688,-1,0.083,0.753,0.171,0.1674,0.130,0.097,1.620,0.0069,0.2170,0.691,0.459,0.531,0.389,2.570
2022,THO,-34.1,6.1,-12.4,-13.940,0.751,-1,0.100,0.210,-0.211,0.0941,0.069,0.031,0.330,0.0015,0.0283,1.000,0.879,0.546,0.016,1.439
2022,THRM,18.3,-22.6,-13.5,-7.850,2.261,-2,0.039,-0.113,0.028,0.0881,0.197,-0.002,2.910,0.0087,-0.0569,0.727,0.516,0.215,1.000,1.003
2022,TPC,-38.5,-34.2,-9.6,-4.880,1.267,-5,-0.125,-0.097,0.135,0.0543,0.056,0.024,0.130,0.0017,-0.0009,0.941,0.665,0.000,0.250,2.784
2022,TRIP,-24.0,-16.5,-14.2,7.100,1.070,1,-0.028,1.055,-0.023,-0.1162,0.523,-0.028,4.470,0.0222,0.6769,0.896,0.725,0.504,0.231,-0.634
2022,TRMD,2.5,288.6,-62.8,84.840,-15.936,3,,-0.051,-0.849,0.0227,0.066,0.081,1.060,0.0847,0.2956,0.272,0.236,1.000,0.737,0.252
2022,TRN,-3.9,-3.8,-14.1,4.020,1.419,4,-0.060,0.231,0.095,0.1528,0.052,-0.056,1.660,-0.1266,0.0640,0.945,0.000,0.968,0.942,1.475
2022,TROX,23.1,-30.1,-11.2,-15.990,0.447,-2,0.032,0.047,-0.082,0.1516,0.095,-0.017,1.040,0.0855,0.0315,0.802,0.723,0.355,0.623,1.591
2022,TTI,22.6,20.9,-22.8,87.380,-1.334,4,0.045,0.497,-0.003,0.0104,0.168,0.088,1.050,0.0076,0.0558,0.639,0.535,1.000,0.831,2.356
2022,UFPI,31.0,9.3,-19.9,3.830,1.094,1,0.168,0.128,-0.319,0.0967,0.088,0.011,0.570,0.0111,0.0334,1.000,1.000,0.402,0.421,1.621
2022,ULH,-26.9,154.0,-45.1,-0.990,0.955,-2,0.097,0.068,-0.143,0.0509,0.019,-0.004,0.260,-0.0001,-0.0101,0.706,0.832,0.557,0.027,1.073
2022,URBN,-19.8,-0.8,-16.1,5.710,1.342,1,,0.152,-0.072,0.0400,0.236,-0.016,0.590,-0.0035,0.0081,0.785,0.091,0.607,0.132,0.685
2022,USAC,10.0,27.1,-21.6,2.870,-0.529,3,0.002,0.024,0.014,0.2272,0.000,0.020,2.540,0.0022,0.0302,0.990,0.983,0.079,0.455,15.883
2022,USLM,4.5,19.5,-19.7,-7.140,0.636,-2,,,,0.2092,0.080,0.000,3.790,0.0039,0.0027,0.566,0.169,0.480,0.496,1.114
2022,VET,209.2,-37.5,-6.0,24.140,1.604,1,0.182,0.424,-0.217,0.7797,0.009,0.121,2.650,0.0035,0.3118,1.000,1.000,0.794,0.402,2.462
2022,VIST,156.1,148.4,-37.0,-4.060,0.973,-2,0.064,0.501,-0.963,0.4186,0.142,0.006,1.010,0.0835,0.6426,1.000,1.000,0.728,0.427,9.427
2022,VMI,-0.4,42.4,-30.0,2.290,1.125,1,0.112,0.146,-0.061,0.0527,0.171,0.003,1.380,0.0085,-0.0151,0.012,0.261,0.730,0.625,0.633
2022,VNOM,56.0,16.4,-14.3,13.700,1.131,1,,0.827,-0.352,0.7620,0.010,-0.016,4.040,0.1755,1.1397,1.000,1.000,0.565,0.150,1.302
2022,VSEC,25.0,16.9,-15.2,18.910,1.892,4,0.035,0.223,-0.178,0.0511,0.008,0.025,0.830,0.0495,-0.0283,0.756,0.026,1.000,0.753,0.759
2022,VVX,-25.3,15.5,-13.4,-12.320,0.594,-2,0.011,-0.018,-0.198,0.0239,0.051,-0.103,0.280,0.0100,-0.0147,0.409,0.089,0.605,0.136,0.674
2022,WFRD,218.2,60.3,-27.7,-2.490,0.854,-1,0.004,0.118,-0.028,0.0342,0.237,0.017,0.670,0.0000,0.1613,0.972,0.508,0.955,0.139,0.130
2022,WGO,-22.9,5.8,-14.2,-7.040,0.846,-1,0.058,0.256,-0.131,0.1174,0.062,-0.118,0.430,-0.0003,-0.0016,0.937,0.894,0.385,0.118,1.425
2022,WHD,49.4,-4.7,-17.1,-2.150,0.977,-1,0.054,0.655,-0.253,0.1979,0.099,0.032,8.800,0.0078,0.0742,0.334,0.327,0.686,0.969,0.841
2022,WING,12.9,2.2,-21.6,11.010,4.924,1,-0.021,0.219,0.081,0.1974,0.250,0.032,17.260,0.0042,0.0381,0.220,0.000,0.233,0.713,0.797
2022,WLDN,-29.7,-45.5,-6.1,1.110,0.813,1,,-0.368,-0.320,0.0122,0.228,-0.044,1.130,0.0540,0.0712,0.623,0.799,0.162,0.567,1.256
2022,WLFC,-10.8,78.4,-12.2,23.050,,5,,-0.541,-0.774,0.0607,0.278,0.006,2.290,0.0528,0.1745,0.468,0.910,0.503,0.665,0.588
2022,WNC,2.3,55.1,-34.8,-18.640,0.500,-1,-0.024,0.219,0.033,-0.0389,0.011,-0.130,0.460,-0.0823,-0.0637,0.658,0.000,0.746,0.397,-1.301
2022,WOR,-2.4,-12.3,-13.2,12.930,1.188,2,0.136,0.269,-0.547,0.0151,0.075,0.011,0.410,-0.0484,-0.0632,0.339,0.000,1.000,0.313,0.327
2022,WTI,72.8,1.5,-7.9,-9.940,0.883,-2,0.208,0.269,-0.479,1.4944,0.359,-0.050,1.530,0.0171,1.4907,1.000,1.000,0.671,0.741,5.736
2022,WWW,-28.9,-38.1,-7.5,-4.400,0.849,-2,0.010,0.184,-0.063,-0.0137,0.357,-0.036,0.830,-0.0014,0.3868,0.740,0.604,0.529,0.162,-0.338
2022,XPEL,14.3,6.4,-19.1,-4.300,0.912,-2,0.013,0.328,-0.115,0.1216,0.076,0.031,7.730,0.0000,-0.0292,0.688,0.892,0.455,0.684,1.129
2022,XPO,-9.8,15.4,-18.3,-5.420,1.241,-2,0.028,-0.325,-0.046,0.0518,0.096,0.012,0.270,0.1373,0.0029,0.910,0.425,0.000,0.667,1.334
2022,ZWS,47.1,-30.2,-14.2,-57.720,-3.480,-2,0.045,0.179,0.627,0.0659,0.276,0.046,2.630,0.0428,-0.0036,0.547,0.094,0.198,1.000,0.512
2023,AAON,39.2,58.0,51.9,11.740,1.156,2,0.060,0.358,-0.510,0.1830,0.001,0.000,5.030,0.0159,0.1431,0.793,0.975,1.000,0.260,1.251
2023,ACEL,-30.7,14.8,37.8,6.520,1.171,2,0.009,0.404,-0.042,0.0902,0.152,0.002,0.830,-0.0697,0.0015,0.999,0.001,0.527,0.040,0.029
2023,ACVA,-2.3,29.3,40.3,-17.040,-0.148,-3,-0.014,0.058,0.080,-0.2786,0.375,0.032,4.080,0.0172,-0.0221,0.583,0.880,0.000,0.047,-0.739
2023,AG,-50.4,-34.6,19.8,-56.050,-0.983,-1,-0.046,-0.075,0.203,-0.1676,0.019,-0.023,2.890,0.0402,-0.3056,0.834,0.000,0.229,0.000,-0.871
2023,AGI,36.6,17.2,36.5,6.300,1.800,3,-0.004,0.285,0.143,0.2656,0.062,-0.014,4.810,-0.0052,0.0204,0.892,0.734,0.492,0.554,2.397
2023,AGX,-1.7,27.0,36.3,-0.120,1.024,-1,0.016,0.166,0.220,0.0805,0.088,0.004,1.170,-0.1329,0.0899,0.905,0.545,0.325,0.232,11.050
2023,ALGT,-52.1,-6.3,28.0,1.130,1.051,1,0.057,0.257,0.027,0.1459,0.041,-0.019,0.660,0.0042,0.0788,0.871,0.677,0.293,0.019,4.124
2023,ALNT,23.2,-30.5,22.3,4.300,1.117,4,0.092,0.179,-0.232,0.0624,0.116,0.018,1.330,0.1034,0.0209,0.467,0.704,1.000,0.313,0.912
2023,ALSN,12.8,37.9,40.0,-13.730,0.456,-1,0.062,0.068,-0.047,0.2674,0.203,0.001,1.530,-0.0960,-0.0059,0.547,0.351,0.555,0.139,0.906
2023,AMR,37.3,143.4,78.0,-34.630,-0.017,-2,-0.011,-0.198,-0.192,0.2629,0.028,-0.022,0.640,-0.1375,-0.0701,0.504,0.547,0.133,0.560,2.098
2023,AMRC,-19.4,-60.7,12.9,-81.480,-0.330,-2,-0.099,-0.511,-0.308,0.0673,0.118,0.031,1.510,0.0059,-0.0098,0.511,0.525,0.000,0.238,0.961
2023,ARCB,-7.4,47.7,42.2,-27.990,0.151,-3,-0.006,-0.118,-0.168,0.0412,0.009,-0.038,0.420,-0.0499,-0.0322,0.480,0.421,0.297,0.390,0.881
2023,ARCO,4.7,52.6,49.8,3.560,1.132,1,0.029,0.206,-0.100,0.0800,0.069,-0.025,0.460,0.0006,-0.0196,0.946,0.836,0.555,0.535,2.577
2023,ARLP,67.2,-3.4,30.4,-3.270,0.936,-2,0.018,0.451,-0.029,0.3119,0.001,0.088,1.190,0.0000,0.1828,1.000,1.000,0.817,0.766,2.068
2023,AROC,11.8,88.2,59.7,2.620,1.276,1,0.026,0.213,0.092,0.3605,0.143,-0.035,1.680,0.0081,-0.0345,0.048,0.247,0.863,0.902,0.902
2023,ARRY,77.1,-28.4,20.7,-83.760,0.516,-1,0.096,0.073,-0.819,0.0184,0.107,0.087,1.720,0.1561,0.1472,0.474,0.617,0.399,0.097,3.154
2023,ATRO,10.6,23.2,40.5,18.760,2.070,4,0.061,0.242,-0.121,-0.0200,0.156,0.033,0.790,0.0100,0.0553,0.759,0.188,0.931,0.466,-0.454
2023,AVAV,20.0,47.0,48.0,57.720,-5.756,1,-0.186,0.238,-0.254,0.0343,0.304,-0.019,4.500,0.0053,0.1911,0.475,0.439,0.718,0.334,0.539
2023,AVNT,-16.7,-15.0,23.7,-1.710,1.053,-6,-0.004,-0.350,-0.008,0.0005,0.217,0.097,0.920,-0.0152,-0.0611,0.000,0.208,0.000,0.507,0.007
2023,AZZ,-20.9,35.2,44.9,-26.810,0.695,-1,0.038,0.707,0.096,0.1216,0.074,0.003,0.800,0.0020,-0.0360,0.807,0.064,0.765,0.053,1.251
2023,BALY,-46.3,-45.8,16.6,-78.400,0.063,-4,0.005,0.091,0.038,-0.7881,0.005,-0.023,0.470,-0.1093,-0.7071,0.000,0.334,0.321,0.000,-13.267
2023,BBSI,58.2,19.8,40.1,-4.890,0.551,-3,-0.009,0.055,-0.005,0.0546,0.163,0.009,0.650,-0.0676,0.0030,0.662,0.708,0.655,0.718,1.194
2023,BCC,-16.3,104.5,64.9,-23.280,-0.590,-1,-0.086,-0.331,-0.245,0.0957,0.080,-0.084,0.330,0.0024,-0.0319,0.690,0.657,0.037,0.480,1.365
2023,BCPC,-4.5,11.1,36.5,-14.350,0.388,-1,-0.037,0.013,-0.078,0.1432,0.090,-0.009,4.530,-0.0098,-0.0155,0.177,0.250,0.451,0.108,0.897
2023,BE,52.6,-50.5,15.0,-5.970,0.855,-1,0.160,0.295,-0.055,-0.0877,0.139,-0.011,3.970,0.1545,-0.0483,0.834,0.247,0.446,0.421,-0.415
2023,BJRI,5.7,0.4,30.1,7.820,1.757,1,0.001,0.111,-0.071,0.0123,0.056,0.022,0.640,0.0197,0.0398,0.872,0.514,0.411,0.199,0.932
2023,BOOT,-21.6,-0.6,32.2,-6.520,0.475,-6,0.001,0.151,0.092,0.1409,0.224,0.013,1.390,-0.0049,-0.0488,0.725,0.760,0.206,0.357,1.318
2023,BSM,33.1,-1.6,31.2,-37.370,0.387,-2,,-0.146,-0.382,0.9297,0.072,-0.003,4.430,0.0031,0.0875,1.000,0.986,0.397,0.339,2.121
2023,BTE,7.9,-17.1,26.7,-54.400,0.150,-2,0.060,-0.292,-0.388,0.2787,0.065,0.040,1.060,-0.0435,-0.0860,0.809,0.605,0.274,0.500,2.162
2023,BTU,99.8,-13.1,25.2,-69.130,0.293,-1,0.173,0.774,0.489,0.3582,0.015,0.133,0.970,0.2146,-0.0538,0.981,0.974,0.517,0.979,7.199
2023,BVN,-22.2,98.2,64.5,8.560,0.243,2,0.173,-0.176,-0.148,0.0527,0.019,0.022,2.330,0.0000,0.2354,0.870,0.739,0.259,0.175,0.735
2023,BWMX,-56.7,54.1,46.6,18.890,1.524,3,0.005,0.921,0.372,0.1822,0.306,0.022,0.600,0.0000,0.0247,0.212,1.000,0.299,0.000,0.745
2023,BXC,-0.5,42.8,45.3,-22.130,-1.389,-1,-0.098,-0.344,-0.215,0.0603,0.109,-0.080,0.170,-0.0949,-0.0531,0.461,0.613,0.075,0.833,1.230
2023,BZH,-4.7,83.3,46.3,-42.090,-0.051,-1,-0.024,0.022,0.043,0.0641,0.032,0.045,0.230,-0.0079,-0.0261,0.852,0.429,0.221,0.650,1.616
2023,CAAP,63.7,63.3,49.3,-60.530,0.458,-2,0.132,0.345,-0.166,0.2219,0.047,-0.024,1.090,0.0006,-0.0304,0.962,0.542,0.581,0.453,27.877
2023,CAKE,-0.5,-14.6,26.6,11.040,3.820,1,-0.010,0.098,-0.052,-0.0169,0.076,0.023,0.600,-0.0412,-0.0182,0.778,0.674,0.312,0.268,-1.736
2023,CAPL,4.9,3.3,33.8,-24.980,0.149,-2,,-0.046,-0.090,0.0227,0.006,-0.020,0.160,0.0046,0.0077,0.125,0.268,0.257,0.050,0.871
2023,CARG,-47.1,39.8,45.8,-106.810,-0.170,-3,0.019,-0.518,-0.363,0.1033,0.355,0.000,1.230,0.0121,-0.0261,0.320,0.210,0.103,0.013,1.050
2023,CBRL,-17.5,-33.6,21.7,1.350,1.194,2,0.018,0.069,-0.014,0.0417,0.049,0.011,0.710,-0.0516,-0.0124,0.408,0.592,0.468,0.053,0.582
2023,CBT,32.2,-0.2,29.6,-23.320,-0.013,-6,0.010,0.018,0.021,0.1119,0.076,-0.008,0.950,-0.0018,-0.0079,0.868,0.433,0.332,0.487,1.371
2023,CCS,-5.6,40.1,41.0,-21.730,-0.118,-1,0.168,-0.386,-0.363,0.0998,0.008,0.034,0.450,-0.0673,-0.0763,0.395,0.208,0.000,0.500,0.983
2023,CDE,-41.6,-16.0,26.2,13.080,-0.089,1,0.050,-0.071,-0.081,0.1064,0.036,-0.010,1.130,0.1170,-0.0720,0.335,0.309,0.364,0.043,0.589
2023,CECO,174.7,57.4,51.0,-11.180,0.686,-1,0.108,0.153,-0.091,0.0725,0.004,-0.066,1.200,-0.0174,0.0164,0.676,0.592,0.799,0.500,1.666
2023,CMCO,-10.6,0.8,29.5,2.990,1.824,2,0.008,-0.014,-0.080,0.0876,0.131,0.065,1.180,-0.0021,0.0167,0.654,0.648,0.468,0.294,1.019
2023,CMP,-19.6,-50.9,13.5,,,0,-0.044,-0.526,-0.590,0.0792,0.119,0.005,1.440,0.1661,0.0176,0.458,0.391,0.676,0.195,1.073
2023,CMRE,-32.7,2.4,29.5,-40.390,-0.192,-4,0.024,-0.145,-0.080,0.8199,0.017,-0.025,0.830,-0.0142,0.1770,1.000,0.533,0.048,0.050,2.136
2023,CNR,163.0,30.6,35.9,34.350,1.345,3,0.152,0.756,-0.583,0.4023,0.026,0.063,1.040,0.0142,0.0552,1.000,0.805,0.926,0.830,4.499
2023,CNX,10.8,23.8,38.5,-93.810,-0.065,-2,,-0.434,-0.377,0.6006,0.037,0.029,0.860,-0.0471,-0.0158,0.872,0.810,0.181,0.043,2.066
2023,CODI,-9.8,5.5,35.3,4.320,1.193,2,-0.007,0.061,-0.207,0.0329,0.253,-0.012,0.690,0.0878,0.0023,0.359,0.793,0.715,0.279,0.583
2023,CPA,8.2,4.2,28.9,-27.010,0.670,-6,0.003,0.360,-0.189,0.2466,0.069,0.006,1.280,-0.0700,-0.0339,0.999,0.771,0.424,0.076,0.182
2023,CPAC,-18.7,-3.6,27.4,-7.860,0.431,-2,0.011,-0.055,-0.114,0.1612,-0.057,-0.011,0.820,0.0000,-0.0435,0.903,0.352,0.229,0.011,1.058
2023,CRAI,25.4,7.9,35.1,-1.240,0.859,-1,-0.030,0.032,-0.044,0.0918,0.194,-0.126,1.350,-0.0347,0.0000,0.726,0.556,0.424,0.883,1.138
2023,CRC,11.9,26.5,41.9,-8.570,0.639,-2,,-0.018,-0.169,0.3501,0.073,0.078,0.980,-0.0854,-0.0502,0.814,0.696,0.446,0.590,1.170
2023,CRI,-23.8,10.4,36.6,-6.040,1.747,-4,0.056,-0.170,-0.029,0.1201,0.332,0.001,0.860,-0.0966,-0.0098,0.852,0.717,0.211,0.099,1.158
2023,CRK,69.0,-37.5,18.5,-92.060,0.307,-2,,-0.146,-0.553,0.5644,0.013,0.002,0.950,0.0012,0.1085,0.839,0.789,0.239,0.252,1.550
2023,CSW,30.0,44.0,36.3,2.650,1.116,1,,,,0.1351,0.250,0.075,3.100,-0.0210,0.0459,0.539,0.169,0.415,0.341,0.849
2023,CTOS,-21.9,-3.5,31.1,36.420,,2,0.132,0.074,-0.292,0.1247,0.120,0.016,1.000,0.3375,0.0716,0.681,0.621,1.000,0.007,1.254
2023,CVCO,0.3,19.4,30.1,-44.630,0.263,-2,-0.025,0.113,-0.047,0.1460,0.118,0.010,1.140,-0.0361,0.0188,0.889,0.866,0.243,0.219,1.445
2023,CYD,-23.6,-2.4,31.2,1.500,0.932,2,-0.176,,,0.0140,0.021,0.017,0.130,0.0000,0.0118,0.123,0.518,0.099,0.138,0.262
2023,CYRX,-38.4,-20.5,25.6,0.290,1.044,1,0.036,0.188,0.119,-0.1828,0.618,0.045,4.210,0.0100,-0.0347,0.873,0.190,0.104,0.000,-0.540
2023,DAC,-39.1,28.4,37.9,-15.320,0.532,-4,0.040,-0.088,-0.262,0.7541,0.059,-0.007,1.210,-0.0028,0.2164,1.000,0.999,0.272,0.378,1.861
2023,DCH,16.6,-7.6,28.4,-13.790,0.481,-1,0.002,0.038,-0.090,0.0385,0.064,-0.080,0.180,0.0053,0.0123,0.864,0.106,0.377,0.438,1.980
2023,DCO,14.8,-6.9,27.9,-0.100,0.993,-1,0.017,0.070,-0.073,0.0515,0.138,-0.062,0.950,0.0148,-0.0202,0.353,0.525,0.932,0.700,0.806
2023,DFH,-44.8,176.9,90.1,-87.420,0.249,-2,0.029,-0.220,-0.510,0.1051,0.068,-0.002,0.420,0.2048,0.0127,0.862,0.610,0.014,0.028,1.230
2023,DKL,18.8,-10.1,29.4,-13.360,0.757,-2,-0.136,0.325,-0.092,0.2290,0.013,0.046,2.120,0.0016,-0.0309,0.285,0.144,0.799,0.538,0.946
2023,DMLP,36.8,1.3,30.7,-55.500,0.338,-4,,,,0.7319,0.057,0.029,6.850,0.0838,-0.0472,0.782,0.751,0.339,0.297,1.083
2023,DNUT,-12.2,5.8,30.7,-0.950,0.906,-1,0.009,0.102,0.010,0.0129,0.025,0.068,1.430,-0.0077,-0.0316,0.117,0.966,0.045,0.000,0.241
2023,DQ,-7.9,-55.9,14.5,10.280,1.095,1,-0.099,-0.084,-1.269,0.7209,0.054,-0.018,0.800,0.0875,0.1443,0.967,0.958,0.565,0.000,1.906
2023,DRVN,-10.7,-47.6,16.2,-1.480,0.962,-1,-0.017,0.191,-0.186,0.1219,0.045,-0.007,2.280,0.0256,0.1220,0.752,0.000,0.022,0.000,1.222
2023,DXPE,-4.3,27.8,37.9,4.810,1.142,2,0.168,0.328,-0.058,0.0584,0.215,0.037,0.360,-0.0162,0.0325,0.953,0.247,1.000,0.245,1.667
2023,DY,7.1,26.4,42.3,-1.580,0.928,-2,0.127,0.072,-0.133,0.0470,0.078,0.152,0.760,-0.0204,0.0421,0.660,0.660,0.913,0.635,1.263
2023,EBF,13.5,-3.1,23.1,-4.030,0.430,-3,0.000,2.778,2.748,0.1595,0.006,0.009,1.210,-0.0009,0.0537,1.000,0.137,0.644,0.423,1.322
2023,ECO,70.3,67.8,47.4,20.730,1.096,4,-0.120,1.310,-1.049,0.5723,0.017,0.026,2.330,-0.0010,0.3804,0.972,0.995,1.000,0.459,1.871
2023,ECVT,-3.5,-2.6,32.1,-31.460,0.190,-2,-0.035,-0.115,-0.189,0.1204,0.096,-0.029,1.560,-0.0726,0.0148,0.999,0.530,0.697,0.194,0.054
2023,EFXT,13.1,-19.4,26.7,-6.480,0.939,-2,0.105,1.060,0.064,0.0400,0.119,0.018,0.590,0.3302,-0.0246,0.015,0.049,0.884,0.295,0.482
2023,EGO,-22.1,34.7,43.4,10.790,-0.058,1,0.025,0.200,0.194,0.0814,0.038,-0.008,1.770,0.0078,0.7076,0.891,0.811,0.205,0.296,0.367
2023,EGY,-32.0,-6.7,27.5,80.810,2.982,1,0.126,0.126,-1.089,0.1939,-0.003,0.022,1.120,0.7216,-0.2026,0.549,0.000,0.663,0.279,0.671
2023,EMBJ,8.7,87.8,64.7,81.660,-1.854,1,0.016,0.310,-0.221,0.0817,0.060,0.043,0.580,-0.0001,0.0351,0.939,0.328,0.696,0.530,1.317
2023,ENR,1.4,-12.3,25.6,-12.780,-3.012,-1,-0.031,0.000,0.096,0.1310,0.080,-0.049,0.860,0.0760,-0.0034,0.593,0.314,0.000,0.090,1.052
2023,ENS,15.6,12.9,32.5,-4.620,0.661,-1,-0.007,0.049,-0.042,0.0853,0.000,-0.009,0.980,-0.0286,0.0247,0.819,0.491,0.711,0.323,1.216
2023,EPAC,31.3,25.2,36.6,-2.550,0.606,-1,0.021,0.017,-0.022,0.0984,0.367,0.012,2.720,-0.0525,0.0440,0.661,1.000,0.600,0.738,1.580
2023,ERO,10.9,3.4,33.6,13.900,0.485,1,0.023,-0.115,0.016,0.2915,0.155,-0.053,3.760,0.0090,-0.2330,0.549,0.525,0.090,0.509,0.817
2023,ESI,-16.9,22.4,38.8,-11.670,,-3,-0.030,-0.096,0.017,0.1047,0.275,-0.032,1.850,-0.0250,0.0112,0.127,0.251,0.412,0.560,0.823
2023,EXK,-46.8,-35.5,21.4,54.270,4.687,2,,-0.102,-0.792,0.1652,0.033,-0.017,2.650,0.1148,0.0811,0.702,0.678,0.608,0.208,2.357
2023,FA,-23.2,16.1,37.8,-6.770,0.004,-4,0.224,-0.026,-0.026,0.1352,0.070,0.074,2.690,-0.0146,0.0161,0.960,0.641,0.421,0.331,1.640
2023,FET,65.9,-38.9,19.8,-0.280,0.990,-1,0.170,,,0.0105,0.252,0.003,0.470,0.8310,0.0969,0.986,0.880,0.830,0.278,0.037
2023,FIX,46.8,95.2,60.3,-3.810,0.889,-2,0.033,0.224,-0.082,0.0717,0.118,0.002,1.080,-0.0133,0.0140,0.680,0.457,0.742,1.000,1.133
2023,FLNG,55.4,-18.6,23.0,-26.160,-1.251,-2,0.032,0.223,0.368,0.6230,0.023,0.055,5.360,0.0013,-0.0515,0.924,0.929,0.000,0.248,1.410
2023,FRO,129.4,20.4,39.2,25.840,1.211,3,,0.708,-0.775,0.4701,0.033,0.018,2.930,0.1235,0.3837,0.838,0.850,1.000,1.000,2.386
2023,FSM,-18.2,-11.7,27.8,-19.660,-6.991,-6,0.025,-0.110,0.062,-1.0509,0.101,-0.034,1.450,0.0038,-1.2463,0.000,0.027,0.084,0.051,-9.117
2023,FSS,72.2,41.7,47.2,13.770,1.854,2,0.031,0.123,-0.176,0.1190,0.118,0.098,2.470,-0.0081,0.0192,0.630,0.455,0.815,1.000,1.053
2023,FTAI,12.5,122.8,67.4,18.730,1.270,2,0.127,0.797,-0.085,0.2829,0.024,0.011,3.180,0.0096,0.0599,0.844,0.626,0.795,0.333,2.164
2023,FUL,-5.2,9.2,35.1,-7.060,0.490,-2,-0.047,-0.036,-0.104,0.0942,0.165,-0.015,1.060,0.0089,0.0094,0.910,0.452,0.340,0.724,1.164
2023,FUN,-23.0,-8.0,28.0,-7.610,0.361,-4,0.059,2.703,2.660,0.1351,0.181,-0.001,1.300,-0.0719,0.0522,0.982,0.964,0.455,0.016,0.067
2023,FWRD,3.4,-64.8,10.7,-16.920,0.215,-4,-0.048,0.035,-0.011,0.1276,0.026,-0.011,1.540,-0.0168,0.0146,0.805,1.000,0.341,0.646,1.380
2023,GBX,-35.9,54.7,49.8,-19.470,0.668,-3,0.036,0.295,-0.097,0.0207,0.070,-0.179,0.290,-0.0254,0.0149,0.614,0.262,0.500,0.172,0.519
2023,GEL,2.2,-6.7,29.9,-16.240,0.584,-2,,0.130,-0.098,0.1284,0.019,0.074,0.510,0.0000,0.1496,0.990,0.370,0.497,0.293,4.269
2023,GEO,53.3,11.0,32.4,0.670,1.062,3,0.027,0.081,-0.033,0.1746,0.079,-0.162,0.520,0.0331,0.0383,1.000,1.000,1.000,0.206,1.411
2023,GIII,-49.2,98.6,60.2,8.010,2.293,1,0.111,-0.189,-0.331,0.0667,0.254,-0.013,0.220,-0.0445,-0.0251,0.650,0.274,0.585,0.149,0.986
2023,GLBE,-20.1,36.6,42.6,-9.460,0.880,-1,,0.677,-0.014,-0.2510,0.546,0.130,11.580,0.0757,0.0173,0.556,1.000,0.573,0.224,-1.003
2023,GLNG,41.1,-7.1,30.2,-13.140,1.369,-1,-0.136,0.019,0.506,0.2261,0.240,0.009,9.240,0.0015,-0.2240,0.701,0.731,0.000,0.608,0.825
2023,GLP,33.0,29.5,42.5,-31.010,0.209,-4,-0.018,-0.012,-0.094,0.0179,0.018,0.022,0.060,-0.0024,0.0082,0.357,0.108,0.366,0.429,1.070
2023,GNK,-1.7,-3.0,30.2,-18.300,2.474,-4,,-0.515,-0.207,0.2423,0.058,0.016,1.480,0.0048,-0.2661,0.840,0.525,0.000,0.505,53.904
2023,GOLF,21.0,31.4,43.5,-0.640,0.909,-1,0.051,0.037,-0.027,0.0259,0.469,0.091,1.620,-0.0597,0.0781,0.301,0.279,0.289,0.509,0.250
2023,GOOS,-34.5,-36.3,16.1,-16.670,-0.637,-2,-0.063,0.065,0.130,0.3307,0.000,-0.237,2.300,-0.0201,-0.0191,0.990,1.000,0.267,0.044,3.139
2023,GPRK,-12.7,-36.0,20.3,-34.380,0.291,-2,-0.009,-0.189,-0.330,0.3536,0.012,-0.002,0.730,-0.0366,0.0106,0.844,0.855,0.307,0.019,1.551
2023,GRBK,31.4,86.6,60.6,-23.840,-0.244,-4,0.207,-0.376,-0.329,0.1627,0.003,0.016,0.810,-0.0934,-0.0062,0.546,0.481,0.000,0.310,1.177
2023,GRC,-20.4,16.8,32.0,4.440,1.088,4,0.006,0.413,-0.138,0.0857,0.144,-0.037,1.450,-0.0029,-0.0017,0.064,0.541,1.000,0.000,0.811
2023,GSL,-25.2,0.3,34.8,-35.540,0.308,-4,0.088,0.073,-0.086,0.5437,0.026,0.060,1.190,-0.0107,-0.0644,0.915,0.524,0.272,0.355,1.363
2023,GSM,-42.3,18.7,37.0,-59.470,-0.556,-2,0.122,-0.441,-0.228,0.0662,0.170,-0.016,0.310,0.0019,-0.0319,0.714,0.512,0.131,0.258,5.485
2023,GT,-29.6,21.2,36.8,-1.310,0.829,-3,0.038,0.028,-0.036,0.0311,0.130,-0.036,0.150,-0.0035,-0.0352,0.828,0.000,0.374,0.097,0.756
2023,HBM,-37.4,11.4,35.9,-20.890,6.863,-4,-0.188,-0.134,0.111,0.0699,0.031,-0.018,0.860,0.0019,-0.0207,0.813,0.591,0.093,0.252,6.352
2023,HCC,29.3,47.2,41.0,-109.750,-0.184,-2,-0.225,0.097,0.268,0.3411,0.034,0.028,1.200,0.0035,-0.1023,0.671,0.561,0.179,0.556,1.408
2023,HESM,6.5,10.7,35.8,-10.730,-0.076,-1,-0.043,-0.002,0.006,0.6257,0.019,-0.031,1.070,0.3323,-0.0063,0.982,0.740,0.000,0.472,1.136
2023,HL,-7.2,-34.2,18.4,29.660,-0.216,1,-0.018,0.064,0.011,0.0082,0.069,-0.094,3.950,0.0210,-0.1097,0.641,0.182,0.333,0.677,2.015
2023,HLIO,-14.4,-34.7,21.4,-2.780,1.387,-6,-0.056,-0.144,-0.045,0.1056,0.179,0.017,2.470,0.0006,-0.0409,0.689,0.000,0.068,0.272,0.747
2023,HMY,-17.7,192.9,95.8,-691.330,-0.004,-2,,-0.420,-0.391,0.1084,0.025,0.007,0.080,0.1574,0.1927,0.742,0.000,0.374,0.027,2.235
2023,HNI,-21.4,34.0,40.6,-7.690,-2.747,-2,0.017,-0.192,-0.136,0.0506,0.302,0.018,0.570,-0.0411,0.0205,0.439,0.682,0.349,0.292,0.957
2023,HPK,20.3,-42.5,17.9,-168.560,0.489,-1,0.018,2.140,0.526,0.4919,0.042,-0.014,4.380,0.1988,-0.0446,0.961,0.642,0.665,0.000,1.172
2023,HTLD,3.5,-18.9,22.7,60.060,1.755,5,0.053,1.143,-0.253,0.0737,0.041,-0.076,1.330,0.0009,-0.1052,0.000,0.149,1.000,0.000,0.432
2023,HUBG,21.4,-1.5,24.9,-23.760,0.089,-2,-0.074,-0.055,-0.078,0.0811,0.069,0.041,0.560,-0.0344,-0.0125,0.778,0.369,0.305,0.647,1.641
2023,HURN,50.9,52.5,49.9,-5.140,0.819,-1,0.137,0.132,-0.100,0.0813,0.039,-0.002,1.220,-0.0609,0.0403,0.921,0.462,0.863,0.476,1.622
2023,HWKN,7.8,71.5,50.2,-14.400,0.544,-3,0.065,-0.038,-0.210,0.0696,0.096,0.024,0.900,-0.0038,-0.0066,0.871,0.310,0.542,0.462,1.052
2023,IAG,-21.3,-2.0,29.4,-76.540,-3.575,-2,,-0.382,0.217,0.0358,0.043,0.000,1.030,0.0046,0.2489,0.848,0.035,0.000,0.253,0.437
2023,ICFI,12.1,54.6,50.6,3.880,1.207,2,0.007,0.146,-0.080,0.0485,0.783,-0.024,1.070,-0.0038,0.0006,0.080,0.794,1.000,0.432,0.732
2023,IESC,-9.7,108.9,57.3,-7.970,0.711,-4,,,,0.0481,0.118,0.002,0.370,-0.0243,0.0059,0.607,0.513,0.361,0.073,1.155
2023,IIIN,-31.9,34.2,43.5,-27.930,-0.302,-3,-0.059,-0.199,-0.134,0.0639,0.043,-0.133,0.650,-0.0026,-0.1047,0.326,0.214,0.001,0.017,0.648
2023,IOSP,19.9,7.3,34.8,-12.800,0.648,-1,0.057,0.051,-0.185,0.0912,0.206,-0.023,1.430,0.0028,0.0053,0.937,0.703,0.726,0.284,1.182
2023,JBTM,-7.7,-4.0,26.6,-37.600,-0.843,-1,,,,0.0830,0.188,0.013,1.970,0.0000,0.0136,0.677,0.291,0.048,0.535,0.973
2023,KAI,-4.7,52.1,42.4,-6.160,0.502,-3,0.059,-0.021,-0.083,0.1678,0.258,-0.011,2.590,0.0016,0.0235,0.428,0.641,0.339,0.552,1.151
2023,KBH,-15.2,74.0,55.0,-9.940,0.614,-1,-0.022,-0.065,-0.223,0.1434,0.019,0.031,0.450,-0.0401,0.0154,0.762,0.642,0.484,0.133,1.500
2023,KEX,10.6,11.1,32.6,-1.040,0.958,-2,0.021,0.185,-0.050,0.0791,0.111,0.091,1.530,-0.0017,0.0256,0.958,0.556,0.536,0.544,6.997
2023,KFRC,-15.6,19.1,34.8,-6.400,0.262,-1,0.002,-0.013,-0.036,0.0571,0.225,-0.014,0.690,-0.0468,-0.0034,0.829,0.455,0.352,0.468,1.046
2023,KNTK,-7.1,14.5,37.6,-60.500,0.364,-2,0.030,-0.038,-0.385,0.1523,0.075,-0.010,1.060,0.1761,0.1284,0.528,0.885,0.256,0.020,1.257
2023,KOS,75.9,-30.3,22.8,-140.190,-0.085,-1,0.022,-0.332,-0.223,0.4557,0.050,0.131,1.740,-0.0015,-0.2336,0.712,0.457,0.167,0.306,1.337
2023,KRNT,-74.7,-28.8,19.9,-4.760,1.208,-1,-0.061,-0.424,-0.147,-0.2640,0.465,-0.093,4.420,0.0202,-0.2605,0.375,0.151,0.020,0.025,-4.424
2023,KRO,-24.3,-20.1,25.3,-22.920,3.850,-3,0.241,-0.319,-0.009,-0.0575,0.194,0.004,0.650,-0.0009,-0.1624,0.000,0.000,0.000,0.124,-0.563
2023,KRP,0.6,-3.4,29.5,-25.440,0.491,-2,0.197,-0.204,-0.450,0.5938,0.042,0.091,3.900,0.1148,-0.0083,0.995,0.845,0.331,0.299,0.651
2023,KRUS,-30.9,52.3,52.3,-18.600,0.631,-3,-0.011,0.594,0.276,-0.0548,0.169,-0.036,3.150,0.0081,-0.0125,0.956,0.024,0.351,0.189,-0.191
2023,KTOS,-29.7,60.2,51.0,3.860,1.276,3,0.030,0.137,-0.042,0.0164,0.228,0.008,1.630,0.0192,-0.0270,0.394,0.099,0.850,0.027,0.480
2023,KWR,0.1,1.6,32.3,-1.160,0.879,-2,0.054,0.023,-0.061,-0.1106,0.232,-0.004,1.780,0.0001,-0.1794,0.000,0.237,0.170,0.145,-1.651
2023,LCII,-6.7,0.6,29.7,-23.440,9.221,-3,-0.023,-0.469,-0.206,-0.0258,0.287,0.004,0.560,-0.0106,-0.1197,0.000,0.000,0.000,0.089,-0.309
2023,LEU,-11.4,10.6,35.5,105.430,-0.657,1,,0.850,0.432,0.2480,0.075,-0.006,2.150,0.0526,0.0042,0.893,0.576,0.410,0.653,2.091
2023,LGIH,-19.2,21.3,38.5,-11.840,1.435,-2,-0.068,-0.144,0.247,0.0836,0.068,-0.084,1.070,-0.0428,-0.0928,0.070,0.000,0.000,0.402,0.566
2023,LIND,-48.9,12.0,36.9,-44.500,0.642,-4,,0.885,0.085,-0.1297,0.168,-0.200,1.080,0.0532,0.3208,0.996,0.517,0.801,0.000,-0.021
2023,LNN,16.6,-24.1,26.0,-17.760,0.253,-4,-0.001,0.127,0.066,0.1396,0.079,0.033,2.300,0.0043,0.0592,0.880,0.623,0.424,0.278,1.624
2023,LPG,81.5,69.3,47.1,30.200,2.479,1,0.087,0.421,-0.086,0.5565,0.067,0.114,2.650,0.0057,0.2277,1.000,1.000,0.420,0.779,2.048
2023,LPX,-16.6,21.1,38.0,1.180,0.961,1,0.015,-0.535,-0.246,0.0837,-0.003,-0.125,1.020,-0.1818,-0.1882,0.324,0.127,0.007,0.042,0.382
2023,LQDT,-10.7,16.0,32.3,1.430,1.206,2,0.078,0.089,0.006,0.0654,0.149,-0.015,1.710,-0.0554,-0.0018,0.476,0.543,0.453,0.291,2.909
2023,LXU,-0.7,-43.3,19.1,-22.040,0.509,-4,-0.023,-0.110,-0.338,0.3539,0.042,0.003,1.120,0.7771,-0.0125,0.874,0.751,0.330,0.340,8.740
2023,LYTS,111.9,-8.2,28.6,-3.540,0.818,-3,0.087,0.078,-0.081,0.0702,0.195,0.148,0.890,0.0405,0.0304,0.972,0.868,0.507,0.928,4.517
2023,LZB,-24.6,38.4,43.9,-5.950,0.033,-3,0.075,-0.237,-0.239,0.0748,0.337,-0.047,0.480,-0.0189,0.0057,0.597,0.519,0.272,0.079,0.954
2023,MAN,-20.1,-12.2,27.4,-4.040,1.611,-6,0.011,-0.065,0.042,0.0210,0.151,0.003,0.230,-0.0655,-0.0100,0.629,0.969,0.276,0.267,0.787
2023,MATV,-10.1,-53.0,14.6,-6.650,0.912,-1,-0.024,0.669,-0.022,0.0408,0.047,0.005,0.650,0.7386,0.0128,0.444,0.089,0.918,0.260,0.444
2023,MATX,-25.2,79.0,56.8,-40.760,-9.112,-4,0.138,-0.420,-0.052,0.1143,0.086,-0.067,0.560,-0.1143,-0.2442,0.275,0.259,0.000,0.000,0.759
2023,MCFT,29.7,-41.1,17.0,-29.920,-0.006,-2,0.057,-0.152,-0.150,0.1662,0.019,0.094,0.830,-0.0595,0.0027,0.951,0.646,0.222,0.308,1.802
2023,MCRI,11.3,-15.0,24.2,-11.270,0.431,-1,-0.005,0.066,-0.019,0.2329,0.076,0.017,3.310,0.0061,0.0006,0.938,0.144,0.508,0.289,1.481
2023,MEC,64.2,-22.5,26.3,-11.240,0.551,-1,0.039,0.029,-0.109,0.0218,0.066,0.010,0.620,-0.0160,0.1734,0.678,0.204,0.474,0.589,2.114
2023,MEOH,14.4,-9.6,25.3,-15.160,3.475,-6,,-0.211,0.002,0.0614,0.000,0.065,0.810,-0.0816,-0.1355,0.493,0.185,0.113,0.343,0.584
2023,METC,-27.0,92.8,61.9,-24.740,0.688,-3,-0.040,0.074,-0.471,0.1340,0.080,0.005,0.780,-0.0023,-0.1231,0.611,0.307,0.330,0.147,1.348
2023,MGRC,46.6,22.7,38.2,4.160,1.265,1,0.048,0.090,-0.109,0.2882,0.153,-0.010,3.500,-0.0004,0.0439,1.000,0.529,0.956,0.901,1.231
2023,MGY,14.0,-12.1,25.0,-65.230,0.072,-2,-0.041,-0.135,-0.186,0.5670,0.049,0.004,2.600,0.0510,-0.0335,0.990,0.644,0.264,0.498,2.761
2023,MHO,15.3,121.8,64.9,3.700,1.308,3,0.187,-0.085,-0.242,0.1351,0.047,0.019,0.410,-0.0539,0.0019,0.639,0.489,0.319,0.367,1.244
2023,MLI,38.4,30.3,36.2,-4.430,2.162,-6,-0.039,-0.100,-0.018,0.2170,0.064,0.094,1.070,-0.0095,0.0370,0.889,1.000,0.131,1.000,1.690
2023,MLKN,-37.4,45.3,45.0,-8.310,-1.100,-3,-0.009,-0.141,-0.097,0.0480,0.293,-0.009,0.370,-0.0058,0.0223,0.529,0.191,0.233,0.059,0.767
2023,MLR,-10.6,64.3,52.1,-12.820,0.483,-1,,,,0.0549,0.058,-0.007,0.370,0.0005,0.0330,0.595,0.627,0.652,0.047,1.084
2023,MMYT,18.1,72.6,52.0,-46.260,0.511,-2,0.003,0.847,0.364,0.0438,0.169,0.005,6.050,0.0245,0.0978,1.000,0.239,0.455,0.206,0.068
2023,MOD,161.0,173.7,81.3,-9.350,0.552,-1,-0.004,0.016,-0.099,0.0705,0.104,0.010,0.570,0.0095,-0.0876,0.771,0.981,0.598,1.000,2.626
2023,MOV,-25.0,-6.0,28.5,-2.770,1.948,-3,0.054,-0.093,-0.036,0.1345,0.650,-0.145,0.850,-0.0390,-0.0509,0.980,0.782,0.314,0.306,4.541
2023,MRCY,-11.2,-39.4,18.9,3.040,3.664,1,-0.013,0.002,-0.040,-0.0329,0.313,0.021,2.810,0.0132,-0.0311,0.000,0.083,0.110,0.017,-0.436
2023,MTH,9.0,53.7,45.0,7.590,1.301,2,0.013,-0.192,-0.520,0.1694,0.055,0.017,0.640,-0.0259,-0.0381,0.648,0.562,1.000,0.464,1.255
2023,MTRN,23.1,13.1,33.9,-0.950,0.908,-3,-0.006,-0.005,-0.099,0.0902,0.129,0.241,1.300,0.0005,0.0511,1.000,0.677,0.401,1.000,1.929
2023,MTX,4.3,-10.1,22.7,-8.080,0.443,-2,-0.018,0.087,0.023,0.0867,0.106,0.023,1.110,-0.0299,-0.0280,0.000,0.000,0.582,0.291,0.664
2023,MWA,4.1,4.8,29.2,3.500,1.289,2,0.090,0.071,-0.086,0.1080,0.200,0.008,1.600,-0.0120,0.0019,0.532,0.393,0.614,0.136,0.929
2023,MYE,26.6,-11.2,30.6,-7.350,0.475,-6,-0.035,0.019,-0.048,0.0800,0.014,-0.154,0.900,0.0111,0.0261,0.710,0.476,0.301,0.175,1.158
2023,MYRG,14.0,70.7,55.9,2.650,1.085,5,0.165,-0.004,-0.341,0.0426,0.067,0.008,0.550,-0.0218,-0.0047,0.731,0.431,0.758,0.642,1.163
2023,NBR,56.0,-56.5,12.0,7.420,1.229,9,0.022,0.354,-0.044,0.3026,0.096,0.034,0.600,0.1448,0.0619,1.000,1.000,1.000,0.722,1.187
2023,NMM,-17.4,16.0,37.7,-3.120,0.925,-4,0.025,0.319,-0.065,0.3717,0.295,-0.105,0.640,0.1301,-0.0220,0.773,0.715,0.184,0.281,1.291
2023,NOG,36.7,9.7,33.2,-71.580,0.323,-6,0.140,-0.135,-0.476,0.3759,0.034,0.040,1.310,0.0001,-0.1966,0.943,0.603,0.355,0.421,0.199
2023,NPK,-3.7,2.0,30.7,33.700,-0.676,1,,,,0.0060,0.015,0.021,1.690,0.0030,-0.0251,0.000,0.000,0.800,0.192,0.048
2023,NPO,-3.6,53.2,48.6,-2.110,2.991,-3,0.065,-0.168,-0.137,-0.1405,0.286,-0.097,1.860,0.0048,-0.1640,0.485,0.314,0.515,0.870,-3.426
2023,NRP,55.8,53.2,50.7,-64.090,0.140,-2,,,,0.7197,0.097,0.071,3.680,0.6009,-0.1702,0.909,0.432,0.329,0.824,1.797
2023,NVGS,10.8,18.1,36.7,-8.680,-1.191,-2,0.054,-0.011,0.036,0.1702,0.068,0.075,2.120,0.0046,0.4426,1.000,0.595,0.032,0.783,1.698
2023,NWPX,27.1,-18.0,27.0,-41.120,0.092,-2,-0.023,-0.095,-0.137,-0.7363,0.102,-0.054,0.800,0.0107,-0.4537,0.000,0.781,0.056,0.132,-4750.323
2023,NX,7.3,40.0,46.6,-7.320,-0.355,-3,-0.166,-0.163,-0.143,0.0168,0.140,-0.010,0.680,-0.0048,-0.0361,0.556,0.049,0.209,0.400,0.351
2023,OII,29.6,14.5,34.7,-5.000,0.749,-1,-0.019,0.152,0.003,0.0787,0.089,0.034,0.940,0.0180,0.1056,0.982,0.973,0.887,0.608,5.202
2023,OMAB,28.7,-7.5,26.6,8.520,1.246,2,0.241,0.388,-0.044,0.4805,0.052,0.004,6.260,0.0000,0.0051,0.860,0.650,0.325,0.415,1.057
2023,OR,2.2,13.0,35.1,16.830,,2,0.010,-0.289,-0.450,0.5584,0.109,-0.002,13.750,0.0960,1.3132,0.990,0.970,0.223,0.962,9.297
2023,OXM,41.0,-3.4,29.3,1.170,1.044,2,0.010,0.189,-0.087,0.1049,0.514,-0.008,1.320,-0.0541,-0.0019,0.852,0.659,0.618,0.538,1.956
2023,PAAS,-35.3,-17.8,25.6,17.990,0.381,1,-0.036,-0.227,-0.117,-0.3942,0.008,0.006,2.240,0.0006,-0.5190,0.076,0.000,0.111,0.087,-8.275
2023,PAGS,-54.5,62.8,53.6,-19.300,0.599,-3,-0.034,0.049,-0.239,0.3573,0.111,-0.012,0.940,-0.0119,0.1236,1.000,0.738,0.419,0.000,1.377
2023,PATK,7.0,40.5,42.4,-21.940,-3.481,-3,0.018,-0.379,-0.208,0.0710,0.040,0.004,0.240,0.0383,-0.0115,0.462,0.780,0.081,0.205,0.901
2023,POWL,36.7,101.1,62.7,-6.620,0.742,-1,0.087,0.150,-0.040,0.0086,0.145,0.037,0.870,0.0265,0.0488,0.526,0.373,0.644,0.667,0.723
2023,PR,16.2,65.9,54.1,50.120,1.553,1,0.020,0.955,-0.452,0.4447,0.099,-0.017,1.420,0.0452,-0.1029,0.960,0.880,0.644,0.134,57.979
2023,PRIM,-1.6,53.7,50.3,9.670,1.238,3,0.014,0.359,-0.144,0.0458,0.068,-0.010,0.320,-0.0085,0.0037,0.636,0.680,0.979,0.289,1.054
2023,PRKS,-7.7,-24.4,24.9,-261.530,0.020,-1,0.006,0.039,-0.014,0.2609,0.115,0.009,2.420,-0.1706,0.0308,0.869,0.998,0.156,0.447,2.816
2023,PUMP,-24.2,-9.3,28.3,8.650,1.261,1,-0.004,0.456,0.038,0.0524,0.078,-0.033,0.790,0.0832,0.1435,0.777,1.000,0.597,0.375,3.078
2023,PVH,-16.8,91.0,58.2,4.640,-1.096,2,0.051,0.001,-0.023,0.1220,0.431,0.012,0.520,-0.0977,0.0368,1.000,0.615,0.465,0.259,1.874
2023,RES,54.1,-28.1,23.3,-24.290,0.766,-1,0.054,0.717,-0.080,0.2330,0.079,0.118,1.300,0.0045,0.1582,1.000,1.000,0.830,0.443,4.878
2023,REX,-17.7,55.2,47.1,-14.060,-0.659,-2,-0.070,-0.058,-0.002,0.0409,0.034,-0.063,0.580,-0.0225,-0.1136,0.647,0.174,0.358,0.000,2.587
2023,RGR,-13.8,-22.6,24.1,10.600,0.514,2,0.106,-0.209,-0.097,0.1319,0.069,0.000,1.680,0.0069,-0.1346,0.306,0.304,0.204,0.063,0.748
2023,RIG,106.0,-28.5,22.7,-12.800,-0.233,-1,-0.059,0.246,0.270,-0.1023,0.091,-0.024,1.920,0.1055,-0.0331,0.855,0.053,0.519,0.889,-0.614
2023,ROAD,2.6,85.4,56.2,-20.920,0.488,-2,0.072,0.161,-0.038,0.0040,0.086,-0.020,1.040,0.0027,-0.0241,0.378,0.000,0.463,0.262,0.091
2023,RUSHA,11.9,24.4,36.1,-3.660,0.922,-1,0.034,0.207,-0.228,0.0725,0.005,0.011,0.460,0.4615,0.0040,0.945,0.635,0.956,1.000,1.529
2023,RVLV,-50.7,-31.4,22.0,-2.030,0.799,-4,0.076,0.025,-0.055,0.0411,0.329,-0.029,1.670,-0.0073,-0.0920,0.125,0.386,0.242,0.023,0.465
2023,RYAM,30.5,-34.8,21.3,9.000,1.364,4,0.146,0.276,-0.061,0.0326,0.047,0.048,0.260,0.0388,0.0705,0.529,0.264,0.307,0.219,2.485
2023,SAH,13.2,-5.3,26.4,0.540,1.044,2,0.012,-0.009,-0.136,-0.0401,0.006,-0.011,0.160,-0.1469,-0.0903,0.383,0.728,0.410,0.600,-1.751
2023,SB,-30.1,27.5,38.0,-7.580,-4.744,-5,0.121,-0.103,-0.040,0.4999,0.067,-0.006,1.110,-0.0223,-0.0919,0.871,0.761,0.000,0.394,1.562
2023,SBLK,-16.4,1.9,30.9,4.720,0.868,1,,-0.446,-0.135,0.3012,0.003,-0.001,1.810,0.0043,-0.3268,0.595,0.588,0.028,0.490,1.187
2023,SD,-14.0,-0.9,31.2,-49.200,0.057,-2,,,,0.6871,0.042,-0.036,1.910,0.0044,0.0168,0.975,0.912,0.442,0.453,0.806
2023,SEI,-35.9,-18.2,26.7,-36.360,0.461,-1,-0.100,0.475,0.163,0.1200,0.070,-0.003,1.010,0.0164,0.0823,0.501,0.003,0.127,0.000,0.378
2023,SG,-56.5,33.5,42.5,-20.900,0.524,-1,-0.059,0.513,0.283,-0.4408,0.380,-0.047,2.190,0.0193,0.0547,0.817,0.000,0.407,0.000,-0.837
2023,SHAK,-24.6,37.8,41.3,-0.140,0.992,-3,-0.028,0.208,0.034,-0.0265,0.210,-0.034,2.470,0.0036,0.0055,0.630,0.742,0.397,0.049,-3.224
2023,SHOO,-15.7,22.3,39.3,-23.920,-3.533,-4,0.026,-0.200,-0.014,0.0845,0.000,0.064,1.290,-0.0570,-0.0528,0.735,0.921,0.200,0.154,1.029
2023,SID,-36.5,-4.8,30.6,-9.090,0.224,-1,0.083,0.036,0.009,0.6866,0.088,0.045,0.540,-0.0117,-1.2958,0.326,0.137,0.191,0.152,1.877
2023,SIG,-9.2,35.7,40.8,-8.080,-1.768,-1,0.005,-0.103,-0.051,0.1386,0.260,0.113,0.530,-0.1375,-0.0045,0.992,0.998,0.249,0.638,164.024
2023,SKY,-11.0,18.4,34.5,-45.000,0.165,-1,0.089,-0.175,-0.264,0.1762,0.118,-0.032,1.250,0.0035,0.0052,0.859,0.783,0.313,0.250,2.018
2023,SM,-16.6,33.8,41.7,-30.580,-2.453,-6,0.174,-0.326,-0.109,0.4953,0.049,-0.018,1.070,-0.0050,-0.0332,0.770,0.714,0.126,0.531,5.563
2023,SMG,-45.1,-31.5,20.3,26.120,0.210,1,0.048,-0.039,0.031,-0.0794,0.046,0.115,1.150,0.0018,-0.0168,0.541,0.229,0.190,0.209,-152.692
2023,SMP,-11.8,-1.6,30.4,-3.530,-0.181,-3,-0.032,0.008,0.013,0.0898,0.191,0.022,0.650,-0.0202,0.0019,0.263,0.407,0.321,0.087,0.874
2023,SSD,-3.1,76.4,51.6,-25.920,0.345,-2,0.000,-0.020,-0.157,0.1710,0.133,-0.047,2.140,-0.0174,-0.0604,0.480,0.162,0.321,0.264,0.892
2023,SSRM,-31.0,-65.8,11.1,23.500,0.514,1,-0.039,0.024,0.273,0.1285,0.044,-0.004,2.620,-0.0213,-0.1436,0.602,0.964,0.137,0.110,0.747
2023,STRL,29.8,134.6,76.6,-8.390,0.584,-3,0.025,-0.085,-0.202,0.1469,0.046,0.008,0.610,0.0330,0.0976,1.000,1.000,0.288,1.000,2.354
2023,SWBI,-41.9,26.8,42.2,20.080,0.577,2,-0.068,-0.237,0.037,0.0647,0.094,-0.018,0.930,-0.0214,-0.1588,0.537,0.000,0.216,0.547,0.484
2023,SXC,30.9,13.1,28.6,-0.300,0.993,-1,0.211,-0.044,-0.451,0.0447,0.026,0.003,0.390,0.0095,-0.0319,0.893,0.000,0.995,0.538,1.015
2023,SXI,24.4,22.2,30.8,-1.720,0.394,-4,0.014,-0.056,-0.067,0.1481,0.038,0.014,1.940,-0.0182,0.0308,1.000,1.000,0.575,0.915,1.388
2023,TALO,35.1,-25.8,24.4,-40.280,-0.359,-2,0.050,-0.103,0.003,0.2298,0.085,-0.014,0.910,0.0225,-0.0948,0.862,0.543,0.184,0.153,2.422
2023,TEN,48.2,46.1,48.4,-19.760,0.790,-1,0.249,-0.197,-0.941,0.4530,0.028,0.015,0.580,0.3326,0.4996,1.000,1.000,0.897,0.722,7.304
2023,TEX,17.3,24.4,37.5,10.230,1.802,2,0.107,0.214,-0.016,0.0992,0.093,0.000,0.800,-0.0324,0.0287,0.852,0.563,0.719,0.643,1.360
2023,TFPM,7.4,-10.8,27.8,27.730,-2.053,2,0.000,0.332,0.146,0.3467,0.063,-0.011,14.230,0.0248,-0.0784,0.781,0.429,0.176,0.541,1.187
2023,TGLS,81.7,16.5,37.9,5.430,1.099,3,0.032,0.420,-0.182,0.3639,0.049,0.099,2.660,0.0000,0.1169,1.000,1.000,1.000,0.823,1.856
2023,TH,242.8,-48.7,17.9,7.660,1.097,2,0.028,0.713,-0.153,0.4212,0.104,0.057,3.380,0.0522,0.2538,1.000,0.891,0.683,1.000,3.887
2023,THO,2.1,42.1,45.5,-17.960,1.836,-5,-0.058,-0.482,-0.087,0.0168,0.089,-0.038,0.340,-0.0330,-0.0773,0.000,0.419,0.000,0.167,0.266
2023,THRM,-27.9,-24.6,23.5,1.510,1.041,4,0.004,0.366,-0.017,0.0104,0.196,-0.069,1.800,-0.0114,-0.0778,0.376,0.055,0.590,0.319,0.136
2023,TNET,-4.8,40.8,40.3,-8.590,-0.060,-5,,0.018,0.023,0.0457,0.067,0.020,1.020,-0.0746,-0.0282,0.113,0.318,0.000,0.309,0.521
2023,TRIP,-14.0,1.3,28.8,-4.600,0.911,-3,0.028,0.372,-0.097,-0.0339,0.401,0.029,2.370,0.0217,0.0823,0.923,0.687,0.346,0.053,-0.180
2023,TRMD,322.2,-2.1,29.4,-51.600,0.726,-1,,0.338,-1.027,0.5175,0.035,0.086,2.000,0.0392,0.4948,0.726,1.000,0.783,1.000,3.417
2023,TRN,-11.6,1.7,31.5,26.570,-18.390,1,,0.272,0.020,0.1920,0.081,-0.081,1.100,-0.1520,0.0392,0.994,0.166,1.000,0.380,1.792
2023,TROX,-30.0,-20.3,22.8,-29.460,-9.251,-1,-0.018,-0.165,0.101,0.0555,0.106,0.001,0.720,-0.0332,-0.0961,0.331,0.213,0.003,0.411,0.520
2023,TTI,23.1,-2.0,32.0,-11.100,0.732,-1,0.088,0.289,-0.014,0.0317,0.162,0.018,0.910,0.0090,0.0213,0.719,0.586,0.728,0.712,3.995
2023,UAN,-6.3,-25.4,23.7,4.210,1.518,1,,-0.595,-0.718,0.4806,0.039,-0.003,1.230,-0.0104,0.1002,0.953,0.947,0.124,0.493,4.955
2023,ULH,147.6,-22.9,23.4,-15.340,-0.137,-3,-0.005,-0.145,-0.126,0.1050,0.039,-0.025,0.540,-0.0227,0.0541,0.791,0.444,0.319,0.784,1.566
2023,URBN,-0.4,70.4,55.8,0.050,1.013,2,0.014,0.034,-0.006,0.0269,0.242,0.003,0.530,-0.0518,-0.0131,0.758,0.030,0.401,0.158,0.498
2023,USAC,27.1,13.7,33.6,5.630,1.426,7,0.035,0.195,0.007,0.2456,0.000,0.000,2.920,0.0093,0.0184,0.995,0.912,0.187,0.577,6.811
2023,USLM,20.8,64.5,45.1,-0.620,0.977,-1,,,,0.2105,0.078,0.011,3.680,0.0026,0.0013,0.556,0.168,0.873,0.446,1.051
2023,VET,-39.0,-13.5,27.4,-89.380,0.353,-1,0.162,-0.164,-0.651,0.7715,0.007,-0.025,0.910,0.0078,-0.0082,0.948,0.920,0.548,0.085,1.697
2023,VIST,158.5,87.4,58.2,-33.410,0.631,-1,0.011,0.429,-0.143,0.4496,0.049,0.041,1.550,0.0416,0.0311,0.946,1.000,0.409,0.863,3.432
2023,VNOM,14.4,20.0,38.0,-50.340,0.312,-2,0.127,-0.162,-0.390,0.7816,0.013,-0.017,2.520,-0.0654,0.0196,0.991,0.990,0.254,0.046,1.277
2023,VVX,19.4,-22.1,26.4,24.660,1.227,3,0.008,0.866,-0.467,0.0317,0.087,0.034,0.440,1.1411,0.0078,0.624,1.000,1.000,0.714,0.991
2023,W,-69.8,27.3,38.5,4.360,0.516,2,0.010,-0.081,-0.035,-0.1064,0.414,-0.231,0.340,0.0286,-0.0461,0.123,0.761,0.137,0.007,-1.874
2023,WEN,-2.2,-13.2,28.5,0.120,1.009,4,0.000,0.069,-0.065,0.1566,0.343,0.011,2.260,-0.0333,-0.0059,0.413,1.000,0.515,0.306,0.949
2023,WFRD,65.2,48.1,41.0,6.770,1.365,3,0.040,0.272,0.019,0.1398,0.188,0.030,0.970,0.0429,0.1056,1.000,0.733,1.000,0.206,0.815
2023,WGO,4.1,14.3,35.5,-7.980,1.453,-3,0.074,-0.446,-0.190,0.0886,0.076,-0.017,0.460,0.0472,-0.0288,0.741,0.755,0.000,0.186,1.019
2023,WHD,-6.8,-3.7,31.6,-15.380,0.743,-1,-0.013,0.465,0.019,0.2568,0.122,-0.022,5.240,0.0034,0.0589,0.599,0.757,0.673,0.464,1.054
2023,WLFC,82.4,-22.2,26.5,7.650,1.887,1,,-0.618,-0.781,0.1898,0.292,0.023,3.720,0.0119,0.1291,0.889,1.000,0.449,1.000,2.209
2023,WNC,73.9,-13.8,21.8,1.410,1.039,1,-0.016,0.144,-0.228,0.0878,0.009,0.122,0.580,0.0030,0.1267,1.000,1.000,0.934,0.848,3.137
2023,WOR,-14.5,92.0,58.0,-70.220,16.104,-4,,-0.321,0.428,0.0285,0.206,-0.026,0.360,-0.0227,0.0133,0.447,1.000,0.000,0.240,0.690
2023,WTI,-3.6,-49.8,16.7,-84.390,0.147,-2,0.064,-0.145,-0.291,0.2952,0.480,-0.050,0.910,0.0147,-1.1992,0.401,0.844,0.369,0.281,0.947
2023,WWW,-34.2,-42.8,17.8,-3.970,0.538,-6,0.000,-0.061,-0.107,-0.6838,0.375,0.063,0.470,-0.0395,-0.6701,0.000,0.000,0.361,0.092,-31.025
2023,XPEL,-8.0,-16.8,25.8,-19.070,0.384,-1,-0.067,0.164,0.045,0.1382,0.087,-0.135,5.700,0.0002,0.0166,0.694,0.983,0.136,0.490,1.017
2023,YETI,-36.8,22.6,38.6,-18.460,0.056,-1,-0.089,0.003,-0.008,-0.0976,0.471,-0.011,2.140,-0.0213,-0.3092,0.000,0.000,0.000,0.059,-0.698
2023,ZIM,-72.2,-44.1,19.3,-39.770,-12.625,-5,0.036,-0.576,-0.208,0.2648,0.039,0.066,0.200,0.0008,-0.3442,0.464,0.435,0.124,0.104,1.140
2023,ZWS,-30.0,39.4,38.6,71.530,-1.857,2,-0.014,0.658,0.193,0.0582,0.213,0.003,3.140,0.3984,-0.0077,0.486,0.000,1.000,0.803,0.478
