fecha,cierre
2006-10-31,2366.71
2006-11-01,2334.35
2006-11-02,2334.02
2006-11-03,2330.79
2006-11-06,2365.95
2006-11-07,2375.88
2006-11-08,2384.94
2006-11-09,2376.01
2006-11-10,2389.72
2006-11-13,2406.38
2006-11-14,2430.66
2006-11-15,2442.75
2006-11-16,2449.06
2006-11-17,2445.86
2006-11-20,2452.72
2006-11-21,2454.84
2006-11-22,2465.98
2006-11-24,2460.26
2006-11-27,2405.92
2006-11-28,2412.61
2006-11-29,2432.23
2006-11-30,2431.77
2006-12-01,2413.21
2006-12-04,2448.39
2006-12-05,2452.38
2006-12-06,2445.86
2006-12-07,2427.69
2006-12-08,2437.36
2006-12-11,2442.86
2006-12-12,2431.6
2006-12-13,2432.41
2006-12-14,2453.85
2006-12-15,2457.2
2006-12-18,2435.57
2006-12-19,2429.55
2006-12-20,2427.61
2006-12-21,2415.85
2006-12-22,2401.18
2006-12-26,2413.51
2006-12-27,2431.22
2006-12-28,2425.57
2006-12-29,2415.29
2007-01-03,2423.16
2007-01-04,2453.43
2007-01-05,2434.25
2007-01-08,2438.2
2007-01-09,2443.83
2007-01-10,2459.33
2007-01-11,2484.85
2007-01-12,2502.82
2007-01-16,2497.78
2007-01-17,2479.42
2007-01-18,2443.21
2007-01-19,2451.31
2007-01-22,2431.07
2007-01-23,2431.41
2007-01-24,2466.28
2007-01-25,2434.24
2007-01-26,2435.49
2007-01-29,2441.09
2007-01-30,2448.64
2007-01-31,2463.93
2007-02-01,2468.38
2007-02-02,2475.88
2007-02-05,2470.6
2007-02-06,2471.49
2007-02-07,2490.5
2007-02-08,2488.67
2007-02-09,2459.82
2007-02-12,2450.38
2007-02-13,2459.88
2007-02-14,2488.38
2007-02-15,2497.1
2007-02-16,2496.31
2007-02-20,2513.04
2007-02-21,2518.42
2007-02-22,2524.94
2007-02-23,2515.1
2007-02-26,2504.52
2007-02-27,2407.86
2007-02-28,2416.15
2007-03-01,2404.21
2007-03-02,2368
2007-03-05,2340.68
2007-03-06,2385.14
2007-03-07,2374.64
2007-03-08,2387.73
2007-03-09,2387.55
2007-03-12,2402.29
2007-03-13,2350.57
2007-03-14,2371.74
2007-03-15,2378.7
2007-03-16,2372.66
2007-03-19,2394.41
2007-03-20,2408.21
2007-03-21,2455.92
2007-03-22,2451.74
2007-03-23,2448.93
2007-03-26,2455.63
2007-03-27,2437.43
2007-03-28,2417.1
2007-03-29,2417.88
2007-03-30,2421.64
2007-04-02,2422.26
2007-04-03,2450.33
2007-04-04,2458.69
2007-04-05,2471.34
2007-04-09,2469.18
2007-04-10,2477.61
2007-04-11,2459.31
2007-04-12,2480.32
2007-04-13,2491.94
2007-04-16,2518.33
2007-04-17,2516.95
2007-04-18,2510.5
2007-04-19,2505.35
2007-04-20,2526.39
2007-04-23,2523.67
2007-04-24,2524.54
2007-04-25,2547.89
2007-04-26,2554.46
2007-04-27,2557.21
2007-04-30,2525.09
2007-05-01,2531.53
2007-05-02,2557.84
2007-05-03,2565.46
2007-05-04,2572.15
2007-05-07,2570.95
2007-05-08,2571.75
2007-05-09,2576.34
2007-05-10,2533.74
2007-05-11,2562.22
2007-05-14,2546.44
2007-05-15,2525.29
2007-05-16,2547.42
2007-05-17,2539.38
2007-05-18,2558.45
2007-05-21,2578.79
2007-05-22,2588.02
2007-05-23,2577.05
2007-05-24,2537.92
2007-05-25,2557.19
2007-05-29,2572.06
2007-05-30,2592.59
2007-05-31,2604.52
2007-06-01,2613.92
2007-06-04,2618.29
2007-06-05,2611.23
2007-06-06,2587.18
2007-06-07,2541.38
2007-06-08,2573.54
2007-06-11,2572.15
2007-06-12,2549.77
2007-06-13,2582.31
2007-06-14,2599.41
2007-06-15,2626.71
2007-06-18,2626.6
2007-06-19,2626.76
2007-06-20,2599.96
2007-06-21,2616.96
2007-06-22,2588.96
2007-06-25,2577.08
2007-06-26,2574.16
2007-06-27,2605.35
2007-06-28,2608.37
2007-06-29,2603.23
2007-07-02,2632.3
2007-07-03,2644.95
2007-07-05,2656.65
2007-07-06,2666.51
2007-07-09,2670.02
2007-07-10,2639.16
2007-07-11,2651.79
2007-07-12,2701.73
2007-07-13,2707
2007-07-16,2697.33
2007-07-17,2712.29
2007-07-18,2699.49
2007-07-19,2720.04
2007-07-20,2687.6
2007-07-23,2690.58
2007-07-24,2639.86
2007-07-25,2648.17
2007-07-26,2599.34
2007-07-27,2562.24
2007-07-30,2583.28
2007-07-31,2546.27
2007-08-01,2553.87
2007-08-02,2575.98
2007-08-03,2511.25
2007-08-06,2547.33
2007-08-07,2561.6
2007-08-08,2612.98
2007-08-09,2556.49
2007-08-10,2544.89
2007-08-13,2542.24
2007-08-14,2499.12
2007-08-15,2458.83
2007-08-16,2451.07
2007-08-17,2505.03
2007-08-20,2508.59
2007-08-21,2521.3
2007-08-22,2552.8
2007-08-23,2541.7
2007-08-24,2576.69
2007-08-27,2561.25
2007-08-28,2500.64
2007-08-29,2563.16
2007-08-30,2565.3
2007-08-31,2596.36
2007-09-04,2630.24
2007-09-05,2605.95
2007-09-06,2614.32
2007-09-07,2565.7
2007-09-10,2559.11
2007-09-11,2597.47
2007-09-12,2592.07
2007-09-13,2601.06
2007-09-14,2602.18
2007-09-17,2581.66
2007-09-18,2651.66
2007-09-19,2666.48
2007-09-20,2654.29
2007-09-21,2671.22
2007-09-24,2667.95
2007-09-25,2683.45
2007-09-26,2699.03
2007-09-27,2709.59
2007-09-28,2701.5
2007-10-01,2740.99
2007-10-02,2747.11
2007-10-03,2729.43
2007-10-04,2733.57
2007-10-05,2780.32
2007-10-08,2787.37
2007-10-09,2803.91
2007-10-10,2811.61
2007-10-11,2772.2
2007-10-12,2805.68
2007-10-15,2780.05
2007-10-16,2763.91
2007-10-17,2792.67
2007-10-18,2799.31
2007-10-19,2725.16
2007-10-22,2753.93
2007-10-23,2799.26
2007-10-24,2774.76
2007-10-25,2750.86
2007-10-26,2804.19
2007-10-29,2817.44
2007-10-30,2816.71
2007-10-31,2859.12
2007-11-01,2794.83
2007-11-02,2810.38
2007-11-05,2795.18
2007-11-06,2825.18
2007-11-07,2748.76
2007-11-08,2696
2007-11-09,2627.94
2007-11-12,2584.13
2007-11-13,2673.65
2007-11-14,2644.32
2007-11-15,2618.51
2007-11-16,2637.24
2007-11-19,2593.38
2007-11-20,2596.81
2007-11-21,2562.15
2007-11-23,2596.6
2007-11-26,2540.99
2007-11-27,2580.8
2007-11-28,2662.91
2007-11-29,2668.13
2007-11-30,2660.96
2007-12-03,2637.13
2007-12-04,2619.83
2007-12-05,2666.36
2007-12-06,2709.03
2007-12-07,2706.16
2007-12-10,2718.95
2007-12-11,2652.35
2007-12-12,2671.14
2007-12-13,2668.49
2007-12-14,2635.74
2007-12-17,2574.46
2007-12-18,2596.03
2007-12-19,2601.01
2007-12-20,2640.86
2007-12-21,2691.99
2007-12-24,2713.5
2007-12-26,2724.41
2007-12-27,2676.79
2007-12-28,2674.46
2007-12-31,2652.28
2008-01-02,2609.63
2008-01-03,2602.68
2008-01-04,2504.65
2008-01-07,2499.46
2008-01-08,2440.51
2008-01-09,2474.55
2008-01-10,2488.52
2008-01-11,2439.94
2008-01-14,2478.3
2008-01-15,2417.59
2008-01-16,2394.59
2008-01-17,2346.9
2008-01-18,2340.02
2008-01-22,2292.27
2008-01-23,2316.41
2008-01-24,2360.92
2008-01-25,2326.2
2008-01-28,2349.91
2008-01-29,2358.06
2008-01-30,2349
2008-01-31,2389.86
2008-02-01,2413.36
2008-02-04,2382.85
2008-02-05,2309.57
2008-02-06,2278.75
2008-02-07,2293.03
2008-02-08,2304.85
2008-02-11,2320.06
2008-02-12,2320.04
2008-02-13,2373.93
2008-02-14,2332.54
2008-02-15,2321.8
2008-02-19,2306.2
2008-02-20,2327.1
2008-02-21,2299.78
2008-02-22,2303.35
2008-02-25,2327.48
2008-02-26,2344.99
2008-02-27,2353.78
2008-02-28,2331.57
2008-02-29,2271.48
2008-03-03,2258.6
2008-03-04,2260.28
2008-03-05,2272.81
2008-03-06,2220.5
2008-03-07,2212.49
2008-03-10,2169.34
2008-03-11,2255.76
2008-03-12,2243.87
2008-03-13,2263.61
2008-03-14,2212.49
2008-03-17,2177.01
2008-03-18,2268.26
2008-03-19,2209.96
2008-03-20,2258.11
2008-03-24,2326.75
2008-03-25,2341.05
2008-03-26,2324.36
2008-03-27,2280.83
2008-03-28,2261.18
2008-03-31,2279.1
2008-04-01,2362.75
2008-04-02,2361.4
2008-04-03,2363.3
2008-04-04,2370.98
2008-04-07,2364.83
2008-04-08,2348.76
2008-04-09,2322.12
2008-04-10,2351.7
2008-04-11,2290.24
2008-04-14,2275.82
2008-04-15,2286.04
2008-04-16,2350.11
2008-04-17,2341.83
2008-04-18,2402.97
2008-04-21,2408.04
2008-04-22,2376.94
2008-04-23,2405.21
2008-04-24,2428.92
2008-04-25,2422.93
2008-04-28,2424.4
2008-04-29,2426.1
2008-04-30,2412.8
2008-05-01,2480.71
2008-05-02,2476.99
2008-05-05,2464.12
2008-05-06,2483.31
2008-05-07,2438.49
2008-05-08,2451.24
2008-05-09,2445.52
2008-05-12,2488.49
2008-05-13,2495.12
2008-05-14,2496.7
2008-05-15,2533.73
2008-05-16,2528.85
2008-05-19,2516.09
2008-05-20,2492.26
2008-05-21,2448.27
2008-05-22,2464.58
2008-05-23,2444.67
2008-05-27,2481.24
2008-05-28,2486.7
2008-05-29,2508.32
2008-05-30,2522.66
2008-06-02,2491.53
2008-06-03,2480.48
2008-06-04,2503.14
2008-06-05,2549.94
2008-06-06,2474.56
2008-06-09,2459.46
2008-06-10,2448.94
2008-06-11,2394.01
2008-06-12,2404.35
2008-06-13,2454.5
2008-06-16,2474.78
2008-06-17,2457.73
2008-06-18,2429.71
2008-06-19,2462.06
2008-06-20,2406.09
2008-06-23,2385.74
2008-06-24,2368.28
2008-06-25,2401.26
2008-06-26,2321.37
2008-06-27,2315.63
2008-06-30,2292.98
2008-07-01,2304.97
2008-07-02,2251.46
2008-07-03,2245.38
2008-07-07,2243.32
2008-07-08,2294.44
2008-07-09,2234.89
2008-07-10,2257.85
2008-07-11,2239.08
2008-07-14,2212.87
2008-07-15,2215.71
2008-07-16,2284.85
2008-07-17,2312.3
2008-07-18,2282.78
2008-07-21,2279.53
2008-07-22,2303.96
2008-07-23,2325.88
2008-07-24,2280.11
2008-07-25,2310.53
2008-07-28,2264.22
2008-07-29,2319.62
2008-07-30,2329.72
2008-07-31,2325.55
2008-08-01,2310.96
2008-08-04,2285.56
2008-08-05,2349.83
2008-08-06,2378.37
2008-08-07,2355.73
2008-08-08,2414.1
2008-08-11,2439.95
2008-08-12,2430.61
2008-08-13,2428.62
2008-08-14,2453.67
2008-08-15,2452.52
2008-08-18,2416.98
2008-08-19,2384.36
2008-08-20,2389.08
2008-08-21,2380.38
2008-08-22,2414.71
2008-08-25,2365.59
2008-08-26,2361.97
2008-08-27,2382.46
2008-08-28,2411.64
2008-08-29,2367.52
2008-09-02,2349.24
2008-09-03,2333.73
2008-09-04,2259.04
2008-09-05,2255.88
2008-09-08,2269.76
2008-09-09,2209.81
2008-09-10,2228.7
2008-09-11,2258.22
2008-09-12,2261.27
2008-09-15,2179.91
2008-09-16,2207.9
2008-09-17,2098.85
2008-09-18,2199.1
2008-09-19,2273.9
2008-09-22,2178.98
2008-09-23,2153.33
2008-09-24,2155.68
2008-09-25,2186.57
2008-09-26,2183.34
2008-09-29,1983.73
2008-09-30,2082.33
2008-10-01,2069.4
2008-10-02,1976.72
2008-10-03,1947.39
2008-10-06,1862.96
2008-10-07,1754.88
2008-10-08,1740.33
2008-10-09,1645.12
2008-10-10,1649.51
2008-10-13,1844.25
2008-10-14,1779.01
2008-10-15,1628.33
2008-10-16,1717.71
2008-10-17,1711.29
2008-10-20,1770.03
2008-10-21,1696.68
2008-10-22,1615.75
2008-10-23,1603.91
2008-10-24,1552.03
2008-10-27,1505.9
2008-10-28,1649.47
2008-10-29,1657.21
2008-10-30,1698.52
2008-10-31,1720.95
2008-11-03,1726.33
2008-11-04,1780.12
2008-11-05,1681.64
2008-11-06,1608.7
2008-11-07,1647.4
2008-11-10,1616.74
2008-11-11,1580.9
2008-11-12,1499.21
2008-11-13,1596.7
2008-11-14,1516.85
2008-11-17,1482.05
2008-11-18,1483.27
2008-11-19,1386.42
2008-11-20,1316.12
2008-11-21,1384.35
2008-11-24,1472.02
2008-11-25,1464.73
2008-11-26,1532.1
2008-11-28,1535.57
2008-12-01,1398.07
2008-12-02,1449.8
2008-12-03,1492.38
2008-12-04,1445.56
2008-12-05,1509.31
2008-12-08,1571.74
2008-12-09,1547.34
2008-12-10,1565.48
2008-12-11,1507.88
2008-12-12,1540.72
2008-12-15,1508.34
2008-12-16,1589.89
2008-12-17,1579.31
2008-12-18,1552.37
2008-12-19,1564.32
2008-12-22,1532.35
2008-12-23,1521.54
2008-12-24,1524.9
2008-12-26,1530.24
2008-12-29,1510.32
2008-12-30,1550.7
2008-12-31,1577.03
2009-01-02,1632.21
2009-01-05,1628.03
2009-01-06,1652.38
2009-01-07,1599.06
2009-01-08,1617.01
2009-01-09,1571.59
2009-01-12,1538.79
2009-01-13,1546.46
2009-01-14,1489.64
2009-01-15,1511.84
2009-01-16,1529.33
2009-01-20,1440.86
2009-01-21,1507.07
2009-01-22,1465.49
2009-01-23,1477.29
2009-01-26,1489.46
2009-01-27,1504.9
2009-01-28,1558.34
2009-01-29,1507.84
2009-01-30,1476.42
2009-02-02,1494.43
2009-02-03,1516.3
2009-02-04,1515.05
2009-02-05,1546.24
2009-02-06,1591.71
2009-02-09,1591.56
2009-02-10,1524.73
2009-02-11,1530.5
2009-02-12,1541.71
2009-02-13,1534.36
2009-02-17,1470.66
2009-02-18,1467.97
2009-02-19,1442.82
2009-02-20,1441.23
2009-02-23,1387.72
2009-02-24,1441.83
2009-02-25,1425.43
2009-02-26,1391.47
2009-02-27,1377.84
2009-03-02,1322.85
2009-03-03,1321.01
2009-03-04,1353.74
2009-03-05,1299.59
2009-03-06,1293.85
2009-03-09,1268.64
2009-03-10,1358.28
2009-03-11,1371.64
2009-03-12,1426.1
2009-03-13,1431.5
2009-03-16,1404.02
2009-03-17,1462.11
2009-03-18,1491.22
2009-03-19,1483.48
2009-03-20,1457.27
2009-03-23,1555.77
2009-03-24,1518.05
2009-03-25,1528.95
2009-03-26,1587
2009-03-27,1545.2
2009-03-30,1501.8
2009-03-31,1528.59
2009-04-01,1551.6
2009-04-02,1602.63
2009-04-03,1621.87
2009-04-06,1606.71
2009-04-07,1561.61
2009-04-08,1590.66
2009-04-09,1652.54
2009-04-13,1653.31
2009-04-14,1625.72
2009-04-15,1626.8
2009-04-16,1670.44
2009-04-17,1673.07
2009-04-20,1608.21
2009-04-21,1643.85
2009-04-22,1646.12
2009-04-23,1652.21
2009-04-24,1694.29
2009-04-27,1679.41
2009-04-28,1673.81
2009-04-29,1711.94
2009-04-30,1717.3
2009-05-01,1719.2
2009-05-04,1763.56
2009-05-05,1754.12
2009-05-06,1759.1
2009-05-07,1716.24
2009-05-08,1739
2009-05-11,1731.24
2009-05-12,1715.92
2009-05-13,1664.19
2009-05-14,1689.21
2009-05-15,1680.14
2009-05-18,1732.36
2009-05-19,1734.54
2009-05-20,1727.84
2009-05-21,1695.25
2009-05-22,1692.01
2009-05-26,1750.43
2009-05-27,1731.08
2009-05-28,1751.79
2009-05-29,1774.33
2009-06-01,1828.68
2009-06-02,1836.8
2009-06-03,1825.92
2009-06-04,1850.02
2009-06-05,1849.42
2009-06-08,1842.4
2009-06-09,1860.13
2009-06-10,1853.08
2009-06-11,1862.37
2009-06-12,1858.8
2009-06-15,1816.38
2009-06-16,1796.18
2009-06-17,1808.06
2009-06-18,1807.72
2009-06-19,1827.47
2009-06-22,1766.19
2009-06-23,1764.92
2009-06-24,1792.34
2009-06-25,1829.54
2009-06-26,1838.22
2009-06-29,1844.06
2009-06-30,1835.04
2009-07-01,1845.72
2009-07-02,1796.52
2009-07-06,1787.4
2009-07-07,1746.17
2009-07-08,1747.17
2009-07-09,1752.55
2009-07-10,1756.03
2009-07-13,1793.21
2009-07-14,1799.73
2009-07-15,1862.9
2009-07-16,1885.03
2009-07-17,1886.61
2009-07-20,1909.29
2009-07-21,1916.2
2009-07-22,1926.38
2009-07-23,1973.6
2009-07-24,1965.96
2009-07-27,1967.89
2009-07-28,1975.51
2009-07-29,1967.76
2009-07-30,1984.3
2009-07-31,1978.5
2009-08-03,2008.61
2009-08-04,2011.31
2009-08-05,1993.05
2009-08-06,1973.16
2009-08-07,2000.25
2009-08-10,1992.24
2009-08-11,1969.73
2009-08-12,1998.72
2009-08-13,2009.35
2009-08-14,1985.52
2009-08-17,1930.84
2009-08-18,1955.92
2009-08-19,1969.24
2009-08-20,1989.22
2009-08-21,2020.9
2009-08-24,2017.98
2009-08-25,2024.23
2009-08-26,2024.43
2009-08-27,2027.73
2009-08-28,2028.77
2009-08-31,2009.06
2009-09-01,1968.89
2009-09-02,1967.07
2009-09-03,1983.2
2009-09-04,2018.78
2009-09-08,2037.77
2009-09-09,2060.39
2009-09-10,2084.02
2009-09-11,2080.9
2009-09-14,2091.78
2009-09-15,2102.64
2009-09-16,2133.15
2009-09-17,2126.75
2009-09-18,2132.86
2009-09-21,2138.04
2009-09-22,2146.3
2009-09-23,2131.42
2009-09-24,2107.61
2009-09-25,2090.92
2009-09-28,2130.74
2009-09-29,2124.04
2009-09-30,2122.42
2009-10-01,2057.48
2009-10-02,2048.11
2009-10-05,2068.15
2009-10-06,2103.57
2009-10-07,2110.33
2009-10-08,2123.93
2009-10-09,2139.28
2009-10-12,2139.14
2009-10-13,2139.89
2009-10-14,2172.23
2009-10-15,2173.29
2009-10-16,2156.8
2009-10-19,2176.32
2009-10-20,2163.47
2009-10-21,2150.73
2009-10-22,2165.29
2009-10-23,2154.47
2009-10-26,2141.85
2009-10-27,2116.09
2009-10-28,2059.61
2009-10-29,2097.55
2009-10-30,2045.11
2009-11-02,2049.2
2009-11-03,2057.32
2009-11-04,2055.52
2009-11-05,2105.32
2009-11-06,2112.44
2009-11-09,2154.06
2009-11-10,2151.08
2009-11-11,2166.9
2009-11-12,2149.02
2009-11-13,2167.88
2009-11-16,2197.85
2009-11-17,2203.78
2009-11-18,2193.14
2009-11-19,2156.82
2009-11-20,2146.04
2009-11-23,2176.01
2009-11-24,2169.18
2009-11-25,2176.05
2009-11-27,2138.44
2009-11-30,2144.6
2009-12-01,2175.81
2009-12-02,2185.03
2009-12-03,2173.14
2009-12-04,2194.35
2009-12-07,2189.61
2009-12-08,2172.99
2009-12-09,2183.73
2009-12-10,2190.86
2009-12-11,2190.31
2009-12-14,2212.1
2009-12-15,2201.05
2009-12-16,2206.91
2009-12-17,2180.05
2009-12-18,2211.69
2009-12-21,2237.66
2009-12-22,2252.67
2009-12-23,2269.64
2009-12-24,2285.69
2009-12-28,2291.08
2009-12-29,2288.4
2009-12-30,2291.28
2009-12-31,2269.15
2010-01-04,2308.42
2010-01-05,2308.71
2010-01-06,2301.09
2010-01-07,2300.05
2010-01-08,2317.17
2010-01-11,2312.41
2010-01-12,2282.31
2010-01-13,2307.9
2010-01-14,2316.74
2010-01-15,2287.99
2010-01-19,2320.4
2010-01-20,2291.25
2010-01-21,2265.7
2010-01-22,2205.29
2010-01-25,2210.8
2010-01-26,2203.73
2010-01-27,2221.41
2010-01-28,2179
2010-01-29,2147.35
2010-02-01,2171.2
2010-02-02,2190.06
2010-02-03,2190.91
2010-02-04,2125.43
2010-02-05,2141.12
2010-02-08,2126.05
2010-02-09,2150.87
2010-02-10,2147.87
2010-02-11,2177.41
2010-02-12,2183.53
2010-02-16,2214.19
2010-02-17,2226.29
2010-02-18,2241.71
2010-02-19,2243.87
2010-02-22,2242.03
2010-02-23,2213.44
2010-02-24,2235.9
2010-02-25,2234.22
2010-02-26,2238.26
2010-03-01,2273.57
2010-03-02,2280.79
2010-03-03,2280.68
2010-03-04,2292.31
2010-03-05,2326.35
2010-03-08,2332.21
2010-03-09,2340.68
2010-03-10,2358.95
2010-03-11,2368.46
2010-03-12,2367.66
2010-03-15,2362.21
2010-03-16,2378.01
2010-03-17,2389.09
2010-03-18,2391.28
2010-03-19,2374.41
2010-03-22,2395.4
2010-03-23,2415.24
2010-03-24,2398.76
2010-03-25,2397.41
2010-03-26,2395.13
2010-03-29,2404.36
2010-03-30,2410.69
2010-03-31,2397.96
2010-04-01,2402.58
2010-04-05,2429.53
2010-04-06,2436.81
2010-04-07,2431.16
2010-04-08,2436.81
2010-04-09,2454.05
2010-04-12,2457.87
2010-04-13,2465.99
2010-04-14,2504.86
2010-04-15,2515.69
2010-04-16,2481.26
2010-04-19,2480.11
2010-04-20,2500.31
2010-04-21,2504.61
2010-04-22,2519.07
2010-04-23,2530.15
2010-04-26,2522.95
2010-04-27,2471.47
2010-04-28,2471.73
2010-04-29,2511.92
2010-04-30,2461.19
2010-05-03,2498.74
2010-05-04,2424.25
2010-05-05,2402.29
2010-05-06,2319.64
2010-05-07,2265.64
2010-05-10,2374.67
2010-05-11,2375.31
2010-05-12,2425.02
2010-05-13,2394.36
2010-05-14,2346.85
2010-05-17,2354.23
2010-05-18,2317.26
2010-05-19,2298.37
2010-05-20,2204.01
2010-05-21,2229.04
2010-05-24,2213.55
2010-05-25,2210.95
2010-05-26,2195.88
2010-05-27,2277.68
2010-05-28,2257.04
2010-06-01,2222.33
2010-06-02,2281.07
2010-06-03,2303.03
2010-06-04,2219.17
2010-06-07,2173.9
2010-06-08,2170.57
2010-06-09,2158.85
2010-06-10,2218.71
2010-06-11,2243.6
2010-06-14,2243.96
2010-06-15,2305.88
2010-06-16,2305.93
2010-06-17,2307.16
2010-06-18,2309.8
2010-06-21,2289.09
2010-06-22,2261.8
2010-06-23,2254.23
2010-06-24,2217.42
2010-06-25,2223.48
2010-06-28,2220.65
2010-06-29,2135.18
2010-06-30,2109.24
2010-07-01,2101.36
2010-07-02,2091.79
2010-07-06,2093.88
2010-07-07,2159.47
2010-07-08,2175.4
2010-07-09,2196.45
2010-07-12,2198.36
2010-07-13,2242.03
2010-07-14,2249.84
2010-07-15,2249.08
2010-07-16,2179.05
2010-07-19,2198.23
2010-07-20,2222.49
2010-07-21,2187.33
2010-07-22,2245.89
2010-07-23,2269.47
2010-07-26,2296.43
2010-07-27,2288.25
2010-07-28,2264.56
2010-07-29,2251.69
2010-07-30,2254.7
2010-08-02,2295.36
2010-08-03,2283.52
2010-08-04,2303.57
2010-08-05,2293.06
2010-08-06,2288.47
2010-08-09,2305.69
2010-08-10,2277.17
2010-08-11,2208.63
2010-08-12,2190.27
2010-08-13,2173.48
2010-08-16,2181.87
2010-08-17,2209.44
2010-08-18,2215.7
2010-08-19,2178.95
2010-08-20,2179.76
2010-08-23,2159.63
2010-08-24,2123.76
2010-08-25,2141.54
2010-08-26,2118.69
2010-08-27,2153.63
2010-08-30,2119.97
2010-08-31,2114.03
2010-09-01,2176.84
2010-09-02,2200.01
2010-09-03,2233.75
2010-09-07,2208.89
2010-09-08,2228.87
2010-09-09,2236.2
2010-09-10,2242.48
2010-09-13,2285.71
2010-09-14,2289.77
2010-09-15,2301.32
2010-09-16,2303.25
2010-09-17,2315.61
2010-09-20,2355.83
2010-09-21,2349.35
2010-09-22,2334.55
2010-09-23,2327.08
2010-09-24,2381.22
2010-09-27,2369.77
2010-09-28,2379.59
2010-09-29,2376.56
2010-09-30,2368.62
2010-10-01,2370.75
2010-10-04,2344.52
2010-10-05,2399.83
2010-10-06,2380.66
2010-10-07,2383.67
2010-10-08,2401.91
2010-10-11,2402.33
2010-10-12,2417.92
2010-10-13,2441.23
2010-10-14,2435.38
2010-10-15,2468.77
2010-10-18,2480.66
2010-10-19,2436.95
2010-10-20,2457.39
2010-10-21,2459.67
2010-10-22,2479.39
2010-10-25,2490.85
2010-10-26,2497.29
2010-10-27,2503.26
2010-10-28,2507.37
2010-10-29,2507.41
2010-11-01,2504.84
2010-11-02,2533.52
2010-11-03,2540.27
2010-11-04,2577.34
2010-11-05,2578.98
2010-11-08,2580.05
2010-11-09,2562.98
2010-11-10,2578.78
2010-11-11,2555.52
2010-11-12,2518.21
2010-11-15,2513.82
2010-11-16,2469.84
2010-11-17,2476.01
2010-11-18,2514.4
2010-11-19,2518.12
2010-11-22,2532.02
2010-11-23,2494.95
2010-11-24,2543.12
2010-11-26,2534.56
2010-11-29,2525.22
2010-11-30,2498.23
2010-12-01,2549.43
2010-12-02,2579.35
2010-12-03,2591.46
2010-12-06,2594.92
2010-12-07,2598.49
2010-12-08,2609.16
2010-12-09,2616.67
2010-12-10,2637.54
2010-12-13,2624.91
2010-12-14,2627.72
2010-12-15,2617.22
2010-12-16,2637.31
2010-12-17,2642.97
2010-12-20,2649.56
2010-12-21,2667.61
2010-12-22,2671.48
2010-12-23,2665.6
2010-12-27,2667.27
2010-12-28,2662.88
2010-12-29,2666.93
2010-12-30,2662.98
2010-12-31,2652.87
2011-01-03,2691.52
2011-01-04,2681.25
2011-01-05,2702.2
2011-01-06,2709.89
2011-01-07,2703.17
2011-01-10,2707.8
2011-01-11,2716.83
2011-01-12,2737.33
2011-01-13,2735.29
2011-01-14,2755.3
2011-01-18,2765.85
2011-01-19,2725.36
2011-01-20,2704.29
2011-01-21,2689.54
2011-01-24,2717.55
2011-01-25,2719.25
2011-01-26,2739.5
2011-01-27,2755.28
2011-01-28,2686.89
2011-01-31,2700.08
2011-02-01,2751.19
2011-02-02,2749.56
2011-02-03,2753.88
2011-02-04,2769.3
2011-02-07,2783.99
2011-02-08,2797.05
2011-02-09,2789.07
2011-02-10,2790.45
2011-02-11,2809.44
2011-02-14,2817.18
2011-02-15,2804.35
2011-02-16,2825.56
2011-02-17,2831.58
2011-02-18,2833.95
2011-02-22,2756.42
2011-02-23,2722.99
2011-02-24,2737.9
2011-02-25,2781.05
2011-02-28,2782.27
2011-03-01,2737.41
2011-03-02,2748.07
2011-03-03,2798.74
2011-03-04,2784.67
2011-03-07,2745.63
2011-03-08,2765.77
2011-03-09,2751.72
2011-03-10,2701.02
2011-03-11,2715.61
2011-03-14,2700.97
2011-03-15,2667.33
2011-03-16,2616.82
2011-03-17,2636.05
2011-03-18,2643.67
2011-03-21,2692.09
2011-03-22,2683.87
2011-03-23,2698.3
2011-03-24,2736.42
2011-03-25,2743.06
2011-03-28,2730.68
2011-03-29,2756.89
2011-03-30,2776.79
2011-03-31,2781.07
2011-04-01,2789.6
2011-04-04,2789.19
2011-04-05,2791.19
2011-04-06,2799.82
2011-04-07,2796.14
2011-04-08,2780.42
2011-04-11,2771.51
2011-04-12,2744.79
2011-04-13,2761.52
2011-04-14,2760.22
2011-04-15,2764.65
2011-04-18,2735.38
2011-04-19,2744.97
2011-04-20,2802.51
2011-04-21,2820.16
2011-04-25,2825.88
2011-04-26,2847.54
2011-04-27,2869.88
2011-04-28,2872.53
2011-04-29,2873.54
2011-05-02,2864.08
2011-05-03,2841.62
2011-05-04,2828.23
2011-05-05,2814.72
2011-05-06,2827.56
2011-05-09,2843.25
2011-05-10,2871.89
2011-05-11,2845.06
2011-05-12,2863.04
2011-05-13,2828.47
2011-05-16,2782.31
2011-05-17,2783.21
2011-05-18,2815
2011-05-19,2823.31
2011-05-20,2803.32
2011-05-23,2758.9
2011-05-24,2746.16
2011-05-25,2761.38
2011-05-26,2782.92
2011-05-27,2796.86
2011-05-31,2835.3
2011-06-01,2769.19
2011-06-02,2773.31
2011-06-03,2732.78
2011-06-06,2702.56
2011-06-07,2701.56
2011-06-08,2675.38
2011-06-09,2684.87
2011-06-10,2643.73
2011-06-13,2639.69
2011-06-14,2678.72
2011-06-15,2631.46
2011-06-16,2623.7
2011-06-17,2616.48
2011-06-20,2629.66
2011-06-21,2687.26
2011-06-22,2669.19
2011-06-23,2686.75
2011-06-24,2652.89
2011-06-27,2688.28
2011-06-28,2729.31
2011-06-29,2740.49
2011-06-30,2773.52
2011-07-01,2816.03
2011-07-05,2825.77
2011-07-06,2834.02
2011-07-07,2872.66
2011-07-08,2859.81
2011-07-11,2802.62
2011-07-12,2781.91
2011-07-13,2796.92
2011-07-14,2762.67
2011-07-15,2789.8
2011-07-18,2765.11
2011-07-19,2826.52
2011-07-20,2814.23
2011-07-21,2834.43
2011-07-22,2858.83
2011-07-25,2842.8
2011-07-26,2839.96
2011-07-27,2764.79
2011-07-28,2766.25
2011-07-29,2756.38
2011-08-01,2744.61
2011-08-02,2669.24
2011-08-03,2693.07
2011-08-04,2556.39
2011-08-05,2532.41
2011-08-08,2357.69
2011-08-09,2482.52
2011-08-10,2381.05
2011-08-11,2492.68
2011-08-12,2507.98
2011-08-15,2555.2
2011-08-16,2523.45
2011-08-17,2511.48
2011-08-18,2380.43
2011-08-19,2341.84
2011-08-22,2345.38
2011-08-23,2446.06
2011-08-24,2467.69
2011-08-25,2419.63
2011-08-26,2479.85
2011-08-29,2562.11
2011-08-30,2576.11
2011-08-31,2579.46
2011-09-01,2546.04
2011-09-02,2480.33
2011-09-06,2473.83
2011-09-07,2548.94
2011-09-08,2529.14
2011-09-09,2467.99
2011-09-12,2495.09
2011-09-13,2532.15
2011-09-14,2572.55
2011-09-15,2607.07
2011-09-16,2622.31
2011-09-19,2612.83
2011-09-20,2590.24
2011-09-21,2538.19
2011-09-22,2455.67
2011-09-23,2483.23
2011-09-26,2516.69
2011-09-27,2546.83
2011-09-28,2491.58
2011-09-29,2480.76
2011-09-30,2415.4
2011-10-03,2335.83
2011-10-04,2404.82
2011-10-05,2460.51
2011-10-06,2506.82
2011-10-07,2479.35
2011-10-10,2566.05
2011-10-11,2583.03
2011-10-12,2604.73
2011-10-13,2620.24
2011-10-14,2667.85
2011-10-17,2614.92
2011-10-18,2657.43
2011-10-19,2604.04
2011-10-20,2598.62
2011-10-21,2637.46
2011-10-24,2699.44
2011-10-25,2638.42
2011-10-26,2650.67
2011-10-27,2738.63
2011-10-28,2737.15
2011-10-31,2684.41
2011-11-01,2606.96
2011-11-02,2639.98
2011-11-03,2697.97
2011-11-04,2686.15
2011-11-07,2695.25
2011-11-08,2727.49
2011-11-09,2621.65
2011-11-10,2625.15
2011-11-11,2678.75
2011-11-14,2657.22
2011-11-15,2686.2
2011-11-16,2639.61
2011-11-17,2587.99
2011-11-18,2572.5
2011-11-21,2523.14
2011-11-22,2521.28
2011-11-23,2460.08
2011-11-25,2441.51
2011-11-28,2527.34
2011-11-29,2515.51
2011-11-30,2620.34
2011-12-01,2626.2
2011-12-02,2626.93
2011-12-05,2655.76
2011-12-06,2649.56
2011-12-07,2649.21
2011-12-08,2596.38
2011-12-09,2646.85
2011-12-12,2612.26
2011-12-13,2579.27
2011-12-14,2539.31
2011-12-15,2541.01
2011-12-16,2555.33
2011-12-19,2523.14
2011-12-20,2603.73
2011-12-21,2577.97
2011-12-22,2599.45
2011-12-23,2618.64
2011-12-27,2625.2
2011-12-28,2589.98
2011-12-29,2613.74
2011-12-30,2605.15
2012-01-03,2648.72
2012-01-04,2648.36
2012-01-05,2669.86
2012-01-06,2674.22
2012-01-09,2676.56
2012-01-10,2702.5
2012-01-11,2710.76
2012-01-12,2724.7
2012-01-13,2710.67
2012-01-17,2728.08
2012-01-18,2769.71
2012-01-19,2788.33
2012-01-20,2786.7
2012-01-23,2784.17
2012-01-24,2786.64
2012-01-25,2818.31
2012-01-26,2805.28
2012-01-27,2816.55
2012-01-30,2811.94
2012-01-31,2813.84
2012-02-01,2848.27
2012-02-02,2859.68
2012-02-03,2905.66
2012-02-06,2901.99
2012-02-07,2904.08
2012-02-08,2915.86
2012-02-09,2927.23
2012-02-10,2903.88
2012-02-13,2931.39
2012-02-14,2931.83
2012-02-15,2915.83
2012-02-16,2959.85
2012-02-17,2951.78
2012-02-21,2948.57
2012-02-22,2933.17
2012-02-23,2956.98
2012-02-24,2963.75
2012-02-27,2966.16
2012-02-28,2986.76
2012-02-29,2966.89
2012-03-01,2988.97
2012-03-02,2976.19
2012-03-05,2950.48
2012-03-06,2910.32
2012-03-07,2935.69
2012-03-08,2970.42
2012-03-09,2988.34
2012-03-12,2983.66
2012-03-13,3039.88
2012-03-14,3040.73
2012-03-15,3056.37
2012-03-16,3055.26
2012-03-19,3078.32
2012-03-20,3074.15
2012-03-21,3075.32
2012-03-22,3063.32
2012-03-23,3067.92
2012-03-26,3122.57
2012-03-27,3120.35
2012-03-28,3104.96
2012-03-29,3095.36
2012-03-30,3091.57
2012-04-02,3119.7
2012-04-03,3113.57
2012-04-04,3068.09
2012-04-05,3080.5
2012-04-09,3047.08
2012-04-10,2991.22
2012-04-11,3016.46
2012-04-12,3055.55
2012-04-13,3011.33
2012-04-16,2988.4
2012-04-17,3042.82
2012-04-18,3031.45
2012-04-19,3007.56
2012-04-20,3000.45
2012-04-23,2970.45
2012-04-24,2961.6
2012-04-25,3029.63
2012-04-26,3050.61
2012-04-27,3069.2
2012-04-30,3046.36
2012-05-01,3050.44
2012-05-02,3059.85
2012-05-03,3024.3
2012-05-04,2956.34
2012-05-07,2957.76
2012-05-08,2946.27
2012-05-09,2934.71
2012-05-10,2933.64
2012-05-11,2933.82
2012-05-14,2902.58
2012-05-15,2893.76
2012-05-16,2874.04
2012-05-17,2813.69
2012-05-18,2778.79
2012-05-21,2847.21
2012-05-22,2839.08
2012-05-23,2850.12
2012-05-24,2839.38
2012-05-25,2837.53
2012-05-29,2870.99
2012-05-30,2837.36
2012-05-31,2827.34
2012-06-01,2747.48
2012-06-04,2760.01
2012-06-05,2778.11
2012-06-06,2844.72
2012-06-07,2831.02
2012-06-08,2858.42
2012-06-11,2809.73
2012-06-12,2843.07
2012-06-13,2818.61
2012-06-14,2836.33
2012-06-15,2872.8
2012-06-18,2895.33
2012-06-19,2929.76
2012-06-20,2930.45
2012-06-21,2859.09
2012-06-22,2892.42
2012-06-25,2836.16
2012-06-26,2854.06
2012-06-27,2875.32
2012-06-28,2849.49
2012-06-29,2935.05
2012-07-02,2951.23
2012-07-03,2976.08
2012-07-05,2976.12
2012-07-06,2937.33
2012-07-09,2931.77
2012-07-10,2902.33
2012-07-11,2887.98
2012-07-12,2866.19
2012-07-13,2908.47
2012-07-16,2896.94
2012-07-17,2910.04
2012-07-18,2942.6
2012-07-19,2965.9
2012-07-20,2925.3
2012-07-23,2890.15
2012-07-24,2862.99
2012-07-25,2854.24
2012-07-26,2893.25
2012-07-27,2958.09
2012-07-30,2945.84
2012-07-31,2939.52
2012-08-01,2920.21
2012-08-02,2909.77
2012-08-03,2967.9
2012-08-06,2989.91
2012-08-07,3015.86
2012-08-08,3011.25
2012-08-09,3018.64
2012-08-10,3020.86
2012-08-13,3022.52
2012-08-14,3016.98
2012-08-15,3030.93
2012-08-16,3062.39
2012-08-17,3076.59
2012-08-20,3076.21
2012-08-21,3067.26
2012-08-22,3073.67
2012-08-23,3053.4
2012-08-24,3069.79
2012-08-27,3073.19
2012-08-28,3077.14
2012-08-29,3081.19
2012-08-30,3048.71
2012-08-31,3066.96
2012-09-04,3075.06
2012-09-05,3069.27
2012-09-06,3135.81
2012-09-07,3136.42
2012-09-10,3104.02
2012-09-11,3104.53
2012-09-12,3114.31
2012-09-13,3155.83
2012-09-14,3183.95
2012-09-17,3178.67
2012-09-18,3177.8
2012-09-19,3182.62
2012-09-20,3175.96
2012-09-21,3179.96
2012-09-24,3160.78
2012-09-25,3117.73
2012-09-26,3093.7
2012-09-27,3136.6
2012-09-28,3116.23
2012-10-01,3113.53
2012-10-02,3120.04
2012-10-03,3135.23
2012-10-04,3149.46
2012-10-05,3136.19
2012-10-08,3112.35
2012-10-09,3065.02
2012-10-10,3051.78
2012-10-11,3049.41
2012-10-12,3044.11
2012-10-15,3064.18
2012-10-16,3101.17
2012-10-17,3104.12
2012-10-18,3072.87
2012-10-19,3005.62
2012-10-22,3016.96
2012-10-23,2990.46
2012-10-24,2981.7
2012-10-25,2986.12
2012-10-26,2987.95
2012-10-31,2977.23
2012-11-01,3020.06
2012-11-02,2982.13
2012-11-05,2999.66
2012-11-06,3011.93
2012-11-07,2937.29
2012-11-08,2895.58
2012-11-09,2904.87
2012-11-12,2904.26
2012-11-13,2883.89
2012-11-14,2846.81
2012-11-15,2836.94
2012-11-16,2853.13
2012-11-19,2916.07
2012-11-20,2916.68
2012-11-21,2926.55
2012-11-23,2966.85
2012-11-26,2976.78
2012-11-27,2967.79
2012-11-28,2991.78
2012-11-29,3012.03
2012-11-30,3010.24
2012-12-03,3002.2
2012-12-04,2996.69
2012-12-05,2973.7
2012-12-06,2989.27
2012-12-07,2978.04
2012-12-10,2986.96
2012-12-11,3022.3
2012-12-12,3013.81
2012-12-13,2992.16
2012-12-14,2971.33
2012-12-17,3010.6
2012-12-18,3054.53
2012-12-19,3044.36
2012-12-20,3050.39
2012-12-21,3021.01
2012-12-24,3012.6
2012-12-26,2990.16
2012-12-27,2985.91
2012-12-28,2960.31
2012-12-31,3019.51
2013-01-02,3112.26
2013-01-03,3100.57
2013-01-04,3101.66
2013-01-07,3098.81
2013-01-08,3091.81
2013-01-09,3105.81
2013-01-10,3121.76
2013-01-11,3125.63
2013-01-14,3117.5
2013-01-15,3110.78
2013-01-16,3117.54
2013-01-17,3136
2013-01-18,3134.71
2013-01-22,3143.18
2013-01-23,3153.67
2013-01-24,3130.38
2013-01-25,3149.71
2013-01-28,3154.3
2013-01-29,3153.66
2013-01-30,3142.31
2013-01-31,3142.13
2013-02-01,3179.1
2013-02-04,3131.17
2013-02-05,3171.58
2013-02-06,3168.48
2013-02-07,3165.13
2013-02-08,3193.87
2013-02-11,3192
2013-02-12,3186.49
2013-02-13,3196.88
2013-02-14,3198.66
2013-02-15,3192.03
2013-02-19,3213.59
2013-02-20,3164.41
2013-02-21,3131.49
2013-02-22,3161.82
2013-02-25,3116.25
2013-02-26,3129.65
2013-02-27,3162.26
2013-02-28,3160.19
2013-03-01,3169.74
2013-03-04,3182.03
2013-03-05,3224.13
2013-03-06,3222.37
2013-03-07,3232.09
2013-03-08,3244.37
2013-03-11,3252.87
2013-03-12,3242.32
2013-03-13,3245.12
2013-03-14,3258.93
2013-03-15,3249.07
2013-03-18,3237.59
2013-03-19,3229.1
2013-03-20,3254.19
2013-03-21,3222.6
2013-03-22,3245
2013-03-25,3235.3
2013-03-26,3252.48
2013-03-27,3256.52
2013-03-28,3267.52
2013-04-01,3239.17
2013-04-02,3254.86
2013-04-03,3218.6
2013-04-04,3224.98
2013-04-05,3203.86
2013-04-08,3222.25
2013-04-09,3237.86
2013-04-10,3297.25
2013-04-11,3300.16
2013-04-12,3294.95
2013-04-15,3216.49
2013-04-16,3264.63
2013-04-17,3204.67
2013-04-18,3166.36
2013-04-19,3206.06
2013-04-22,3233.55
2013-04-23,3269.33
2013-04-24,3269.65
2013-04-25,3289.99
2013-04-26,3279.26
2013-04-29,3307.02
2013-04-30,3328.79
2013-05-01,3299.13
2013-05-02,3340.62
2013-05-03,3378.63
2013-05-06,3392.97
2013-05-07,3396.63
2013-05-08,3413.27
2013-05-09,3409.17
2013-05-10,3436.58
2013-05-13,3438.79
2013-05-14,3462.61
2013-05-15,3471.62
2013-05-16,3465.24
2013-05-17,3498.97
2013-05-20,3496.43
2013-05-21,3502.12
2013-05-22,3463.3
2013-05-23,3459.42
2013-05-24,3459.14
2013-05-28,3488.89
2013-05-29,3467.52
2013-05-30,3491.3
2013-05-31,3455.91
2013-06-03,3465.37
2013-06-04,3445.26
2013-06-05,3401.48
2013-06-06,3424.05
2013-06-07,3469.22
2013-06-10,3473.77
2013-06-11,3436.95
2013-06-12,3400.43
2013-06-13,3445.37
2013-06-14,3423.56
2013-06-17,3452.13
2013-06-18,3482.18
2013-06-19,3443.2
2013-06-20,3364.63
2013-06-21,3357.25
2013-06-24,3320.76
2013-06-25,3347.89
2013-06-26,3376.22
2013-06-27,3401.86
2013-06-28,3403.25
2013-07-01,3434.49
2013-07-02,3433.4
2013-07-03,3443.67
2013-07-05,3479.38
2013-07-08,3484.83
2013-07-09,3504.26
2013-07-10,3520.76
2013-07-11,3578.3
2013-07-12,3600.08
2013-07-15,3607.49
2013-07-16,3598.5
2013-07-17,3610
2013-07-18,3611.28
2013-07-19,3587.61
2013-07-22,3600.39
2013-07-23,3579.27
2013-07-24,3579.6
2013-07-25,3605.19
2013-07-26,3613.16
2013-07-29,3599.14
2013-07-30,3616.47
2013-07-31,3626.37
2013-08-01,3675.74
2013-08-02,3689.59
2013-08-05,3692.95
2013-08-06,3665.77
2013-08-07,3654.01
2013-08-08,3669.12
2013-08-09,3660.11
2013-08-12,3669.95
2013-08-13,3684.44
2013-08-14,3669.27
2013-08-15,3606.12
2013-08-16,3602.78
2013-08-19,3589.09
2013-08-20,3613.59
2013-08-21,3599.79
2013-08-22,3638.71
2013-08-23,3657.79
2013-08-26,3657.57
2013-08-27,3578.52
2013-08-28,3593.35
2013-08-29,3620.3
2013-08-30,3589.87
2013-09-03,3612.61
2013-09-04,3649.04
2013-09-05,3658.78
2013-09-06,3660.01
2013-09-09,3706.18
2013-09-10,3729.02
2013-09-11,3725.01
2013-09-12,3715.97
2013-09-13,3722.18
2013-09-16,3717.85
2013-09-17,3745.7
2013-09-18,3783.64
2013-09-19,3789.38
2013-09-20,3774.73
2013-09-23,3765.29
2013-09-24,3768.25
2013-09-25,3761.1
2013-09-26,3787.43
2013-09-27,3781.59
2013-09-30,3771.48
2013-10-01,3817.98
2013-10-02,3815.02
2013-10-03,3774.34
2013-10-04,3807.75
2013-10-07,3770.38
2013-10-08,3694.83
2013-10-09,3677.78
2013-10-10,3760.75
2013-10-11,3791.87
2013-10-14,3815.27
2013-10-15,3794.01
2013-10-16,3839.43
2013-10-17,3863.15
2013-10-18,3914.28
2013-10-21,3920.05
2013-10-22,3929.57
2013-10-23,3907.07
2013-10-24,3928.96
2013-10-25,3943.36
2013-10-28,3940.13
2013-10-29,3952.34
2013-10-30,3930.62
2013-10-31,3919.71
2013-11-01,3922.04
2013-11-04,3936.59
2013-11-05,3939.86
2013-11-06,3931.95
2013-11-07,3857.33
2013-11-08,3919.23
2013-11-11,3919.79
2013-11-12,3919.92
2013-11-13,3965.58
2013-11-14,3972.74
2013-11-15,3985.97
2013-11-18,3949.07
2013-11-19,3931.55
2013-11-20,3921.27
2013-11-21,3969.15
2013-11-22,3991.65
2013-11-25,3994.57
2013-11-26,4017.75
2013-11-27,4044.75
2013-11-29,4059.89
2013-12-02,4045.26
2013-12-03,4037.2
2013-12-04,4038
2013-12-05,4033.16
2013-12-06,4062.52
2013-12-09,4068.75
2013-12-10,4060.49
2013-12-11,4003.81
2013-12-12,3998.4
2013-12-13,4000.98
2013-12-16,4029.52
2013-12-17,4023.68
2013-12-18,4070.06
2013-12-19,4058.13
2013-12-20,4104.74
2013-12-23,4148.9
2013-12-24,4155.42
2013-12-26,4167.18
2013-12-27,4156.59
2013-12-30,4154.2
2013-12-31,4176.59
2014-01-02,4143.07
2014-01-03,4131.91
2014-01-06,4113.68
2014-01-07,4153.18
2014-01-08,4165.61
2014-01-09,4156.19
2014-01-10,4174.66
2014-01-13,4113.3
2014-01-14,4183.02
2014-01-15,4214.88
2014-01-16,4218.69
2014-01-17,4197.58
2014-01-21,4225.76
2014-01-22,4243
2014-01-23,4218.87
2014-01-24,4128.17
2014-01-27,4083.61
2014-01-28,4097.96
2014-01-29,4051.43
2014-01-30,4123.13
2014-01-31,4103.88
2014-02-03,3996.96
2014-02-04,4031.52
2014-02-05,4011.55
2014-02-06,4057.12
2014-02-07,4125.86
2014-02-10,4148.17
2014-02-11,4191.04
2014-02-12,4201.29
2014-02-13,4240.67
2014-02-14,4244.03
2014-02-18,4272.78
2014-02-19,4237.95
2014-02-20,4267.55
2014-02-21,4263.41
2014-02-24,4292.97
2014-02-25,4287.59
2014-02-26,4292.06
2014-02-27,4318.93
2014-02-28,4308.12
2014-03-03,4277.3
2014-03-04,4351.97
2014-03-05,4357.97
2014-03-06,4352.13
2014-03-07,4336.22
2014-03-10,4334.45
2014-03-11,4307.19
2014-03-12,4323.33
2014-03-13,4260.42
2014-03-14,4245.4
2014-03-17,4279.95
2014-03-18,4333.31
2014-03-19,4307.6
2014-03-20,4319.29
2014-03-21,4276.79
2014-03-24,4226.39
2014-03-25,4234.27
2014-03-26,4173.58
2014-03-27,4151.23
2014-03-28,4155.76
2014-03-31,4198.99
2014-04-01,4268.04
2014-04-02,4276.46
2014-04-03,4237.74
2014-04-04,4127.73
2014-04-07,4079.75
2014-04-08,4112.99
2014-04-09,4183.9
2014-04-10,4054.11
2014-04-11,3999.73
2014-04-14,4022.69
2014-04-15,4034.16
2014-04-16,4086.23
2014-04-17,4095.52
2014-04-21,4121.55
2014-04-22,4161.46
2014-04-23,4126.97
2014-04-24,4148.34
2014-04-25,4075.56
2014-04-28,4074.4
2014-04-29,4103.54
2014-04-30,4114.56
2014-05-01,4127.45
2014-05-02,4123.9
2014-05-05,4138.06
2014-05-06,4080.76
2014-05-07,4067.67
2014-05-08,4051.5
2014-05-09,4071.87
2014-05-12,4143.86
2014-05-13,4130.17
2014-05-14,4100.63
2014-05-15,4069.29
2014-05-16,4090.59
2014-05-19,4125.82
2014-05-20,4096.89
2014-05-21,4131.54
2014-05-22,4154.34
2014-05-23,4185.81
2014-05-27,4237.07
2014-05-28,4225.07
2014-05-29,4247.95
2014-05-30,4242.62
2014-06-02,4237.2
2014-06-03,4234.08
2014-06-04,4251.64
2014-06-05,4296.23
2014-06-06,4321.4
2014-06-09,4336.24
2014-06-10,4338
2014-06-11,4331.93
2014-06-12,4297.63
2014-06-13,4310.65
2014-06-16,4321.11
2014-06-17,4337.23
2014-06-18,4362.84
2014-06-19,4359.33
2014-06-20,4368.04
2014-06-23,4368.68
2014-06-24,4350.36
2014-06-25,4379.76
2014-06-26,4379.05
2014-06-27,4397.93
2014-06-30,4408.18
2014-07-01,4458.65
2014-07-02,4457.73
2014-07-03,4485.93
2014-07-07,4451.53
2014-07-08,4391.46
2014-07-09,4419.03
2014-07-10,4396.2
2014-07-11,4415.49
2014-07-14,4440.42
2014-07-15,4416.39
2014-07-16,4425.97
2014-07-17,4363.45
2014-07-18,4432.15
2014-07-21,4424.7
2014-07-22,4456.02
2014-07-23,4473.7
2014-07-24,4472.11
2014-07-25,4449.56
2014-07-28,4444.91
2014-07-29,4442.7
2014-07-30,4462.9
2014-07-31,4369.77
2014-08-01,4352.64
2014-08-04,4383.89
2014-08-05,4352.84
2014-08-06,4355.05
2014-08-07,4334.97
2014-08-08,4370.9
2014-08-11,4401.33
2014-08-12,4389.25
2014-08-13,4434.13
2014-08-14,4453
2014-08-15,4464.93
2014-08-18,4508.31
2014-08-19,4527.51
2014-08-20,4526.48
2014-08-21,4532.1
2014-08-22,4538.55
2014-08-25,4557.35
2014-08-26,4570.64
2014-08-27,4569.62
2014-08-28,4557.69
2014-08-29,4580.27
2014-09-02,4598.19
2014-09-03,4572.57
2014-09-04,4562.29
2014-09-05,4582.9
2014-09-08,4592.29
2014-09-09,4552.29
2014-09-10,4586.52
2014-09-11,4591.81
2014-09-12,4567.6
2014-09-15,4518.9
2014-09-16,4552.76
2014-09-17,4562.19
2014-09-18,4593.43
2014-09-19,4579.79
2014-09-22,4527.69
2014-09-23,4508.69
2014-09-24,4555.22
2014-09-25,4466.75
2014-09-26,4512.19
2014-09-29,4505.85
2014-09-30,4493.39
2014-10-01,4422.09
2014-10-02,4430.19
2014-10-03,4475.62
2014-10-06,4454.8
2014-10-07,4385.2
2014-10-08,4468.59
2014-10-09,4378.34
2014-10-10,4276.24
2014-10-13,4213.66
2014-10-14,4227.17
2014-10-15,4215.32
2014-10-16,4217.39
2014-10-17,4258.44
2014-10-20,4316.07
2014-10-21,4419.48
2014-10-22,4382.85
2014-10-23,4452.79
2014-10-24,4483.72
2014-10-27,4485.93
2014-10-28,4564.29
2014-10-29,4549.23
2014-10-30,4566.14
2014-10-31,4630.74
2014-11-03,4638.91
2014-11-04,4623.64
2014-11-05,4620.72
2014-11-06,4638.47
2014-11-07,4632.53
2014-11-10,4651.62
2014-11-11,4660.56
2014-11-12,4675.13
2014-11-13,4680.14
2014-11-14,4688.54
2014-11-17,4671
2014-11-18,4702.44
2014-11-19,4675.71
2014-11-20,4701.87
2014-11-21,4712.97
2014-11-24,4754.89
2014-11-25,4758.25
2014-11-26,4787.32
2014-11-28,4791.63
2014-12-01,4727.35
2014-12-02,4755.81
2014-12-03,4774.47
2014-12-04,4769.44
2014-12-05,4780.76
2014-12-08,4740.69
2014-12-09,4766.47
2014-12-10,4684.03
2014-12-11,4708.16
2014-12-12,4653.6
2014-12-15,4605.16
2014-12-16,4547.83
2014-12-17,4644.31
2014-12-18,4748.4
2014-12-19,4765.38
2014-12-22,4781.42
2014-12-23,4765.42
2014-12-24,4773.47
2014-12-26,4806.86
2014-12-29,4806.91
2014-12-30,4777.44
2014-12-31,4736.05
2015-01-02,4726.81
2015-01-05,4652.57
2015-01-06,4592.74
2015-01-07,4650.47
2015-01-08,4736.19
2015-01-09,4704.07
2015-01-12,4664.71
2015-01-13,4661.5
2015-01-14,4639.32
2015-01-15,4570.82
2015-01-16,4634.38
2015-01-20,4654.85
2015-01-21,4667.42
2015-01-22,4750.4
2015-01-23,4757.88
2015-01-26,4771.76
2015-01-27,4681.5
2015-01-28,4637.99
2015-01-29,4683.41
2015-01-30,4635.24
2015-02-02,4676.69
2015-02-03,4727.74
2015-02-04,4716.7
2015-02-05,4765.1
2015-02-06,4744.4
2015-02-09,4726.01
2015-02-10,4787.64
2015-02-11,4801.18
2015-02-12,4857.61
2015-02-13,4893.84
2015-02-17,4899.27
2015-02-18,4906.36
2015-02-19,4924.7
2015-02-20,4955.97
2015-02-23,4960.97
2015-02-24,4968.12
2015-02-25,4967.14
2015-02-26,4987.89
2015-02-27,4963.53
2015-03-02,5008.1
2015-03-03,4979.9
2015-03-04,4967.14
2015-03-05,4982.81
2015-03-06,4927.37
2015-03-09,4942.44
2015-03-10,4859.79
2015-03-11,4849.94
2015-03-12,4893.29
2015-03-13,4871.76
2015-03-16,4929.51
2015-03-17,4937.43
2015-03-18,4982.83
2015-03-19,4992.38
2015-03-20,5026.42
2015-03-23,5010.97
2015-03-24,4994.73
2015-03-25,4876.52
2015-03-26,4863.36
2015-03-27,4891.22
2015-03-30,4947.44
2015-03-31,4900.88
2015-04-01,4880.23
2015-04-02,4886.94
2015-04-06,4917.32
2015-04-07,4910.23
2015-04-08,4950.82
2015-04-09,4974.56
2015-04-10,4995.98
2015-04-13,4988.25
2015-04-14,4977.29
2015-04-15,5011.02
2015-04-16,5007.79
2015-04-17,4931.81
2015-04-20,4994.6
2015-04-21,5014.1
2015-04-22,5035.17
2015-04-23,5056.06
2015-04-24,5092.08
2015-04-27,5060.25
2015-04-28,5055.42
2015-04-29,5023.64
2015-04-30,4941.42
2015-05-01,5005.39
2015-05-04,5016.93
2015-05-05,4939.33
2015-05-06,4919.64
2015-05-07,4945.54
2015-05-08,5003.55
2015-05-11,4993.57
2015-05-12,4976.19
2015-05-13,4981.69
2015-05-14,5050.8
2015-05-15,5048.29
2015-05-18,5078.44
2015-05-19,5070.03
2015-05-20,5071.74
2015-05-21,5090.79
2015-05-22,5089.36
2015-05-26,5032.75
2015-05-27,5106.59
2015-05-28,5097.98
2015-05-29,5070.03
2015-06-01,5082.93
2015-06-02,5076.52
2015-06-03,5099.23
2015-06-04,5059.12
2015-06-05,5068.46
2015-06-08,5021.63
2015-06-09,5013.87
2015-06-10,5076.69
2015-06-11,5082.51
2015-06-12,5051.1
2015-06-15,5029.97
2015-06-16,5055.55
2015-06-17,5064.88
2015-06-18,5132.95
2015-06-19,5117
2015-06-22,5153.97
2015-06-23,5160.09
2015-06-24,5122.41
2015-06-25,5112.19
2015-06-26,5080.51
2015-06-29,4958.47
2015-06-30,4986.87
2015-07-01,5013.12
2015-07-02,5009.21
2015-07-06,4991.94
2015-07-07,4997.46
2015-07-08,4909.76
2015-07-09,4922.4
2015-07-10,4997.7
2015-07-13,5071.51
2015-07-14,5104.89
2015-07-15,5098.94
2015-07-16,5163.18
2015-07-17,5210.14
2015-07-20,5218.86
2015-07-21,5208.12
2015-07-22,5171.77
2015-07-23,5146.41
2015-07-24,5088.63
2015-07-27,5039.78
2015-07-28,5089.21
2015-07-29,5111.73
2015-07-30,5128.78
2015-07-31,5128.28
2015-08-03,5115.38
2015-08-04,5105.55
2015-08-05,5139.94
2015-08-06,5056.44
2015-08-07,5043.54
2015-08-10,5101.8
2015-08-11,5036.79
2015-08-12,5044.39
2015-08-13,5033.56
2015-08-14,5048.24
2015-08-17,5091.7
2015-08-18,5059.35
2015-08-19,5019.05
2015-08-20,4877.49
2015-08-21,4706.04
2015-08-24,4526.25
2015-08-25,4506.49
2015-08-26,4697.54
2015-08-27,4812.71
2015-08-28,4828.32
2015-08-31,4776.51
2015-09-01,4636.1
2015-09-02,4749.98
2015-09-03,4733.5
2015-09-04,4683.92
2015-09-08,4811.93
2015-09-09,4756.53
2015-09-10,4796.25
2015-09-11,4822.34
2015-09-14,4805.76
2015-09-15,4860.52
2015-09-16,4889.24
2015-09-17,4893.95
2015-09-18,4827.23
2015-09-21,4828.95
2015-09-22,4756.72
2015-09-23,4752.74
2015-09-24,4734.48
2015-09-25,4686.5
2015-09-28,4543.97
2015-09-29,4517.32
2015-09-30,4620.16
2015-10-01,4627.08
2015-10-02,4707.78
2015-10-05,4781.26
2015-10-06,4748.36
2015-10-07,4791.15
2015-10-08,4810.79
2015-10-09,4830.47
2015-10-12,4838.64
2015-10-13,4796.61
2015-10-14,4782.85
2015-10-15,4870.1
2015-10-16,4886.69
2015-10-19,4905.47
2015-10-20,4880.97
2015-10-21,4840.12
2015-10-22,4920.05
2015-10-23,5031.86
2015-10-26,5034.7
2015-10-27,5030.15
2015-10-28,5095.69
2015-10-29,5074.27
2015-10-30,5053.75
2015-11-02,5127.15
2015-11-03,5145.13
2015-11-04,5142.48
2015-11-05,5127.74
2015-11-06,5147.12
2015-11-09,5095.3
2015-11-10,5083.24
2015-11-11,5067.02
2015-11-12,5005.08
2015-11-13,4927.88
2015-11-16,4984.62
2015-11-17,4986.01
2015-11-18,5075.2
2015-11-19,5073.64
2015-11-20,5104.92
2015-11-23,5102.48
2015-11-24,5102.81
2015-11-25,5116.14
2015-11-27,5127.52
2015-11-30,5108.67
2015-12-01,5156.31
2015-12-02,5123.22
2015-12-03,5037.53
2015-12-04,5142.27
2015-12-07,5101.81
2015-12-08,5098.24
2015-12-09,5022.87
2015-12-10,5045.17
2015-12-11,4933.47
2015-12-14,4952.23
2015-12-15,4995.36
2015-12-16,5071.13
2015-12-17,5002.55
2015-12-18,4923.08
2015-12-21,4968.92
2015-12-22,5001.11
2015-12-23,5045.93
2015-12-24,5048.49
2015-12-28,5040.99
2015-12-29,5107.94
2015-12-30,5065.85
2015-12-31,5007.41
2016-01-04,4903.09
2016-01-05,4891.43
2016-01-06,4835.76
2016-01-07,4689.43
2016-01-08,4643.63
2016-01-11,4637.99
2016-01-12,4685.92
2016-01-13,4526.06
2016-01-14,4615
2016-01-15,4488.42
2016-01-19,4476.95
2016-01-20,4471.69
2016-01-21,4472.06
2016-01-22,4591.18
2016-01-25,4518.49
2016-01-26,4567.67
2016-01-27,4468.17
2016-01-28,4506.68
2016-01-29,4613.95
2016-02-01,4620.37
2016-02-02,4516.95
2016-02-03,4504.24
2016-02-04,4509.56
2016-02-05,4363.14
2016-02-08,4283.75
2016-02-09,4268.76
2016-02-10,4283.59
2016-02-11,4266.84
2016-02-12,4337.51
2016-02-16,4435.96
2016-02-17,4534.06
2016-02-18,4487.54
2016-02-19,4504.43
2016-02-22,4570.61
2016-02-23,4503.58
2016-02-24,4542.61
2016-02-25,4582.2
2016-02-26,4590.47
2016-02-29,4557.95
2016-03-01,4689.6
2016-03-02,4703.42
2016-03-03,4707.42
2016-03-04,4717.02
2016-03-07,4708.25
2016-03-08,4648.82
2016-03-09,4674.38
2016-03-10,4662.16
2016-03-11,4748.47
2016-03-14,4750.28
2016-03-15,4728.67
2016-03-16,4763.97
2016-03-17,4774.99
2016-03-18,4795.65
2016-03-21,4808.87
2016-03-22,4821.66
2016-03-23,4768.86
2016-03-24,4773.5
2016-03-28,4766.79
2016-03-29,4846.62
2016-03-30,4869.29
2016-03-31,4869.85
2016-04-01,4914.54
2016-04-04,4891.8
2016-04-05,4843.93
2016-04-06,4920.72
2016-04-07,4848.37
2016-04-08,4850.69
2016-04-11,4833.4
2016-04-12,4872.09
2016-04-13,4947.42
2016-04-14,4945.89
2016-04-15,4938.22
2016-04-18,4960.02
2016-04-19,4940.33
2016-04-20,4948.13
2016-04-21,4945.89
2016-04-22,4906.23
2016-04-25,4895.79
2016-04-26,4888.28
2016-04-27,4863.14
2016-04-28,4805.29
2016-04-29,4775.36
2016-05-02,4817.59
2016-05-03,4763.22
2016-05-04,4725.64
2016-05-05,4717.09
2016-05-06,4736.16
2016-05-09,4750.21
2016-05-10,4809.88
2016-05-11,4760.69
2016-05-12,4737.33
2016-05-13,4717.68
2016-05-16,4775.46
2016-05-17,4715.73
2016-05-18,4739.12
2016-05-19,4712.53
2016-05-20,4769.56
2016-05-23,4765.78
2016-05-24,4861.06
2016-05-25,4894.89
2016-05-26,4901.77
2016-05-27,4933.5
2016-05-31,4948.05
2016-06-01,4952.25
2016-06-02,4971.36
2016-06-03,4942.52
2016-06-06,4968.71
2016-06-07,4961.75
2016-06-08,4974.64
2016-06-09,4958.62
2016-06-10,4894.55
2016-06-13,4848.44
2016-06-14,4843.55
2016-06-15,4834.93
2016-06-16,4844.91
2016-06-17,4800.34
2016-06-20,4837.21
2016-06-21,4843.76302
2016-06-22,4833.32
2016-06-23,4910.04
2016-06-24,4707.98
2016-06-27,4594.44
2016-06-28,4691.87
2016-06-29,4779.25
2016-06-30,4842.67
2016-07-01,4862.57
2016-07-05,4822.9
2016-07-06,4859.16
2016-07-07,4876.81
2016-07-08,4956.76
2016-07-11,4988.64
2016-07-12,5022.82
2016-07-13,5005.73
2016-07-14,5034.06
2016-07-15,5029.59
2016-07-18,5055.78
2016-07-19,5036.37
2016-07-20,5089.93
2016-07-21,5073.9
2016-07-22,5100.16
2016-07-25,5097.63
2016-07-26,5110.05
2016-07-27,5139.81
2016-07-28,5154.98
2016-07-29,5162.13
2016-08-01,5184.2
2016-08-02,5137.73
2016-08-03,5159.74
2016-08-04,5166.25
2016-08-05,5221.12
2016-08-08,5213.14
2016-08-09,5225.48
2016-08-10,5204.58
2016-08-11,5228.4
2016-08-12,5232.89
2016-08-15,5262.02
2016-08-16,5227.11
2016-08-17,5228.66
2016-08-18,5240.15
2016-08-19,5238.38
2016-08-22,5244.6
2016-08-23,5260.08
2016-08-24,5217.69
2016-08-25,5212.2
2016-08-26,5218.92
2016-08-29,5232.33
2016-08-30,5222.99
2016-08-31,5213.22
2016-09-01,5227.21
2016-09-02,5249.9
2016-09-06,5275.91
2016-09-07,5283.93
2016-09-08,5259.48
2016-09-09,5125.91
2016-09-12,5211.89
2016-09-13,5155.25
2016-09-14,5173.77
2016-09-15,5249.69
2016-09-16,5244.57
2016-09-19,5235.03
2016-09-20,5241.35
2016-09-21,5295.18
2016-09-22,5339.52
2016-09-23,5305.75
2016-09-26,5257.49
2016-09-27,5305.71
2016-09-28,5318.55
2016-09-29,5269.15
2016-09-30,5312
2016-10-03,5300.87
2016-10-04,5289.66
2016-10-05,5316.02
2016-10-06,5306.85
2016-10-07,5292.4
2016-10-10,5328.67
2016-10-11,5246.79
2016-10-12,5239.02
2016-10-13,5213.33
2016-10-14,5214.16
2016-10-17,5199.82
2016-10-18,5243.84
2016-10-19,5246.41
2016-10-20,5241.83
2016-10-21,5257.4
2016-10-24,5309.83
2016-10-25,5283.4
2016-10-26,5250.27
2016-10-27,5215.97
2016-10-28,5190.1
2016-10-31,5189.13
2016-11-01,5153.58
2016-11-02,5105.57
2016-11-03,5058.41
2016-11-04,5046.37
2016-11-07,5166.17
2016-11-08,5193.49
2016-11-09,5251.07
2016-11-10,5208.8
2016-11-11,5237.11
2016-11-14,5218.4
2016-11-15,5275.62
2016-11-16,5294.58
2016-11-17,5333.97
2016-11-18,5321.51
2016-11-21,5368.86
2016-11-22,5386.35
2016-11-23,5380.68
2016-11-25,5398.92
2016-11-28,5368.81
2016-11-29,5379.92
2016-11-30,5323.68
2016-12-01,5251.11
2016-12-02,5255.65
2016-12-05,5308.89
2016-12-06,5333
2016-12-07,5393.76
2016-12-08,5417.36
2016-12-09,5444.5
2016-12-12,5412.54
2016-12-13,5463.83
2016-12-14,5436.67
2016-12-15,5456.85
2016-12-16,5437.16
2016-12-19,5457.44
2016-12-20,5483.94
2016-12-21,5471.43
2016-12-22,5447.42
2016-12-23,5462.69
2016-12-27,5487.44
2016-12-28,5438.56
2016-12-29,5432.09
2016-12-30,5383.12
2017-01-03,5429.08
2017-01-04,5477
2017-01-05,5487.94
2017-01-06,5521.06
2017-01-09,5531.82
2017-01-10,5551.82
2017-01-11,5563.65
2017-01-12,5547.49
2017-01-13,5574.12
2017-01-17,5538.73
2017-01-18,5555.65
2017-01-19,5540.08
2017-01-20,5555.33
2017-01-23,5552.94
2017-01-24,5600.96
2017-01-25,5656.34
2017-01-26,5655.18
2017-01-27,5660.78
2017-01-30,5613.71
2017-01-31,5614.79
2017-02-01,5642.65
2017-02-02,5636.2
2017-02-03,5666.77
2017-02-06,5663.55
2017-02-07,5674.22
2017-02-08,5682.45
2017-02-09,5715.18
2017-02-10,5734.13
2017-02-13,5763.96
2017-02-14,5782.57
2017-02-15,5819.44
2017-02-16,5814.9
2017-02-17,5838.58
2017-02-21,5865.95
2017-02-22,5860.63
2017-02-23,5835.51
2017-02-24,5845.31
2017-02-27,5861.9
2017-02-28,5825.44
2017-03-01,5904.03
2017-03-02,5861.22
2017-03-03,5870.75
2017-03-06,5849.17
2017-03-07,5833.93
2017-03-08,5837.55
2017-03-09,5838.81
2017-03-10,5861.73
2017-03-13,5875.78
2017-03-14,5856.82
2017-03-15,5900.05
2017-03-16,5900.76
2017-03-17,5901
2017-03-20,5901.53
2017-03-21,5793.83
2017-03-22,5821.64
2017-03-23,5817.69
2017-03-24,5828.74
2017-03-27,5840.37
2017-03-28,5875.14
2017-03-29,5897.55
2017-03-30,5914.34
2017-03-31,5911.74
2017-04-03,5894.68
2017-04-04,5898.61
2017-04-05,5864.48
2017-04-06,5878.95
2017-04-07,5877.81
2017-04-10,5880.93
2017-04-11,5866.77
2017-04-12,5836.16
2017-04-13,5805.15
2017-04-17,5856.79
2017-04-18,5849.47
2017-04-19,5863.03
2017-04-20,5916.78
2017-04-21,5910.52
2017-04-24,5983.82
2017-04-25,6025.49
2017-04-26,6025.23
2017-04-27,6048.94
2017-04-28,6047.61
2017-05-01,6091.6
2017-05-02,6095.37
2017-05-03,6072.55
2017-05-04,6075.34
2017-05-05,6100.76
2017-05-08,6102.66
2017-05-09,6120.59
2017-05-10,6129.14
2017-05-11,6115.96
2017-05-12,6121.23
2017-05-15,6149.67
2017-05-16,6169.87
2017-05-17,6011.24
2017-05-18,6055.13
2017-05-19,6083.7
2017-05-22,6133.62
2017-05-23,6138.71
2017-05-24,6163.02
2017-05-25,6205.26
2017-05-26,6210.19
2017-05-30,6203.19
2017-05-31,6198.52
2017-06-01,6246.83
2017-06-02,6305.8
2017-06-05,6295.68
2017-06-06,6275.06
2017-06-07,6297.38
2017-06-08,6321.76
2017-06-09,6207.92
2017-06-12,6175.46
2017-06-13,6220.37
2017-06-14,6194.89
2017-06-15,6165.5
2017-06-16,6151.76
2017-06-19,6239.01
2017-06-20,6188.03
2017-06-21,6233.95
2017-06-22,6236.69
2017-06-23,6265.25
2017-06-26,6247.15
2017-06-27,6146.62
2017-06-28,6234.41
2017-06-29,6144.35
2017-06-30,6140.42
2017-07-03,6110.06
2017-07-05,6150.86
2017-07-06,6089.46
2017-07-07,6153.08
2017-07-10,6176.39
2017-07-11,6193.3
2017-07-12,6261.17
2017-07-13,6274.44
2017-07-14,6312.47
2017-07-17,6314.43
2017-07-18,6344.31
2017-07-19,6385.04
2017-07-20,6390
2017-07-21,6387.75
2017-07-24,6410.81
2017-07-25,6412.17
2017-07-26,6422.75
2017-07-27,6382.19
2017-07-28,6374.68
2017-07-31,6348.12
2017-08-01,6362.94
2017-08-02,6362.65
2017-08-03,6340.34
2017-08-04,6351.56
2017-08-07,6383.77
2017-08-08,6370.46
2017-08-09,6352.33
2017-08-10,6216.87
2017-08-11,6256.56
2017-08-14,6340.23
2017-08-15,6333.01
2017-08-16,6345.11
2017-08-17,6221.91
2017-08-18,6216.53
2017-08-21,6213.13
2017-08-22,6297.48
2017-08-23,6278.41
2017-08-24,6271.33
2017-08-25,6265.64
2017-08-28,6283.02
2017-08-29,6301.89
2017-08-30,6368.31
2017-08-31,6428.66
2017-09-01,6435.33
2017-09-05,6375.57
2017-09-06,6393.31
2017-09-07,6397.87
2017-09-08,6360.19
2017-09-11,6432.26
2017-09-12,6454.28
2017-09-13,6460.19
2017-09-14,6429.08
2017-09-15,6448.47
2017-09-18,6454.64
2017-09-19,6461.32
2017-09-20,6456.04
2017-09-21,6422.69
2017-09-22,6426.92
2017-09-25,6370.59
2017-09-26,6380.16
2017-09-27,6453.26
2017-09-28,6453.45
2017-09-29,6495.96
2017-10-02,6516.72
2017-10-03,6531.71
2017-10-04,6534.63
2017-10-05,6585.36
2017-10-06,6590.18
2017-10-09,6579.73
2017-10-10,6587.25
2017-10-11,6603.55
2017-10-12,6591.51
2017-10-13,6605.8
2017-10-16,6624
2017-10-17,6623.66
2017-10-18,6624.22
2017-10-19,6605.07
2017-10-20,6629.05
2017-10-23,6586.83
2017-10-24,6598.43
2017-10-25,6563.89
2017-10-26,6556.77
2017-10-27,6701.26
2017-10-30,6698.96
2017-10-31,6727.67
2017-11-01,6716.53
2017-11-02,6714.94
2017-11-03,6764.44
2017-11-06,6786.44
2017-11-07,6767.78
2017-11-08,6789.12
2017-11-09,6750.05
2017-11-10,6750.94
2017-11-13,6757.6
2017-11-14,6737.87
2017-11-15,6706.21
2017-11-16,6793.29
2017-11-17,6782.79
2017-11-20,6790.71
2017-11-21,6862.48
2017-11-22,6867.36
2017-11-24,6889.16
2017-11-27,6878.52
2017-11-28,6912.36
2017-11-29,6824.39
2017-11-30,6873.97
2017-12-01,6847.59
2017-12-04,6775.37
2017-12-05,6762.21
2017-12-06,6776.38
2017-12-07,6812.84
2017-12-08,6840.08
2017-12-11,6875.08
2017-12-12,6862.32
2017-12-13,6875.8
2017-12-14,6856.53
2017-12-15,6936.58
2017-12-18,6994.76
2017-12-19,6963.85
2017-12-20,6960.96
2017-12-21,6965.36
2017-12-22,6959.96
2017-12-26,6936.25
2017-12-27,6939.34
2017-12-28,6950.16
2017-12-29,6903.39
2018-01-02,7006.9
2018-01-03,7065.53
2018-01-04,7077.91
2018-01-05,7136.56
2018-01-08,7157.39
2018-01-09,7163.58
2018-01-10,7153.57
2018-01-11,7211.78
2018-01-12,7261.06
2018-01-16,7223.69
2018-01-17,7298.28
2018-01-18,7296.05
2018-01-19,7336.38
2018-01-22,7408.03
2018-01-23,7460.29
2018-01-24,7415.06
2018-01-25,7411.16
2018-01-26,7505.77
2018-01-29,7466.51
2018-01-30,7402.48
2018-01-31,7411.48
2018-02-01,7385.86
2018-02-02,7240.95
2018-02-05,6967.53
2018-02-06,7115.88
2018-02-07,7051.98
2018-02-08,6777.16
2018-02-09,6874.49
2018-02-12,6981.96
2018-02-13,7013.51
2018-02-14,7143.62
2018-02-15,7256.43
2018-02-16,7239.47
2018-02-20,7234.31
2018-02-21,7218.23
2018-02-22,7210.09
2018-02-23,7337.39
2018-02-26,7421.46
2018-02-27,7330.35
2018-02-28,7273.01
2018-03-01,7180.56
2018-03-02,7257.87
2018-03-05,7330.7
2018-03-06,7372.01
2018-03-07,7396.65
2018-03-08,7427.95
2018-03-09,7560.81
2018-03-12,7588.32
2018-03-13,7511.01
2018-03-14,7496.81
2018-03-15,7481.74
2018-03-16,7481.99
2018-03-19,7344.24
2018-03-20,7364.3
2018-03-21,7345.29
2018-03-22,7166.68
2018-03-23,6992.67
2018-03-26,7220.54
2018-03-27,7008.81
2018-03-28,6949.23
2018-03-29,7063.44
2018-04-02,6870.12
2018-04-03,6941.28
2018-04-04,7042.11
2018-04-05,7076.55
2018-04-06,6915.11
2018-04-09,6950.34
2018-04-10,7094.3
2018-04-11,7069.03
2018-04-12,7140.25
2018-04-13,7106.65
2018-04-16,7156.28
2018-04-17,7281.1
2018-04-18,7295.24
2018-04-19,7238.06
2018-04-20,7146.13
2018-04-23,7128.6
2018-04-24,7007.35
2018-04-25,7003.74
2018-04-26,7118.68
2018-04-27,7119.8
2018-04-30,7066.27
2018-05-01,7130.7
2018-05-02,7100.9
2018-05-03,7088.15
2018-05-04,7209.62
2018-05-07,7265.21
2018-05-08,7266.9
2018-05-09,7339.91
2018-05-10,7404.97
2018-05-11,7402.88
2018-05-14,7411.32
2018-05-15,7351.63
2018-05-16,7398.3
2018-05-17,7382.47
2018-05-18,7354.34
2018-05-21,7394.04
2018-05-22,7378.46
2018-05-23,7425.96
2018-05-24,7424.43
2018-05-25,7433.85
2018-05-29,7396.59
2018-05-30,7462.45
2018-05-31,7442.12
2018-06-01,7554.33
2018-06-04,7606.46
2018-06-05,7637.86
2018-06-06,7689.24
2018-06-07,7635.07
2018-06-08,7645.51
2018-06-11,7659.93
2018-06-12,7703.79
2018-06-13,7695.7
2018-06-14,7761.04
2018-06-15,7746.38
2018-06-18,7747.03
2018-06-19,7725.59
2018-06-20,7781.51
2018-06-21,7712.95
2018-06-22,7692.82
2018-06-25,7532.01
2018-06-26,7561.63
2018-06-27,7445.08
2018-06-28,7503.68
2018-06-29,7510.3
2018-07-02,7567.69
2018-07-03,7502.67
2018-07-05,7586.43
2018-07-06,7688.39
2018-07-09,7756.2
2018-07-10,7759.2
2018-07-11,7716.61
2018-07-12,7823.92
2018-07-13,7825.98
2018-07-16,7805.72
2018-07-17,7855.12
2018-07-18,7854.44
2018-07-19,7825.3
2018-07-20,7820.2
2018-07-23,7841.87
2018-07-24,7840.77
2018-07-25,7932.24
2018-07-26,7852.18
2018-07-27,7737.42
2018-07-30,7630
2018-07-31,7671.79
2018-08-01,7707.29
2018-08-02,7802.69
2018-08-03,7812.01
2018-08-06,7859.68
2018-08-07,7883.66
2018-08-08,7888.33
2018-08-09,7891.78
2018-08-10,7839.11
2018-08-13,7819.71
2018-08-14,7870.89
2018-08-15,7774.12
2018-08-16,7806.52
2018-08-17,7816.33
2018-08-20,7821.01
2018-08-21,7859.17
2018-08-22,7889.1
2018-08-23,7878.46
2018-08-24,7945.98
2018-08-27,8017.9
2018-08-28,8030.04
2018-08-29,8109.69
2018-08-30,8088.36
2018-08-31,8109.54
2018-09-04,8091.25
2018-09-05,7995.17
2018-09-06,7922.73
2018-09-07,7902.54
2018-09-10,7924.16
2018-09-11,7972.47
2018-09-12,7954.23
2018-09-13,8013.71
2018-09-14,8010.04
2018-09-17,7895.79
2018-09-18,7956.11
2018-09-19,7950.04
2018-09-20,8028.23
2018-09-21,7986.96
2018-09-24,7993.25
2018-09-25,8007.47
2018-09-26,7990.37
2018-09-27,8041.97
2018-09-28,8046.35
2018-10-01,8037.3
2018-10-02,7999.55
2018-10-03,8025.09
2018-10-04,7879.51
2018-10-05,7788.45
2018-10-08,7735.95
2018-10-09,7738.02
2018-10-10,7422.05
2018-10-11,7329.06
2018-10-12,7496.89
2018-10-15,7430.74
2018-10-16,7645.49
2018-10-17,7642.7
2018-10-18,7485.14
2018-10-19,7449.03
2018-10-22,7468.63
2018-10-23,7437.54
2018-10-24,7108.4
2018-10-25,7318.34
2018-10-26,7167.21
2018-10-29,7050.29
2018-10-30,7161.65
2018-10-31,7305.9
2018-11-01,7434.06
2018-11-02,7356.99
2018-11-05,7328.85
2018-11-06,7375.96
2018-11-07,7570.75
2018-11-08,7530.88
2018-11-09,7406.9
2018-11-12,7200.87
2018-11-13,7200.87
2018-11-14,7136.39
2018-11-15,7259.03
2018-11-16,7247.87
2018-11-19,7028.48
2018-11-20,6908.82
2018-11-21,6972.25
2018-11-23,6938.98
2018-11-26,7081.85
2018-11-27,7082.7
2018-11-28,7291.59
2018-11-29,7273.08
2018-11-30,7330.54
2018-12-03,7441.51
2018-12-04,7158.43
2018-12-06,7188.26
2018-12-07,6969.25
2018-12-10,7020.52
2018-12-11,7031.83
2018-12-12,7098.31
2018-12-13,7070.33
2018-12-14,6910.66
2018-12-17,6753.73
2018-12-18,6783.91
2018-12-19,6636.83
2018-12-20,6528.41
2018-12-21,6332.99
2018-12-24,6192.92
2018-12-26,6554.36
2018-12-27,6579.49
2018-12-28,6584.52
2018-12-31,6635.28
2019-01-02,6665.94
2019-01-03,6463.5
2019-01-04,6738.86
2019-01-07,6823.47
2019-01-08,6897
2019-01-09,6957.08
2019-01-10,6986.07
2019-01-11,6971.48
2019-01-14,6905.92
2019-01-15,7023.83
2019-01-16,7034.69
2019-01-17,7084.46
2019-01-18,7157.23
2019-01-22,7020.36
2019-01-23,7025.77
2019-01-24,7073.46
2019-01-25,7164.86
2019-01-28,7085.68
2019-01-29,7028.29
2019-01-30,7183.08
2019-01-31,7281.74
2019-02-01,7263.87
2019-02-04,7347.54
2019-02-05,7402.08
2019-02-06,7375.28
2019-02-07,7288.35
2019-02-08,7298.2
2019-02-11,7307.9
2019-02-12,7414.62
2019-02-13,7420.38
2019-02-14,7426.95
2019-02-15,7472.41
2019-02-19,7486.77
2019-02-20,7489.07
2019-02-21,7459.71
2019-02-22,7527.54
2019-02-25,7554.46
2019-02-26,7549.3
2019-02-27,7554.51
2019-02-28,7532.53
2019-03-01,7595.35
2019-03-04,7577.57
2019-03-05,7576.36
2019-03-06,7505.92
2019-03-07,7421.46
2019-03-08,7408.14
2019-03-11,7558.06
2019-03-12,7591.03
2019-03-13,7643.41
2019-03-14,7630.91
2019-03-15,7688.53
2019-03-18,7714.48
2019-03-19,7723.95
2019-03-20,7728.97
2019-03-21,7838.96
2019-03-22,7642.67
2019-03-25,7637.54
2019-03-26,7691.52
2019-03-27,7643.38
2019-03-28,7669.17
2019-03-29,7729.32
2019-04-01,7828.91
2019-04-02,7848.69
2019-04-03,7895.55
2019-04-04,7891.78
2019-04-05,7938.69
2019-04-08,7953.88
2019-04-09,7909.28
2019-04-10,7964.24
2019-04-11,7947.36
2019-04-12,7984.16
2019-04-15,7976.01
2019-04-16,8000.23
2019-04-17,7996.08
2019-04-18,7998.06
2019-04-22,8015.27
2019-04-23,8120.82
2019-04-24,8102.01
2019-04-25,8118.68
2019-04-26,8146.4
2019-04-29,8161.85
2019-04-30,8095.39
2019-05-01,8049.64
2019-05-02,8036.77
2019-05-03,8164
2019-05-06,8123.29
2019-05-07,7963.76
2019-05-08,7943.32
2019-05-09,7910.59
2019-05-10,7916.94
2019-05-13,7647.02
2019-05-14,7734.49
2019-05-15,7822.15
2019-05-16,7898.05
2019-05-17,7816.28
2019-05-20,7702.38
2019-05-21,7785.72
2019-05-22,7750.84
2019-05-23,7628.28
2019-05-24,7637.01
2019-05-28,7607.35
2019-05-29,7547.31
2019-05-30,7567.72
2019-05-31,7453.15
2019-06-03,7333.02
2019-06-04,7527.12
2019-06-05,7575.48
2019-06-06,7615.55
2019-06-07,7742.1
2019-06-10,7823.17
2019-06-11,7822.57
2019-06-12,7792.72
2019-06-13,7837.13
2019-06-14,7796.66
2019-06-17,7845.02
2019-06-18,7953.88
2019-06-19,7987.32
2019-06-20,8051.34
2019-06-21,8031.71
2019-06-24,8005.7
2019-06-25,7884.72
2019-06-26,7909.97
2019-06-27,7967.76
2019-06-28,8006.24
2019-07-01,8091.16
2019-07-02,8109.09
2019-07-03,8170.23
2019-07-05,8161.79
2019-07-08,8098.38
2019-07-09,8141.73
2019-07-10,8202.53
2019-07-11,8196.04
2019-07-12,8244.14
2019-07-15,8258.19
2019-07-16,8222.8
2019-07-17,8185.21
2019-07-18,8207.24
2019-07-19,8146.49
2019-07-22,8204.14
2019-07-23,8251.4
2019-07-24,8321.5
2019-07-25,8238.54
2019-07-26,8330.21
2019-07-29,8293.33
2019-07-30,8273.61
2019-07-31,8175.42
2019-08-01,8111.12
2019-08-02,8004.07
2019-08-05,7726.04
2019-08-06,7833.27
2019-08-07,7862.83
2019-08-08,8039.16
2019-08-09,7959.14
2019-08-12,7863.41
2019-08-13,8016.36
2019-08-14,7773.94
2019-08-15,7766.62
2019-08-16,7895.99
2019-08-19,8002.81
2019-08-20,7948.56
2019-08-21,8020.21
2019-08-22,7991.39
2019-08-23,7751.77
2019-08-26,7853.74
2019-08-27,7826.95
2019-08-28,7856.88
2019-08-29,7973.39
2019-08-30,7962.88
2019-09-03,7874.16
2019-09-04,7976.88
2019-09-05,8116.83
2019-09-06,8103.07
2019-09-09,8087.44
2019-09-10,8084.16
2019-09-11,8169.68
2019-09-12,8194.47
2019-09-13,8176.71
2019-09-16,8153.54
2019-09-17,8186.02
2019-09-18,8177.39
2019-09-19,8182.88
2019-09-20,8117.67
2019-09-23,8112.46
2019-09-24,7993.63
2019-09-25,8077.38
2019-09-26,8030.66
2019-09-27,7939.63
2019-09-30,7999.34
2019-10-01,7908.68
2019-10-02,7785.25
2019-10-03,7872.26
2019-10-04,7982.47
2019-10-07,7956.29
2019-10-08,7823.78
2019-10-09,7903.74
2019-10-10,7950.78
2019-10-11,8057.04
2019-10-14,8048.65
2019-10-15,8148.71
2019-10-16,8124.18
2019-10-17,8156.85
2019-10-18,8089.54
2019-10-21,8162.99
2019-10-22,8104.3
2019-10-23,8119.79
2019-10-24,8185.8
2019-10-25,8243.12
2019-10-28,8325.99
2019-10-29,8276.85
2019-10-30,8303.98
2019-10-31,8292.36
2019-11-01,8386.4
2019-11-04,8433.2
2019-11-05,8434.68
2019-11-06,8410.63
2019-11-07,8434.52
2019-11-08,8475.31
2019-11-11,8464.28
2019-11-12,8486.09
2019-11-13,8482.1
2019-11-14,8479.02
2019-11-15,8540.83
2019-11-18,8549.94
2019-11-19,8570.66
2019-11-20,8526.73
2019-11-21,8506.21
2019-11-22,8519.88
2019-11-25,8632.49
2019-11-26,8647.93
2019-11-27,8705.18
2019-11-29,8665.47
2019-12-02,8567.99
2019-12-03,8520.64
2019-12-04,8566.67
2019-12-05,8570.7
2019-12-06,8656.53
2019-12-09,8621.83
2019-12-10,8616.18
2019-12-11,8654.05
2019-12-12,8717.32
2019-12-13,8734.88
2019-12-16,8814.23
2019-12-17,8823.36
2019-12-18,8827.73
2019-12-19,8887.22
2019-12-20,8924.96
2019-12-23,8945.65
2019-12-24,8952.88
2019-12-26,9022.39
2019-12-27,9006.62
2019-12-30,8945.99
2019-12-31,8972.6
2020-01-02,9092.19
2020-01-03,9020.77
2020-01-06,9071.46
2020-01-07,9068.58
2020-01-08,9129.24
2020-01-09,9203.43
2020-01-10,9178.86
2020-01-13,9273.93
2020-01-14,9251.33
2020-01-15,9258.7
2020-01-16,9357.13
2020-01-17,9388.94
2020-01-21,9370.81
2020-01-22,9383.77
2020-01-23,9402.48
2020-01-24,9314.91
2020-01-27,9139.31
2020-01-28,9269.68
2020-01-29,9275.16
2020-01-30,9298.93
2020-01-31,9150.94
2020-02-03,9273.4
2020-02-04,9467.97
2020-02-05,9508.68
2020-02-06,9572.15
2020-02-07,9520.51
2020-02-10,9628.39
2020-02-11,9638.94
2020-02-12,9725.96
2020-02-13,9711.97
2020-02-14,9731.18
2020-02-18,9732.74
2020-02-19,9817.18
2020-02-20,9750.96
2020-02-21,9576.59
2020-02-24,9221.28
2020-02-25,8965.61
2020-02-26,8980.77
2020-02-27,8566.48
2020-02-28,8567.37
2020-03-02,8952.16
2020-03-03,8684.09
2020-03-04,9018.09
2020-03-05,8738.6
2020-03-06,8575.62
2020-03-09,7950.68
2020-03-10,8344.25
2020-03-11,7952.05
2020-03-12,7201.8
2020-03-13,7874.88
2020-03-16,6904.59
2020-03-17,7334.78
2020-03-18,6989.84
2020-03-19,7150.58
2020-03-20,6879.52
2020-03-23,6860.67
2020-03-24,7417.86
2020-03-25,7384.3
2020-03-26,7797.54
2020-03-27,7502.38
2020-03-30,7774.15
2020-03-31,7700.1
2020-04-01,7360.58
2020-04-02,7487.31
2020-04-03,7373.08
2020-04-06,7913.24
2020-04-07,7887.26
2020-04-08,8090.9
2020-04-09,8153.58
2020-04-13,8192.42
2020-04-14,8515.74
2020-04-15,8393.18
2020-04-16,8532.36
2020-04-17,8650.14
2020-04-20,8560.73
2020-04-21,8263.23
2020-04-22,8495.38
2020-04-23,8494.75
2020-04-24,8634.52
2020-04-27,8730.16
2020-04-28,8607.73
2020-04-29,8914.71
2020-04-30,8889.55
2020-05-01,8604.95
2020-05-04,8710.71
2020-05-05,8809.12
2020-05-06,8854.39
2020-05-07,8979.66
2020-05-08,9121.32
2020-05-11,9192.34
2020-05-12,9002.55
2020-05-13,8863.17
2020-05-14,8943.72
2020-05-15,9014.56
2020-05-18,9234.83
2020-05-19,9185.1
2020-05-20,9375.78
2020-05-21,9284.88
2020-05-22,9324.59
2020-05-26,9340.22
2020-05-27,9412.36
2020-05-28,9368.99
2020-05-29,9489.87
2020-06-01,9552.05
2020-06-02,9608.37
2020-06-03,9682.91
2020-06-04,9615.81
2020-06-05,9814.08
2020-06-08,9924.74
2020-06-09,9953.75
2020-06-10,10020.35
2020-06-11,9492.73
2020-06-12,9588.81
2020-06-15,9726.02
2020-06-16,9895.87
2020-06-17,9910.53
2020-06-18,9943.05
2020-06-19,9946.12
2020-06-22,10056.47
2020-06-23,10131.37
2020-06-24,9909.17
2020-06-25,10017
2020-06-26,9757.22
2020-06-29,9874.15
2020-06-30,10058.77
2020-07-01,10154.63
2020-07-02,10207.63
2020-07-06,10433.65
2020-07-07,10343.89
2020-07-08,10492.5
2020-07-09,10547.75
2020-07-10,10617.44
2020-07-13,10390.84
2020-07-14,10488.58
2020-07-15,10550.49
2020-07-16,10473.83
2020-07-17,10503.19
2020-07-20,10767.09
2020-07-21,10680.36
2020-07-22,10706.13
2020-07-23,10461.42
2020-07-24,10363.18
2020-07-27,10536.27
2020-07-28,10402.09
2020-07-29,10542.94
2020-07-30,10587.81
2020-07-31,10745.27
2020-08-03,10902.8
2020-08-04,10941.17
2020-08-05,10998.4
2020-08-06,11108.07
2020-08-07,11010.98
2020-08-10,10968.36
2020-08-11,10782.82
2020-08-12,11012.24
2020-08-13,11042.5
2020-08-14,11019.3
2020-08-17,11129.73
2020-08-18,11210.84
2020-08-19,11146.46
2020-08-20,11264.95
2020-08-21,11311.8
2020-08-24,11379.72
2020-08-25,11466.47
2020-08-26,11665.06
2020-08-27,11625.34
2020-08-28,11695.63
2020-08-31,11775.46
2020-09-01,11939.6668
2020-09-02,12056.4432
2020-09-03,11458.1014
2020-09-04,11313.1345
2020-09-08,10847.6904
2020-09-09,11141.5642
2020-09-10,10919.5931
2020-09-11,10853.5452
2020-09-14,11056.6506
2020-09-15,11190.324
2020-09-16,11050.4691
2020-09-17,10910.2768
2020-09-18,10793.2819
2020-09-21,10778.7982
2020-09-22,10963.637
2020-09-23,10632.9853
2020-09-24,10672.2662
2020-09-25,10913.5618
2020-09-28,11117.525
2020-09-29,11085.2484
2020-09-30,11167.5069
2020-10-01,11326.5071
2020-10-02,11075.0163
2020-10-05,11332.4851
2020-10-06,11154.6036
2020-10-07,11364.5989
2020-10-08,11420.9796
2020-10-09,11579.9436
2020-10-12,11876.2592
2020-10-13,11863.8955
2020-10-14,11768.7288
2020-10-15,11713.8705
2020-10-16,11671.5553
2020-10-19,11478.8828
2020-10-20,11516.4944
2020-10-21,11484.6942
2020-10-22,11506.0058
2020-10-23,11548.2816
2020-10-26,11358.9368
2020-10-27,11431.3505
2020-10-28,11004.8682
2020-10-29,11185.5928
2020-10-30,10911.5909
2020-11-02,10957.6114
2020-11-03,11160.5724
2020-11-04,11590.7807
2020-11-05,11890.927
2020-11-06,11895.2296
2020-11-09,11713.7825
2020-11-10,11553.8559
2020-11-11,11786.4309
2020-11-12,11709.5887
2020-11-13,11829.2855
2020-11-16,11924.1291
2020-11-17,11899.3429
2020-11-18,11801.6034
2020-11-19,11904.714
2020-11-20,11854.9697
2020-11-23,11880.6338
2020-11-24,12036.7854
2020-11-25,12094.4022
2020-11-27,12205.8463
2020-11-30,12198.737
2020-12-01,12355.106
2020-12-02,12349.3663
2020-12-03,12377.1815
2020-12-04,12464.2321
2020-12-07,12519.9458
2020-12-08,12582.7735
2020-12-09,12338.9534
2020-12-10,12405.8083
2020-12-11,12377.8721
2020-12-14,12440.04
2020-12-15,12595.0595
2020-12-16,12658.1876
2020-12-17,12764.7454
2020-12-18,12755.6379
2020-12-21,12742.5164
2020-12-22,12807.9182
2020-12-23,12771.1142
2020-12-24,12804.734
2020-12-28,12899.4232
2020-12-29,12850.2211
2020-12-30,12870.0016
2020-12-31,12888.2824
2021-01-04,12698.4471
2021-01-05,12818.9602
2021-01-06,12740.7939
2021-01-07,13067.4798
2021-01-08,13201.9754
2021-01-11,13036.4308
2021-01-12,13072.4339
2021-01-13,13128.9511
2021-01-14,13112.6375
2021-01-15,12998.5023
2021-01-19,13197.1795
2021-01-20,13457.2477
2021-01-21,13530.9149
2021-01-22,13543.0616
2021-01-25,13635.9918
2021-01-26,13626.0649
2021-01-27,13270.5976
2021-01-28,13337.1578
2021-01-29,13070.6945
2021-02-01,13403.3941
2021-02-02,13612.7771
2021-02-03,13610.5432
2021-02-04,13777.7433
2021-02-05,13856.2956
2021-02-08,13987.6419
2021-02-09,14007.6973
2021-02-10,13972.5339
2021-02-11,14025.7744
2021-02-12,14095.4741
2021-02-16,14047.4994
2021-02-17,13965.4948
2021-02-18,13865.3559
2021-02-19,13874.4628
2021-02-22,13533.0483
2021-02-23,13465.1981
2021-02-24,13597.9659
2021-02-25,13119.4307
2021-02-26,13192.3454
2021-03-01,13588.8286
2021-03-02,13358.7871
2021-03-03,12997.7517
2021-03-04,12723.4718
2021-03-05,12920.1477
2021-03-08,12609.161
2021-03-09,13073.8245
2021-03-10,13068.8319
2021-03-11,13398.6727
2021-03-12,13319.8647
2021-03-15,13459.7076
2021-03-16,13471.5672
2021-03-17,13525.2025
2021-03-18,13116.1677
2021-03-19,13215.235
2021-03-22,13377.5422
2021-03-23,13227.697
2021-03-24,12961.8901
2021-03-25,12977.6799
2021-03-26,13138.725
2021-03-29,13059.6466
2021-03-30,13045.3943
2021-03-31,13246.8707
2021-04-01,13480.1055
2021-04-05,13705.5931
2021-04-06,13698.38
2021-04-07,13688.8419
2021-04-08,13829.3097
2021-04-09,13900.1853
2021-04-12,13849.999
2021-04-13,13996.0991
2021-04-14,13857.8403
2021-04-15,14038.7632
2021-04-16,14052.3421
2021-04-19,13914.7652
2021-04-20,13786.2681
2021-04-21,13950.2183
2021-04-22,13818.4126
2021-04-23,14016.8081
2021-04-26,14138.7758
2021-04-27,14090.2157
2021-04-28,14051.0305
2021-04-29,14082.5461
2021-04-30,13962.6812
2021-05-03,13895.1182
2021-05-04,13633.5034
2021-05-05,13582.4248
2021-05-06,13632.8418
2021-05-07,13752.2367
2021-05-10,13401.8576
2021-05-11,13389.4262
2021-05-12,13031.6808
2021-05-13,13124.9882
2021-05-14,13429.9784
2021-05-17,13379.0475
2021-05-18,13303.6357
2021-05-19,13299.7371
2021-05-20,13535.7389
2021-05-21,13470.9925
2021-05-24,13661.1704
2021-05-25,13657.174
2021-05-26,13737.9955
2021-05-27,13736.2757
2021-05-28,13748.7386
2021-06-01,13736.4776
2021-06-02,13756.3272
2021-06-03,13614.5065
2021-06-04,13814.4889
2021-06-07,13881.7208
2021-06-08,13924.911
2021-06-09,13911.7503
2021-06-10,14020.3333
2021-06-11,14069.4234
2021-06-14,14174.1431
2021-06-15,14072.8565
2021-06-16,14039.6838
2021-06-17,14161.3502
2021-06-18,14030.3758
2021-06-21,14141.4804
2021-06-22,14253.2681
2021-06-23,14271.7325
2021-06-24,14369.709
2021-06-25,14360.3877
2021-06-28,14500.5081
2021-06-29,14528.3348
2021-06-30,14503.9534
2021-07-01,14522.3755
2021-07-02,14639.325
2021-07-06,14663.6404
2021-07-07,14665.0631
2021-07-08,14559.7849
2021-07-09,14701.9189
2021-07-12,14733.2397
2021-07-13,14677.6536
2021-07-14,14644.9523
2021-07-15,14543.1334
2021-07-16,14427.2369
2021-07-19,14274.9841
2021-07-20,14498.8779
2021-07-21,14631.9543
2021-07-22,14684.5968
2021-07-23,14836.9911
2021-07-26,14840.7127
2021-07-27,14660.5757
2021-07-28,14762.5843
2021-07-29,14778.2637
2021-07-30,14672.6776
2021-08-02,14681.0689
2021-08-03,14761.2946
2021-08-04,14780.5331
2021-08-05,14895.1171
2021-08-06,14835.7618
2021-08-09,14860.1772
2021-08-10,14788.0868
2021-08-11,14765.1352
2021-08-12,14816.262
2021-08-13,14822.8976
2021-08-16,14793.7624
2021-08-17,14656.1813
2021-08-18,14525.9141
2021-08-19,14541.7885
2021-08-20,14714.6631
2021-08-23,14942.6524
2021-08-24,15019.7995
2021-08-25,15041.8585
2021-08-26,14945.8072
2021-08-27,15129.5011
2021-08-30,15265.8899
2021-08-31,15259.2351
2021-09-01,15309.3812
2021-09-02,15331.177
2021-09-03,15363.5159
2021-09-07,15374.3275
2021-09-08,15286.6374
2021-09-09,15248.2537
2021-09-10,15115.4944
2021-09-13,15105.5821
2021-09-14,15037.7587
2021-09-15,15161.5295
2021-09-16,15181.9239
2021-09-17,15043.9675
2021-09-20,14713.903
2021-09-21,14746.3976
2021-09-22,14896.8472
2021-09-23,15052.2438
2021-09-24,15047.699
2021-09-27,14969.97
2021-09-28,14546.6827
2021-09-29,14512.4409
2021-09-30,14448.5815
2021-10-01,14566.6971
2021-10-04,14255.4848
2021-10-05,14433.8301
2021-10-06,14501.911
2021-10-07,14654.0156
2021-10-08,14579.5373
2021-10-11,14486.2004
2021-10-12,14465.9245
2021-10-13,14571.6352
2021-10-14,14823.4293
2021-10-15,14897.3397
2021-10-18,15021.8091
2021-10-19,15129.0896
2021-10-20,15121.6783
2021-10-21,15215.7
2021-10-22,15090.2004
2021-10-25,15226.7062
2021-10-26,15235.7145
2021-10-27,15235.8377
2021-10-28,15448.1177
2021-10-29,15498.3885
2021-11-01,15595.9154
2021-11-02,15649.6025
2021-11-03,15811.5842
2021-11-04,15940.3075
2021-11-05,15971.5882
2021-11-08,15982.3574
2021-11-09,15886.5426
2021-11-10,15622.7052
2021-11-11,15704.2814
2021-11-12,15860.9577
2021-11-15,15853.8463
2021-11-16,15973.8551
2021-11-17,15921.5709
2021-11-18,15993.7104
2021-11-19,16057.4375
2021-11-22,15854.7574
2021-11-23,15775.1383
2021-11-24,15845.2257
2021-11-26,15491.6568
2021-11-29,15782.8341
2021-11-30,15537.6907
2021-12-01,15254.0521
2021-12-02,15381.3197
2021-12-03,15085.4715
2021-12-06,15225.1525
2021-12-07,15686.9162
2021-12-08,15786.988
2021-12-09,15517.3698
2021-12-10,15630.601
2021-12-13,15413.282
2021-12-14,15237.6398
2021-12-15,15565.583
2021-12-16,15180.4349
2021-12-17,15169.6821
2021-12-20,14980.9442
2021-12-21,15341.0867
2021-12-22,15521.8924
2021-12-23,15653.374
2021-12-27,15871.2619
2021-12-28,15781.7235
2021-12-29,15766.2163
2021-12-30,15741.5641
2021-12-31,15644.9707
2022-01-03,15832.7986
2022-01-04,15622.7185
2022-01-05,15100.1742
2022-01-06,15080.8648
2022-01-07,14935.9017
2022-01-10,14942.8279
2022-01-11,15153.4487
2022-01-12,15188.3923
2022-01-13,14806.8123
2022-01-14,14893.7527
2022-01-18,14506.8966
2022-01-19,14340.2551
2022-01-20,14154.0204
2022-01-21,13768.9218
2022-01-24,13855.1295
2022-01-25,13539.2949
2022-01-26,13542.1189
2022-01-27,13352.783
2022-01-28,13770.5733
2022-01-31,14239.8832
2022-02-01,14346.0027
2022-02-02,14417.5473
2022-02-03,13878.8179
2022-02-04,14098.0067
2022-02-07,14015.6675
2022-02-08,14194.4546
2022-02-09,14490.3729
2022-02-10,14185.6413
2022-02-11,13791.154
2022-02-14,13790.9188
2022-02-15,14139.7573
2022-02-16,14124.0946
2022-02-17,13716.7192
2022-02-18,13548.0657
2022-02-22,13381.5163
2022-02-23,13037.4873
2022-02-24,13473.585
2022-02-25,13694.6244
2022-02-28,13751.3992
2022-03-01,13532.4592
2022-03-02,13752.0162
2022-03-03,13537.9413
2022-03-04,13313.438
2022-03-07,12830.9622
2022-03-08,12795.5513
2022-03-09,13255.5455
2022-03-10,13129.9625
2022-03-11,12843.8081
2022-03-14,12581.2204
2022-03-15,12948.6213
2022-03-16,13436.5529
2022-03-17,13614.7814
2022-03-18,13893.8373
2022-03-21,13838.4602
2022-03-22,14108.8171
2022-03-23,13922.6042
2022-03-24,14191.8391
2022-03-25,14169.2999
2022-03-28,14354.9019
2022-03-29,14619.6362
2022-03-30,14442.2746
2022-03-31,14220.5187
2022-04-01,14261.4998
2022-04-04,14532.5538
2022-04-05,14204.1676
2022-04-06,13888.8171
2022-04-07,13897.3
2022-04-08,13710.996
2022-04-11,13411.9563
2022-04-12,13371.5715
2022-04-13,13643.5872
2022-04-14,13351.0789
2022-04-18,13332.3575
2022-04-19,13619.6565
2022-04-20,13453.0654
2022-04-21,13174.6515
2022-04-22,12839.2932
2022-04-25,13004.8523
2022-04-26,12490.7432
2022-04-27,12488.9331
2022-04-28,12871.5277
2022-04-29,12334.64
2022-05-02,12536.0171
2022-05-03,12563.7574
2022-05-04,12964.8558
2022-05-05,12317.6912
2022-05-06,12144.6619
2022-05-09,11623.2484
2022-05-10,11737.671
2022-05-11,11364.2355
2022-05-12,11370.9615
2022-05-13,11805.0015
2022-05-16,11662.7907
2022-05-17,11984.5229
2022-05-18,11418.1543
2022-05-19,11388.4955
2022-05-20,11354.6171
2022-05-23,11535.2746
2022-05-24,11264.4482
2022-05-25,11434.7407
2022-05-26,11740.6504
2022-05-27,12131.1311
2022-05-31,12081.3912
2022-06-01,11994.4595
2022-06-02,12316.898
2022-06-03,12012.7339
2022-06-06,12061.3702
2022-06-07,12175.2318
2022-06-08,12086.2708
2022-06-09,11754.2255
2022-06-10,11340.0244
2022-06-13,10809.2253
2022-06-14,10828.3454
2022-06-15,11099.1545
2022-06-16,10646.0987
2022-06-17,10798.3495
2022-06-21,11069.3023
2022-06-22,11053.0798
2022-06-23,11232.1926
2022-06-24,11607.6204
2022-06-27,11521.4598
2022-06-28,11181.5402
2022-06-29,11177.8931
2022-06-30,11028.7357
2022-07-01,11127.8451
2022-07-05,11322.2375
2022-07-06,11361.8518
2022-07-07,11621.3457
2022-07-08,11635.3079
2022-07-11,11372.5986
2022-07-12,11264.7279
2022-07-13,11247.5821
2022-07-14,11251.1852
2022-07-15,11452.4211
2022-07-18,11360.0483
2022-07-19,11713.1475
2022-07-20,11897.6514
2022-07-21,12059.6091
2022-07-22,11834.1118
2022-07-25,11782.6665
2022-07-26,11562.5747
2022-07-27,12032.4229
2022-07-28,12162.5932
2022-07-29,12390.6879
2022-08-01,12368.9756
2022-08-02,12348.7579
2022-08-03,12668.1588
2022-08-04,12720.5802
2022-08-05,12657.5547
2022-08-08,12644.4588
2022-08-09,12493.9292
2022-08-10,12854.8047
2022-08-11,12779.9125
2022-08-12,13047.1859
2022-08-15,13128.0531
2022-08-16,13102.5488
2022-08-17,12938.123
2022-08-18,12965.3415
2022-08-19,12705.2151
2022-08-22,12381.573
2022-08-23,12381.3009
2022-08-24,12431.5275
2022-08-25,12639.2654
2022-08-26,12141.7102
2022-08-29,12017.6686
2022-08-30,11883.1364
2022-08-31,11816.2029
2022-09-01,11785.1261
2022-09-02,11630.8645
2022-09-06,11544.9089
2022-09-07,11791.8998
2022-09-08,11862.1286
2022-09-09,12112.307
2022-09-12,12266.4106
2022-09-13,11633.5743
2022-09-14,11719.6781
2022-09-15,11552.3573
2022-09-16,11448.4037
2022-09-19,11535.0199
2022-09-20,11425.0511
2022-09-21,11220.1924
2022-09-22,11066.8052
2022-09-23,10867.9262
2022-09-26,10802.9219
2022-09-27,10829.5035
2022-09-28,11051.6364
2022-09-29,10737.5063
2022-09-30,10575.6187
2022-10-03,10815.4347
2022-10-04,11176.4056
2022-10-05,11148.6384
2022-10-06,11073.3107
2022-10-07,10652.4047
2022-10-10,10542.1019
2022-10-11,10426.1915
2022-10-12,10417.0986
2022-10-13,10649.152
2022-10-14,10321.3882
2022-10-17,10675.8011
2022-10-18,10772.4021
2022-10-19,10680.5081
2022-10-20,10614.8441
2022-10-21,10859.7156
2022-10-24,10952.6117
2022-10-25,11199.1157
2022-10-26,10970.9923
2022-10-27,10792.6749
2022-10-28,11102.452
2022-10-31,10988.1459
2022-11-01,10890.8455
2022-11-02,10524.7971
2022-11-03,10342.9405
2022-11-04,10475.2544
2022-11-07,10564.52
2022-11-08,10616.2
2022-11-09,10353.175
2022-11-10,11114.1468
2022-11-11,11323.3309
2022-11-14,11196.2204
2022-11-15,11358.4101
2022-11-16,11183.6586
2022-11-17,11144.9578
2022-11-18,11146.0626
2022-11-21,11024.511
2022-11-22,11174.4067
2022-11-23,11285.3175
2022-11-25,11226.3558
2022-11-28,11049.4986
2022-11-29,10983.7792
2022-11-30,11467.9959
2022-12-01,11482.4491
2022-12-02,11461.4972
2022-12-05,11239.9372
2022-12-06,11014.8901
2022-12-07,10958.5533
2022-12-08,11082.0033
2022-12-09,11004.6174
2022-12-12,11143.7384
2022-12-13,11256.8135
2022-12-14,11170.8863
2022-12-15,10810.5259
2022-12-16,10705.4141
2022-12-19,10546.032
2022-12-20,10547.1122
2022-12-21,10709.37
2022-12-22,10476.1193
2022-12-23,10497.8629
2022-12-27,10353.2263
2022-12-28,10213.2876
2022-12-29,10478.0868
2022-12-30,10466.4817
2023-01-03,10386.9848
2023-01-04,10458.7622
2023-01-05,10305.2409
2023-01-06,10569.2939
2023-01-09,10635.6495
2023-01-10,10742.6301
2023-01-11,10931.6712
2023-01-12,11001.1049
2023-01-13,11079.1566
2023-01-17,11095.1133
2023-01-18,10957.0128
2023-01-19,10852.2692
2023-01-20,11140.4344
2023-01-23,11364.4137
2023-01-24,11334.2719
2023-01-25,11313.357
2023-01-26,11512.4133
2023-01-27,11621.7095
2023-01-30,11393.8143
2023-01-31,11584.5518
2023-02-01,11816.3195
2023-02-02,12200.818
2023-02-03,12006.9547
2023-02-06,11887.4502
2023-02-07,12113.7863
2023-02-08,11910.5201
2023-02-09,11789.579
2023-02-10,11718.1197
2023-02-13,11891.7894
2023-02-14,11960.1451
2023-02-15,12070.5929
2023-02-16,11855.8341
2023-02-17,11787.2718
2023-02-21,11492.3006
2023-02-22,11507.0699
2023-02-23,11590.4011
2023-02-24,11394.9417
2023-02-27,11466.9792
2023-02-28,11455.544
2023-03-01,11379.4845
2023-03-02,11462.9817
2023-03-03,11689.0057
2023-03-06,11675.737
2023-03-07,11530.3325
2023-03-08,11576.0045
2023-03-09,11338.3547
2023-03-10,11138.8876
2023-03-13,11188.843
2023-03-14,11428.1488
2023-03-15,11434.0522
2023-03-16,11717.2768
2023-03-17,11630.5134
2023-03-20,11675.5376
2023-03-21,11860.1091
2023-03-22,11669.9556
2023-03-23,11787.3982
2023-03-24,11823.9601
2023-03-27,11768.8358
2023-03-28,11716.0805
2023-03-29,11926.2359
2023-03-30,12013.4714
2023-03-31,12221.9067
2023-04-03,12189.4526
2023-04-04,12126.3268
2023-04-05,11996.8618
2023-04-06,12087.9565
2023-04-10,12084.355
2023-04-11,12031.877
2023-04-12,11929.3373
2023-04-13,12166.2719
2023-04-14,12123.4655
2023-04-17,12157.7239
2023-04-18,12153.4115
2023-04-19,12157.2262
2023-04-20,12059.5578
2023-04-21,12072.4563
2023-04-24,12037.2037
2023-04-25,11799.1571
2023-04-26,11854.3508
2023-04-27,12142.2379
2023-04-28,12226.5838
2023-05-01,12212.5979
2023-05-02,12080.5061
2023-05-03,12025.3277
2023-05-04,11966.3981
2023-05-05,12235.4128
2023-05-08,12256.9175
2023-05-09,12179.5531
2023-05-10,12306.4418
2023-05-11,12328.5065
2023-05-12,12284.7432
2023-05-15,12365.2094
2023-05-16,12343.0527
2023-05-17,12500.5662
2023-05-18,12688.838
2023-05-19,12657.8973
2023-05-22,12720.7762
2023-05-23,12560.2454
2023-05-24,12484.162
2023-05-25,12698.0937
2023-05-26,12975.6875
2023-05-30,13017.4256
2023-05-31,12935.2854
2023-06-01,13100.9818
2023-06-02,13240.7659
2023-06-05,13229.4287
2023-06-06,13276.4181
2023-06-07,13104.895
2023-06-08,13238.5239
2023-06-09,13259.1432
2023-06-12,13461.921
2023-06-13,13573.3205
2023-06-14,13626.477
2023-06-15,13782.8208
2023-06-16,13689.5713
2023-06-20,13667.2935
2023-06-21,13502.1985
2023-06-22,13630.6088
2023-06-23,13492.5161
2023-06-26,13335.7779
2023-06-27,13555.6727
2023-06-28,13591.7498
2023-06-29,13591.3308
2023-06-30,13787.9227
2023-07-03,13816.7729
2023-07-05,13791.6543
2023-07-06,13679.0428
2023-07-07,13660.716
2023-07-10,13685.4812
2023-07-11,13760.6989
2023-07-12,13918.9632
2023-07-13,14138.5702
2023-07-14,14113.7032
2023-07-17,14244.9485
2023-07-18,14353.6421
2023-07-19,14358.0182
2023-07-20,14063.3068
2023-07-21,14032.8052
2023-07-24,14058.8659
2023-07-25,14144.5553
2023-07-26,14127.2819
2023-07-27,14050.1071
2023-07-28,14316.6576
2023-07-31,14346.0236
2023-08-01,14283.9132
2023-08-02,13973.4472
2023-08-03,13959.7153
2023-08-04,13909.2384
2023-08-07,13994.3982
2023-08-08,13884.3239
2023-08-09,13722.0156
2023-08-10,13737.9856
2023-08-11,13644.8493
2023-08-14,13788.3312
2023-08-15,13631.0468
2023-08-16,13474.628
2023-08-17,13316.9316
2023-08-18,13290.7764
2023-08-21,13497.5899
2023-08-22,13505.8729
2023-08-23,13721.0326
2023-08-24,13463.9719
2023-08-25,13590.6464
2023-08-28,13705.1305
2023-08-29,13943.7569
2023-08-30,14019.3108
2023-08-31,14034.968
2023-09-01,14031.8145
2023-09-05,14020.9519
2023-09-06,13872.4709
2023-09-07,13748.8316
2023-09-08,13761.5255
2023-09-11,13917.8941
2023-09-12,13773.6145
2023-09-13,13813.5851
2023-09-14,13926.0525
2023-09-15,13708.3346
2023-09-18,13710.2372
2023-09-19,13678.1855
2023-09-20,13469.1276
2023-09-21,13223.9849
2023-09-22,13211.8069
2023-09-25,13271.3195
2023-09-26,13063.6096
2023-09-27,13092.8491
2023-09-28,13201.2765
2023-09-29,13219.3218
2023-10-02,13307.7727
2023-10-03,13059.4661
2023-10-04,13236.0096
2023-10-05,13219.8341
2023-10-06,13431.3411
2023-10-09,13484.2393
2023-10-10,13562.8437
2023-10-11,13659.6769
2023-10-12,13574.2193
2023-10-13,13407.2344
2023-10-16,13567.9838
2023-10-17,13533.7472
2023-10-18,13314.3023
2023-10-19,13186.1753
2023-10-20,12983.8072
2023-10-23,13018.3293
2023-10-24,13139.8746
2023-10-25,12821.2244
2023-10-26,12595.6053
2023-10-27,12643.011
2023-10-30,12789.4829
2023-10-31,12851.2379
2023-11-01,13061.469
2023-11-02,13294.1905
2023-11-03,13478.2828
2023-11-06,13518.7794
2023-11-07,13639.8558
2023-11-08,13650.4139
2023-11-09,13521.4478
2023-11-10,13798.1078
2023-11-13,13767.7432
2023-11-14,14094.3814
2023-11-15,14103.836
2023-11-16,14113.6728
2023-11-17,14125.4814
2023-11-20,14284.5337
2023-11-21,14199.9822
2023-11-22,14265.8573
2023-11-24,14250.8549
2023-11-27,14241.0225
2023-11-28,14281.7556
2023-11-29,14258.4898
2023-11-30,14226.2183
2023-12-01,14305.0323
2023-12-04,14185.4937
2023-12-05,14229.9121
2023-12-06,14146.7121
2023-12-07,14339.9941
2023-12-08,14403.9725
2023-12-11,14432.4864
2023-12-12,14533.3968
2023-12-13,14733.9639
2023-12-14,14761.5588
2023-12-15,14813.9198
2023-12-18,14904.8131
2023-12-19,15003.2232
2023-12-20,14777.9426
2023-12-21,14963.8663
2023-12-22,14992.9726
2023-12-26,15074.573
2023-12-27,15099.1763
2023-12-28,15095.1363
2023-12-29,15011.3524
2024-01-02,14765.9396
2024-01-03,14592.2106
2024-01-04,14510.3
2024-01-05,14524.0732
2024-01-08,14843.7683
2024-01-09,14857.7095
2024-01-10,14969.6496
2024-01-11,14970.185
2024-01-12,14972.7595
2024-01-16,14944.3468
2024-01-17,14855.6218
2024-01-18,15055.6481
2024-01-19,15310.9679
2024-01-22,15360.2856
2024-01-23,15425.943
2024-01-24,15481.9176
2024-01-25,15510.4956
2024-01-26,15455.3635
2024-01-29,15628.0445
2024-01-30,15509.8969
2024-01-31,15164.0118
2024-02-01,15361.6417
2024-02-02,15628.9543
2024-02-05,15597.677
2024-02-06,15608.9984
2024-02-07,15756.6441
2024-02-08,15793.7145
2024-02-09,15990.664
2024-02-12,15942.5454
2024-02-13,15655.5991
2024-02-14,15859.1462
2024-02-15,15906.1735
2024-02-16,15775.6544
2024-02-20,15630.7829
2024-02-21,15580.8696
2024-02-22,16041.6212
2024-02-23,15996.8231
2024-02-26,15976.2506
2024-02-27,16035.3004
2024-02-28,15947.7383
2024-02-29,16091.9224
2024-03-01,16274.9416
2024-03-04,16207.5093
2024-03-05,15939.5877
2024-03-06,16031.5425
2024-03-07,16273.3752
2024-03-08,16085.1131
2024-03-11,16019.2742
2024-03-12,16265.636
2024-03-13,16177.7663
2024-03-14,16128.5295
2024-03-15,15973.1739
2024-03-18,16103.448
2024-03-19,16166.7912
2024-03-20,16369.4075
2024-03-21,16401.836
2024-03-22,16428.8185
2024-03-25,16384.4669
2024-03-26,16315.6987
2024-03-27,16399.5206
2024-03-28,16379.4583
2024-04-01,16396.8321
2024-04-02,16240.449
2024-04-03,16277.458
2024-04-04,16049.0819
2024-04-05,16248.5202
2024-04-08,16253.9552
2024-04-09,16306.6391
2024-04-10,16170.3603
2024-04-11,16442.1979
2024-04-12,16175.0941
2024-04-15,15885.0186
2024-04-16,15865.2513
2024-04-17,15683.3725
2024-04-18,15601.4989
2024-04-19,15282.0097
2024-04-22,15451.3053
2024-04-23,15696.64
2024-04-24,15712.7486
2024-04-25,15611.7598
2024-04-26,15927.9003
2024-04-29,15983.0843
2024-04-30,15657.8223
2024-05-01,15605.4813
2024-05-02,15840.9583
2024-05-03,16156.328
2024-05-06,16349.2451
2024-05-07,16332.5553
2024-05-08,16302.7558
2024-05-09,16346.2647
2024-05-10,16340.8686
2024-05-13,16388.2378
2024-05-14,16511.1798
2024-05-15,16742.3903
2024-05-16,16698.3207
2024-05-17,16685.966
2024-05-20,16794.8742
2024-05-21,16832.6244
2024-05-22,16801.5439
2024-05-23,16736.0332
2024-05-24,16920.7944
2024-05-28,17019.8801
2024-05-29,16920.5804
2024-05-30,16737.0791
2024-05-31,16735.0153
2024-06-03,16828.6699
2024-06-04,16857.0472
2024-06-05,17187.9046
2024-06-06,17173.1207
2024-06-07,17133.1259
2024-06-10,17192.5289
2024-06-11,17343.5463
2024-06-12,17608.4356
2024-06-13,17667.5596
2024-06-14,17688.8821
2024-06-17,17857.0202
2024-06-18,17862.2321
2024-06-20,17721.5873
2024-06-21,17689.3607
2024-06-24,17496.8169
2024-06-25,17717.6536
2024-06-26,17805.1559
2024-06-27,17858.6837
2024-06-28,17732.6027
2024-07-01,17879.2996
2024-07-02,18028.763
2024-07-03,18188.3015
2024-07-05,18352.7589
2024-07-08,18403.7381
2024-07-09,18429.291
2024-07-10,18647.4482
2024-07-11,18283.4067
2024-07-12,18398.4455
2024-07-15,18472.5657
2024-07-16,18509.3402
2024-07-17,17996.9246
2024-07-18,17871.2231
2024-07-19,17726.9398
2024-07-22,18007.5678
2024-07-23,17997.3512
2024-07-24,17342.4133
2024-07-25,17181.7245
2024-07-26,17357.8816
2024-07-29,17370.2007
2024-07-30,17147.4167
2024-07-31,17599.3997
2024-08-01,17194.1453
2024-08-02,16776.1636
2024-08-05,16200.082
2024-08-06,16366.8545
2024-08-07,16195.8055
2024-08-08,16660.021
2024-08-09,16745.3021
2024-08-12,16780.6092
2024-08-13,17187.6075
2024-08-14,17192.6008
2024-08-15,17594.4956
2024-08-16,17631.7204
2024-08-19,17876.7712
2024-08-20,17816.9372
2024-08-21,17918.9868
2024-08-22,17619.3538
2024-08-23,17877.7937
2024-08-26,17725.765
2024-08-27,17754.8197
2024-08-28,17556.0273
2024-08-29,17516.4305
2024-08-30,17713.6241
2024-09-03,17136.2983
2024-09-04,17084.2961
2024-09-05,17127.6611
2024-09-06,16690.8319
2024-09-09,16884.6028
2024-09-10,17025.8801
2024-09-11,17395.531
2024-09-12,17569.6763
2024-09-13,17683.9761
2024-09-16,17592.1265
2024-09-17,17628.0613
2024-09-18,17573.3005
2024-09-19,18013.9811
2024-09-20,17948.3208
2024-09-23,17974.2698
2024-09-24,18074.5214
2024-09-25,18082.2052
2024-09-26,18190.2907
2024-09-27,18119.5897
2024-09-30,18189.1704
2024-10-01,17910.3587
2024-10-02,17925.1234
2024-10-03,17918.4755
2024-10-04,18137.8494
2024-10-07,17923.9037
2024-10-08,18182.9162
2024-10-09,18291.6174
2024-10-10,18282.0489
2024-10-11,18342.937
2024-10-14,18502.6854
2024-10-15,18315.5869
2024-10-16,18367.0788
2024-10-17,18373.6092
2024-10-18,18489.5531
2024-10-21,18540.005
2024-10-22,18573.1294
2024-10-23,18276.6545
2024-10-24,18415.4856
2024-10-25,18518.6063
2024-10-28,18567.1888
2024-10-29,18712.7484
2024-10-30,18607.9309
2024-10-31,18095.1506
2024-11-01,18239.9174
2024-11-04,18179.9844
2024-11-05,18439.1707
2024-11-06,18983.4655
2024-11-07,19269.4589
2024-11-08,19286.777
2024-11-11,19298.7633
2024-11-12,19281.4012
2024-11-13,19230.7394
2024-11-14,19107.6508
2024-11-15,18680.1209
2024-11-18,18791.8064
2024-11-19,18987.4681
2024-11-20,18966.1432
2024-11-21,18972.4201
2024-11-22,19003.6511
2024-11-25,19054.835
2024-11-26,19174.2973
2024-11-27,19060.4759
2024-11-29,19218.1662
2024-12-02,19403.9478
2024-12-03,19480.9105
2024-12-04,19735.1158
2024-12-05,19700.2586
2024-12-06,19859.7736
2024-12-09,19736.6897
2024-12-10,19687.2416
2024-12-11,20034.8942
2024-12-12,19902.8415
2024-12-13,19926.724
2024-12-16,20173.8907
2024-12-17,20109.0605
2024-12-18,19392.6929
2024-12-19,19372.7681
2024-12-20,19572.597
2024-12-23,19764.8852
2024-12-24,20031.1263
2024-12-26,20020.3569
2024-12-27,19722.0308
2024-12-30,19486.7849
2024-12-31,19310.7916
2025-01-02,19280.7928
2025-01-03,19621.6771
2025-01-06,19864.9809
2025-01-07,19489.6796
2025-01-08,19478.8775
2025-01-10,19161.6275
2025-01-13,19088.1021
2025-01-14,19044.3927
2025-01-15,19511.2344
2025-01-16,19338.29
2025-01-17,19630.1987
2025-01-21,19756.7793
2025-01-22,20009.3396
2025-01-23,20053.6781
2025-01-24,19954.3011
2025-01-27,19341.8338
2025-01-28,19733.5863
2025-01-29,19632.3229
2025-01-30,19681.7485
2025-01-31,19627.4415
2025-02-03,19391.9554
2025-02-04,19654.015
2025-02-05,19692.3298
2025-02-06,19791.9911
2025-02-07,19523.4018
2025-02-10,19714.2701
2025-02-11,19643.8557
2025-02-12,19649.9505
2025-02-13,19945.6444
2025-02-14,20026.7734
2025-02-18,20041.2607
2025-02-19,20056.2528
2025-02-20,19962.3621
2025-02-21,19524.005
2025-02-24,19286.9249
2025-02-25,19026.3864
2025-02-26,19075.2627
2025-02-27,18544.4189
2025-02-28,18847.279
2025-03-03,18350.19
2025-03-04,18285.16
2025-03-05,18552.73
2025-03-06,18069.26
2025-03-07,18196.22
2025-03-10,17468.32
2025-03-11,17436.1
2025-03-12,17648.45
2025-03-13,17303.01
2025-03-14,17754.09
2025-03-17,17808.66
2025-03-18,17504.12
2025-03-19,17750.79
2025-03-20,17691.63
2025-03-21,17784.05
2025-03-24,18188.59
2025-03-25,18271.86
2025-03-26,17899.01
2025-03-27,17804.03
2025-03-28,17322.99
2025-03-31,17299.29
2025-04-01,17449.89
2025-04-02,17601.05
2025-04-03,16550.61
2025-04-04,15587.79
2025-04-07,15603.26
2025-04-08,15267.91
2025-04-09,17124.97
2025-04-10,16387.31
2025-04-11,16724.46
2025-04-14,16831.48
2025-04-15,16823.17
2025-04-16,16307.16
2025-04-17,16286.45
2025-04-21,15870.9
2025-04-22,16300.42
2025-04-23,16708.05
2025-04-24,17166.04
2025-04-25,17382.94
2025-04-28,17366.13
2025-04-29,17461.32
2025-04-30,17446.34
2025-05-01,17710.74
2025-05-02,17977.73
2025-05-05,17844.24
2025-05-06,17689.66
2025-05-07,17738.16
2025-05-08,17928.14
2025-05-09,17928.92
2025-05-12,18708.34
2025-05-13,19010.08
2025-05-14,19146.81
2025-05-15,19112.32
2025-05-16,19211.1
2025-05-19,19215.46
2025-05-20,19142.71
2025-05-21,18872.64
2025-05-22,18925.73
2025-05-23,18737.21
2025-05-27,19199.16
2025-05-28,19100.94
2025-05-29,19175.87
2025-05-30,19113.77
2025-06-02,19242.61
2025-06-03,19398.96
2025-06-04,19460.49
2025-06-05,19298.45
2025-06-06,19529.95
2025-06-09,19591.24
2025-06-10,19714.99
2025-06-11,19615.88
2025-06-12,19662.48
2025-06-13,19406.83
2025-06-16,19701.21
2025-06-17,19521.09
2025-06-18,19546.27
2025-06-20,19447.41
2025-06-23,19630.97
2025-06-24,19912.53
2025-06-25,19973.55
2025-06-26,20167.91
2025-06-27,20273.46
2025-06-30,20369.73
2025-07-01,20202.89
2025-07-02,20393.13
2025-07-03,20601.1
2025-07-07,20412.52
2025-07-08,20418.46
2025-07-09,20611.34
2025-07-10,20630.66
2025-07-11,20585.53
2025-07-14,20640.33
2025-07-15,20677.8
2025-07-16,20730.49
2025-07-17,20884.27
2025-07-18,20895.66
2025-07-21,20974.17
2025-07-22,20892.69
2025-07-23,21020.02
2025-07-24,21057.96
2025-07-25,21108.32
2025-07-28,21178.58
2025-07-29,21098.29
2025-07-30,21129.67
2025-07-31,21122.45
2025-08-01,20650.13
2025-08-04,21053.58
2025-08-05,20916.55
2025-08-06,21169.42
2025-08-07,21242.7
2025-08-08,21450.02
2025-08-11,21385.4
2025-08-12,21681.9
2025-08-13,21713.14
2025-08-14,21710.67
2025-08-15,21622.98
2025-08-18,21629.77
2025-08-19,21314.95
2025-08-20,21172.86
2025-08-21,21100.31
2025-08-22,21496.53
2025-08-25,21449.29
2025-08-26,21544.27
2025-08-27,21590.14
2025-08-28,21705.16
2025-08-29,21455.55
2025-09-02,21279.63
2025-09-03,21497.73
2025-09-04,21707.69
2025-09-05,21700.39
2025-09-08,21798.7
2025-09-09,21879.49
2025-09-10,21886.06
2025-09-11,22043.07
2025-09-12,22141.1
2025-09-15,22348.75
2025-09-16,22333.96
2025-09-17,22261.33
2025-09-18,22470.73
2025-09-19,22631.48
2025-09-22,22788.98
2025-09-23,22573.47
2025-09-24,22497.86
2025-09-25,22384.7
2025-09-26,22484.07
2025-09-29,22591.15
2025-09-30,22660.01
2025-10-01,22755.16
2025-10-02,22844.05
2025-10-03,22780.51
2025-10-06,22941.67
2025-10-07,22788.36
2025-10-08,23043.38
2025-10-09,23024.63
2025-10-10,22204.43
2025-10-13,22694.61
2025-10-14,22521.7
2025-10-15,22670.08
2025-10-16,22562.54
2025-10-17,22679.97
2025-10-20,22990.54
2025-10-21,22953.67
2025-10-22,22740.4
2025-10-23,22941.8
2025-10-24,23204.87
2025-10-27,23637.46
2025-10-28,23827.49
2025-10-29,23958.47
2025-10-30,23581.14
2025-10-31,23724.96
2025-11-03,23834.72
2025-11-04,23348.64
2025-11-05,23499.8
2025-11-06,23053.99
2025-11-07,23004.54
2025-11-10,23527.17
2025-11-11,23468.3
2025-11-12,23406.46
2025-11-13,22870.36
2025-11-14,22900.59
2025-11-17,22708.07
2025-11-18,22432.85
2025-11-19,22564.23
2025-11-20,22078.05
2025-11-21,22273.08
2025-11-24,22872.01
2025-11-25,23025.59
2025-11-26,23214.69
2025-11-28,23365.69
2025-12-01,23275.92
2025-12-02,23413.67
2025-12-03,23454.09
2025-12-04,23505.14
2025-12-05,23578.13
2025-12-08,23545.9
2025-12-09,23576.49
2025-12-10,23654.16
2025-12-11,23593.86
2025-12-12,23195.17
2025-12-15,23057.41
2025-12-16,23111.46
2025-12-17,22693.32
2025-12-18,23006.36
2025-12-19,23307.62
2025-12-22,23428.83
2025-12-23,23561.84
2025-12-24,23613.31
2025-12-26,23593.1
2025-12-29,23474.35
2025-12-30,23419.08
2025-12-31,23241.99
2026-01-02,23235.63
2026-01-05,23395.82
2026-01-06,23547.17
2026-01-07,23584.27
2026-01-08,23480.02
2026-01-09,23671.35
2026-01-12,23733.9
2026-01-13,23709.87
2026-01-14,23471.75
2026-01-15,23530.02
2026-01-16,23515.39
2026-01-20,22954.32
2026-01-21,23224.82
2026-01-22,23436.02
2026-01-23,23501.24
2026-01-26,23601.36
2026-01-27,23817.1
2026-01-28,23857.45
2026-01-29,23685.12
2026-01-30,23461.82
2026-02-02,23592.11
2026-02-03,23255.19
2026-02-04,22904.58
2026-02-05,22540.59
2026-02-06,23031.21
2026-02-09,23238.67
2026-02-10,23102.47
2026-02-11,23066.47
2026-02-12,22597.15
2026-02-13,22546.67
2026-02-17,22578.38
2026-02-18,22753.63
2026-02-19,22682.73
2026-02-20,22886.07
2026-02-23,22627.27
2026-02-24,22863.68
2026-02-25,23152.08
2026-02-26,22878.38
2026-02-27,22668.21
2026-03-02,22748.86
2026-03-03,22516.69
2026-03-04,22807.48
2026-03-05,22748.99
2026-03-06,22387.68
2026-03-09,22695.95
2026-03-10,22697.1
2026-03-11,22716.13
2026-03-12,22311.98
2026-03-13,22105.36
2026-03-16,22374.18
2026-03-17,22479.53
2026-03-18,22152.42
2026-03-19,22090.69
2026-03-20,21647.61
2026-03-23,21946.76
2026-03-24,21761.89
2026-03-25,21929.83
2026-03-26,21408.08
2026-03-27,20948.36
2026-03-30,20794.64
2026-03-31,21590.63
2026-04-01,21840.95
2026-04-02,21879.18
2026-04-06,21996.34
2026-04-07,22017.85
2026-04-08,22635
2026-04-09,22822.42
2026-04-10,22902.89
2026-04-13,23183.74
2026-04-14,23639.08
2026-04-15,24016.02
2026-04-16,24102.7
2026-04-17,24468.48
2026-04-20,24404.39
2026-04-21,24259.96
2026-04-22,24657.57
2026-04-23,24438.5
2026-04-24,24836.6
2026-04-27,24887.1
2026-04-28,24663.8
2026-04-29,24673.24
2026-04-30,24892.31
2026-05-01,25114.44
2026-05-04,25067.8
2026-05-05,25326.13
2026-05-06,25838.94
2026-05-07,25806.2
2026-05-08,26247.08
2026-05-11,26274.13
2026-05-12,26088.2
2026-05-13,26402.34
2026-05-14,26635.22
2026-05-15,26225.14
2026-05-18,26090.73
2026-05-19,25870.71
2026-05-20,26270.36
2026-05-21,26293.1
2026-05-22,26343.97
2026-05-26,26656.18
2026-05-27,26674.73
2026-05-28,26917.47
2026-05-29,26972.62
2026-06-01,27086.81
2026-06-02,27093.9
2026-06-03,26853.98
2026-06-04,26830.96
2026-06-05,25709.43
2026-06-08,25929.66
2026-06-09,25678.82
2026-06-10,25169.5
2026-06-11,25809.66
2026-06-12,25888.84
2026-06-15,26683.94
2026-06-16,26376.34
2026-06-17,26021.66
2026-06-18,26517.93
2026-06-22,26166.6
2026-06-23,25587.04
2026-06-24,25476.64
2026-06-25,25358.6
2026-06-26,25297.62
2026-06-29,25820.14
2026-06-30,26213.72
2026-07-01,26040.03
2026-07-02,25832.67
2026-07-06,26121.16
2026-07-07,25818.69
2026-07-08,25870.65
2026-07-09,26206.89
2026-07-10,26281.61
2026-07-13,25873.18
2026-07-14,26107.01
2026-07-15,26269.23
2026-07-16,25881.95
2026-07-17,25520.24
2026-07-20,25508.07
2026-07-21,25837.21
2026-07-22,25690.9
2026-07-23,25137.69
2026-07-24,24975.82
2026-07-27,24932.08
2026-07-28,24876.91
2026-07-29,24442.94
2026-07-30,25122.18
2026-07-31,25373.85
2026-08-03,25913.9
2026-08-04,26584.99
2026-08-05,26363.44
2026-08-06,26348.35
2026-08-07,26690.62
2026-08-10,26605.36
2026-08-11,26445.45
2026-08-12,26588.49
2026-08-13,26803.03
2026-08-14,26729.16
2026-08-17,26644.91
2026-08-18,26289.71
2026-08-19,26331.09
2026-08-20,26067.17
2026-08-21,26180.45
2026-08-24,25980.19
2026-08-25,26151.3
2026-08-26,26130.2
2026-08-27,26541.35
2026-08-28,26402.42
2026-08-31,26370.89
2026-09-01,26099.77
2026-09-02,26217.83
2026-09-03,26584.06
2026-09-04,26506.99
2026-09-08,26421.41
2026-09-09,26253.34
2026-09-10,26081.72
2026-09-11,26333.04
2026-09-14,26186.41
2026-09-15,25981.57
2026-09-16,25978.42
2026-09-17,26378.143
