yr,ticker,g,sec,mb,cr,r40,mc,mom,ret,qqq
2007,AAP,CIC,Cons,0.023,0.032,0.273,0.920,15.2,-9.5,-2.2
2007,ABCB,NOC,Fina,0.797,0.465,0.346,0.034,-7.4,-45.3,-1.6
2007,ABG,CIC,Cons,0.007,0.096,0.155,0.294,27.2,-43.1,-1.2
2007,ADEA,NOC,Tech,0.633,0.923,0.970,0.128,9.1,0.8,0.7
2007,ADTN,NOC,Tech,0.075,0.654,0.144,0.538,-6.9,-12.9,3.2
2007,AEIS,NOC,Tech,0.640,0.763,0.854,0.319,20.1,-45.8,-2.1
2007,AEM,CIC,Basi,0.959,0.916,0.982,0.998,28.9,60.6,-5.3
2007,AGCO,CIC,Indu,0.032,0.378,0.285,0.843,37.4,65.7,-4.0
2007,AGO,NOC,Fina,0.738,0.806,0.879,0.606,2.7,-19.2,-1.6
2007,AJG,NOC,Fina,0.533,0.150,0.483,0.790,8.1,-12.6,1.4
2007,ALB,CIC,Basi,0.444,0.661,0.287,0.872,32.1,3.3,1.0
2007,ALGN,NOC,Heal,0.294,0.435,0.055,0.419,44.4,-22.2,1.2
2007,ALKS,NOC,Heal,0.613,0.891,0.806,0.533,-0.5,-11.1,-3.4
2007,ALV,CIC,Cons,0.041,0.305,0.369,0.861,7.2,-19.2,-0.1
2007,AMN,NOC,Heal,0.333,0.786,0.638,0.339,15.9,-45.4,1.0
2007,ANDE,NOC,Cons,0.317,0.326,0.467,0.253,35.3,2.9,-1.8
2007,ANGO,NOC,Heal,0.180,0.103,0.715,0.041,4.9,-12.3,12.5
2007,ARLP,CIC,Ener,0.360,0.287,0.624,0.449,-3.7,4.8,1.8
2007,AROC,CIC,Ener,0.724,0.462,0.809,0.472,25.6,-0.3,-1.3
2007,ASR,CIC,Indu,0.729,0.779,0.945,0.433,25.6,17.5,-3.9
2007,ATLC,NOC,Fina,0.977,0.895,0.934,0.597,15.2,-69.7,0.0
2007,ATO,NOC,Util,0.615,0.886,0.066,0.745,10.2,-8.7,1.8
2007,AVNT,CIC,Basi,0.059,0.535,0.103,0.223,-13.8,-13.4,0.1
2007,AXON,CIC,Indu,0.781,0.866,0.882,0.146,18.0,49.4,-1.4
2007,AZTA,NOC,Heal,0.563,0.900,0.820,0.385,6.6,-20.8,-0.8
2007,AZZ,CIC,Indu,0.617,0.412,0.831,0.002,59.6,13.2,15.1
2007,BAK,CIC,Basi,0.845,0.729,0.622,0.733,18.0,0.5,-1.6
2007,BALL,CIC,Cons,0.107,0.248,0.590,0.989,12.6,-6.3,0.6
2007,BANC,NOC,Fina,0.882,0.257,0.661,0.032,-3.7,-39.3,-1.8
2007,BAP,NOC,Fina,0.576,0.645,0.633,0.893,11.1,53.8,-2.8
2007,BC,CIC,Cons,0.308,0.346,0.128,0.813,5.6,-46.3,0.8
2007,BDC,NOC,Tech,0.280,0.911,0.237,0.683,18.8,-11.2,-3.4
2007,BELFB,NOC,Tech,0.462,0.239,0.310,0.064,-0.8,-17.9,-0.1
2007,BEP,NOC,Util,0.754,0.494,0.913,0.196,-5.1,11.0,0.1
2007,BFH,NOC,Fina,0.706,0.087,0.692,0.938,23.6,-36.7,0.5
2007,BGC,NOC,Fina,0.000,0.321,0.173,0.005,10.1,1.0,4.3
2007,BHC,NOC,Heal,0.629,0.358,0.733,0.845,31.3,-36.1,-0.3
2007,BJRI,CIC,Cons,0.891,0.271,0.674,0.150,-9.1,-20.0,-0.1
2007,BKD,NOC,Heal,0.485,0.934,0.966,0.957,-1.7,-47.9,2.0
2007,BKH,NOC,Util,0.966,0.875,0.027,0.481,10.5,4.3,-5.0
2007,BKNG,CIC,Cons,0.809,0.317,0.597,0.647,26.0,128.3,5.5
2007,BLX,NOC,Fina,0.993,0.989,0.021,0.237,24.3,-15.3,0.2
2007,BMRN,NOC,Heal,0.362,0.995,0.909,0.585,19.0,111.7,-5.5
2007,BTE,CIC,Ener,0.998,0.936,0.011,0.497,-13.4,54.0,17.6
2007,BUSE,NOC,Fina,0.622,0.178,0.747,0.107,-6.2,-9.3,0.5
2007,BVN,CIC,Basi,0.779,0.868,0.968,0.870,0.7,168.9,5.8
2007,BWA,CIC,Cons,0.187,0.314,0.335,0.902,29.4,21.9,-4.7
2007,BXC,CIC,Indu,0.082,0.850,0.041,0.066,12.3,-61.3,0.2
2007,BYD,CIC,Cons,0.952,0.831,0.141,0.932,30.0,-50.1,-1.1
2007,CACI,NOC,Tech,0.118,0.426,0.408,0.513,-15.1,-8.6,0.7
2007,CAKE,CIC,Cons,0.073,0.148,0.339,0.663,1.1,-23.0,1.5
2007,CASY,CIC,Cons,0.100,0.342,0.360,0.451,7.9,6.2,1.1
2007,CATY,NOC,Fina,0.888,0.565,0.253,0.592,-9.8,-31.4,0.6
2007,CBRL,CIC,Cons,0.251,0.262,0.132,0.581,15.4,-26.7,-1.9
2007,CBT,CIC,Basi,0.711,0.155,0.456,0.825,23.4,-38.4,-0.2
2007,CBZ,CIC,Indu,0.636,0.036,0.216,0.112,-6.9,24.2,0.6
2007,CCBG,NOC,Fina,0.592,0.323,0.620,0.171,-4.3,-14.9,-1.3
2007,CCOI,NOC,Comm,0.802,0.768,0.178,0.417,109.8,-16.8,1.6
2007,CDE,CIC,Basi,0.964,0.531,0.838,0.467,-0.8,3.0,-3.0
2007,CE,CIC,Basi,0.405,0.187,0.399,0.952,54.6,38.4,2.8
2007,CECO,CIC,Indu,0.620,0.727,0.893,0.087,43.7,-56.4,-2.3
2007,CENX,CIC,Basi,0.784,0.633,0.852,0.535,50.1,24.8,-0.8
2007,CFFN,NOC,Fina,0.745,0.592,0.226,0.784,11.8,-16.8,2.7
2007,CFR,NOC,Fina,0.722,0.021,0.681,0.829,-7.7,-12.5,-0.2
2007,CGNX,NOC,Tech,0.326,0.540,0.289,0.390,-7.2,-32.3,1.8
2007,CHD,NOC,Cons,0.437,0.490,0.569,0.831,17.3,14.6,2.3
2007,CHE,NOC,Heal,0.273,0.677,0.435,0.367,2.3,26.6,-3.2
2007,CHH,CIC,Cons,0.383,0.132,0.747,0.754,-1.2,-18.2,0.4
2007,CIB,NOC,Fina,0.642,0.938,0.834,0.469,-8.0,52.6,7.2
2007,CIEN,NOC,Tech,0.900,0.219,0.670,0.749,6.8,-11.8,-2.0
2007,CIGI,NOC,Real,0.353,0.877,0.308,0.103,3.2,-7.3,1.5
2007,CLF,CIC,Basi,0.749,0.793,0.599,0.686,48.9,114.3,-6.1
2007,CLH,CIC,Indu,0.253,0.062,0.499,0.333,8.5,21.1,3.0
2007,CMC,CIC,Basi,0.144,0.278,0.431,0.868,41.7,9.4,2.5
2007,CMCO,CIC,Indu,0.264,0.392,0.351,0.121,36.3,-1.0,1.0
2007,CMG,CIC,Cons,0.228,0.308,0.617,0.633,24.0,78.1,-0.3
2007,CMP,CIC,Basi,0.731,0.405,0.221,0.376,12.4,33.2,-0.3
2007,COLB,NOC,Fina,0.772,0.663,0.897,0.622,2.7,-33.1,1.0
2007,COO,NOC,Heal,0.255,0.836,0.303,0.656,-15.6,-26.3,0.3
2007,CPA,CIC,Indu,0.936,0.528,0.000,0.670,52.8,-26.5,2.1
2007,CPF,NOC,Fina,0.736,0.893,0.699,0.528,-0.9,-50.0,1.4
2007,CRAI,CIC,Indu,0.478,0.563,0.588,0.216,10.9,-48.9,-3.4
2007,CRI,CIC,Cons,0.159,0.642,0.396,0.524,-5.9,-14.6,0.1
2007,CRK,CIC,Ener,0.909,0.820,0.843,0.458,8.6,10.7,-0.3
2007,CRL,NOC,Heal,0.376,0.795,0.251,0.815,6.2,37.7,-0.3
2007,CRS,CIC,Basi,0.428,0.141,0.706,0.797,4.7,6.7,1.8
2007,CRUS,NOC,Tech,0.875,0.319,0.091,0.235,11.2,-41.8,-0.8
2007,CSGP,NOC,Real,0.442,0.000,0.513,0.301,15.9,-15.7,-2.8
2007,CSL,CIC,Basi,0.050,0.706,0.891,0.786,9.9,-29.2,-1.4
2007,CTRN,CIC,Cons,0.146,0.328,0.718,0.200,24.6,-63.8,0.3
2007,CUZ,NOC,Real,0.995,0.863,0.002,0.462,-0.6,-29.4,0.4
2007,CVBF,NOC,Fina,0.932,0.572,0.114,0.371,-10.2,-26.2,3.0
2007,CW,CIC,Indu,0.098,0.171,0.579,0.599,26.8,3.0,-2.0
2007,DAKT,NOC,Tech,0.121,0.606,0.827,0.453,39.8,-35.3,-1.2
2007,DAR,NOC,Cons,0.185,0.774,0.888,0.114,37.6,137.6,6.4
2007,DCOM,NOC,Fina,0.761,0.497,0.440,0.287,-4.4,-14.9,0.3
2007,DDD,NOC,Tech,0.834,0.449,0.385,0.048,2.3,-31.5,-3.1
2007,DDS,CIC,Cons,0.214,0.089,0.228,0.765,-1.3,-49.7,-1.2
2007,DECK,CIC,Cons,0.558,0.649,0.800,0.264,29.7,107.3,5.2
2007,DHT,CIC,Indu,0.440,0.583,0.736,0.093,7.3,-20.6,-1.9
2007,DINO,CIC,Ener,0.667,0.526,0.353,0.802,23.8,-10.7,0.3
2007,DIOD,NOC,Tech,0.071,0.743,0.872,0.526,-14.7,-7.1,-0.5
2007,DKS,CIC,Cons,0.314,0.620,0.592,0.804,19.5,-5.6,-2.5
2007,DLB,NOC,Tech,0.674,0.280,0.790,0.900,67.8,24.2,1.0
2007,DLX,NOC,Comm,0.198,0.695,0.358,0.510,64.3,-8.9,0.6
2007,DMC,NOC,Cons,0.579,0.777,0.075,0.401,8.0,81.6,4.9
2007,DRH,NOC,Real,0.973,0.984,0.884,0.583,10.4,-29.3,-3.2
2007,DXC,NOC,Tech,0.080,0.073,0.232,0.968,8.4,-20.9,2.7
2007,DY,CIC,Indu,0.269,0.123,0.257,0.305,-1.3,-34.8,1.1
2007,EEFT,NOC,Tech,0.018,0.481,0.462,0.392,12.5,-12.9,-2.6
2007,EGY,CIC,Ener,0.743,0.948,0.702,0.025,-24.4,-9.3,1.2
2007,ENS,CIC,Indu,0.093,0.153,0.442,0.260,-2.5,50.3,-2.7
2007,ENTG,NOC,Tech,0.872,0.932,0.130,0.506,-1.5,-29.8,0.3
2007,EPAC,CIC,Indu,0.123,0.396,0.629,0.572,4.0,13.5,-2.4
2007,EPC,NOC,Cons,0.237,0.016,0.547,0.888,16.6,15.4,2.0
2007,EQIX,NOC,Real,0.697,0.043,0.720,0.711,41.0,-14.1,-1.3
2007,EQT,CIC,Ener,0.713,0.599,0.813,0.779,23.7,23.4,1.8
2007,ERIE,NOC,Fina,0.645,0.146,0.431,0.834,7.5,-8.8,-2.0
2007,ES,NOC,Util,0.658,0.483,0.082,0.954,24.4,-6.1,-2.8
2007,ESLT,CIC,Indu,0.328,0.581,0.774,0.492,11.4,56.8,-6.6
2007,ET,CIC,Ener,0.679,0.907,0.025,0.984,4.4,11.5,3.9
2007,EVC,NOC,Comm,0.583,0.014,0.551,0.323,17.7,-30.2,-1.8
2007,EVRG,NOC,Util,0.487,0.175,0.314,0.697,12.3,-13.4,1.9
2007,EWBC,NOC,Fina,0.822,0.294,0.904,0.674,-7.4,-36.4,1.3
2007,EXP,CIC,Basi,0.727,0.508,0.508,0.708,45.9,-29.1,0.5
2007,EXPE,CIC,Cons,0.112,0.121,0.494,0.895,40.1,2.1,-4.9
2007,FBNC,NOC,Fina,0.841,0.697,0.777,0.000,1.2,-9.2,3.1
2007,FCF,NOC,Fina,0.699,0.626,0.323,0.344,2.4,-26.2,-0.2
2007,FCFS,NOC,Fina,0.606,0.387,0.850,0.257,13.4,-42.2,1.3
2007,FCN,CIC,Indu,0.344,0.579,0.784,0.476,30.5,66.2,-2.1
2007,FCNCA,NOC,Fina,0.763,0.046,0.608,0.658,8.3,-29.7,1.5
2007,FFBC,NOC,Fina,0.804,0.601,0.244,0.205,0.2,-31.9,1.2
2007,FFIV,NOC,Tech,0.021,0.456,0.822,0.820,36.2,-45.2,-0.2
2007,FICO,NOC,Tech,0.096,0.159,0.460,0.718,11.1,-44.9,1.3
2007,FIS,NOC,Tech,0.241,1.000,1.000,0.950,15.6,-1.2,1.6
2007,FIX,CIC,Indu,0.128,0.210,0.526,0.159,14.4,-12.3,1.5
2007,FMC,CIC,Basi,0.310,0.075,0.538,0.722,17.3,36.8,0.5
2007,FNB,NOC,Fina,0.752,0.333,0.203,0.374,2.7,-20.3,3.4
2007,FNF,NOC,Fina,0.968,0.968,0.986,0.841,14.4,-23.0,0.5
2007,FORM,NOC,Tech,0.688,0.651,0.811,0.626,-6.0,-35.5,1.3
2007,FRO,CIC,Indu,0.895,0.759,0.738,0.738,-8.5,31.1,-0.8
2007,FSS,CIC,Indu,0.770,0.235,0.476,0.269,6.5,-34.5,-2.0
2007,FTK,CIC,Ener,0.419,0.843,0.954,0.727,192.0,-3.0,-10.5
2007,FUL,CIC,Basi,0.205,0.303,0.116,0.595,21.5,-19.6,4.4
2007,FULT,NOC,Fina,0.820,0.221,0.804,0.752,-6.3,-20.3,1.8
2007,FUN,CIC,Cons,0.975,0.781,0.786,0.531,9.2,-23.7,-2.9
2007,FWRD,CIC,Indu,0.164,0.118,0.472,0.326,-8.1,-5.5,-0.2
2007,GBCI,NOC,Fina,0.535,0.198,0.802,0.421,2.1,-22.7,0.6
2007,GBX,CIC,Indu,0.526,0.736,0.656,0.098,-3.2,-26.3,6.2
2007,GEO,CIC,Indu,0.246,0.708,0.845,0.321,67.5,2.4,1.5
2007,GGAL,NOC,Fina,0.690,0.950,0.105,0.446,48.0,-46.4,4.1
2007,GIB,NOC,Tech,0.064,0.513,0.278,0.731,14.0,36.6,4.0
2007,GIL,CIC,Cons,0.387,0.501,0.863,0.806,0.6,45.6,1.1
2007,GLNG,CIC,Ener,0.542,0.699,0.952,0.353,0.5,65.2,2.9
2007,GME,CIC,Cons,0.574,0.909,0.761,1.000,33.6,50.8,-9.1
2007,GNTX,CIC,Cons,0.232,0.116,0.565,0.720,20.7,-5.4,1.5
2007,GPK,CIC,Cons,0.410,0.039,0.189,0.403,48.5,-41.4,-1.4
2007,GPN,NOC,Fina,0.499,0.009,0.665,0.847,5.5,10.2,14.4
2007,GRC,CIC,Indu,0.392,0.344,0.207,0.118,34.6,-3.3,-2.0
2007,GT,CIC,Cons,0.651,0.059,0.148,0.945,71.6,0.6,0.2
2007,GTN,NOC,Comm,0.925,0.961,0.993,0.073,28.6,-41.2,-0.3
2007,HAFC,NOC,Fina,0.861,0.788,0.280,0.396,10.9,-60.5,0.4
2007,HBM,CIC,Basi,0.950,0.800,0.948,0.702,47.2,-4.1,-1.6
2007,HEI,CIC,Indu,0.301,0.403,0.729,0.342,4.9,25.9,2.7
2007,HELE,NOC,Cons,0.200,0.747,0.415,0.232,26.9,-22.9,4.6
2007,HL,CIC,Basi,0.918,0.952,0.973,0.335,45.1,28.5,-3.7
2007,HLIT,NOC,Tech,0.692,0.679,0.437,0.239,22.3,6.1,0.6
2007,HLX,CIC,Ener,0.649,0.681,0.900,0.811,2.5,-3.0,-1.7
2007,HNI,CIC,Cons,0.191,0.194,0.223,0.699,13.9,-33.2,-1.2
2007,HOPE,NOC,Fina,0.608,0.631,0.941,0.116,-2.2,-36.8,0.2
2007,HP,CIC,Ener,0.604,0.442,0.925,0.793,22.5,34.5,1.1
2007,HTGC,NOC,Fina,0.695,0.970,0.989,0.021,15.9,-18.8,-3.1
2007,HTLD,CIC,Indu,0.765,0.071,0.046,0.542,3.4,-3.9,0.6
2007,HUBG,CIC,Indu,0.052,0.018,0.212,0.428,34.7,-7.5,-0.1
2007,HUN,CIC,Basi,0.524,0.558,0.084,0.973,13.7,9.4,-3.4
2007,HURN,CIC,Indu,0.248,0.399,0.886,0.362,54.2,-7.2,-3.6
2007,HWC,NOC,Fina,0.961,0.692,0.319,0.549,-8.9,-29.4,2.7
2007,IAG,CIC,Basi,0.943,0.959,0.984,0.620,-11.8,2.4,1.9
2007,IART,NOC,Heal,0.371,0.702,0.923,0.431,11.7,-5.0,12.6
2007,IBCP,NOC,Fina,0.904,0.590,0.098,0.139,-10.2,-54.7,-0.8
2007,IBOC,NOC,Fina,0.854,0.647,0.677,0.610,-2.7,-17.0,1.9
2007,ICUI,NOC,Heal,0.868,0.957,0.583,0.175,-13.3,-10.1,0.8
2007,IESC,CIC,Indu,0.435,0.487,0.068,0.052,51.3,-11.2,6.4
2007,IFF,CIC,Basi,0.077,0.157,0.465,0.936,21.5,-9.6,1.6
2007,IIIN,CIC,Indu,0.510,0.556,0.146,0.011,-14.7,-47.3,2.3
2007,ILMN,NOC,Heal,0.244,0.945,0.979,0.645,23.6,62.7,5.6
2007,INDB,NOC,Fina,0.610,0.109,0.506,0.100,-6.7,-6.6,-0.6
2007,IOSP,CIC,Basi,0.481,0.585,0.601,0.212,84.2,-44.4,-2.1
2007,IRS,NOC,Real,0.733,0.902,0.957,0.360,47.3,-33.1,-0.2
2007,ISRG,NOC,Heal,0.223,0.367,0.920,0.897,-7.8,136.5,1.9
2007,IT,CIC,Indu,0.282,0.253,0.378,0.677,23.9,-32.3,-2.0
2007,ITRI,NOC,Tech,0.216,0.770,0.205,0.567,7.5,27.4,-0.4
2007,J,CIC,Indu,0.285,0.048,0.560,0.911,6.0,84.4,6.8
2007,JHX,CIC,Basi,0.091,0.431,0.014,0.879,39.2,-25.7,-6.7
2007,JOE,NOC,Real,0.957,0.656,0.162,0.943,10.9,-38.3,-0.3
2007,KAI,CIC,Indu,0.267,0.790,0.740,0.050,4.2,3.2,-1.8
2007,KBH,CIC,Cons,0.850,0.440,0.271,0.916,18.4,-65.4,3.1
2007,KEX,CIC,Indu,0.036,0.162,0.636,0.624,18.7,18.9,0.3
2007,KFRC,CIC,Indu,0.276,0.458,0.492,0.180,17.7,-37.8,1.2
2007,KLIC,NOC,Tech,0.458,0.888,0.036,0.189,-3.0,-31.2,0.5
2007,KNX,CIC,Indu,0.346,0.246,0.478,0.426,14.7,-22.1,-0.2
2007,KRNY,NOC,Fina,0.902,0.638,0.198,0.358,-5.2,-25.2,-0.2
2007,KRO,CIC,Basi,0.515,0.107,0.276,0.522,6.4,-39.2,0.7
2007,LAD,CIC,Cons,0.025,0.203,0.298,0.164,18.6,-52.5,-1.2
2007,LBTYK,NOC,Comm,0.066,0.825,0.649,0.768,9.3,28.3,1.7
2007,LCII,CIC,Cons,0.139,0.683,0.071,0.169,2.1,-7.2,-0.1
2007,LDOS,NOC,Tech,0.016,0.007,0.326,0.991,-5.9,8.7,0.9
2007,LEU,CIC,Ener,0.777,0.872,0.262,0.474,55.5,-41.8,-1.8
2007,LFUS,NOC,Tech,0.656,0.640,0.743,0.267,0.5,-16.7,-0.7
2007,LGND,NOC,Heal,0.661,0.813,0.087,0.155,9.5,-63.4,0.7
2007,LINC,NOC,Cons,0.401,0.105,0.474,0.007,-25.5,0.3,1.0
2007,LKQ,CIC,Cons,0.132,0.296,0.781,0.410,-5.4,73.9,3.5
2007,LNN,CIC,Indu,0.538,0.740,0.640,0.046,7.4,87.3,22.5
2007,LSCC,NOC,Tech,0.517,0.499,0.235,0.228,-10.7,-58.5,0.3
2007,LYTS,CIC,Indu,0.292,0.428,0.410,0.075,9.3,-32.1,0.5
2007,LZB,CIC,Cons,0.319,0.189,0.080,0.241,5.4,-41.5,-0.1
2007,MATV,CIC,Basi,0.396,0.027,0.123,0.068,32.0,0.8,1.5
2007,MATX,CIC,Indu,0.431,0.216,0.267,0.405,11.7,-10.1,1.9
2007,MCRI,CIC,Cons,0.339,0.025,0.490,0.109,27.5,-19.3,-2.4
2007,MCS,NOC,Comm,0.970,0.554,0.196,0.226,-7.4,-23.5,0.1
2007,MCY,NOC,Fina,0.547,0.064,0.280,0.788,6.0,-7.6,-0.2
2007,MEI,NOC,Tech,0.335,0.269,0.344,0.089,22.8,-12.6,0.5
2007,MEOH,CIC,Basi,0.829,0.720,0.895,0.704,-6.6,-3.1,1.3
2007,MGRC,CIC,Indu,0.886,0.722,0.405,0.271,20.9,-34.1,-2.2
2007,MHO,CIC,Cons,0.230,0.597,0.219,0.141,0.8,-55.6,-1.3
2007,MIDD,CIC,Indu,0.262,0.166,0.765,0.248,45.3,11.6,2.8
2007,MKL,NOC,Fina,0.686,0.415,0.658,0.995,21.5,-13.0,-0.6
2007,MKSI,NOC,Tech,0.415,0.818,0.870,0.487,18.2,-26.7,-3.5
2007,MLI,CIC,Indu,0.501,0.761,0.330,0.203,-5.9,-13.3,1.7
2007,MLKN,CIC,Cons,0.034,0.125,0.469,0.713,7.5,-22.9,-1.9
2007,MNST,NOC,Cons,0.084,0.547,0.902,0.866,0.7,26.2,3.1
2007,MOD,CIC,Indu,0.421,0.451,0.367,0.285,6.8,-39.3,2.0
2007,MOH,NOC,Heal,0.531,0.731,0.610,0.292,-15.8,9.9,-0.1
2007,MORN,NOC,Fina,0.148,0.255,0.859,0.667,39.6,30.7,-4.4
2007,MOV,CIC,Cons,0.103,0.100,0.449,0.255,12.9,-34.5,1.7
2007,MTH,CIC,Cons,0.747,0.752,0.064,0.437,7.7,-76.4,-0.2
2007,MTRN,CIC,Basi,0.271,0.622,0.797,0.298,67.4,-28.6,-1.0
2007,MTX,CIC,Basi,0.125,0.144,0.269,0.440,10.1,-11.0,0.7
2007,MTZ,CIC,Indu,0.831,0.754,0.847,0.244,-2.5,-27.1,1.8
2007,MWA,CIC,Indu,0.929,0.998,0.157,0.563,-3.7,-38.9,1.3
2007,MYE,CIC,Cons,0.289,0.478,0.116,0.194,2.7,-18.4,-2.1
2007,NAT,CIC,Indu,0.984,0.884,0.932,0.328,2.3,-12.5,-1.1
2007,NDAQ,NOC,Fina,0.945,0.718,0.918,0.877,2.0,43.5,1.7
2007,NICE,NOC,Tech,0.355,0.241,0.654,0.608,26.8,-12.1,-2.8
2007,NJR,NOC,Util,0.704,0.809,0.039,0.485,-3.4,-1.8,-1.8
2007,NNI,NOC,Fina,0.982,0.979,0.018,0.465,-17.9,-56.3,0.3
2007,NOVT,NOC,Tech,0.456,0.704,0.501,0.071,-0.1,-11.0,1.8
2007,NPO,CIC,Indu,0.194,0.205,0.007,0.273,27.1,-16.0,-0.2
2007,NTES,NOC,Tech,0.046,0.784,0.866,0.724,12.1,33.4,9.0
2007,NWPX,CIC,Indu,0.043,0.469,0.647,0.009,17.3,10.7,-3.9
2007,NX,CIC,Basi,0.351,0.524,0.194,0.503,29.0,28.7,0.9
2007,OGE,NOC,Util,0.859,0.822,0.050,0.886,10.6,-16.3,-0.8
2007,OII,CIC,Ener,0.601,0.196,0.604,0.695,39.2,51.6,-5.0
2007,OIS,CIC,Ener,0.235,0.665,0.451,0.280,4.0,26.6,-1.9
2007,OKE,CIC,Ener,0.519,0.975,0.043,0.918,13.3,11.5,-3.5
2007,OLN,CIC,Basi,0.497,0.374,0.551,0.442,7.4,3.3,0.9
2007,OMCL,NOC,Heal,0.476,0.567,0.704,0.153,5.3,41.4,2.4
2007,ON,NOC,Tech,0.595,0.517,0.663,0.822,58.0,-33.0,0.5
2007,ONB,NOC,Fina,0.449,0.533,0.210,0.444,-4.3,-19.1,0.7
2007,OPY,NOC,Fina,0.189,0.551,0.533,0.096,13.3,33.5,-2.5
2007,ORLY,CIC,Cons,0.087,0.091,0.390,0.882,-1.8,-14.5,1.2
2007,OSBC,NOC,Fina,0.856,0.112,0.572,0.059,-3.7,-7.1,1.5
2007,OSIS,NOC,Tech,0.677,0.510,0.125,0.077,27.4,-3.3,1.1
2007,OSK,CIC,Indu,0.153,0.335,0.645,0.907,6.6,-13.9,1.9
2007,OSPN,NOC,Tech,0.588,0.745,0.875,0.219,73.9,-1.0,-2.5
2007,OXM,CIC,Cons,0.426,0.815,0.134,0.303,13.8,-54.6,6.1
2007,OZK,NOC,Fina,0.920,0.390,0.795,0.125,-14.8,-25.4,-0.7
2007,PAAS,CIC,Basi,0.938,0.966,0.995,0.672,48.9,25.6,-3.6
2007,PB,NOC,Fina,0.774,0.624,0.417,0.478,-2.7,-19.2,1.1
2007,PBH,NOC,Heal,0.412,0.369,0.576,0.207,11.8,-36.9,-1.5
2007,PDS,CIC,Ener,0.870,0.847,0.355,0.993,-29.7,-12.8,-0.2
2007,PENN,CIC,Cons,0.451,0.918,0.756,0.296,27.3,8.4,-4.2
2007,PFS,NOC,Fina,0.683,0.604,0.096,0.378,-5.0,-29.2,0.6
2007,PII,CIC,Cons,0.221,0.282,0.150,0.569,11.3,-8.8,1.2
2007,PKE,CIC,Indu,0.394,0.351,0.394,0.173,-11.6,-8.1,3.7
2007,PKG,CIC,Cons,0.672,0.214,0.549,0.690,-5.5,14.6,4.2
2007,PLXS,NOC,Tech,0.182,0.128,0.401,0.349,8.1,-12.6,-0.2
2007,PNFP,NOC,Fina,0.654,0.977,0.975,0.132,-18.5,-29.0,-3.2
2007,PNR,CIC,Indu,0.134,0.285,0.239,0.654,20.8,0.9,2.0
2007,POOL,CIC,Indu,0.155,0.417,0.191,0.613,-4.1,-48.3,-1.1
2007,POWL,CIC,Indu,0.399,0.802,0.779,0.036,37.8,18.6,-2.1
2007,PPLI,NOC,Comm,0.549,0.904,0.708,0.308,34.1,-44.4,1.3
2007,PRDO,NOC,Cons,0.556,0.686,0.107,0.781,32.9,-41.9,-1.5
2007,PRGO,NOC,Heal,0.581,0.724,0.253,0.554,1.7,84.5,3.8
2007,PRMB,NOC,Cons,0.503,0.023,0.121,0.317,-23.1,-74.5,-0.1
2007,PTEN,CIC,Ener,0.718,0.674,0.818,0.891,-0.8,-1.4,-1.4
2007,PVH,CIC,Cons,0.349,0.223,0.556,0.863,36.8,-40.8,-1.7
2007,PWR,CIC,Indu,0.472,0.364,0.264,0.759,33.6,0.9,-3.4
2007,QDEL,NOC,Heal,0.818,0.929,0.686,0.084,-6.1,38.0,-2.9
2007,QGEN,NOC,Heal,0.239,0.251,0.722,0.756,8.0,19.6,0.0
2007,RBA,CIC,Indu,0.403,0.765,0.542,0.631,6.8,33.8,-4.5
2007,RBC,CIC,Indu,0.171,0.080,0.595,0.364,8.0,-21.3,-3.0
2007,RDN,NOC,Fina,0.109,0.549,0.911,0.966,-6.7,-87.9,0.1
2007,RES,CIC,Ener,0.569,0.385,0.856,0.560,38.8,-42.5,-0.4
2007,RGA,NOC,Fina,0.624,0.066,0.524,0.856,3.6,-11.3,1.2
2007,RGLD,CIC,Basi,0.863,0.738,0.959,0.262,19.2,-6.7,0.7
2007,RHP,NOC,Real,0.408,0.376,0.023,0.706,24.7,-44.7,-1.4
2007,RMD,NOC,Heal,0.178,0.380,0.731,0.925,35.1,-18.2,-2.4
2007,RNR,NOC,Fina,0.989,0.383,0.009,0.904,-2.6,7.0,2.1
2007,ROG,NOC,Tech,0.467,0.667,0.540,0.282,-24.3,-34.8,-4.0
2007,ROP,NOC,Tech,0.055,0.610,0.679,0.961,14.2,9.0,-3.7
2007,ROST,CIC,Cons,0.166,0.030,0.446,0.979,29.3,-15.2,-2.1
2007,RRC,CIC,Ener,0.631,0.670,0.752,0.959,28.9,97.6,-5.1
2007,RRX,CIC,Indu,0.257,0.879,0.230,0.551,8.2,-22.1,-0.8
2007,RS,CIC,Basi,0.169,0.838,0.927,0.859,38.6,15.9,-2.4
2007,RUSHA,CIC,Cons,0.068,0.733,0.522,0.018,13.9,33.7,0.6
2007,RVTY,NOC,Heal,0.305,0.444,0.485,0.809,27.6,-0.3,-0.2
2007,RYN,NOC,Real,0.513,0.228,0.510,0.715,12.3,0.1,1.0
2007,SAH,CIC,Cons,0.009,0.077,0.185,0.456,27.5,-34.7,1.1
2007,SAM,NOC,Cons,0.303,0.289,0.392,0.123,-0.7,1.6,-2.7
2007,SANM,NOC,Tech,0.014,0.260,0.171,0.617,-5.4,-37.8,12.6
2007,SBAC,NOC,Real,0.788,0.569,0.688,0.827,22.3,2.6,-3.5
2007,SBCF,NOC,Fina,0.866,0.711,0.768,0.091,-27.1,-57.9,-0.7
2007,SBGI,NOC,Comm,0.663,0.353,0.567,0.435,72.4,-36.9,-1.4
2007,SBS,NOC,Util,0.342,0.925,0.260,0.913,26.6,31.9,17.8
2007,SBSI,NOC,Fina,0.720,0.050,0.403,0.023,-12.8,-5.6,2.9
2007,SFNC,NOC,Fina,0.638,0.134,0.574,0.062,-10.9,-5.0,6.4
2007,SGI,CIC,Cons,0.508,0.273,0.515,0.369,44.1,-32.7,-1.0
2007,SHEN,NOC,Comm,0.560,0.098,0.558,0.030,0.1,-2.6,6.8
2007,SHO,NOC,Real,0.278,0.829,0.481,0.588,0.2,-42.9,-0.7
2007,SHOO,CIC,Cons,0.599,0.312,0.683,0.185,-27.2,-41.3,0.9
2007,SIG,CIC,Cons,0.843,0.834,0.497,0.934,19.2,-50.9,0.4
2007,SIMO,NOC,Tech,0.469,0.856,0.815,0.187,14.3,-16.4,0.7
2007,SJM,NOC,Cons,0.203,0.574,0.246,0.777,2.2,-3.2,-1.6
2007,SKY,CIC,Cons,0.175,0.544,0.032,0.556,-0.1,-25.0,10.0
2007,SLAB,NOC,Tech,0.162,0.433,0.182,0.604,3.5,-11.3,0.7
2007,SM,CIC,Ener,0.934,0.841,0.444,0.387,2.2,-3.5,-3.3
2007,SMG,CIC,Basi,0.913,0.185,0.059,0.884,21.4,-37.1,0.6
2007,SNPS,NOC,Tech,0.367,0.410,0.421,0.909,35.0,-12.5,-2.9
2007,SQM,CIC,Basi,0.321,0.226,0.770,0.970,50.9,35.2,-12.8
2007,SR,NOC,Util,0.979,0.713,0.093,0.230,-0.7,0.4,1.5
2007,SRCE,NOC,Fina,0.793,0.797,0.929,0.198,-8.8,-33.9,-2.6
2007,SSB,NOC,Fina,0.827,0.538,0.724,0.014,-1.8,-17.7,-1.1
2007,SSD,CIC,Basi,0.424,0.453,0.187,0.558,24.2,-24.0,-2.2
2007,SSYS,NOC,Tech,0.836,0.169,0.727,0.055,37.2,15.1,-2.5
2007,STE,NOC,Heal,0.116,0.084,0.326,0.574,6.4,6.2,0.8
2007,STLD,CIC,Basi,0.474,0.827,0.861,0.854,40.4,47.4,1.4
2007,STN,CIC,Indu,0.986,0.804,0.936,0.408,32.0,33.4,-4.5
2007,STRA,NOC,Cons,0.460,0.005,0.788,0.590,13.3,30.5,-0.2
2007,SUI,NOC,Real,0.540,0.139,0.387,0.162,-2.9,-37.6,-1.0
2007,SWBI,CIC,Indu,0.465,0.506,0.745,0.080,-2.6,-64.0,0.6
2007,SWK,CIC,Indu,0.130,0.310,0.670,0.948,6.2,-11.9,0.5
2007,SWKS,NOC,Tech,0.786,0.182,0.214,0.412,30.4,5.9,5.3
2007,SXI,CIC,Indu,0.260,0.460,0.109,0.043,2.5,-35.3,-1.2
2007,SYNA,NOC,Tech,0.483,0.861,0.877,0.314,24.7,-9.2,0.6
2007,TAC,NOC,Util,0.544,0.212,0.052,0.964,4.4,42.7,4.9
2007,TBBK,NOC,Fina,0.907,0.913,0.916,0.039,-5.5,-55.1,-0.6
2007,TCOM,CIC,Cons,0.585,0.941,0.950,0.692,53.3,62.3,-4.0
2007,TDY,NOC,Tech,0.048,0.355,0.631,0.494,-4.7,28.8,0.9
2007,TFII,CIC,Indu,0.806,0.756,0.100,0.399,-16.0,-28.2,-1.2
2007,THC,NOC,Heal,0.057,0.034,0.077,0.838,-14.1,-38.1,1.0
2007,TK,CIC,Ener,0.740,0.424,0.057,0.929,38.7,-22.5,0.7
2007,TKR,CIC,Indu,0.358,0.485,0.030,0.629,-9.7,-2.5,-0.2
2007,TOWN,NOC,Fina,0.800,0.371,0.763,0.137,-3.3,-23.9,-0.2
2007,TPC,CIC,Indu,0.027,0.920,0.829,0.276,36.5,28.0,-2.8
2007,TRMK,NOC,Fina,0.665,0.467,0.713,0.576,-11.2,-30.2,1.3
2007,TRN,CIC,Indu,0.590,0.419,0.380,0.736,36.6,-31.5,-2.3
2007,TRST,NOC,Fina,0.927,0.595,0.613,0.251,-9.8,-7.0,2.0
2007,TSCO,CIC,Cons,0.105,0.244,0.294,0.649,2.0,-30.2,0.5
2007,TTEK,CIC,Indu,0.330,0.772,0.305,0.380,0.6,4.7,0.8
2007,TTMI,NOC,Tech,0.702,0.882,0.961,0.134,-2.2,-16.0,-4.0
2007,TYL,NOC,Tech,0.522,0.298,0.533,0.166,6.1,1.7,1.7
2007,UBSI,NOC,Fina,0.768,0.362,0.531,0.517,-3.4,-20.1,0.5
2007,UCB,NOC,Fina,0.847,0.267,0.695,0.483,7.4,-56.4,-0.4
2007,UCTT,NOC,Tech,0.385,0.993,0.977,0.016,39.9,-31.7,0.2
2007,UFPI,CIC,Basi,0.039,0.542,0.062,0.330,-1.1,-31.3,-0.7
2007,UGP,CIC,Ener,0.380,0.276,0.383,0.640,40.1,38.6,0.1
2007,UHS,NOC,Heal,0.369,0.180,0.349,0.818,-3.7,-11.5,1.9
2007,ULH,CIC,Indu,0.378,0.658,0.337,0.105,8.8,-26.3,-2.1
2007,UMBF,NOC,Fina,0.790,0.349,0.626,0.547,2.8,6.7,2.8
2007,UNFI,NOC,Cons,0.005,0.057,0.312,0.499,5.7,-28.1,-1.8
2007,UPBD,NOC,Tech,0.991,0.068,0.333,0.651,2.8,-43.5,1.8
2007,URBN,CIC,Cons,0.490,0.394,0.503,0.923,37.9,19.1,0.4
2007,URI,CIC,Indu,0.681,0.476,0.164,0.772,23.4,-33.0,-1.1
2007,UTI,NOC,Cons,0.492,0.207,0.342,0.221,37.5,-40.9,-1.1
2007,VECO,NOC,Tech,0.287,0.137,0.364,0.182,-5.8,-27.9,-0.2
2007,VIAV,NOC,Tech,0.923,0.845,0.292,0.679,-1.2,-41.1,1.2
2007,VLY,NOC,Fina,0.825,0.130,0.426,0.800,-0.6,-22.5,-1.6
2007,VMI,CIC,Indu,0.114,0.360,0.301,0.515,8.0,47.9,0.6
2007,VSAT,NOC,Tech,0.150,0.264,0.374,0.355,27.9,-37.1,1.3
2007,VSH,NOC,Tech,0.337,0.401,0.296,0.761,-1.2,-24.4,1.5
2007,WAB,CIC,Indu,0.364,0.437,0.412,0.579,27.5,3.0,-3.5
2007,WABC,NOC,Fina,0.670,0.503,0.697,0.519,-3.1,-1.5,2.4
2007,WAL,NOC,Fina,0.838,0.672,0.371,0.337,2.4,-62.1,1.5
2007,WBD,NOC,Comm,0.296,0.991,0.241,0.982,11.3,40.6,2.1
2007,WBS,NOC,Fina,0.884,0.588,0.690,0.770,3.6,-39.5,1.1
2007,WCC,CIC,Indu,0.141,0.173,0.376,0.850,10.1,-43.8,0.4
2007,WCN,CIC,Indu,0.212,0.041,0.606,0.638,10.3,2.7,-0.2
2007,WDC,NOC,Tech,0.173,0.082,0.651,0.875,15.9,15.6,1.2
2007,WEN,CIC,Cons,0.954,0.986,0.321,0.544,14.3,-54.9,1.0
2007,WGO,CIC,Cons,0.323,0.093,0.175,0.383,4.8,-40.8,-0.9
2007,WLK,CIC,Basi,0.759,0.690,0.089,0.642,2.8,-40.6,-1.7
2007,WLYB,NOC,Comm,0.002,0.011,0.453,0.661,4.2,-1.9,-4.0
2007,WNC,CIC,Indu,0.374,0.339,0.180,0.144,14.3,-43.5,-0.1
2007,WOR,CIC,Indu,0.446,0.237,0.169,0.394,21.0,-21.9,-2.4
2007,WPM,CIC,Basi,0.941,0.870,0.998,0.743,12.6,49.6,-4.0
2007,WRB,NOC,Fina,1.000,0.055,0.424,0.977,-6.3,-11.6,-1.7
2007,WSBC,NOC,Fina,0.565,0.522,0.419,0.210,-0.1,-28.4,3.2
2007,WSFS,NOC,Fina,0.813,0.232,0.711,0.082,2.2,-26.9,-1.0
2007,WSO,CIC,Indu,0.011,0.492,0.159,0.501,13.5,-28.1,-0.1
2007,WST,NOC,Heal,0.417,0.472,0.528,0.565,19.3,-18.7,-2.1
2007,WTFC,NOC,Fina,0.852,0.749,0.048,0.424,-10.8,-33.8,0.7
2007,WTI,CIC,Ener,0.551,0.688,0.938,0.665,-2.4,31.8,3.9
2007,WWW,CIC,Cons,0.226,0.002,0.362,0.540,11.6,-29.1,0.5
2007,XRAY,NOC,Heal,0.030,0.052,0.428,0.986,2.4,33.4,2.7
2007,ZBRA,NOC,Tech,0.312,0.114,0.544,0.747,5.6,-22.6,-1.6
2008,AAP,CIC,Cons,0.030,0.019,0.220,0.868,-8.6,-9.3,-48.3
2008,ABG,CIC,Cons,0.007,0.081,0.151,0.153,-44.8,-83.9,-8.3
2008,ACGL,NOC,Fina,0.754,0.158,0.476,0.984,3.6,-6.6,-41.9
2008,ACLS,NOC,Tech,0.636,0.738,0.032,0.095,147.8,-89.7,-5.2
2008,ADEA,NOC,Tech,0.677,0.937,0.671,0.179,2.4,-70.0,-16.6
2008,ADTN,NOC,Tech,0.049,0.381,0.606,0.543,-8.1,-25.5,-37.4
2008,AEIS,NOC,Tech,0.415,0.717,0.077,0.183,-44.7,-31.8,-33.9
2008,AGI,CIC,Basi,0.891,0.155,0.724,0.304,17.2,-20.0,-53.1
2008,AJG,NOC,Fina,0.972,0.394,0.067,0.705,-12.1,-6.3,-47.8
2008,ALB,CIC,Basi,0.503,0.374,0.318,0.900,8.2,-42.7,-30.6
2008,ALGN,NOC,Heal,0.608,0.684,0.710,0.413,-16.1,-41.8,-30.0
2008,ALGT,CIC,Indu,0.684,0.643,0.868,0.172,-24.9,61.1,-86.5
2008,ALKS,NOC,Heal,0.471,0.919,0.056,0.557,-8.8,-12.4,-38.7
2008,ALV,CIC,Cons,0.077,0.225,0.422,0.777,-15.3,-61.6,-18.7
2008,AMD,NOC,Tech,0.942,0.436,0.012,0.905,-63.8,-64.5,-19.8
2008,AMG,NOC,Fina,0.673,0.348,0.213,0.972,-12.1,-59.6,-20.8
2008,AMN,NOC,Heal,0.051,0.794,0.186,0.193,-44.3,-58.5,-22.5
2008,ANDE,NOC,Cons,0.522,0.789,0.898,0.346,2.4,-63.5,-15.7
2008,ANGO,NOC,Heal,0.172,0.742,0.926,0.144,-13.8,-32.0,-43.0
2008,ARLP,CIC,Ener,0.397,0.316,0.267,0.529,4.9,-5.7,-50.9
2008,AROC,CIC,Ener,0.856,0.979,0.995,0.828,2.3,-75.0,-13.6
2008,ASR,CIC,Indu,0.594,0.749,0.821,0.619,18.1,-46.5,-26.9
2008,ATLC,NOC,Fina,0.963,0.800,0.919,0.209,-68.5,-71.8,-13.6
2008,ATO,NOC,Util,0.536,0.666,0.276,0.766,-10.5,-11.6,-42.9
2008,AVAV,CIC,Indu,0.664,0.601,0.441,0.148,-10.0,50.3,-93.6
2008,AVNT,CIC,Basi,0.548,0.429,0.216,0.232,-14.8,-65.9,-14.7
2008,AXON,CIC,Indu,0.842,0.622,0.930,0.323,38.9,-65.8,-19.8
2008,AZTA,NOC,Heal,0.800,0.900,0.049,0.329,-18.9,-49.2,-20.6
2008,AZZ,CIC,Indu,0.325,0.464,0.791,0.077,27.6,-23.9,-43.6
2008,BAK,CIC,Basi,0.724,0.787,0.923,0.884,9.8,-75.9,-14.7
2008,BALL,CIC,Cons,0.336,0.276,0.350,0.937,-8.2,-5.0,-45.6
2008,BC,CIC,Cons,0.367,0.128,0.181,0.608,-43.3,-82.6,-8.5
2008,BCPC,CIC,Basi,0.789,0.944,0.970,0.063,29.2,-3.4,-52.2
2008,BDC,NOC,Tech,0.589,0.613,0.861,0.687,-9.3,-67.0,-14.6
2008,BELFB,NOC,Tech,0.411,0.480,0.603,0.012,-15.7,-46.9,-24.2
2008,BFH,NOC,Fina,0.896,0.499,0.580,0.791,-37.1,-3.2,-49.2
2008,BHC,NOC,Heal,0.747,0.708,0.028,0.698,-35.5,-18.2,-41.4
2008,BJRI,CIC,Cons,0.919,0.121,0.659,0.079,-25.5,-29.0,-32.4
2008,BKD,NOC,Heal,0.362,0.912,0.209,0.740,-47.9,-84.3,-9.6
2008,BKH,NOC,Util,0.587,0.828,0.608,0.582,4.5,-32.5,-32.6
2008,BKNG,CIC,Cons,0.854,0.353,0.745,0.986,122.3,-32.8,-33.9
2008,BLX,NOC,Fina,0.821,0.995,0.981,0.241,-16.1,-21.9,-20.6
2008,BMA,NOC,Fina,0.752,0.817,0.838,0.575,-37.7,-54.5,-27.8
2008,BMRN,NOC,Heal,0.613,0.968,0.928,0.926,111.7,-52.5,-24.2
2008,BTE,CIC,Ener,0.995,0.715,0.954,0.657,23.9,-59.5,-26.7
2008,BUSE,NOC,Fina,0.805,0.833,0.879,0.276,-12.2,-58.8,-19.4
2008,BWA,CIC,Cons,0.153,0.241,0.483,0.988,23.1,-58.7,-17.6
2008,BYD,CIC,Cons,0.954,0.791,0.852,0.696,-50.5,-83.6,-9.0
2008,CACI,NOC,Tech,0.195,0.146,0.559,0.527,-10.6,0.6,-51.6
2008,CALM,NOC,Cons,0.903,0.668,0.947,0.223,173.1,19.9,-76.9
2008,CASY,CIC,Cons,0.067,0.281,0.548,0.524,1.8,-24.6,-45.5
2008,CATY,NOC,Fina,0.794,0.886,0.979,0.441,-34.1,-38.1,-29.4
2008,CBRE,NOC,Real,0.462,0.784,0.506,0.893,-53.9,-75.4,-9.5
2008,CBRL,CIC,Cons,0.418,0.274,0.244,0.378,-18.5,-53.2,-27.3
2008,CBT,CIC,Basi,0.606,0.339,0.304,0.661,-33.9,-52.1,-24.0
2008,CCBG,NOC,Fina,0.543,0.425,0.346,0.155,-15.7,-51.4,-21.7
2008,CCOI,NOC,Comm,0.770,0.369,0.227,0.387,-15.5,-69.9,-16.5
2008,CCU,NOC,Cons,0.610,0.443,0.835,0.717,0.9,-12.7,-38.5
2008,CDE,CIC,Basi,0.949,0.545,0.269,0.782,2.6,-85.5,-7.9
2008,CENX,CIC,Basi,0.712,0.543,0.253,0.754,22.2,-94.7,-2.7
2008,CFFN,NOC,Fina,0.406,0.397,0.538,0.759,-14.6,29.5,-65.4
2008,CFR,NOC,Fina,0.265,0.042,0.722,0.838,-3.1,-20.6,-39.8
2008,CGNX,NOC,Tech,0.448,0.580,0.596,0.269,-34.6,-14.3,-38.1
2008,CHD,NOC,Cons,0.070,0.211,0.413,0.919,18.4,-1.4,-45.4
2008,CHDN,CIC,Cons,0.947,0.824,0.865,0.271,9.7,-45.3,-33.7
2008,CHE,NOC,Heal,0.355,0.009,0.355,0.490,25.6,-16.9,-35.8
2008,CHH,CIC,Cons,0.392,0.142,0.766,0.689,-16.8,-24.0,-29.7
2008,CIB,NOC,Fina,0.858,0.947,0.991,0.594,5.7,-50.9,-24.5
2008,CIEN,NOC,Tech,0.596,0.176,0.784,0.831,-1.7,-80.8,-10.4
2008,CIGI,NOC,Real,0.578,0.935,0.708,0.123,-6.3,-50.1,-16.3
2008,CLH,CIC,Indu,0.408,0.044,0.508,0.517,31.2,-21.0,-42.6
2008,CLMT,CIC,Basi,0.601,0.501,0.427,0.436,-16.2,-66.7,-16.6
2008,CMC,CIC,Basi,0.348,0.427,0.455,0.912,12.2,-65.6,-15.5
2008,CMCO,CIC,Indu,0.216,0.030,0.448,0.165,-0.2,-53.5,-25.1
2008,CMG,CIC,Cons,0.176,0.144,0.740,0.889,76.4,-55.7,-19.9
2008,CMP,CIC,Basi,0.689,0.703,0.914,0.585,43.7,38.9,-56.2
2008,CNC,NOC,Heal,0.097,0.608,0.230,0.401,-14.0,-9.7,-34.7
2008,CODI,CIC,Indu,0.360,0.977,0.974,0.065,-31.2,-29.4,-34.6
2008,COLB,NOC,Fina,0.912,0.490,0.336,0.515,-37.3,-54.1,-17.9
2008,COO,NOC,Heal,0.798,0.232,0.408,0.587,-26.2,-40.3,-32.4
2008,CPA,CIC,Indu,0.986,0.492,0.002,0.633,-22.0,-27.0,-35.6
2008,CPF,NOC,Fina,0.965,0.747,0.019,0.306,-48.6,-64.1,-17.5
2008,CRAI,CIC,Indu,0.425,0.204,0.599,0.206,-6.3,-47.7,-35.4
2008,CRI,CIC,Cons,0.290,0.596,0.346,0.522,-12.1,-0.1,-30.7
2008,CRK,CIC,Ener,0.643,0.933,0.956,0.566,13.4,23.6,-50.1
2008,CRL,NOC,Heal,0.443,0.392,0.647,0.981,40.8,-58.4,-16.8
2008,CROX,CIC,Cons,0.550,0.930,0.972,0.780,14.6,-96.3,-1.8
2008,CRS,CIC,Basi,0.531,0.311,0.394,0.856,15.8,-73.1,-14.2
2008,CRUS,NOC,Tech,0.434,0.283,0.239,0.088,-43.7,-39.1,-31.3
2008,CSGP,NOC,Real,0.617,0.007,0.775,0.302,-17.4,-25.5,-37.6
2008,CSL,CIC,Basi,0.111,0.664,0.520,0.719,-19.4,-50.6,-23.4
2008,CVBF,NOC,Fina,0.784,0.476,0.415,0.320,-26.7,-7.2,-51.8
2008,CVLT,NOC,Tech,0.037,0.617,0.759,0.374,-3.5,-30.5,-32.1
2008,CW,CIC,Indu,0.063,0.267,0.761,0.643,2.9,-23.3,-34.4
2008,DAC,CIC,Indu,0.659,0.350,0.805,0.534,0.4,-83.5,-8.4
2008,DAKT,NOC,Tech,0.081,0.636,0.334,0.295,-41.7,-55.5,-27.0
2008,DAR,NOC,Cons,0.555,0.807,0.807,0.452,136.1,-68.1,-21.2
2008,DCOM,NOC,Fina,0.763,0.462,0.536,0.288,-14.9,-11.7,-41.5
2008,DDS,CIC,Cons,0.357,0.063,0.118,0.508,-48.3,-79.7,-11.1
2008,DECK,CIC,Cons,0.490,0.735,0.942,0.615,106.2,-56.2,-23.8
2008,DHT,CIC,Indu,0.420,0.413,0.726,0.039,-18.7,-44.9,-20.3
2008,DINO,CIC,Ener,0.803,0.599,0.849,0.789,0.2,-51.7,-21.1
2008,DIOD,NOC,Tech,0.058,0.724,0.610,0.411,-1.8,-67.1,-14.1
2008,DKS,CIC,Cons,0.297,0.260,0.585,0.821,-6.8,-56.9,-28.6
2008,DLB,NOC,Tech,0.599,0.318,0.944,0.998,28.7,-40.3,-30.5
2008,DLX,NOC,Comm,0.074,0.014,0.290,0.478,-21.5,-45.6,-29.4
2008,DMC,NOC,Cons,0.541,0.559,0.357,0.673,82.6,-40.7,-32.0
2008,DMLP,CIC,Ener,0.090,0.805,0.933,0.244,-1.6,-12.0,-17.9
2008,DRH,NOC,Real,0.970,0.981,0.812,0.499,-32.3,-76.0,-13.1
2008,DRI,CIC,Cons,0.350,0.422,0.550,0.914,-27.7,-3.6,-51.4
2008,DXC,NOC,Tech,0.188,0.151,0.459,0.886,-20.9,-4.3,-40.9
2008,DY,CIC,Indu,0.513,0.218,0.223,0.234,-34.8,-68.3,-18.5
2008,EBF,CIC,Indu,0.118,0.174,0.434,0.130,-27.9,-48.2,-21.8
2008,EDU,NOC,Cons,0.898,1.000,0.035,0.761,79.0,-14.4,-49.8
2008,EEFT,NOC,Tech,0.218,0.624,0.889,0.427,-25.2,-63.8,-20.9
2008,EGY,CIC,Ener,0.926,0.914,0.986,0.000,-11.1,3.2,-51.3
2008,ENS,CIC,Indu,0.262,0.390,0.810,0.501,56.1,-61.9,-16.5
2008,ENTG,NOC,Tech,0.520,0.916,0.139,0.362,-31.3,-84.5,-7.0
2008,EPAC,CIC,Indu,0.035,0.016,0.571,0.654,13.7,-71.8,-12.4
2008,EPC,NOC,Cons,0.225,0.253,0.733,0.930,11.9,-53.0,-24.7
2008,EQIX,NOC,Real,0.582,0.541,0.907,0.733,-14.0,-19.4,-38.4
2008,EQT,CIC,Ener,0.668,0.466,0.645,0.903,28.5,-32.0,-33.1
2008,ERIE,NOC,Fina,0.650,0.032,0.295,0.803,-7.5,-38.1,-34.0
2008,ES,NOC,Util,0.877,0.346,0.130,0.949,-6.6,-12.0,-39.1
2008,ESLT,CIC,Indu,0.390,0.306,0.643,0.752,72.8,-24.0,-43.1
2008,EVC,NOC,Comm,0.930,0.626,0.696,0.253,-32.4,-92.9,-3.9
2008,EVRG,NOC,Util,0.487,0.248,0.513,0.682,-14.8,-27.2,-39.7
2008,EWBC,NOC,Fina,0.575,0.768,0.086,0.596,-33.1,-64.0,-18.8
2008,EXP,CIC,Basi,0.831,0.726,0.128,0.592,-30.1,-48.2,-25.0
2008,EXPE,CIC,Cons,0.220,0.304,0.770,0.872,6.4,-64.0,-17.1
2008,FBP,NOC,Fina,0.991,0.965,0.088,0.313,-14.0,-26.4,-33.5
2008,FCF,NOC,Fina,0.334,0.165,0.316,0.332,-17.4,-16.7,-43.6
2008,FCFS,NOC,Fina,0.882,0.645,0.411,0.118,-40.5,8.2,-56.0
2008,FCN,CIC,Indu,0.309,0.445,0.798,0.768,68.8,-34.6,-39.4
2008,FCNCA,NOC,Fina,0.654,0.188,0.397,0.589,-29.4,-23.4,-45.0
2008,FFBC,NOC,Fina,0.731,0.803,0.125,0.086,-32.6,-17.7,-42.4
2008,FFIV,NOC,Tech,0.009,0.077,0.756,0.636,-45.8,6.6,-61.2
2008,FHN,NOC,Fina,0.956,0.777,0.007,0.794,-56.0,-49.9,-27.5
2008,FICO,NOC,Tech,0.271,0.051,0.271,0.462,-46.2,-30.9,-35.0
2008,FIS,NOC,Tech,0.202,0.998,0.664,0.963,-6.1,-20.4,-31.5
2008,FIX,CIC,Indu,0.313,0.265,0.288,0.137,-18.1,-20.0,-43.9
2008,FMC,CIC,Basi,0.316,0.049,0.432,0.863,37.7,-13.6,-37.4
2008,FNB,NOC,Fina,0.510,0.255,0.561,0.336,-23.5,-40.7,-33.9
2008,FNF,NOC,Fina,0.879,0.972,0.021,0.745,-26.1,-10.5,-43.5
2008,FORM,NOC,Tech,0.151,0.650,0.733,0.476,-43.0,-35.0,-31.8
2008,FRO,CIC,Indu,0.900,0.729,0.325,0.882,36.1,-50.2,-26.8
2008,FSS,CIC,Indu,0.545,0.246,0.369,0.239,-25.6,-48.5,-28.3
2008,FTK,CIC,Ener,0.371,0.854,0.773,0.666,-17.8,-90.9,-4.0
2008,FUL,CIC,Basi,0.239,0.258,0.137,0.536,-22.9,-36.5,-37.0
2008,FULT,NOC,Fina,0.657,0.415,0.429,0.677,-24.2,-46.5,-30.0
2008,FUN,CIC,Cons,0.988,0.858,0.063,0.492,-22.4,-55.4,-19.1
2008,FWRD,CIC,Indu,0.267,0.209,0.731,0.364,-3.9,-23.5,-31.0
2008,GBCI,NOC,Fina,0.278,0.780,0.687,0.415,-20.9,-17.4,-40.2
2008,GEO,CIC,Indu,0.288,0.561,0.311,0.541,9.0,-43.1,-27.5
2008,GGAL,NOC,Fina,0.923,0.515,0.668,0.353,-30.8,-69.0,-13.6
2008,GIB,NOC,Tech,0.121,0.288,0.297,0.865,34.3,-23.7,-38.2
2008,GIL,CIC,Cons,0.304,0.522,0.819,0.958,43.2,-70.9,-13.5
2008,GILT,NOC,Tech,0.053,0.401,0.144,0.135,18.8,-69.0,-13.4
2008,GLNG,CIC,Ener,0.715,0.775,0.485,0.561,64.3,-76.6,-13.7
2008,GNTX,CIC,Cons,0.044,0.118,0.650,0.726,-9.8,-45.3,-25.4
2008,GPN,NOC,Fina,0.209,0.005,0.694,0.896,10.0,-25.9,-46.8
2008,GRC,CIC,Indu,0.378,0.325,0.566,0.158,-4.6,-1.4,-44.5
2008,GSAT,NOC,Comm,0.638,0.852,0.026,0.360,-33.9,-94.7,-2.2
2008,HAFC,NOC,Fina,0.933,0.759,0.023,0.097,-59.8,-88.0,-6.3
2008,HBM,CIC,Basi,0.810,0.861,0.487,0.684,-11.3,-73.0,-15.1
2008,HEI,CIC,Indu,0.197,0.355,0.666,0.503,24.8,-29.2,-41.3
2008,HELE,NOC,Cons,0.181,0.097,0.278,0.151,-34.0,0.6,-57.8
2008,HIMX,NOC,Tech,0.485,0.566,0.684,0.420,6.2,-65.6,-18.3
2008,HL,CIC,Basi,0.840,0.928,0.114,0.506,25.8,-83.0,-8.6
2008,HLIO,CIC,Indu,0.244,0.067,0.701,0.111,58.8,-47.8,-29.2
2008,HLIT,NOC,Tech,0.710,0.657,0.450,0.383,5.7,-45.1,-25.4
2008,HLX,CIC,Ener,0.914,0.763,0.673,0.833,-1.6,-91.3,-5.1
2008,HNI,CIC,Cons,0.107,0.309,0.193,0.573,-33.5,-60.1,-16.2
2008,HOMB,NOC,Fina,0.128,0.740,0.524,0.044,-10.6,-18.5,-51.1
2008,HOPE,NOC,Fina,0.742,0.691,0.703,0.002,-36.9,-38.9,-26.2
2008,HP,CIC,Ener,0.169,0.557,0.826,0.940,41.0,-36.9,-30.8
2008,HTGC,NOC,Fina,0.865,0.961,0.998,0.072,-17.1,-49.9,-21.4
2008,HTLD,CIC,Indu,0.937,0.109,0.039,0.555,-8.8,-10.4,-48.5
2008,HUBG,CIC,Indu,0.019,0.104,0.237,0.434,-8.1,-24.2,-31.1
2008,HURN,CIC,Indu,0.343,0.652,0.877,0.399,-9.3,-15.9,-48.5
2008,HWC,NOC,Fina,0.886,0.483,0.439,0.455,-27.5,1.4,-50.9
2008,IAG,CIC,Basi,0.935,0.940,0.886,0.722,2.0,12.8,-63.3
2008,IART,NOC,Heal,0.376,0.701,0.712,0.471,-4.9,-34.7,-53.3
2008,IBOC,NOC,Fina,0.647,0.262,0.441,0.571,-18.8,-51.4,-23.9
2008,ICFI,CIC,Indu,0.814,0.958,0.900,0.026,28.6,-0.8,-56.3
2008,ICUI,NOC,Heal,0.682,0.819,0.148,0.188,-6.5,-18.4,-42.9
2008,IFF,CIC,Basi,0.088,0.116,0.418,0.852,-18.0,-29.4,-34.1
2008,ILMN,NOC,Heal,0.508,0.875,0.840,0.875,56.2,-15.5,-44.7
2008,INDB,NOC,Fina,0.441,0.023,0.399,0.090,-9.1,-61.3,-24.8
2008,IOSP,CIC,Basi,0.580,0.587,0.262,0.074,-39.7,-72.8,-12.9
2008,IPGP,NOC,Tech,0.401,0.452,0.814,0.311,-11.2,-50.4,-29.0
2008,IRS,NOC,Real,0.787,0.863,0.854,0.255,-33.5,-73.8,-13.3
2008,IT,CIC,Indu,0.381,0.135,0.657,0.622,-21.0,-13.3,-38.3
2008,ITRI,NOC,Tech,0.791,0.970,0.993,0.729,24.7,-28.3,-36.1
2008,JHX,CIC,Basi,0.230,0.341,0.111,0.773,-25.1,-41.5,-13.4
2008,JOE,NOC,Real,0.981,0.538,0.030,0.817,-40.0,-43.0,-32.5
2008,KAI,CIC,Indu,0.139,0.615,0.473,0.102,10.3,-72.9,-18.5
2008,KEX,CIC,Indu,0.132,0.160,0.747,0.735,18.7,-42.2,-29.7
2008,KFRC,CIC,Indu,0.146,0.086,0.302,0.030,-39.6,-11.3,-34.3
2008,KLIC,NOC,Tech,0.828,0.812,0.842,0.060,-30.3,-74.8,-13.1
2008,KMX,CIC,Cons,0.012,0.193,0.234,0.965,-18.8,-37.9,-29.7
2008,KNX,CIC,Indu,0.624,0.271,0.378,0.432,-13.5,-21.6,-39.3
2008,KRG,NOC,Real,0.849,0.592,0.531,0.084,-32.4,-74.8,-12.0
2008,KRNY,NOC,Fina,0.773,0.343,0.251,0.309,-24.2,-2.9,-44.1
2008,KRO,CIC,Basi,0.629,0.139,0.195,0.381,-49.2,-62.4,-21.2
2008,LBTYK,NOC,Comm,0.130,0.172,0.777,0.849,30.3,-68.8,-16.5
2008,LCII,CIC,Cons,0.329,0.640,0.195,0.220,-1.3,-71.7,-13.5
2008,LEU,CIC,Ener,0.766,0.896,0.392,0.422,-39.5,-41.2,-30.9
2008,LFUS,NOC,Tech,0.680,0.517,0.274,0.262,-17.7,-48.9,-22.1
2008,LINC,NOC,Cons,0.492,0.037,0.490,0.007,0.7,26.3,-68.6
2008,LKQ,CIC,Cons,0.032,0.770,0.965,0.812,106.0,-47.5,-28.8
2008,LNN,CIC,Indu,0.320,0.575,0.935,0.448,176.4,-69.5,-11.4
2008,LQDT,CIC,Cons,0.905,0.090,0.691,0.028,-39.5,-43.7,-24.8
2008,LRCX,NOC,Tech,0.374,0.879,0.462,0.991,-16.8,-41.4,-28.8
2008,LUMN,NOC,Comm,0.311,0.244,0.652,0.928,-16.1,-34.5,-33.0
2008,LXU,CIC,Basi,0.538,0.292,0.341,0.160,102.5,-60.6,-21.4
2008,LYV,NOC,Comm,0.756,0.571,0.121,0.385,-47.0,-71.2,-17.3
2008,LZB,CIC,Cons,0.385,0.239,0.107,0.109,-42.6,-88.4,-5.1
2008,MAN,CIC,Indu,0.123,0.162,0.568,0.979,-19.8,-51.8,-26.5
2008,MATV,CIC,Basi,0.527,0.237,0.332,0.046,-4.9,-9.8,-45.9
2008,MCRI,CIC,Cons,0.383,0.079,0.320,0.053,-19.9,-59.3,-21.9
2008,MCS,NOC,Comm,0.961,0.534,0.557,0.176,-23.9,-49.8,-21.2
2008,MCY,NOC,Fina,0.506,0.060,0.172,0.787,-9.8,-13.9,-34.8
2008,MEI,NOC,Tech,0.404,0.457,0.719,0.128,-2.4,-70.4,-16.3
2008,MEOH,CIC,Basi,0.921,0.733,0.749,0.712,-0.8,-60.2,-20.0
2008,MGRC,CIC,Indu,0.459,0.302,0.638,0.162,-37.3,1.5,-52.0
2008,MIDD,CIC,Indu,0.174,0.469,0.875,0.367,15.0,-67.3,-21.7
2008,MKL,NOC,Fina,0.559,0.420,0.232,0.947,-13.4,-36.6,-34.6
2008,MKSI,NOC,Tech,0.183,0.821,0.158,0.464,-18.7,-28.6,-31.6
2008,MLI,CIC,Indu,0.571,0.810,0.466,0.186,-15.5,-24.9,-34.5
2008,MLKN,CIC,Cons,0.072,0.137,0.299,0.626,-23.6,-66.4,-14.8
2008,MLM,CIC,Basi,0.703,0.290,0.401,0.970,-14.4,-24.6,-33.6
2008,MNST,NOC,Cons,0.060,0.677,0.949,0.968,26.9,-26.1,-40.2
2008,MOD,CIC,Indu,0.211,0.181,0.153,0.167,-41.6,-93.8,-3.0
2008,MOH,NOC,Heal,0.095,0.111,0.575,0.394,10.8,-43.9,-26.7
2008,MORN,NOC,Fina,0.155,0.125,0.858,0.826,27.7,-50.5,-24.2
2008,MOV,CIC,Cons,0.160,0.195,0.132,0.218,-24.9,-61.5,-14.2
2008,MTRN,CIC,Basi,0.645,0.513,0.494,0.181,-40.2,-46.5,-24.5
2008,MTX,CIC,Basi,0.427,0.084,0.585,0.429,-8.5,-29.5,-35.9
2008,MTZ,CIC,Indu,0.276,0.638,0.376,0.211,-28.1,18.6,-72.2
2008,MWA,CIC,Indu,0.387,0.993,0.162,0.390,-44.1,-11.5,-42.9
2008,MYE,CIC,Cons,0.573,0.459,0.450,0.121,-31.4,-72.0,-16.0
2008,NAT,CIC,Indu,0.916,0.905,0.680,0.369,-16.6,0.2,-43.4
2008,NEOG,NOC,Heal,0.295,0.072,0.729,0.070,83.7,-1.4,-62.3
2008,NICE,NOC,Tech,0.494,0.114,0.545,0.652,-10.9,-38.2,-29.4
2008,NJR,NOC,Util,0.833,0.619,0.327,0.550,0.3,28.2,-55.6
2008,NNI,NOC,Fina,0.907,0.898,0.478,0.204,-56.8,-61.0,-23.9
2008,NPO,CIC,Indu,0.341,0.123,0.255,0.258,-22.8,-29.7,-32.1
2008,NTCT,NOC,Tech,0.534,0.838,0.958,0.019,11.3,45.0,-78.6
2008,NTES,NOC,Tech,0.056,0.782,0.951,0.842,32.9,25.2,-55.9
2008,NWPX,CIC,Indu,0.167,0.510,0.248,0.035,12.0,-25.6,-37.1
2008,NX,CIC,Basi,0.780,0.705,0.016,0.659,33.7,-85.3,-8.5
2008,OFG,NOC,Fina,0.738,0.942,0.963,0.174,72.1,-93.1,-4.5
2008,OGE,NOC,Util,0.884,0.682,0.100,0.845,-15.6,-27.5,-32.1
2008,OII,CIC,Ener,0.323,0.364,0.828,0.891,53.6,-53.3,-23.5
2008,OIS,CIC,Ener,0.227,0.573,0.631,0.445,29.3,-56.6,-21.5
2008,OKE,CIC,Ener,0.269,0.756,0.675,0.974,14.4,-50.2,-25.9
2008,OLED,NOC,Tech,0.480,0.907,0.005,0.246,33.7,-65.7,-18.9
2008,OLN,CIC,Basi,0.698,0.868,0.037,0.548,6.6,-10.3,-47.9
2008,OMCL,NOC,Heal,0.255,0.295,0.742,0.355,34.7,-67.8,-15.7
2008,ON,NOC,Tech,0.364,0.473,0.385,0.668,-33.3,-37.5,-31.9
2008,ONB,NOC,Fina,0.557,0.673,0.689,0.439,-12.2,-20.8,-42.3
2008,ORLY,CIC,Cons,0.014,0.028,0.383,0.835,-16.3,-1.6,-48.9
2008,OSBC,NOC,Fina,0.631,0.102,0.561,0.042,-4.8,-69.3,-16.3
2008,OSIS,NOC,Tech,0.696,0.088,0.480,0.142,1.6,-53.8,-20.3
2008,OSK,CIC,Indu,0.039,0.884,0.831,0.858,-19.8,-74.6,-12.7
2008,OSPN,NOC,Tech,0.473,0.752,0.768,0.114,-38.3,-44.8,-27.0
2008,OXM,CIC,Cons,0.260,0.991,0.968,0.081,-55.2,-68.1,-13.3
2008,OZK,NOC,Fina,0.687,0.357,0.534,0.058,-23.6,-16.0,-47.3
2008,PAAS,CIC,Basi,0.807,0.949,0.613,0.810,25.7,-52.8,-23.1
2008,PB,NOC,Fina,0.436,0.698,0.891,0.494,-18.0,-13.4,-44.3
2008,PBH,NOC,Heal,0.292,0.269,0.589,0.056,-41.1,-14.4,-39.2
2008,PDS,CIC,Ener,0.768,0.856,0.206,0.956,-10.8,-80.2,-8.0
2008,PENN,CIC,Cons,0.179,0.910,0.329,0.406,8.1,-65.0,-15.4
2008,PFS,NOC,Fina,0.819,0.835,0.935,0.278,-32.8,19.4,-49.6
2008,PII,CIC,Cons,0.200,0.455,0.631,0.564,-7.0,-46.0,-25.0
2008,PKE,CIC,Indu,0.137,0.485,0.313,0.251,3.2,-37.3,-28.2
2008,PKG,CIC,Cons,0.592,0.132,0.360,0.770,11.9,-46.5,-26.8
2008,PLXS,NOC,Tech,0.193,0.387,0.541,0.392,-6.5,-22.5,-38.8
2008,PNFP,NOC,Fina,0.561,0.984,0.977,0.100,-27.6,3.6,-44.5
2008,PNR,CIC,Indu,0.223,0.039,0.471,0.710,1.9,-31.0,-33.4
2008,POOL,CIC,Indu,0.204,0.508,0.090,0.404,-46.6,-22.6,-37.8
2008,POWI,NOC,Tech,0.564,0.220,0.617,0.260,-27.4,-8.0,-39.8
2008,POWL,CIC,Indu,0.232,0.606,0.503,0.146,27.9,-33.9,-24.1
2008,PPLI,NOC,Comm,0.694,0.891,0.014,0.132,-48.5,-13.9,-48.2
2008,PRDO,NOC,Cons,0.726,0.731,0.800,0.601,-41.0,24.6,-62.7
2008,PRGO,NOC,Heal,0.253,0.548,0.592,0.854,92.7,-13.1,-42.1
2008,PTEN,CIC,Ener,0.735,0.872,0.190,0.870,-4.4,-55.9,-20.1
2008,PVH,CIC,Cons,0.158,0.278,0.292,0.680,-37.0,-53.4,-24.6
2008,PWR,CIC,Indu,0.394,0.536,0.824,0.942,6.2,-34.9,-36.6
2008,QDEL,NOC,Heal,0.824,0.766,0.543,0.230,37.2,-35.9,-32.8
2008,QGEN,NOC,Heal,0.353,0.633,0.921,0.933,22.3,-23.0,-34.9
2008,RBA,CIC,Indu,0.445,0.903,0.984,0.763,26.9,-37.6,-32.6
2008,RBC,CIC,Indu,0.327,0.074,0.499,0.327,-23.2,-9.4,-40.0
2008,RDN,NOC,Fina,0.102,0.773,0.093,0.265,-85.8,-78.1,-12.6
2008,RDY,NOC,Heal,0.749,0.986,0.469,0.784,-3.1,8.0,-26.2
2008,RES,CIC,Ener,0.626,0.524,0.661,0.418,-38.9,-17.9,-41.2
2008,RGA,NOC,Fina,0.455,0.190,0.218,0.840,-8.1,-25.9,-38.8
2008,RGLD,CIC,Basi,0.852,0.849,0.845,0.376,-8.2,53.5,-78.1
2008,RHI,CIC,Indu,0.021,0.026,0.510,0.923,-38.6,-27.0,-37.6
2008,RHP,NOC,Real,0.622,0.531,0.102,0.545,-39.8,-65.3,-12.8
2008,RMBS,NOC,Tech,0.568,0.478,0.009,0.691,13.6,-55.6,-25.4
2008,RMD,NOC,Heal,0.951,0.497,0.624,0.879,-18.0,-8.8,-40.3
2008,RNR,NOC,Fina,0.928,0.647,0.065,0.910,6.3,-27.8,-31.7
2008,ROG,NOC,Tech,0.826,0.671,0.116,0.200,-34.3,-29.7,-35.4
2008,ROST,CIC,Cons,0.165,0.070,0.260,0.907,-16.4,22.4,-51.8
2008,RRX,CIC,Indu,0.084,0.404,0.717,0.497,-21.5,-11.4,-38.4
2008,RS,CIC,Basi,0.148,0.865,0.374,0.916,18.4,-60.3,-19.4
2008,RUSHA,CIC,Cons,0.246,0.712,0.058,0.139,32.3,-40.8,-23.2
2008,RVTY,NOC,Heal,0.109,0.378,0.601,0.814,0.2,-49.0,-23.2
2008,RYN,NOC,Real,0.719,0.234,0.160,0.747,-1.6,-31.3,-37.3
2008,SAH,CIC,Cons,0.000,0.056,0.258,0.348,-32.2,-66.6,-9.6
2008,SAM,NOC,Cons,0.501,0.213,0.738,0.195,7.7,-39.1,-40.4
2008,SANM,NOC,Tech,0.026,0.035,0.104,0.292,-58.9,-72.3,-15.9
2008,SBAC,NOC,Real,0.675,0.555,0.445,0.861,-1.3,-33.0,-35.0
2008,SBGI,NOC,Comm,0.332,0.093,0.492,0.334,-33.5,-85.2,-6.1
2008,SBSI,NOC,Fina,0.369,0.297,0.752,0.009,-5.1,-9.5,-45.5
2008,SFNC,NOC,Fina,0.464,0.471,0.074,0.021,-7.4,5.5,-61.8
2008,SGI,CIC,Cons,0.708,0.675,0.084,0.290,-32.4,-61.2,-17.4
2008,SHEN,NOC,Comm,0.777,0.589,0.183,0.023,-0.3,27.5,-96.9
2008,SHO,NOC,Real,0.640,0.847,0.343,0.397,-45.0,-77.6,-9.9
2008,SHOO,CIC,Cons,0.302,0.629,0.123,0.051,-36.0,-6.7,-53.2
2008,SIMO,NOC,Tech,0.016,0.889,0.916,0.190,-18.9,-84.4,-8.0
2008,SIRI,NOC,Comm,0.940,0.954,0.044,0.977,-16.4,-95.1,-3.5
2008,SJM,NOC,Cons,0.478,0.383,0.698,0.807,1.7,-18.2,-42.8
2008,SKY,CIC,Cons,0.483,0.722,0.053,0.480,-28.6,-28.5,-41.0
2008,SLAB,NOC,Tech,0.661,0.687,0.167,0.638,-0.8,-27.5,-35.2
2008,SM,CIC,Ener,0.958,0.603,0.833,0.450,-6.5,-54.2,-23.2
2008,SMG,CIC,Basi,0.863,0.130,0.097,0.701,-37.1,-6.7,-47.3
2008,SMTC,NOC,Tech,0.552,0.550,0.847,0.343,-5.1,-11.0,-54.5
2008,SNPS,NOC,Tech,0.028,0.046,0.464,0.877,-14.1,-19.5,-40.6
2008,SPH,NOC,Util,0.944,0.376,0.381,0.531,0.0,-0.9,-43.8
2008,SR,NOC,Util,0.968,0.610,0.204,0.297,3.1,25.7,-61.2
2008,SRCE,NOC,Fina,0.835,0.840,0.425,0.125,-35.1,-2.7,-50.3
2008,SSB,NOC,Fina,0.585,0.336,0.420,0.005,-16.2,-33.2,-29.6
2008,SSD,CIC,Basi,0.524,0.360,0.146,0.487,-26.9,-15.5,-37.3
2008,SSYS,NOC,Tech,0.782,0.418,0.362,0.093,5.9,-45.0,-24.7
2008,STC,NOC,Fina,1.000,0.411,0.042,0.216,-27.6,-48.0,-26.2
2008,STE,NOC,Heal,0.104,0.053,0.323,0.578,-9.1,3.3,-54.2
2008,STLD,CIC,Basi,0.633,0.761,0.940,1.000,51.6,-58.8,-22.0
2008,STN,CIC,Indu,0.984,0.754,0.517,0.599,39.0,-42.0,-30.3
2008,STRA,NOC,Cons,0.450,0.000,0.636,0.742,38.3,34.9,-61.5
2008,STZ,NOC,Cons,0.615,0.689,0.095,0.995,-10.5,-25.0,-37.3
2008,SUI,NOC,Real,0.745,0.197,0.622,0.037,-36.6,-54.0,-20.5
2008,SWK,CIC,Indu,0.213,0.200,0.573,0.921,-7.5,-36.7,-32.4
2008,SWKS,NOC,Tech,0.817,0.148,0.353,0.473,0.9,-30.5,-36.0
2008,SYNA,NOC,Tech,0.429,0.870,0.794,0.371,2.5,1.2,-54.7
2008,TCOM,CIC,Cons,0.283,0.923,0.188,0.898,54.2,-37.8,-17.3
2008,TDG,CIC,Indu,0.135,0.323,0.903,0.708,35.4,-21.8,-36.4
2008,TDY,NOC,Tech,0.142,0.186,0.390,0.645,31.0,-27.3,-39.3
2008,TEO,NOC,Comm,0.671,0.831,0.872,0.944,54.3,-66.3,-18.8
2008,TER,NOC,Tech,0.339,0.659,0.155,0.606,-41.3,-44.5,-27.8
2008,TFII,CIC,Indu,0.046,0.694,0.796,0.274,-37.6,-58.3,-20.7
2008,THC,NOC,Heal,0.065,0.183,0.165,0.738,-29.1,-80.0,-11.6
2008,THO,CIC,Cons,0.162,0.432,0.202,0.603,-36.0,-63.4,-20.8
2008,TK,CIC,Ener,0.652,0.506,0.497,0.847,-24.5,-56.7,-20.2
2008,TKR,CIC,Indu,0.422,0.594,0.763,0.675,2.1,-41.9,-28.3
2008,TOWN,NOC,Fina,0.701,0.320,0.501,0.049,-23.5,8.6,-49.3
2008,TRMK,NOC,Fina,0.796,0.332,0.527,0.459,-30.9,-10.1,-42.7
2008,TRN,CIC,Indu,0.144,0.399,0.780,0.631,-31.7,-65.3,-17.5
2008,TRST,NOC,Fina,0.845,0.494,0.640,0.281,-9.0,-6.4,-46.7
2008,TSCO,CIC,Cons,0.100,0.169,0.457,0.510,-33.3,1.8,-52.2
2008,TTEK,CIC,Indu,0.114,0.578,0.629,0.457,5.0,12.4,-57.7
2008,TTMI,NOC,Tech,0.812,0.926,0.522,0.107,-16.4,-37.9,-22.9
2008,TTWO,NOC,Tech,0.872,0.796,0.046,0.640,22.8,-75.6,-16.2
2008,TYL,NOC,Tech,0.457,0.058,0.654,0.213,1.6,-5.8,-50.8
2008,UAA,CIC,Cons,0.234,0.371,0.782,0.671,-14.7,-51.7,-23.5
2008,UBSI,NOC,Fina,0.619,0.826,0.961,0.520,-18.8,-30.0,-38.0
2008,UCB,NOC,Fina,0.870,0.107,0.594,0.267,-56.0,-74.2,-13.8
2008,UFPI,CIC,Basi,0.285,0.527,0.142,0.248,-34.4,-34.2,-28.5
2008,UHS,NOC,Heal,0.979,0.206,0.404,0.775,-11.8,-23.8,-41.4
2008,ULH,CIC,Indu,0.566,0.367,0.211,0.014,-26.0,-46.4,-28.0
2008,UMBF,NOC,Fina,0.190,0.313,0.387,0.610,5.7,-7.9,-47.5
2008,UNFI,NOC,Cons,0.023,0.100,0.550,0.425,-28.7,-45.9,-30.4
2008,UPBD,NOC,Tech,0.299,0.385,0.241,0.466,-44.8,-11.3,-48.5
2008,URBN,CIC,Cons,0.281,0.230,0.789,0.993,15.6,-44.0,-30.4
2008,URI,CIC,Indu,0.729,0.564,0.787,0.694,-34.4,-76.2,-12.7
2008,UTI,NOC,Cons,0.893,0.153,0.246,0.067,-43.4,23.8,-56.4
2008,VECO,NOC,Tech,0.740,0.408,0.060,0.116,-28.5,-54.7,-18.4
2008,VIAV,NOC,Tech,0.847,0.845,0.265,0.538,-42.9,-60.2,-18.3
2008,VLY,NOC,Fina,0.666,0.299,0.200,0.724,-22.2,-14.9,-46.0
2008,VMI,CIC,Indu,0.086,0.202,0.555,0.715,49.4,-52.4,-21.2
2008,VRTX,NOC,Heal,0.241,0.882,0.000,0.756,-47.7,92.2,-77.8
2008,VSAT,NOC,Tech,0.476,0.406,0.626,0.283,-35.5,8.4,-41.9
2008,VSH,NOC,Tech,0.248,0.095,0.406,0.624,-27.8,-66.8,-12.8
2008,WAB,CIC,Indu,0.258,0.441,0.682,0.629,1.8,-26.6,-41.3
2008,WABC,NOC,Fina,0.466,0.227,0.677,0.559,-1.4,-16.6,-49.0
2008,WAL,NOC,Fina,0.889,0.568,0.615,0.104,-61.7,-58.0,-22.5
2008,WBS,NOC,Fina,0.910,0.745,0.051,0.617,-38.3,-82.4,-9.9
2008,WCC,CIC,Indu,0.002,0.216,0.309,0.647,-34.9,-55.9,-21.5
2008,WCN,CIC,Indu,0.125,0.002,0.705,0.664,2.4,-5.6,-38.2
2008,WDC,NOC,Tech,0.529,0.448,0.882,0.951,19.9,-45.7,-27.2
2008,WEN,CIC,Cons,0.875,0.988,0.306,0.316,-55.1,-41.4,-13.2
2008,WEX,NOC,Tech,0.759,0.329,0.893,0.513,1.3,-64.0,-14.8
2008,WFG,CIC,Basi,0.993,0.719,0.754,0.485,-19.3,-22.6,-38.9
2008,WGO,CIC,Cons,0.432,0.439,0.072,0.197,-45.6,-70.2,-13.5
2008,WLK,CIC,Basi,0.838,0.710,0.863,0.443,-47.6,-20.8,-39.4
2008,WLYB,NOC,Comm,0.413,0.654,0.856,0.731,4.0,-27.4,-48.2
2008,WOR,CIC,Indu,0.499,0.167,0.225,0.350,-17.8,-48.7,-21.6
2008,WPM,CIC,Basi,0.705,0.951,0.910,0.935,53.6,-55.0,-22.6
2008,WSBC,NOC,Fina,0.439,0.529,0.070,0.227,-27.4,0.6,-52.9
2008,WSO,CIC,Indu,0.005,0.327,0.176,0.408,-31.4,-0.3,-43.6
2008,WST,NOC,Heal,0.318,0.520,0.281,0.580,-12.2,-19.7,-39.2
2008,WTFC,NOC,Fina,0.691,0.877,0.436,0.318,-29.7,-62.8,-18.6
2008,WTI,CIC,Ener,0.775,0.696,0.803,0.819,36.3,-73.5,-14.4
2008,WWW,CIC,Cons,0.206,0.012,0.285,0.469,-24.3,-21.5,-38.1
2008,ZBRA,NOC,Tech,0.042,0.179,0.529,0.703,-12.9,-48.0,-23.0
2009,AAL,CIC,Indu,0.813,0.051,0.308,0.313,-39.9,-25.2,28.0
2009,AAP,CIC,Cons,0.117,0.034,0.595,0.840,-7.9,30.7,44.5
2009,ACM,CIC,Indu,0.934,0.367,0.818,0.811,2.0,-5.7,27.3
2009,ADSK,NOC,Tech,0.029,0.403,0.102,0.854,-64.0,85.5,70.3
2009,ADTN,NOC,Tech,0.046,0.158,0.532,0.393,-29.4,55.8,60.8
2009,AEIS,NOC,Tech,0.755,0.362,0.153,0.022,-31.8,85.3,63.1
2009,AGCO,CIC,Indu,0.068,0.432,0.432,0.718,-57.1,27.4,33.4
2009,AGI,CIC,Basi,0.917,0.852,0.954,0.250,-24.9,132.7,98.1
2009,AJG,NOC,Fina,0.956,0.303,0.364,0.733,-7.3,-4.1,29.7
2009,AKAM,NOC,Tech,0.199,0.439,0.833,0.777,-52.3,86.1,58.6
2009,ALB,CIC,Basi,0.248,0.296,0.335,0.689,-42.4,60.4,54.7
2009,ALGN,NOC,Heal,0.097,0.570,0.413,0.187,-44.1,110.5,66.5
2009,ALGT,CIC,Indu,0.847,0.393,0.852,0.347,59.4,33.0,45.3
2009,ALK,CIC,Indu,0.985,0.049,0.245,0.434,21.4,32.4,44.8
2009,ALV,CIC,Cons,0.502,0.476,0.143,0.422,-61.9,113.9,68.6
2009,ALX,NOC,Real,0.896,0.752,0.990,0.570,-14.1,13.2,32.6
2009,AMD,NOC,Tech,0.949,0.354,0.022,0.517,-68.1,339.1,164.1
2009,AMG,NOC,Fina,0.459,0.665,0.211,0.650,-54.9,37.7,40.0
2009,AMSC,CIC,Indu,0.733,0.968,0.510,0.316,-18.2,140.0,74.3
2009,ANGO,NOC,Heal,0.214,0.777,0.714,0.012,-31.8,25.9,40.9
2009,APEI,NOC,Cons,0.277,0.680,0.942,0.296,21.8,11.4,43.5
2009,APH,NOC,Tech,0.002,0.216,0.578,0.954,-31.6,75.5,64.3
2009,ARLP,CIC,Ener,0.464,0.250,0.774,0.485,-12.8,34.4,42.4
2009,AROC,CIC,Ener,0.735,0.998,0.626,0.286,-75.2,22.7,46.3
2009,ASR,CIC,Indu,0.619,0.400,0.799,0.391,-46.8,71.8,60.8
2009,ASX,NOC,Tech,0.692,0.789,0.104,0.976,-48.0,78.9,66.8
2009,ATI,CIC,Indu,0.573,0.485,0.381,0.714,-66.4,89.1,64.8
2009,ATO,NOC,Util,0.500,0.580,0.512,0.728,-12.1,10.9,34.3
2009,AVAV,CIC,Indu,0.517,0.563,0.556,0.289,44.7,-19.0,36.2
2009,AZTA,NOC,Heal,0.820,0.653,0.039,0.056,-52.6,56.0,40.7
2009,AZZ,CIC,Indu,0.303,0.566,0.840,0.053,-14.9,25.8,43.9
2009,BAK,CIC,Basi,0.417,0.806,0.789,0.432,-76.0,275.8,157.1
2009,BALL,CIC,Cons,0.306,0.228,0.427,0.917,-4.8,25.6,42.5
2009,BAP,NOC,Fina,0.886,0.862,0.119,0.828,-47.0,109.0,63.4
2009,BCH,NOC,Fina,0.988,0.934,0.107,0.971,-31.5,66.0,52.5
2009,BCPC,CIC,Basi,0.706,0.905,0.544,0.087,-3.4,65.2,58.6
2009,BDC,NOC,Tech,0.393,0.811,0.024,0.267,-65.6,63.5,49.6
2009,BFH,NOC,Fina,0.859,0.342,0.434,0.672,-7.8,55.1,48.0
2009,BHC,NOC,Heal,0.456,0.442,0.471,0.614,-20.9,37.2,51.7
2009,BKD,NOC,Heal,0.318,0.859,0.117,0.066,-85.2,438.3,217.8
2009,BKH,NOC,Util,0.908,0.915,0.985,0.461,-30.8,-3.2,33.1
2009,BKNG,CIC,Cons,0.721,0.272,0.772,0.869,-32.8,207.3,104.6
2009,BLX,NOC,Fina,0.653,0.993,0.978,0.124,-36.5,10.2,22.9
2009,BMA,NOC,Fina,0.796,0.684,0.898,0.303,-53.5,201.1,112.4
2009,BMRN,NOC,Heal,0.752,0.956,0.995,0.641,-53.6,17.2,40.6
2009,BVN,CIC,Basi,0.959,0.658,0.221,0.988,-51.0,68.6,63.6
2009,BWA,CIC,Cons,0.626,0.556,0.100,0.731,-52.0,64.7,47.7
2009,BYD,CIC,Cons,0.206,0.643,0.068,0.104,-81.3,68.9,65.6
2009,CACI,NOC,Tech,0.124,0.257,0.653,0.534,3.0,9.9,34.7
2009,CALM,NOC,Cons,0.740,0.711,0.534,0.199,-28.0,66.5,62.2
2009,CASY,CIC,Cons,0.369,0.536,0.189,0.417,-24.3,68.8,75.2
2009,CATY,NOC,Fina,0.951,0.898,0.238,0.279,-39.5,-18.5,30.9
2009,CBRE,NOC,Real,0.430,0.896,0.036,0.427,-78.8,257.8,109.1
2009,CBRL,CIC,Cons,0.371,0.143,0.430,0.150,-45.5,90.8,68.1
2009,CBT,CIC,Basi,0.473,0.451,0.328,0.420,-48.5,64.8,52.0
2009,CBZ,CIC,Indu,0.675,0.080,0.498,0.165,-10.7,-14.5,25.8
2009,CCI,NOC,Real,0.107,0.847,0.680,0.985,-51.7,122.9,78.2
2009,CCU,NOC,Cons,0.561,0.337,0.782,0.680,-12.3,20.9,47.0
2009,CE,CIC,Basi,0.728,0.505,0.129,0.551,-76.2,211.3,93.4
2009,CECO,CIC,Indu,0.558,0.910,0.316,0.034,68.2,31.5,51.6
2009,CF,CIC,Basi,0.903,0.677,0.891,0.833,-49.7,87.5,57.5
2009,CFFN,NOC,Fina,0.760,0.755,0.893,0.847,26.5,-24.2,24.1
2009,CFR,NOC,Fina,0.660,0.129,0.796,0.796,-9.9,9.9,34.7
2009,CGNX,NOC,Tech,0.367,0.549,0.184,0.197,-17.7,35.3,43.4
2009,CHD,NOC,Cons,0.078,0.056,0.670,0.915,-4.0,15.3,32.7
2009,CHDN,CIC,Cons,0.939,0.748,0.272,0.090,-43.2,33.4,53.1
2009,CHE,NOC,Heal,0.158,0.002,0.566,0.442,-10.7,10.5,36.7
2009,CHH,CIC,Cons,0.238,0.194,0.563,0.578,-28.2,29.2,38.1
2009,CIB,NOC,Fina,0.808,0.978,0.825,0.352,-51.8,184.7,115.3
2009,CIEN,NOC,Tech,0.650,0.745,0.114,0.211,-78.7,145.4,102.7
2009,CLF,CIC,Basi,0.876,0.840,0.845,0.709,-68.0,151.0,89.1
2009,CLH,CIC,Indu,0.381,0.046,0.592,0.505,-16.4,13.6,40.1
2009,CLS,NOC,Tech,0.036,0.114,0.284,0.439,-22.0,123.5,70.5
2009,CMC,CIC,Basi,0.413,0.743,0.146,0.527,-63.2,43.2,53.2
2009,CMI,CIC,Indu,0.374,0.306,0.340,0.993,-47.8,91.7,59.3
2009,CMP,CIC,Basi,0.769,0.633,0.869,0.687,36.9,4.5,27.9
2009,CNC,NOC,Heal,0.689,0.515,0.449,0.400,-2.9,-13.0,25.1
2009,CNK,NOC,Comm,0.971,0.757,0.243,0.388,-41.8,90.4,71.8
2009,COLB,NOC,Fina,0.803,0.592,0.150,0.218,-56.7,101.1,68.0
2009,COO,NOC,Heal,0.682,0.107,0.561,0.386,-43.1,107.1,86.7
2009,CRI,CIC,Cons,0.245,0.104,0.357,0.541,4.5,22.8,30.6
2009,CRK,CIC,Ener,0.794,0.954,0.201,0.658,21.7,-7.9,24.6
2009,CRL,NOC,Heal,0.204,0.201,0.015,0.646,-59.2,34.9,36.1
2009,CRM,NOC,Tech,0.274,0.160,0.813,0.886,-46.5,142.7,85.6
2009,CRS,CIC,Basi,0.519,0.551,0.301,0.376,-70.6,51.7,51.3
2009,CSGP,NOC,Real,0.583,0.177,0.723,0.223,-25.2,38.2,46.7
2009,CSL,CIC,Basi,0.255,0.252,0.342,0.500,-48.0,74.8,52.4
2009,CVBF,NOC,Fina,0.655,0.818,0.981,0.299,-8.2,15.1,43.0
2009,CVLT,NOC,Tech,0.041,0.245,0.738,0.228,-32.4,67.1,52.6
2009,CW,CIC,Indu,0.100,0.318,0.524,0.536,-28.1,0.3,33.3
2009,DAR,NOC,Cons,0.718,0.801,0.158,0.078,-67.3,87.4,74.9
2009,DCOM,NOC,Fina,0.563,0.546,0.551,0.255,-11.6,23.5,44.7
2009,DECK,CIC,Cons,0.536,0.527,0.949,0.301,-58.2,92.9,72.7
2009,DINO,CIC,Ener,0.784,0.830,0.167,0.524,-52.8,11.8,38.6
2009,DIOD,NOC,Tech,0.507,0.466,0.177,0.051,-66.2,107.5,54.3
2009,DK,CIC,Ener,0.990,0.869,0.090,0.024,-64.0,39.0,60.9
2009,DKS,CIC,Cons,0.146,0.381,0.296,0.575,-49.4,99.5,82.3
2009,DLR,NOC,Real,0.252,0.255,0.920,0.699,-23.4,78.0,67.1
2009,DLX,NOC,Comm,0.350,0.073,0.400,0.233,-49.4,40.7,50.2
2009,DMC,NOC,Cons,0.284,0.100,0.383,0.510,-43.5,1.5,37.6
2009,DMLP,CIC,Ener,0.119,0.903,0.279,0.209,-10.6,10.8,25.8
2009,DRI,CIC,Cons,0.396,0.670,0.464,0.900,0.1,47.6,57.3
2009,DTE,NOC,Util,0.869,0.782,0.925,0.927,-32.6,55.4,58.8
2009,DVA,NOC,Heal,0.044,0.000,0.641,0.995,-12.5,29.0,38.2
2009,DXC,NOC,Tech,0.243,0.150,0.405,0.818,-7.8,35.2,40.1
2009,EA,NOC,Tech,0.910,0.891,0.289,1.000,-67.3,11.4,34.0
2009,EDU,NOC,Cons,0.789,1.000,0.881,0.670,-20.3,43.1,55.8
2009,EEFT,NOC,Tech,0.286,0.701,0.044,0.158,-53.9,99.2,68.2
2009,EG,NOC,Fina,0.879,0.631,0.367,0.949,-20.9,14.2,42.7
2009,EGO,CIC,Basi,0.845,0.983,0.998,0.859,31.3,56.5,60.5
2009,EGY,CIC,Ener,0.981,0.959,0.085,0.000,1.8,-17.7,33.1
2009,EMBJ,CIC,Indu,0.837,0.636,0.721,0.769,-64.9,62.6,55.5
2009,ENS,CIC,Indu,0.231,0.629,0.294,0.129,-62.6,117.7,68.5
2009,EPAC,CIC,Indu,0.184,0.539,0.214,0.189,-73.1,144.1,91.6
2009,EPC,NOC,Cons,0.189,0.507,0.461,0.697,-47.8,20.7,40.9
2009,EQIX,NOC,Real,0.524,0.709,0.871,0.704,-20.1,60.1,47.9
2009,EQT,CIC,Ener,0.978,0.313,0.706,0.757,-36.4,20.9,40.9
2009,ES,NOC,Util,0.774,0.350,0.701,0.896,-15.2,15.3,40.0
2009,ESLT,CIC,Indu,0.299,0.347,0.716,0.660,-25.3,37.2,55.8
2009,ESS,NOC,Real,0.005,0.039,0.650,0.585,-39.4,29.6,41.3
2009,EVRG,NOC,Util,0.699,0.136,0.583,0.638,-25.6,31.1,50.2
2009,EWBC,NOC,Fina,0.976,0.864,0.138,0.245,-62.5,86.8,63.2
2009,EXP,CIC,Basi,0.857,0.041,0.282,0.410,-39.4,15.3,35.8
2009,EXPE,CIC,Cons,0.066,0.335,0.005,0.488,-66.7,181.5,93.1
2009,EXR,NOC,Real,0.228,0.138,0.842,0.182,-56.7,92.2,66.8
2009,FBP,NOC,Fina,0.595,0.796,0.444,0.282,-23.8,-68.3,9.6
2009,FCF,NOC,Fina,0.432,0.828,0.959,0.364,-12.2,-37.1,22.0
2009,FCFS,NOC,Fina,0.799,0.825,0.485,0.163,19.0,30.2,44.1
2009,FCN,CIC,Indu,0.160,0.408,0.769,0.723,-25.8,1.4,40.8
2009,FCNCA,NOC,Fina,0.570,0.301,0.323,0.478,-27.7,62.4,61.2
2009,FFBC,NOC,Fina,0.629,0.544,0.636,0.063,-14.0,96.8,70.4
2009,FFIV,NOC,Tech,0.015,0.274,0.675,0.636,9.0,137.9,89.0
2009,FHN,NOC,Fina,0.937,0.881,0.299,0.716,-48.3,35.7,51.1
2009,FICO,NOC,Tech,0.080,0.153,0.325,0.345,-27.3,43.0,45.1
2009,FIS,NOC,Tech,0.590,0.760,0.167,0.850,-25.5,45.0,44.8
2009,FIX,CIC,Indu,0.405,0.286,0.600,0.039,-23.5,37.4,52.1
2009,FLG,NOC,Fina,0.833,0.456,0.745,0.922,-38.7,49.0,55.6
2009,FMC,CIC,Basi,0.342,0.211,0.597,0.791,-14.4,18.8,37.8
2009,FNB,NOC,Fina,0.913,0.833,0.456,0.306,-41.3,-5.9,32.1
2009,FNF,NOC,Fina,0.995,0.689,0.192,0.735,-3.4,-24.6,23.8
2009,FOR,NOC,Real,0.386,0.590,0.704,0.100,-54.8,73.6,54.7
2009,FRO,CIC,Indu,0.867,0.883,0.983,0.604,-55.4,32.2,49.8
2009,FSS,CIC,Indu,0.529,0.522,0.182,0.032,-44.9,3.5,39.2
2009,FUL,CIC,Basi,0.478,0.218,0.859,0.265,-39.6,78.8,71.0
2009,FULT,NOC,Fina,0.840,0.765,0.063,0.471,-47.2,56.7,63.4
2009,FWRD,CIC,Indu,0.927,0.311,0.617,0.260,-26.9,2.8,27.5
2009,GBCI,NOC,Fina,0.383,0.842,0.835,0.342,-23.4,9.6,37.1
2009,GEL,CIC,Ener,0.201,0.988,0.250,0.097,-48.3,97.5,69.6
2009,GEO,CIC,Indu,0.546,0.447,0.359,0.320,-45.9,38.5,44.1
2009,GIB,NOC,Tech,0.012,0.269,0.726,0.760,-19.8,69.9,57.6
2009,GIL,CIC,Cons,0.670,0.621,0.180,0.512,-71.4,115.9,63.1
2009,GME,CIC,Cons,0.257,0.529,0.762,0.956,-46.0,-24.1,25.9
2009,GNTX,CIC,Cons,0.485,0.502,0.223,0.498,-45.5,103.0,68.7
2009,GPN,NOC,Fina,0.223,0.085,0.823,0.803,-23.1,50.6,48.3
2009,GRC,CIC,Indu,0.226,0.102,0.527,0.109,-14.5,0.1,29.0
2009,GRMN,NOC,Tech,0.602,0.854,0.459,0.867,-74.7,111.6,78.1
2009,GT,CIC,Cons,0.549,0.291,0.197,0.592,-76.5,117.9,74.9
2009,HEI,CIC,Indu,0.136,0.359,0.529,0.398,-27.5,35.3,47.1
2009,HELE,NOC,Cons,0.218,0.155,0.359,0.114,-11.6,91.0,64.8
2009,HIMX,NOC,Tech,0.451,0.779,0.066,0.029,-66.5,61.4,51.6
2009,HL,CIC,Basi,0.930,0.769,0.029,0.046,-83.3,224.1,120.4
2009,HLIT,NOC,Tech,0.636,0.262,0.607,0.155,-47.5,20.9,39.4
2009,HNI,CIC,Cons,0.192,0.017,0.422,0.192,-63.0,110.7,66.4
2009,HP,CIC,Ener,0.182,0.117,0.934,0.740,-43.0,101.7,68.2
2009,HTLD,CIC,Indu,0.881,0.175,0.648,0.515,-8.3,10.9,39.0
2009,HUBG,CIC,Indu,0.092,0.320,0.396,0.340,-26.6,26.2,42.7
2009,HUN,CIC,Basi,0.493,0.425,0.233,0.180,-90.0,430.9,201.9
2009,HURN,CIC,Indu,0.294,0.767,0.801,0.350,-26.9,-37.7,22.2
2009,HWC,NOC,Fina,0.711,0.575,0.854,0.459,-7.7,35.6,52.9
2009,IART,NOC,Heal,0.129,0.498,0.684,0.257,-45.8,83.7,74.4
2009,IBOC,NOC,Fina,0.748,0.189,0.558,0.318,-51.7,102.3,73.1
2009,ICFI,CIC,Indu,0.680,0.990,0.320,0.049,-7.0,8.7,43.9
2009,ICUI,NOC,Heal,0.461,0.444,0.864,0.141,-16.4,11.3,34.8
2009,IFF,CIC,Basi,0.126,0.063,0.476,0.762,-18.1,23.2,34.9
2009,ILMN,NOC,Heal,0.216,0.837,0.917,0.891,-13.7,35.2,43.2
2009,IPGP,NOC,Tech,0.279,0.277,0.752,0.117,-48.1,78.1,63.5
2009,ISRG,NOC,Heal,0.391,0.471,0.896,0.913,-62.2,221.7,120.2
2009,IT,CIC,Indu,0.400,0.092,0.570,0.456,-35.5,87.4,53.2
2009,ITRI,NOC,Tech,0.566,0.995,0.330,0.665,-29.2,16.4,39.6
2009,J,CIC,Indu,0.104,0.386,0.794,0.942,-48.1,-2.2,33.3
2009,JEF,NOC,Fina,0.862,0.961,0.252,0.835,-67.7,59.5,61.0
2009,JHX,CIC,Basi,0.468,0.294,0.041,0.573,-42.4,56.6,25.6
2009,JOE,NOC,Real,0.968,0.733,0.019,0.677,-41.7,38.3,49.4
2009,KEX,CIC,Indu,0.235,0.112,0.709,0.553,-40.8,35.3,42.7
2009,KEY,NOC,Fina,0.983,0.648,0.051,0.881,-70.4,-1.1,36.9
2009,KFY,CIC,Indu,0.888,0.604,0.124,0.058,-51.0,126.9,91.6
2009,KIM,NOC,Real,0.335,0.376,0.604,0.864,-65.3,7.5,32.2
2009,KLAC,NOC,Tech,0.765,0.845,0.017,0.857,-54.8,62.6,55.0
2009,KMX,CIC,Cons,0.019,0.524,0.155,0.806,-34.0,89.9,64.7
2009,KNX,CIC,Indu,0.743,0.192,0.468,0.379,-17.9,39.6,44.1
2009,KRNY,NOC,Fina,0.575,0.010,0.495,0.323,-4.3,0.3,37.4
2009,KRO,CIC,Basi,0.667,0.774,0.262,0.010,-65.8,139.3,96.6
2009,LBTYK,NOC,Comm,0.282,0.364,0.517,0.330,-69.7,139.9,88.6
2009,LDOS,NOC,Tech,0.010,0.022,0.575,0.973,-5.7,6.9,39.4
2009,LEU,CIC,Ener,0.750,0.850,0.204,0.240,-42.9,-17.4,29.8
2009,LINC,NOC,Cons,0.580,0.148,0.806,0.083,18.4,54.2,64.4
2009,LKQ,CIC,Cons,0.165,0.908,0.619,0.619,-45.0,57.8,59.5
2009,LNN,CIC,Indu,0.408,0.879,0.121,0.036,-70.6,61.3,55.4
2009,LRCX,NOC,Tech,0.762,0.925,0.058,0.825,-37.4,46.4,46.2
2009,LRN,NOC,Cons,0.532,0.971,0.874,0.160,-30.3,16.2,30.3
2009,LUMN,NOC,Comm,0.308,0.260,0.699,0.752,-34.9,40.5,49.8
2009,LVS,CIC,Cons,0.638,0.803,0.379,0.563,-95.1,341.2,140.6
2009,M,CIC,Cons,0.141,0.019,0.070,0.883,-68.7,122.8,79.5
2009,MAC,NOC,Real,0.973,0.214,0.607,0.539,-76.4,98.3,59.1
2009,MAN,CIC,Indu,0.167,0.410,0.248,0.706,-51.7,92.0,59.4
2009,MAT,CIC,Cons,0.301,0.267,0.371,0.944,-43.4,68.4,54.7
2009,MATV,CIC,Basi,0.449,0.206,0.303,0.007,-12.1,227.0,95.1
2009,MATX,CIC,Indu,0.313,0.573,0.345,0.170,-52.3,52.8,48.1
2009,MCHP,NOC,Tech,0.420,0.284,0.350,0.871,-36.9,44.4,46.5
2009,MELI,CIC,Cons,0.265,0.706,0.888,0.274,-60.3,183.2,101.4
2009,MEOH,CIC,Basi,0.925,0.794,0.087,0.359,-60.8,161.9,82.7
2009,MGA,CIC,Cons,0.388,0.417,0.136,0.837,-65.6,108.3,73.9
2009,MGM,CIC,Cons,0.704,0.371,0.046,0.383,-95.3,283.8,131.3
2009,MGRC,CIC,Indu,0.587,0.032,0.760,0.138,-2.8,21.9,43.0
2009,MKL,NOC,Fina,0.942,0.517,0.078,0.789,-33.8,17.6,38.4
2009,MKSI,NOC,Tech,0.466,0.454,0.112,0.333,-24.5,13.2,35.6
2009,MLCO,CIC,Cons,0.835,0.981,0.811,0.483,-73.9,17.5,39.3
2009,MLI,CIC,Indu,0.233,0.473,0.160,0.095,-26.1,20.5,35.4
2009,MLKN,CIC,Cons,0.328,0.388,0.199,0.216,-64.3,92.6,72.3
2009,MLM,CIC,Basi,0.677,0.068,0.393,0.876,-22.8,-2.8,27.6
2009,MNST,NOC,Cons,0.240,0.646,0.265,0.830,-29.9,29.5,48.8
2009,MOH,NOC,Heal,0.085,0.027,0.646,0.175,-42.8,11.3,33.2
2009,MORN,NOC,Fina,0.024,0.461,0.692,0.590,-50.8,38.6,49.1
2009,MRVL,NOC,Tech,0.340,0.735,0.092,0.978,-34.7,165.4,111.1
2009,MSCI,NOC,Fina,0.471,0.204,0.779,0.612,-46.5,87.9,65.5
2009,MTB,NOC,Fina,0.687,0.561,0.500,0.932,-50.0,106.1,78.9
2009,MTX,CIC,Basi,0.515,0.075,0.347,0.325,-28.1,23.0,37.3
2009,MTZ,CIC,Indu,0.221,0.585,0.886,0.328,21.1,39.3,55.3
2009,MWA,CIC,Indu,0.291,0.167,0.002,0.337,-16.4,-32.1,21.0
2009,NAT,CIC,Indu,0.883,0.976,0.398,0.481,2.1,-4.6,28.9
2009,NBR,CIC,Ener,0.621,0.209,0.522,0.779,-65.8,147.7,84.8
2009,NEOG,NOC,Heal,0.112,0.066,0.777,0.107,-0.7,36.2,38.8
2009,NICE,NOC,Tech,0.131,0.109,0.658,0.546,-30.6,36.3,43.4
2009,NJR,NOC,Util,0.823,0.595,0.388,0.631,28.4,-12.0,27.7
2009,NPK,CIC,Indu,0.267,0.985,0.976,0.061,-12.3,132.8,86.1
2009,NPO,CIC,Indu,0.362,0.121,0.473,0.133,-22.9,8.2,31.3
2009,NTCT,NOC,Tech,0.643,0.927,0.876,0.226,45.4,7.9,40.3
2009,NTES,NOC,Tech,0.272,0.762,0.956,0.910,20.2,8.5,33.2
2009,NWL,NOC,Cons,0.357,0.163,0.163,0.750,-63.7,62.7,52.2
2009,OGE,NOC,Util,0.782,0.694,0.231,0.738,-24.8,45.3,46.1
2009,OII,CIC,Ener,0.075,0.464,0.682,0.609,-53.5,83.4,62.4
2009,OIS,CIC,Ener,0.330,0.650,0.900,0.148,-55.4,126.4,81.0
2009,OKE,CIC,Ener,0.422,0.740,0.216,0.692,-52.7,86.0,70.4
2009,OLN,CIC,Basi,0.772,0.857,0.643,0.519,-8.7,0.7,34.3
2009,ON,NOC,Tech,0.320,0.600,0.748,0.626,-34.1,82.9,57.6
2009,ONB,NOC,Fina,0.745,0.697,0.386,0.374,-22.1,-5.9,30.1
2009,ORLY,CIC,Cons,0.049,0.816,0.968,0.893,0.0,43.8,48.9
2009,OSK,CIC,Indu,0.444,0.920,0.274,0.221,-82.3,378.0,161.7
2009,OTEX,NOC,Tech,0.172,0.714,0.939,0.633,4.3,23.5,37.6
2009,OZK,NOC,Fina,0.345,0.141,0.624,0.019,-14.9,71.9,70.8
2009,PB,NOC,Fina,0.505,0.617,0.867,0.502,-6.4,59.7,56.8
2009,PBH,NOC,Heal,0.133,0.029,0.687,0.005,-17.6,22.1,34.5
2009,PDS,CIC,Ener,0.709,0.786,0.947,0.362,-81.1,120.5,61.5
2009,PENN,CIC,Cons,0.083,0.090,0.847,0.070,-58.3,30.6,39.6
2009,PFS,NOC,Fina,0.592,0.772,0.502,0.262,-5.3,-2.3,31.3
2009,PII,CIC,Cons,0.109,0.357,0.451,0.308,-49.7,98.8,67.3
2009,PKE,CIC,Indu,0.510,0.459,0.095,0.092,-37.3,51.2,48.9
2009,PKG,CIC,Cons,0.260,0.078,0.410,0.507,-51.1,74.4,64.0
2009,PLD,NOC,Real,0.663,0.325,0.631,0.624,-67.2,40.8,44.5
2009,PLXS,NOC,Tech,0.187,0.330,0.420,0.272,-17.5,75.5,61.2
2009,PNFP,NOC,Fina,0.398,0.932,0.333,0.172,-6.2,-29.3,27.6
2009,PNR,CIC,Indu,0.056,0.184,0.337,0.597,-27.6,31.6,40.7
2009,POOL,CIC,Indu,0.153,0.165,0.228,0.269,-31.8,56.6,55.5
2009,POWI,NOC,Tech,0.614,0.434,0.073,0.214,-6.3,59.8,50.9
2009,POWL,CIC,Indu,0.337,0.672,0.663,0.027,-29.0,3.4,28.8
2009,PPLI,NOC,Comm,0.871,0.893,0.194,0.102,-14.5,51.7,61.1
2009,PRDO,NOC,Cons,0.488,0.602,0.466,0.648,12.3,11.5,39.1
2009,PRGO,NOC,Heal,0.211,0.379,0.820,0.701,-31.5,92.7,59.6
2009,PTEN,CIC,Ener,0.434,0.430,0.757,0.566,-58.7,77.6,51.4
2009,PVH,CIC,Cons,0.425,0.279,0.277,0.425,-49.2,183.2,99.0
2009,PWR,CIC,Indu,0.296,0.721,0.515,0.908,-23.4,-4.4,34.2
2009,QDEL,NOC,Heal,0.731,0.398,0.546,0.085,-35.7,9.2,36.6
2009,QGEN,NOC,Heal,0.262,0.682,0.740,0.862,-22.0,27.4,37.1
2009,RBA,CIC,Indu,0.612,0.939,0.075,0.621,-36.1,36.8,53.5
2009,RBC,CIC,Indu,0.143,0.124,0.629,0.291,-14.6,54.7,46.1
2009,RDY,NOC,Heal,0.539,0.922,0.126,0.801,-6.6,66.4,41.3
2009,RES,CIC,Ener,0.541,0.374,0.803,0.369,-17.1,42.5,45.0
2009,RF,NOC,Fina,0.966,0.718,0.007,0.765,-83.8,74.2,61.8
2009,RGA,NOC,Fina,0.714,0.299,0.313,0.782,-25.4,30.0,41.6
2009,RGLD,CIC,Basi,0.597,0.835,0.568,0.600,53.4,-5.8,28.6
2009,RHI,CIC,Indu,0.053,0.391,0.269,0.786,-25.8,45.9,46.8
2009,RHP,NOC,Real,0.544,0.726,0.655,0.080,-72.5,112.1,61.3
2009,RMD,NOC,Heal,0.915,0.053,0.735,0.842,-9.3,29.8,39.4
2009,RNR,NOC,Fina,0.825,0.624,0.053,0.774,-25.1,18.0,34.5
2009,ROG,NOC,Tech,0.738,0.488,0.080,0.041,-32.7,16.8,40.2
2009,ROP,NOC,Tech,0.090,0.238,0.665,0.888,-30.3,30.1,39.0
2009,ROST,CIC,Cons,0.114,0.036,0.539,0.959,21.4,59.5,60.2
2009,RRX,CIC,Indu,0.087,0.468,0.483,0.473,-11.5,47.8,46.5
2009,RS,CIC,Basi,0.364,0.750,0.748,0.663,-52.4,77.1,62.7
2009,RVTY,NOC,Heal,0.495,0.478,0.481,0.583,-47.3,90.4,71.1
2009,RYN,NOC,Real,0.646,0.340,0.816,0.629,-28.6,47.1,49.8
2009,SAM,NOC,Cons,0.786,0.243,0.602,0.015,-38.1,130.9,95.3
2009,SBAC,NOC,Real,0.498,0.316,0.755,0.743,-31.7,72.8,65.2
2009,SFNC,NOC,Fina,0.289,0.675,0.507,0.075,6.8,5.9,38.8
2009,SHEN,NOC,Comm,0.437,0.405,0.689,0.143,33.7,-2.4,39.0
2009,SHOO,CIC,Cons,0.209,0.345,0.541,0.017,-1.9,131.9,82.3
2009,SIG,CIC,Cons,0.905,0.930,0.765,0.464,-54.9,124.6,82.1
2009,SIRI,NOC,Comm,0.811,0.886,0.993,0.201,-95.1,638.3,286.0
2009,SJM,NOC,Cons,0.476,0.699,0.964,0.964,-23.0,55.4,54.8
2009,SLAB,NOC,Tech,0.197,0.813,0.439,0.466,-26.3,88.9,59.5
2009,SM,CIC,Ener,0.665,0.638,0.049,0.146,-57.3,127.1,86.0
2009,SMG,CIC,Basi,0.801,0.095,0.226,0.721,-0.4,17.7,36.4
2009,SMTC,NOC,Tech,0.051,0.587,0.286,0.294,-12.8,52.7,63.5
2009,SNPS,NOC,Tech,0.000,0.005,0.718,0.772,-20.1,15.3,39.2
2009,SPH,NOC,Util,0.900,0.483,0.488,0.532,-0.6,21.7,37.0
2009,SR,NOC,Util,1.000,0.519,0.767,0.451,37.8,-30.5,23.5
2009,SRCE,NOC,Fina,0.672,0.871,0.697,0.119,-3.8,-12.1,31.3
2009,SSD,CIC,Basi,0.512,0.119,0.267,0.449,-15.9,19.7,35.1
2009,STE,NOC,Heal,0.138,0.012,0.585,0.587,10.4,0.6,32.4
2009,STN,CIC,Indu,0.891,0.532,0.932,0.381,-45.1,36.6,51.5
2009,STRA,NOC,Cons,0.359,0.015,0.908,0.767,11.1,12.9,32.7
2009,STX,NOC,Tech,0.684,0.578,0.027,0.684,-80.3,327.3,159.9
2009,SWK,CIC,Indu,0.061,0.199,0.318,0.784,-28.7,53.0,48.3
2009,SWKS,NOC,Tech,0.039,0.383,0.478,0.367,-28.9,196.0,101.8
2009,SYNA,NOC,Tech,0.095,0.500,0.913,0.335,3.0,39.3,59.2
2009,TAC,NOC,Util,0.757,0.583,0.879,0.903,-43.0,20.0,39.6
2009,TDG,CIC,Indu,0.333,0.413,0.883,0.675,-16.7,31.5,40.4
2009,TDY,NOC,Tech,0.323,0.087,0.573,0.476,-41.1,32.7,47.3
2009,TECK,CIC,Basi,0.922,0.641,0.374,0.617,-90.0,821.0,294.9
2009,TEN,CIC,Ener,0.269,0.667,0.175,0.966,-37.8,-15.7,30.1
2009,TEO,NOC,Comm,0.578,0.415,0.621,0.558,-67.1,153.7,111.1
2009,TER,NOC,Tech,0.527,0.553,0.010,0.396,-42.7,92.8,60.9
2009,TEX,CIC,Indu,0.454,0.449,0.131,0.522,-78.1,45.8,46.5
2009,TFII,CIC,Indu,0.063,0.874,0.148,0.044,-49.5,161.8,86.5
2009,TFSL,NOC,Fina,0.447,0.784,0.578,0.920,2.3,3.0,31.0
2009,THC,NOC,Heal,0.058,0.044,0.971,0.204,-78.8,436.5,191.4
2009,TIGO,NOC,Comm,0.944,0.660,0.850,0.998,-56.5,60.1,48.0
2009,TIMB,NOC,Comm,0.893,0.964,0.677,0.934,-58.2,70.2,72.5
2009,TK,CIC,Ener,0.767,0.420,0.837,0.549,-56.4,33.2,43.9
2009,TKR,CIC,Indu,0.481,0.512,0.260,0.468,-47.8,52.7,48.3
2009,TMUS,NOC,Comm,0.490,0.490,0.791,0.981,-10.9,-53.3,17.6
2009,TNK,CIC,Indu,0.864,0.265,0.910,0.002,-47.5,-4.0,30.1
2009,TOWN,NOC,Fina,0.354,0.289,0.694,0.121,11.2,-8.5,34.2
2009,TPC,CIC,Indu,0.027,0.614,0.612,0.354,-57.4,28.4,46.1
2009,TPR,CIC,Cons,0.376,0.282,0.786,0.983,-49.6,154.4,95.2
2009,TRMK,NOC,Fina,0.694,0.655,0.311,0.437,-11.8,34.0,45.3
2009,TRN,CIC,Indu,0.194,0.510,0.306,0.243,-65.8,67.3,56.9
2009,TRST,NOC,Fina,0.551,0.619,0.209,0.238,-15.6,-19.1,31.6
2009,TSCO,CIC,Cons,0.155,0.097,0.536,0.529,4.8,43.8,45.4
2009,TT,CIC,Indu,0.352,0.900,0.133,0.951,-55.7,93.7,59.7
2009,TTEK,CIC,Indu,0.150,0.495,0.828,0.544,18.5,10.3,34.8
2009,TTWO,NOC,Tech,0.854,0.966,0.056,0.194,-72.2,35.5,54.2
2009,TX,CIC,Basi,0.716,0.612,0.291,0.568,-81.5,313.6,144.0
2009,TYL,NOC,Tech,0.534,0.133,0.731,0.153,-5.6,48.4,52.3
2009,UAA,CIC,Cons,0.427,0.493,0.553,0.430,-52.8,46.9,49.7
2009,UAL,CIC,Indu,0.850,0.248,0.165,0.602,-65.8,17.2,40.2
2009,UBSI,NOC,Fina,0.522,0.799,0.549,0.413,-27.4,2.0,34.6
2009,UFPI,CIC,Basi,0.163,0.197,0.235,0.112,-36.2,62.2,49.3
2009,UHS,NOC,Heal,0.998,0.061,0.493,0.643,-30.2,70.6,64.3
2009,ULTA,CIC,Cons,0.070,0.422,0.590,0.073,-55.5,241.9,126.8
2009,UMBF,NOC,Fina,0.726,0.333,0.369,0.595,-4.7,7.8,36.5
2009,UNFI,NOC,Cons,0.022,0.233,0.425,0.284,-35.0,92.3,70.4
2009,UPBD,NOC,Tech,0.311,0.369,0.447,0.444,-9.6,32.1,41.3
2009,URBN,CIC,Cons,0.483,0.187,0.638,0.755,-48.0,125.5,94.4
2009,UTI,NOC,Cons,0.828,0.007,0.415,0.136,27.1,0.0,31.0
2009,VIAV,NOC,Tech,0.604,0.226,0.012,0.177,-59.5,98.5,58.2
2009,VLY,NOC,Fina,0.701,0.888,0.966,0.655,-26.5,21.3,45.3
2009,VMI,CIC,Indu,0.102,0.146,0.808,0.447,-55.1,83.9,61.1
2009,VNO,NOC,Real,0.932,0.597,0.830,0.968,-57.7,73.9,62.0
2009,VRSN,NOC,Tech,0.830,0.541,0.109,0.925,-40.4,14.8,33.7
2009,VSAT,NOC,Tech,0.316,0.240,0.442,0.252,-9.1,38.0,40.6
2009,VSH,NOC,Tech,0.617,0.352,0.032,0.206,-68.5,152.1,72.8
2009,VTR,NOC,Real,0.553,0.917,0.900,0.845,-40.5,78.1,55.9
2009,WAB,CIC,Indu,0.032,0.180,0.660,0.561,-17.1,35.6,48.4
2009,WABC,NOC,Fina,0.842,0.716,0.728,0.493,-18.3,39.1,53.2
2009,WAT,NOC,Heal,0.170,0.170,0.667,0.905,-35.5,56.6,53.0
2009,WCC,CIC,Indu,0.007,0.182,0.376,0.357,-55.7,52.2,51.5
2009,WCN,CIC,Indu,0.073,0.070,0.672,0.711,-8.1,16.6,31.1
2009,WDC,NOC,Tech,0.600,0.692,0.240,0.745,-42.3,207.4,104.2
2009,WELL,NOC,Real,0.034,0.609,0.922,0.898,-21.8,24.2,43.3
2009,WEN,CIC,Cons,0.874,0.944,0.988,0.184,-54.7,9.1,45.3
2009,WEX,NOC,Tech,0.920,0.437,0.505,0.126,-63.9,150.2,74.9
2009,WLYB,NOC,Comm,0.442,0.723,0.417,0.607,-29.3,42.3,54.1
2009,WOR,CIC,Indu,0.568,0.481,0.141,0.131,-43.6,80.7,65.2
2009,WPM,CIC,Basi,0.993,0.791,0.187,0.653,-60.0,136.3,87.1
2009,WRB,NOC,Fina,0.898,0.396,0.218,0.794,-13.8,-2.6,26.0
2009,WSBC,NOC,Fina,0.633,0.823,0.951,0.248,2.7,-40.2,20.2
2009,WSO,CIC,Indu,0.017,0.221,0.255,0.408,-4.0,56.4,53.3
2009,WST,NOC,Heal,0.410,0.131,0.437,0.490,-24.3,16.9,41.4
2009,WTFC,NOC,Fina,0.624,0.867,0.915,0.068,-54.4,141.9,76.4
2009,WWW,CIC,Cons,0.250,0.024,0.403,0.405,-22.5,50.3,47.3
2009,WYNN,CIC,Cons,0.607,0.942,0.257,0.813,-78.5,145.5,87.1
2009,XRAY,NOC,Heal,0.148,0.223,0.490,0.937,-31.4,23.6,37.9
2009,ZBRA,NOC,Tech,0.121,0.172,0.083,0.454,-47.8,58.5,50.0
2010,AAL,CIC,Indu,0.770,0.287,0.140,0.323,-23.9,76.3,34.7
2010,AAP,CIC,Cons,0.138,0.074,0.284,0.907,31.4,51.4,35.1
2010,ABG,CIC,Cons,0.023,0.440,0.609,0.050,315.2,56.3,37.6
2010,ACM,CIC,Indu,0.000,0.391,0.350,0.826,0.4,4.5,26.4
2010,ADTN,NOC,Tech,0.070,0.187,0.727,0.544,57.8,72.3,31.5
2010,AEIS,NOC,Tech,0.865,0.598,0.287,0.253,103.5,-2.0,23.7
2010,AGCO,CIC,Indu,0.131,0.698,0.153,0.813,33.2,68.1,42.4
2010,AGI,CIC,Basi,0.772,0.856,0.966,0.591,143.3,23.8,19.3
2010,AJG,NOC,Fina,0.623,0.072,0.648,0.718,-4.5,30.8,28.8
2010,ALB,CIC,Basi,0.409,0.467,0.612,0.858,62.2,58.1,32.3
2010,ALGN,NOC,Heal,0.079,0.183,0.747,0.497,113.4,19.4,25.0
2010,ALGT,CIC,Indu,0.928,0.481,0.639,0.413,34.5,-7.4,19.0
2010,ALK,CIC,Indu,0.957,0.172,0.406,0.467,18.3,86.4,42.6
2010,ALKS,NOC,Heal,0.605,0.973,0.018,0.386,-9.7,23.2,31.0
2010,ALV,CIC,Cons,0.587,0.718,0.867,0.792,123.8,79.4,42.3
2010,AMG,NOC,Fina,0.427,0.551,0.828,0.779,45.7,58.8,36.1
2010,AMN,NOC,Heal,0.065,0.632,0.043,0.005,44.3,-22.0,15.6
2010,AMSC,CIC,Indu,0.718,0.646,0.964,0.589,115.5,-23.6,16.9
2010,ANDE,NOC,Cons,0.124,0.871,0.600,0.185,69.3,41.3,36.7
2010,ANGO,NOC,Heal,0.108,0.343,0.591,0.070,23.6,-2.0,15.8
2010,APEI,NOC,Cons,0.248,0.255,0.923,0.307,9.1,-6.8,22.4
2010,ARCC,NOC,Fina,0.955,0.860,0.986,0.506,235.2,37.8,31.4
2010,ARLP,CIC,Ener,0.598,0.169,0.460,0.564,34.0,65.0,36.0
2010,AROC,CIC,Ener,0.449,0.977,0.201,0.354,28.9,0.4,21.2
2010,ASR,CIC,Indu,0.589,0.555,0.693,0.569,72.3,1.5,21.7
2010,ATI,CIC,Indu,0.729,0.587,0.124,0.946,90.3,36.6,28.6
2010,ATO,NOC,Util,0.831,0.828,0.163,0.749,11.2,20.2,29.2
2010,AVAV,CIC,Indu,0.558,0.521,0.711,0.176,-22.2,18.7,21.6
2010,AVNT,CIC,Basi,0.540,0.508,0.354,0.271,202.1,86.1,46.9
2010,AXON,CIC,Indu,0.470,0.605,0.894,0.117,53.8,-41.7,12.5
2010,AZTA,NOC,Heal,0.819,0.801,0.840,0.144,37.2,65.8,40.7
2010,AZZ,CIC,Indu,0.391,0.562,0.196,0.079,16.8,21.2,20.3
2010,BALL,CIC,Cons,0.151,0.106,0.526,0.982,25.8,41.9,33.2
2010,BC,CIC,Cons,0.576,0.472,0.050,0.393,282.9,88.2,44.0
2010,BCPC,CIC,Basi,0.668,0.844,0.691,0.242,65.0,62.1,36.7
2010,BDC,NOC,Tech,0.429,0.722,0.226,0.415,55.2,70.5,42.9
2010,BDN,NOC,Real,0.273,0.111,0.470,0.542,114.8,8.3,25.7
2010,BHC,NOC,Heal,0.226,0.431,0.901,0.702,36.4,168.3,56.7
2010,BJRI,CIC,Cons,0.968,0.034,0.544,0.208,103.9,75.5,43.2
2010,BKD,NOC,Heal,0.163,0.002,0.384,0.679,424.9,32.9,30.0
2010,BKH,NOC,Util,0.903,0.939,0.264,0.406,-2.5,19.0,28.0
2010,BLX,NOC,Fina,0.932,0.968,0.036,0.221,34.5,4.6,14.7
2010,BMRN,NOC,Heal,0.700,0.953,0.208,0.670,14.3,36.3,34.1
2010,BTE,CIC,Ener,0.783,0.980,0.788,0.892,252.7,68.0,28.9
2010,BWA,CIC,Cons,0.585,0.695,0.756,0.930,62.2,102.0,49.7
2010,BYD,CIC,Cons,0.246,0.005,0.217,0.275,80.0,30.8,27.7
2010,CACI,NOC,Tech,0.874,0.199,0.616,0.558,12.0,16.2,25.2
2010,CAKE,CIC,Cons,0.995,0.059,0.260,0.515,133.8,34.6,33.1
2010,CALM,NOC,Cons,0.797,0.397,0.569,0.345,60.4,-22.5,11.7
2010,CAR,CIC,Indu,0.801,0.210,0.084,0.528,2562.0,16.8,27.8
2010,CASY,CIC,Cons,0.442,0.655,0.752,0.582,66.8,30.5,25.8
2010,CBRE,NOC,Real,0.345,0.318,0.458,0.959,263.1,75.6,40.3
2010,CBRL,CIC,Cons,0.210,0.009,0.400,0.391,102.7,26.0,31.3
2010,CBT,CIC,Basi,0.431,0.713,0.454,0.609,70.3,54.2,32.1
2010,CBZ,CIC,Indu,0.643,0.117,0.221,0.059,-23.2,15.0,27.9
2010,CCOI,NOC,Comm,0.045,0.068,0.530,0.111,47.1,38.3,29.3
2010,CCU,NOC,Cons,0.436,0.361,0.293,0.725,21.0,59.9,28.2
2010,CE,CIC,Basi,0.637,0.637,0.528,0.966,214.9,38.7,31.9
2010,CECO,CIC,Indu,0.490,0.488,0.011,0.095,31.6,-24.0,13.3
2010,CFR,NOC,Fina,0.325,0.266,0.779,0.828,11.9,17.4,24.6
2010,CGNX,NOC,Tech,0.465,0.661,0.275,0.266,36.9,97.9,48.7
2010,CHD,NOC,Cons,0.339,0.016,0.551,0.968,21.4,9.5,27.6
2010,CHE,NOC,Heal,0.063,0.000,0.494,0.451,14.7,23.6,30.1
2010,CHH,CIC,Cons,0.165,0.253,0.521,0.637,30.1,30.2,33.4
2010,CIB,NOC,Fina,0.876,0.932,0.088,0.707,185.9,26.9,27.5
2010,CIEN,NOC,Tech,0.530,0.650,0.097,0.492,135.6,106.2,43.5
2010,CIGI,NOC,Real,0.393,0.831,0.357,0.056,64.9,58.2,37.6
2010,CLH,CIC,Indu,0.251,0.339,0.352,0.526,3.2,71.8,37.4
2010,CLMT,CIC,Basi,0.686,0.883,0.282,0.237,62.6,19.9,28.5
2010,CLS,NOC,Tech,0.011,0.233,0.174,0.709,125.7,-4.2,20.4
2010,CMG,CIC,Cons,0.740,0.104,0.666,0.833,113.0,150.0,61.5
2010,CMP,CIC,Basi,0.749,0.777,0.445,0.677,3.6,44.2,37.5
2010,CNC,NOC,Heal,0.657,0.237,0.826,0.332,-12.0,51.6,38.3
2010,CNK,NOC,Comm,0.935,0.316,0.860,0.621,99.4,16.4,24.6
2010,CNS,NOC,Fina,0.072,0.765,0.930,0.343,74.1,41.3,30.4
2010,CODI,CIC,Indu,0.043,0.912,0.242,0.167,61.4,11.9,20.1
2010,COLB,NOC,Fina,0.946,0.474,0.077,0.181,110.0,3.2,24.9
2010,COO,NOC,Heal,0.415,0.120,0.558,0.632,109.4,53.3,30.6
2010,CPA,CIC,Indu,0.878,0.384,0.707,0.693,69.4,13.3,29.2
2010,CRI,CIC,Cons,0.363,0.115,0.641,0.551,70.8,-4.5,11.6
2010,CRK,CIC,Ener,0.752,0.889,0.072,0.605,-7.3,-28.7,18.3
2010,CRL,NOC,Heal,0.264,0.296,0.339,0.720,35.1,2.8,26.7
2010,CROX,CIC,Cons,0.736,0.682,0.230,0.257,543.8,120.2,46.6
2010,CRS,CIC,Basi,0.679,0.451,0.090,0.485,50.0,48.9,31.9
2010,CRUS,NOC,Tech,0.223,0.510,0.914,0.138,163.0,152.4,59.0
2010,CSGP,NOC,Real,0.354,0.151,0.499,0.325,38.2,50.3,32.7
2010,CSIQ,NOC,Tech,0.519,1.000,1.000,0.300,413.3,-33.3,13.4
2010,CSL,CIC,Basi,0.377,0.438,0.411,0.684,82.3,8.9,25.6
2010,CTRN,CIC,Cons,0.056,0.174,0.670,0.108,93.6,-27.5,11.3
2010,CUBE,NOC,Real,0.219,0.135,0.330,0.210,138.1,57.2,33.2
2010,CUZ,NOC,Real,0.835,0.476,0.853,0.023,-22.8,23.7,31.7
2010,CVBF,NOC,Fina,0.655,0.729,0.815,0.438,22.5,-12.6,17.9
2010,CVLT,NOC,Tech,0.016,0.312,0.716,0.397,71.2,38.0,29.8
2010,CW,CIC,Indu,0.095,0.321,0.431,0.521,1.4,20.4,29.1
2010,DAKT,NOC,Tech,0.664,0.720,0.023,0.002,1.0,123.4,55.4
2010,DAR,NOC,Cons,0.709,0.781,0.456,0.264,84.9,68.5,33.3
2010,DCOM,NOC,Fina,0.756,0.905,0.257,0.318,27.1,-0.9,21.8
2010,DDD,NOC,Tech,0.474,0.327,0.537,0.014,187.8,152.9,61.3
2010,DDS,CIC,Cons,0.481,0.027,0.228,0.560,567.7,109.5,47.5
2010,DECK,CIC,Cons,0.517,0.569,0.858,0.533,100.7,146.3,52.1
2010,DINO,CIC,Ener,0.743,0.907,0.941,0.535,3.2,113.1,45.1
2010,DIOD,NOC,Tech,0.695,0.623,0.905,0.316,115.0,45.7,37.4
2010,DKS,CIC,Cons,0.135,0.032,0.573,0.804,98.2,48.0,26.9
2010,DLR,NOC,Real,0.111,0.185,0.856,0.919,78.4,9.3,26.5
2010,DLX,NOC,Comm,0.239,0.025,0.465,0.366,55.1,38.7,32.4
2010,DMC,NOC,Cons,0.120,0.108,0.418,0.524,8.2,35.1,28.6
2010,DRH,NOC,Real,0.941,0.449,0.120,0.447,189.3,31.5,29.6
2010,DXC,NOC,Tech,0.187,0.226,0.402,0.923,34.3,8.5,28.0
2010,DY,CIC,Indu,0.217,0.201,0.147,0.020,78.9,109.7,49.4
2010,EBF,CIC,Indu,0.318,0.330,0.540,0.124,97.5,1.4,13.8
2010,ECHO,NOC,Comm,0.418,0.704,0.512,0.519,31.3,60.4,31.6
2010,EDN,NOC,Util,0.282,0.418,0.314,0.029,80.3,36.1,21.9
2010,EDU,NOC,Cons,0.727,0.280,0.628,0.817,57.5,35.7,24.8
2010,EEFT,NOC,Tech,0.160,0.424,0.582,0.381,100.2,-0.1,24.3
2010,EG,NOC,Fina,0.790,0.790,0.781,0.995,14.3,3.1,16.5
2010,EMA,NOC,Util,0.777,0.147,0.720,0.795,-0.3,36.2,21.8
2010,EMBJ,CIC,Indu,0.844,0.564,0.095,0.948,59.9,46.4,20.7
2010,ENS,CIC,Indu,0.350,0.756,0.280,0.400,119.6,67.7,40.8
2010,ENTG,NOC,Tech,0.930,0.691,0.810,0.140,252.1,85.7,44.4
2010,EPAC,CIC,Indu,0.144,0.454,0.318,0.567,155.6,33.5,16.0
2010,EPC,NOC,Cons,0.221,0.483,0.770,0.808,17.7,26.2,26.3
2010,EQIX,NOC,Real,0.411,0.711,0.871,0.887,60.1,-2.9,25.1
2010,EQT,CIC,Ener,0.966,0.567,0.549,0.831,25.2,3.4,24.2
2010,ERIE,NOC,Fina,0.573,0.302,0.725,0.664,28.0,72.1,36.4
2010,ES,NOC,Util,0.851,0.212,0.336,0.971,13.7,26.5,27.7
2010,ESLT,CIC,Indu,0.099,0.436,0.429,0.756,41.1,-18.9,13.1
2010,ESS,NOC,Real,0.260,0.088,0.266,0.716,25.8,48.8,37.5
2010,EVRG,NOC,Util,0.745,0.095,0.630,0.727,30.4,18.1,25.0
2010,EXP,CIC,Basi,0.582,0.576,0.113,0.402,10.7,25.1,25.3
2010,EXPE,CIC,Cons,0.097,0.284,0.731,0.819,169.2,19.6,29.4
2010,EXR,NOC,Real,0.158,0.167,0.763,0.420,91.1,61.7,38.5
2010,FCF,NOC,Fina,0.944,0.770,0.205,0.172,-37.6,11.6,26.1
2010,FCFS,NOC,Fina,0.691,0.413,0.736,0.269,38.7,28.0,26.8
2010,FCN,CIC,Indu,0.115,0.350,0.673,0.657,-11.4,-2.8,20.3
2010,FCNCA,NOC,Fina,0.503,0.144,0.203,0.625,65.2,10.6,22.6
2010,FFIV,NOC,Tech,0.122,0.291,0.786,0.953,141.0,167.5,52.6
2010,FHN,NOC,Fina,0.914,0.822,0.041,0.810,36.3,-6.3,19.0
2010,FICO,NOC,Tech,0.569,0.054,0.483,0.440,41.5,5.9,22.2
2010,FIX,CIC,Indu,0.153,0.497,0.129,0.115,42.2,9.4,23.4
2010,FMC,CIC,Basi,0.357,0.402,0.312,0.835,14.2,57.9,40.6
2010,FNB,NOC,Fina,0.916,0.795,0.822,0.330,-7.8,42.2,29.0
2010,FNF,NOC,Fina,0.962,0.754,0.885,0.650,-22.4,4.7,23.9
2010,FOR,NOC,Real,0.711,0.533,0.063,0.260,66.7,3.2,22.3
2010,FRO,CIC,Indu,0.758,0.935,0.047,0.673,29.1,-2.9,23.1
2010,FSS,CIC,Indu,0.140,0.097,0.126,0.041,7.4,-28.2,14.7
2010,FTS,NOC,Util,0.840,0.937,0.368,1.000,-3.2,34.5,35.6
2010,FUL,CIC,Basi,0.424,0.228,0.386,0.445,73.0,-13.5,15.9
2010,FULT,NOC,Fina,0.828,0.810,0.578,0.603,55.0,14.4,24.5
2010,FWRD,CIC,Indu,0.257,0.499,0.341,0.244,0.5,30.2,35.1
2010,GBCI,NOC,Fina,0.919,0.530,0.887,0.372,7.9,-2.3,22.8
2010,GEL,CIC,Ener,0.370,0.991,0.517,0.309,93.3,49.5,32.8
2010,GIB,NOC,Tech,0.149,0.314,0.343,0.944,70.0,35.4,28.3
2010,GIII,CIC,Cons,0.661,0.788,0.598,0.104,368.1,33.2,18.1
2010,GIL,CIC,Cons,0.781,0.616,0.745,0.774,120.0,39.3,35.1
2010,GLNG,CIC,Ener,0.869,0.223,0.804,0.352,156.3,116.3,47.5
2010,GME,CIC,Cons,0.237,0.400,0.433,0.878,-19.2,-0.2,14.1
2010,GNTX,CIC,Cons,0.625,0.709,0.921,0.754,118.4,64.4,38.4
2010,GPK,CIC,Cons,0.271,0.847,0.262,0.465,113.0,44.4,31.7
2010,GPN,NOC,Fina,0.178,0.178,0.738,0.957,49.6,-11.3,15.2
2010,GPRE,CIC,Basi,0.964,0.982,0.971,0.099,457.0,-29.4,15.0
2010,GRC,CIC,Indu,0.199,0.375,0.144,0.072,2.6,34.9,33.2
2010,GT,CIC,Cons,0.607,0.386,0.542,0.862,124.1,-12.5,19.8
2010,HBM,CIC,Basi,0.833,0.993,0.998,0.668,207.0,29.5,26.7
2010,HEI,CIC,Indu,0.244,0.273,0.623,0.476,36.9,50.3,36.1
2010,HELE,NOC,Cons,0.332,0.084,0.555,0.296,80.8,34.9,23.0
2010,HIMX,NOC,Tech,0.372,0.774,0.892,0.190,72.5,-11.5,23.4
2010,HL,CIC,Basi,0.975,0.962,0.991,0.499,217.6,95.4,41.4
2010,HLIO,CIC,Indu,0.799,0.747,0.151,0.106,107.3,46.6,28.9
2010,HLIT,NOC,Tech,0.619,0.433,0.194,0.199,17.5,41.7,35.7
2010,HNI,CIC,Cons,0.312,0.393,0.065,0.456,113.6,25.2,31.6
2010,HOMB,NOC,Fina,0.986,0.609,0.519,0.251,67.7,-1.8,19.9
2010,HOPE,NOC,Fina,0.948,0.813,0.472,0.032,50.8,3.6,15.7
2010,HP,CIC,Ener,0.300,0.752,0.160,0.977,96.8,17.5,27.5
2010,HTLD,CIC,Indu,0.813,0.465,0.307,0.517,8.9,8.2,22.6
2010,HUBG,CIC,Indu,0.025,0.501,0.246,0.375,23.7,44.3,33.7
2010,HUN,CIC,Basi,0.485,0.490,0.332,0.824,464.8,43.1,34.2
2010,HURN,CIC,Indu,0.307,0.409,0.488,0.120,-44.2,32.8,33.0
2010,HWC,NOC,Fina,0.720,0.524,0.801,0.600,37.5,-25.8,13.6
2010,IART,NOC,Heal,0.253,0.217,0.594,0.472,87.6,22.7,24.2
2010,IBOC,NOC,Fina,0.614,0.065,0.718,0.546,104.9,-11.3,18.8
2010,ICFI,CIC,Indu,0.476,0.235,0.474,0.149,9.6,-7.1,16.4
2010,ICUI,NOC,Heal,0.463,0.332,0.797,0.147,10.0,13.8,25.5
2010,IFF,CIC,Basi,0.027,0.153,0.664,0.840,27.0,42.3,36.4
2010,ILMN,NOC,Heal,0.440,0.621,0.684,0.991,30.8,94.5,50.7
2010,IMAX,NOC,Comm,0.898,0.865,0.962,0.418,245.5,75.2,28.5
2010,INDB,NOC,Fina,0.684,0.659,0.847,0.183,104.4,1.6,17.8
2010,IPGP,NOC,Tech,0.817,0.614,0.298,0.291,74.7,232.4,74.3
2010,IT,CIC,Indu,0.054,0.289,0.377,0.661,89.2,72.2,42.8
2010,ITRI,NOC,Tech,0.156,0.964,0.479,0.743,16.8,1.7,24.2
2010,J,CIC,Indu,0.081,0.675,0.117,0.941,-1.5,24.5,25.4
2010,JBTM,CIC,Indu,0.192,0.420,0.366,0.163,67.7,9.5,17.6
2010,JEF,NOC,Fina,0.937,0.928,0.619,0.950,62.3,35.3,28.8
2010,JOE,NOC,Real,0.984,0.835,0.002,0.758,33.6,-6.2,22.1
2010,KDP,NOC,Cons,0.451,0.093,0.587,0.488,77.8,7.6,26.1
2010,KEX,CIC,Indu,0.361,0.515,0.248,0.646,39.0,22.2,25.6
2010,KFRC,CIC,Indu,0.275,0.099,0.219,0.187,90.3,36.3,34.4
2010,KFY,CIC,Indu,0.998,0.657,0.424,0.339,129.4,20.7,22.3
2010,KLIC,NOC,Tech,0.896,0.998,0.993,0.090,273.2,70.8,40.8
2010,KNX,CIC,Indu,0.675,0.363,0.406,0.460,41.6,0.2,21.0
2010,KRNY,NOC,Fina,0.555,0.038,0.442,0.280,-0.4,-10.6,16.1
2010,KRO,CIC,Basi,0.402,0.734,0.677,0.298,15.6,248.6,67.2
2010,LBTYK,NOC,Comm,0.020,0.799,0.743,0.596,143.9,47.7,31.2
2010,LCII,CIC,Cons,0.779,0.702,0.824,0.135,189.7,10.2,26.8
2010,LDOS,NOC,Tech,0.002,0.029,0.508,0.998,7.3,-11.2,11.3
2010,LEU,CIC,Ener,0.786,0.878,0.655,0.217,-0.4,11.0,25.2
2010,LFUS,NOC,Tech,0.707,0.549,0.758,0.273,131.3,58.1,41.6
2010,LINC,NOC,Cons,0.467,0.447,0.932,0.235,66.8,-37.0,12.7
2010,LKQ,CIC,Cons,0.129,0.903,0.700,0.767,57.8,31.8,27.9
2010,LNN,CIC,Indu,0.420,0.914,0.799,0.174,56.6,83.8,28.7
2010,LOPE,NOC,Cons,0.447,0.537,0.935,0.379,11.9,-17.2,19.6
2010,LQDT,CIC,Cons,0.761,0.573,0.675,0.000,45.0,34.6,33.9
2010,LRCX,NOC,Tech,0.862,0.885,0.950,0.973,48.5,48.5,31.1
2010,LRN,NOC,Cons,0.551,0.946,0.767,0.203,16.8,47.7,38.3
2010,LSCC,NOC,Tech,0.375,0.275,0.535,0.009,75.0,118.3,51.0
2010,LYV,NOC,Comm,0.497,0.323,0.102,0.628,296.8,-15.9,19.0
2010,LZB,CIC,Cons,0.384,0.221,0.427,0.223,1165.2,-27.9,17.6
2010,MAC,NOC,Real,0.923,0.142,0.233,0.738,94.4,62.8,39.5
2010,MAN,CIC,Indu,0.147,0.560,0.223,0.964,99.2,19.5,28.1
2010,MATV,CIC,Basi,0.792,0.244,0.467,0.490,235.1,-14.9,20.9
2010,MATX,CIC,Indu,0.309,0.700,0.181,0.287,51.4,25.2,28.7
2010,MCS,NOC,Comm,0.885,0.124,0.506,0.045,25.0,-6.3,12.9
2010,MEI,NOC,Tech,0.754,0.600,0.395,0.093,253.4,1.1,20.2
2010,MELI,CIC,Cons,0.018,0.707,0.946,0.623,177.7,68.2,36.3
2010,MEOH,CIC,Basi,0.815,0.869,0.321,0.688,165.8,25.4,26.2
2010,MGM,CIC,Cons,0.621,0.156,0.045,0.984,256.4,43.9,33.5
2010,MGRC,CIC,Indu,0.438,0.262,0.393,0.196,21.3,9.5,23.9
2010,MIDD,CIC,Indu,0.084,0.625,0.585,0.302,126.7,84.3,36.4
2010,MKL,NOC,Fina,0.973,0.786,0.948,0.837,16.3,23.1,28.4
2010,MKSI,NOC,Tech,0.883,0.664,0.734,0.350,17.8,67.4,38.6
2010,MLCO,CIC,Cons,0.716,0.955,0.806,0.612,27.8,75.8,45.1
2010,MLI,CIC,Indu,0.185,0.666,0.235,0.133,19.8,32.4,29.2
2010,MLKN,CIC,Cons,0.183,0.411,0.251,0.454,94.5,27.5,18.0
2010,MLM,CIC,Basi,0.650,0.205,0.133,0.865,-7.2,16.7,29.4
2010,MNST,NOC,Cons,0.235,0.158,0.844,0.905,31.0,37.9,29.2
2010,MOD,CIC,Indu,0.314,0.749,0.138,0.142,955.7,61.1,35.5
2010,MOH,NOC,Heal,0.169,0.061,0.562,0.192,12.6,60.3,41.4
2010,MORN,NOC,Fina,0.126,0.357,0.632,0.686,37.1,24.7,29.7
2010,MSCI,NOC,Fina,0.395,0.230,0.869,0.856,100.8,1.9,17.5
2010,MTRN,CIC,Basi,0.456,0.442,0.359,0.081,40.3,71.8,36.4
2010,MTX,CIC,Basi,0.386,0.381,0.404,0.357,22.1,35.5,34.1
2010,MTZ,CIC,Indu,0.052,0.445,0.637,0.404,39.2,21.0,26.4
2010,MWA,CIC,Indu,0.499,0.334,0.142,0.284,-29.7,-14.5,18.9
2010,MYE,CIC,Cons,0.413,0.271,0.291,0.034,227.8,-0.3,24.2
2010,MYRG,CIC,Indu,0.641,0.242,0.438,0.036,19.3,29.2,22.5
2010,NAT,CIC,Indu,0.982,0.957,0.027,0.503,-4.4,-14.0,21.6
2010,NEOG,NOC,Heal,0.330,0.070,0.795,0.226,109.0,54.3,20.2
2010,NICE,NOC,Tech,0.172,0.370,0.323,0.648,40.1,10.5,26.4
2010,NJR,NOC,Util,0.826,0.840,0.165,0.555,-13.6,19.3,27.5
2010,NMM,CIC,Indu,0.379,0.458,0.919,0.126,115.3,11.6,22.0
2010,NNI,NOC,Fina,0.980,0.874,0.589,0.359,286.2,22.7,24.8
2010,NPK,CIC,Indu,0.515,0.804,0.650,0.336,141.4,3.5,24.5
2010,NPO,CIC,Indu,0.609,0.677,0.007,0.169,12.0,69.7,43.0
2010,NTCT,NOC,Tech,0.553,0.930,0.553,0.228,4.4,68.4,32.9
2010,NTES,NOC,Tech,0.774,0.772,0.959,0.928,7.6,47.4,29.5
2010,NWL,NOC,Cons,0.404,0.264,0.363,0.898,55.4,34.5,33.2
2010,NX,CIC,Basi,0.747,0.738,0.765,0.212,113.5,19.8,25.3
2010,OGE,NOC,Util,0.887,0.736,0.643,0.889,46.7,23.8,29.5
2010,OII,CIC,Ener,0.036,0.348,0.300,0.822,83.0,41.2,33.6
2010,OIS,CIC,Ener,0.280,0.853,0.074,0.458,137.4,88.8,45.3
2010,OKE,CIC,Ener,0.578,0.867,0.792,0.921,88.0,48.7,35.4
2010,OLED,NOC,Tech,0.510,0.806,0.038,0.086,70.0,253.5,56.8
2010,OLN,CIC,Basi,0.381,0.727,0.174,0.508,1.6,15.0,23.6
2010,OMCL,NOC,Heal,0.316,0.485,0.167,0.068,53.4,13.3,26.5
2010,ON,NOC,Tech,0.682,0.684,0.567,0.869,84.1,46.3,33.6
2010,ONB,NOC,Fina,0.704,0.406,0.135,0.341,-7.5,-5.8,21.1
2010,ONTO,NOC,Tech,0.856,0.896,0.896,0.027,808.6,79.0,40.4
2010,OPCH,NOC,Heal,0.077,0.305,0.187,0.007,367.7,-37.9,12.6
2010,OSIS,NOC,Tech,0.174,0.354,0.296,0.165,103.1,27.4,26.5
2010,OSK,CIC,Indu,0.479,0.824,0.957,0.849,388.3,1.8,24.3
2010,OTEX,NOC,Tech,0.059,0.086,0.749,0.713,23.4,23.7,28.5
2010,OXM,CIC,Cons,0.368,0.506,0.269,0.061,263.9,3.5,15.2
2010,OZK,NOC,Fina,0.842,0.686,0.740,0.194,73.8,28.4,19.2
2010,PAAS,CIC,Basi,0.901,0.984,0.995,0.734,41.4,55.0,37.7
2010,PB,NOC,Fina,0.542,0.463,0.910,0.655,60.5,-4.3,20.4
2010,PBH,NOC,Heal,0.117,0.052,0.668,0.054,21.6,53.5,39.8
2010,PDM,NOC,Real,0.142,0.041,0.704,0.847,26.9,0.5,18.7
2010,PDS,CIC,Ener,0.524,0.519,0.156,0.700,114.7,29.7,31.7
2010,PFS,NOC,Fina,0.334,0.050,0.325,0.246,0.4,29.3,32.5
2010,PII,CIC,Cons,0.196,0.479,0.327,0.553,107.6,71.8,40.2
2010,PKE,CIC,Indu,0.702,0.679,0.907,0.233,63.3,5.2,17.3
2010,PKG,CIC,Cons,0.233,0.140,0.438,0.691,76.8,31.8,26.9
2010,PLD,NOC,Real,0.327,0.352,0.501,0.851,41.4,33.5,31.2
2010,PLXS,NOC,Tech,0.038,0.415,0.255,0.463,77.0,6.8,21.0
2010,PNR,CIC,Indu,0.194,0.300,0.305,0.666,30.3,16.6,25.7
2010,POOL,CIC,Indu,0.009,0.043,0.108,0.395,53.6,25.1,29.8
2010,POWI,NOC,Tech,0.506,0.648,0.935,0.361,62.3,16.0,29.2
2010,POWL,CIC,Indu,0.458,0.282,0.172,0.043,7.7,24.0,26.8
2010,PPLI,NOC,Comm,0.284,0.688,0.000,0.219,50.9,38.8,31.3
2010,PRDO,NOC,Cons,0.698,0.160,0.849,0.639,16.3,1.2,24.6
2010,PRGO,NOC,Heal,0.323,0.379,0.564,0.955,100.2,58.4,34.9
2010,PRMB,NOC,Cons,0.433,0.047,0.302,0.230,682.8,60.7,25.8
2010,PTEN,CIC,Ener,0.580,0.837,0.016,0.747,79.5,44.9,33.8
2010,PVH,CIC,Cons,0.722,0.102,0.515,0.799,192.2,9.0,17.1
2010,PWR,CIC,Indu,0.205,0.819,0.503,0.926,2.9,17.5,25.3
2010,QDEL,NOC,Heal,0.822,0.898,0.975,0.063,11.8,-2.3,22.3
2010,QGEN,NOC,Heal,0.068,0.585,0.777,0.989,26.5,-5.7,20.4
2010,RBC,CIC,Indu,0.305,0.542,0.178,0.411,52.6,50.7,39.4
2010,RDY,NOC,Heal,0.488,0.494,0.056,0.980,66.7,31.7,21.1
2010,REG,NOC,Real,0.804,0.181,0.634,0.777,0.5,29.4,29.8
2010,RES,CIC,Ener,0.767,0.783,0.054,0.474,46.9,105.5,43.0
2010,RGA,NOC,Fina,0.492,0.456,0.889,0.894,31.1,16.8,26.2
2010,RGLD,CIC,Basi,0.289,0.880,0.980,0.607,-9.2,13.5,28.6
2010,RHI,CIC,Indu,0.454,0.596,0.099,0.910,45.6,26.0,28.9
2010,RHP,NOC,Real,0.406,0.571,0.395,0.368,115.5,83.1,46.2
2010,RMD,NOC,Heal,0.228,0.122,0.851,0.914,26.7,25.7,31.4
2010,RNR,NOC,Fina,0.953,0.944,0.989,0.815,19.9,28.4,32.4
2010,ROG,NOC,Tech,0.571,0.528,0.596,0.074,18.9,65.5,39.4
2010,RRX,CIC,Indu,0.359,0.673,0.379,0.641,50.5,38.2,31.9
2010,RS,CIC,Basi,0.549,0.779,0.068,0.842,75.0,28.6,30.7
2010,RVTY,NOC,Heal,0.348,0.422,0.571,0.786,87.2,10.4,17.7
2010,RYN,NOC,Real,0.262,0.260,0.686,0.752,46.5,31.2,28.1
2010,SAH,CIC,Cons,0.050,0.849,0.916,0.178,256.0,51.2,37.5
2010,SAM,NOC,Cons,0.639,0.194,0.524,0.305,133.6,80.5,32.8
2010,SANM,NOC,Tech,0.034,0.366,0.361,0.384,439.5,10.7,22.5
2010,SB,CIC,Indu,0.400,0.725,0.880,0.122,14.3,8.2,27.8
2010,SBAC,NOC,Real,0.242,0.090,0.533,0.937,75.5,19.0,25.2
2010,SBS,NOC,Util,0.867,0.876,0.973,0.912,49.2,57.9,23.8
2010,SBSI,NOC,Fina,0.725,0.668,0.774,0.025,7.2,17.5,27.5
2010,SEIC,NOC,Fina,0.788,0.307,0.835,0.880,46.7,31.1,27.4
2010,SFNC,NOC,Fina,0.693,0.540,0.722,0.097,3.7,6.0,21.2
2010,SGI,CIC,Cons,0.763,0.808,0.898,0.576,222.6,92.0,19.1
2010,SHEN,NOC,Comm,0.388,0.045,0.707,0.113,-2.7,-12.5,18.7
2010,SHO,NOC,Real,0.837,0.336,0.032,0.348,126.5,20.1,30.0
2010,SHOO,CIC,Cons,0.352,0.131,0.603,0.312,134.5,59.0,38.3
2010,SIG,CIC,Cons,0.889,0.767,0.625,0.736,128.4,56.9,25.1
2010,SIRI,NOC,Comm,0.738,0.910,0.607,0.916,618.1,71.0,40.8
2010,SKT,NOC,Real,0.298,0.036,0.761,0.578,56.8,28.2,31.8
2010,SLAB,NOC,Tech,0.291,0.492,0.876,0.682,92.0,5.7,23.6
2010,SLG,NOC,Real,0.795,0.293,0.122,0.883,197.0,54.1,31.5
2010,SLM,NOC,Fina,0.977,0.641,0.837,0.698,2.2,19.0,23.4
2010,SM,CIC,Ener,0.765,0.862,0.237,0.431,122.6,99.4,41.7
2010,SMCI,NOC,Tech,0.201,0.612,0.874,0.129,90.5,11.2,23.8
2010,SMG,CIC,Basi,0.808,0.081,0.086,0.765,19.6,33.1,31.5
2010,SMTC,NOC,Tech,0.029,0.526,0.831,0.433,54.1,37.9,24.6
2010,SNPS,NOC,Tech,0.047,0.129,0.492,0.853,20.1,32.0,31.4
2010,SPH,NOC,Util,0.921,0.591,0.289,0.580,13.8,27.9,32.2
2010,SR,NOC,Util,0.959,0.731,0.115,0.289,-30.5,22.7,28.7
2010,SRCE,NOC,Fina,0.366,0.278,0.199,0.052,-11.4,26.3,30.1
2010,SSB,NOC,Fina,0.591,0.325,0.370,0.065,53.5,4.7,25.0
2010,SSD,CIC,Basi,0.659,0.251,0.149,0.479,21.0,18.6,27.7
2010,SSNC,NOC,Tech,0.102,0.246,0.698,0.422,6.9,22.5,21.3
2010,SSYS,NOC,Tech,0.670,0.429,0.214,0.214,211.8,24.5,28.9
2010,STE,NOC,Heal,0.208,0.163,0.605,0.619,13.9,21.1,29.4
2010,STLD,CIC,Basi,0.612,0.986,0.316,0.867,55.5,11.3,23.6
2010,STN,CIC,Indu,0.912,0.544,0.497,0.449,33.8,15.3,24.4
2010,STRA,NOC,Cons,0.203,0.018,0.912,0.781,9.8,-36.9,16.3
2010,SUI,NOC,Real,0.806,0.077,0.646,0.088,108.4,53.6,25.0
2010,SWKS,NOC,Tech,0.133,0.368,0.754,0.763,193.0,116.9,40.7
2010,TAC,NOC,Util,0.512,0.594,0.546,0.986,18.0,-5.6,20.0
2010,TCOM,CIC,Cons,0.230,0.919,0.982,0.993,101.1,22.9,29.4
2010,TDG,CIC,Indu,0.176,0.138,0.842,0.745,30.3,65.4,41.4
2010,TDY,NOC,Tech,0.190,0.341,0.375,0.537,28.4,23.6,28.9
2010,TEN,CIC,Ener,0.296,0.470,0.490,0.975,-19.5,-39.1,9.5
2010,TEO,NOC,Comm,0.341,0.404,0.652,0.876,152.1,42.1,28.0
2010,TER,NOC,Tech,0.849,0.763,0.862,0.711,95.4,37.8,28.8
2010,TFII,CIC,Indu,0.113,0.921,0.968,0.321,142.1,58.2,33.5
2010,TFSL,NOC,Fina,0.905,0.758,0.433,0.896,1.1,-20.4,20.2
2010,THC,NOC,Heal,0.061,0.020,0.953,0.788,384.6,38.3,30.9
2010,THO,CIC,Cons,0.214,0.892,0.955,0.652,265.7,-10.1,16.6
2010,TK,CIC,Ener,0.853,0.815,0.061,0.616,27.6,45.7,28.4
2010,TKR,CIC,Indu,0.483,0.693,0.052,0.598,53.0,115.7,50.0
2010,TMUS,NOC,Comm,0.321,0.023,0.833,0.704,-51.5,96.9,41.6
2010,TNK,CIC,Indu,0.858,0.535,0.348,0.018,-21.0,3.9,20.2
2010,TOWN,NOC,Fina,0.445,0.208,0.381,0.016,-57.0,41.4,30.9
2010,TPC,CIC,Indu,0.093,0.580,0.081,0.409,29.0,10.2,23.3
2010,TREX,CIC,Indu,0.501,0.817,0.939,0.011,121.9,33.4,29.8
2010,TRMK,NOC,Fina,0.810,0.582,0.819,0.549,32.3,8.8,23.3
2010,TRN,CIC,Indu,0.287,0.619,0.070,0.377,69.2,80.0,42.9
2010,TRST,NOC,Fina,0.652,0.546,0.883,0.151,-17.6,-3.7,18.7
2010,TSCO,CIC,Cons,0.167,0.079,0.510,0.643,48.3,85.4,38.8
2010,TTEK,CIC,Indu,0.090,0.639,0.167,0.573,11.8,-2.0,21.2
2010,TTI,CIC,Ener,0.860,0.345,0.415,0.314,252.4,25.3,26.7
2010,TTMI,NOC,Tech,0.269,0.214,0.210,0.102,62.3,81.5,48.0
2010,TTWO,NOC,Tech,0.824,0.971,0.190,0.278,31.8,82.2,36.2
2010,TYL,NOC,Tech,0.422,0.149,0.614,0.293,50.2,7.5,23.4
2010,UAA,CIC,Cons,0.460,0.257,0.772,0.512,38.2,105.3,48.0
2010,UBSI,NOC,Fina,0.535,0.388,0.244,0.429,11.8,20.5,25.1
2010,UFPI,CIC,Basi,0.302,0.165,0.106,0.255,60.5,15.2,30.5
2010,UGI,NOC,Util,0.564,0.558,0.345,0.772,-1.4,32.0,27.6
2010,UHS,NOC,Heal,0.989,0.011,0.481,0.806,74.0,45.8,33.0
2010,ULTA,CIC,Cons,0.104,0.113,0.657,0.494,243.0,91.0,32.4
2010,UMBF,NOC,Fina,0.544,0.269,0.679,0.585,6.1,6.0,22.8
2010,UNFI,NOC,Cons,0.005,0.298,0.413,0.470,77.0,52.0,30.8
2010,UPBD,NOC,Tech,0.993,0.007,0.372,0.510,32.6,49.0,33.4
2010,URI,CIC,Indu,0.713,0.941,0.093,0.158,98.3,220.7,69.4
2010,UTI,NOC,Cons,0.494,0.192,0.702,0.131,6.9,-1.8,22.9
2010,VECO,NOC,Tech,0.628,0.670,0.865,0.501,399.3,43.5,36.8
2010,VIAV,NOC,Tech,0.278,0.395,0.183,0.427,103.6,114.1,50.0
2010,VLY,NOC,Fina,0.600,0.901,0.212,0.695,16.3,-0.3,19.9
2010,VMI,CIC,Indu,0.336,0.503,0.185,0.634,84.7,35.6,33.5
2010,VRSN,NOC,Tech,0.634,0.427,0.817,0.962,15.9,40.7,32.6
2010,VSAT,NOC,Tech,0.088,0.126,0.334,0.363,37.0,70.9,44.4
2010,VSH,NOC,Tech,0.546,0.553,0.447,0.571,179.5,113.4,53.8
2010,WAB,CIC,Indu,0.041,0.377,0.271,0.630,33.3,48.8,36.9
2010,WABC,NOC,Fina,0.894,0.833,0.944,0.587,37.6,-5.6,21.1
2010,WAL,NOC,Fina,0.971,0.948,0.009,0.084,9.4,22.2,19.4
2010,WBS,NOC,Fina,0.847,0.634,0.580,0.424,279.9,38.6,27.9
2010,WCC,CIC,Indu,0.007,0.359,0.131,0.483,54.0,88.3,44.0
2010,WCN,CIC,Indu,0.086,0.063,0.790,0.731,15.1,43.1,37.2
2010,WEN,CIC,Cons,0.731,0.989,0.251,0.675,1.3,1.3,19.3
2010,WEX,NOC,Tech,1.000,0.643,0.808,0.442,145.7,78.8,46.0
2010,WLYB,NOC,Comm,0.032,0.176,0.560,0.729,15.6,25.8,21.1
2010,WOR,CIC,Indu,0.533,0.716,0.059,0.327,36.9,14.7,18.9
2010,WPC,NOC,Real,0.528,0.607,0.813,0.388,38.4,27.1,26.9
2010,WRB,NOC,Fina,0.871,0.372,0.659,0.770,-2.3,18.5,29.9
2010,WSBC,NOC,Fina,0.521,0.740,0.104,0.038,-41.0,36.1,29.3
2010,WSO,CIC,Indu,0.106,0.797,0.926,0.614,67.4,10.9,26.5
2010,WST,NOC,Heal,0.255,0.219,0.688,0.540,23.3,6.4,25.3
2010,WTM,NOC,Fina,0.926,0.975,0.984,0.790,33.6,9.5,25.3
2010,WWW,CIC,Cons,0.181,0.133,0.278,0.481,38.6,27.2,27.5
2010,ZBRA,NOC,Tech,0.397,0.460,0.391,0.594,62.8,46.4,38.7
2011,AAL,CIC,Indu,0.825,0.390,0.244,0.488,74.7,-10.3,9.5
2011,ABG,CIC,Cons,0.027,0.523,0.089,0.188,65.8,27.1,12.1
2011,ACGL,NOC,Fina,0.978,0.681,0.328,0.929,24.4,25.0,8.9
2011,ACLS,NOC,Tech,0.823,0.945,0.984,0.049,109.4,-50.3,3.2
2011,ACM,CIC,Indu,0.033,0.273,0.647,0.865,7.2,-19.4,4.0
2011,ADTN,NOC,Tech,0.086,0.432,0.854,0.747,73.4,-20.9,1.4
2011,AEIS,NOC,Tech,0.863,0.980,0.978,0.233,0.9,-28.7,2.2
2011,AER,CIC,Indu,0.942,0.907,0.896,0.572,58.9,-10.6,9.5
2011,AG,CIC,Basi,0.918,0.920,0.993,0.559,408.3,32.6,14.5
2011,AGI,CIC,Basi,0.665,0.548,0.867,0.632,15.3,22.8,15.2
2011,ALGN,NOC,Heal,0.373,0.426,0.443,0.561,22.9,24.6,7.4
2011,ALGT,CIC,Indu,0.741,0.093,0.621,0.337,-8.7,18.1,8.8
2011,ALK,CIC,Indu,0.565,0.266,0.499,0.698,87.6,23.4,8.0
2011,ALKS,NOC,Heal,0.459,0.601,0.038,0.443,21.5,46.6,9.5
2011,AMG,NOC,Fina,0.508,0.851,0.940,0.996,56.0,0.6,5.7
2011,AMN,NOC,Heal,0.080,0.734,0.812,0.009,-20.4,-31.6,7.1
2011,AMRC,CIC,Indu,0.098,0.204,0.707,0.213,185.9,-5.4,8.6
2011,ANDE,NOC,Cons,0.146,0.521,0.519,0.259,40.6,6.2,7.0
2011,ANGO,NOC,Heal,0.220,0.131,0.226,0.044,-3.6,-5.7,3.1
2011,APEI,NOC,Cons,0.228,0.102,0.831,0.204,-11.1,25.3,10.2
2011,ARE,NOC,Real,0.980,0.754,0.987,0.927,35.3,-3.5,7.8
2011,ARLP,CIC,Ener,0.503,0.406,0.871,0.727,65.8,14.2,8.5
2011,AROC,CIC,Ener,0.299,0.151,0.098,0.306,-3.5,-45.5,5.6
2011,ASR,CIC,Indu,0.907,0.752,0.936,0.550,3.6,28.0,13.7
2011,ATO,NOC,Util,0.605,0.634,0.151,0.816,21.0,-2.7,6.3
2011,AVAV,CIC,Indu,0.667,0.574,0.834,0.195,20.2,-3.3,10.2
2011,AVNT,CIC,Basi,0.366,0.685,0.346,0.472,82.6,9.8,11.3
2011,AZTA,NOC,Heal,0.818,1.000,0.914,0.284,65.4,-9.2,7.9
2011,AZZ,CIC,Indu,0.324,0.506,0.718,0.111,18.4,19.5,3.6
2011,BANC,NOC,Fina,0.987,0.710,0.858,0.060,106.9,-17.2,10.6
2011,BC,CIC,Cons,0.701,0.736,0.173,0.619,81.4,6.2,5.7
2011,BCPC,CIC,Basi,0.226,0.339,0.670,0.392,65.2,-1.0,9.6
2011,BDC,NOC,Tech,0.350,0.568,0.182,0.614,73.0,6.5,9.2
2011,BDN,NOC,Real,0.246,0.024,0.337,0.568,8.9,-7.7,4.8
2011,BJRI,CIC,Cons,0.909,0.058,0.477,0.404,82.8,37.8,10.4
2011,BKD,NOC,Heal,0.093,0.013,0.268,0.778,30.6,-21.5,7.8
2011,BKH,NOC,Util,0.838,0.885,0.204,0.452,18.1,9.3,7.1
2011,BLX,NOC,Fina,0.947,0.741,0.716,0.191,4.4,21.5,15.4
2011,BMRN,NOC,Heal,0.399,0.306,0.262,0.829,39.9,33.3,8.3
2011,BYD,CIC,Cons,0.173,0.619,0.794,0.313,21.3,-3.2,10.1
2011,CACI,NOC,Tech,0.920,0.040,0.357,0.585,14.4,5.8,6.2
2011,CAKE,CIC,Cons,0.998,0.004,0.242,0.616,34.0,5.3,9.0
2011,CALM,NOC,Cons,0.705,0.073,0.288,0.244,-16.5,40.0,21.8
2011,CALX,NOC,Tech,0.643,0.424,0.166,0.206,36.3,-45.7,4.4
2011,CAR,CIC,Indu,0.831,0.173,0.100,0.554,17.7,-6.5,6.4
2011,CASY,CIC,Cons,0.233,0.583,0.494,0.537,28.7,24.1,14.7
2011,CBRL,CIC,Cons,0.277,0.000,0.213,0.437,17.8,11.5,11.3
2011,CBT,CIC,Basi,0.572,0.769,0.395,0.765,56.3,-12.9,5.8
2011,CCOI,NOC,Comm,0.131,0.022,0.373,0.208,46.4,23.0,13.1
2011,CECO,CIC,Indu,0.100,0.534,0.306,0.047,-24.1,-64.8,3.6
2011,CFFN,NOC,Fina,0.388,0.479,0.027,0.647,-10.0,-3.7,3.9
2011,CFR,NOC,Fina,0.521,0.226,0.463,0.871,12.0,-3.1,4.6
2011,CGNX,NOC,Tech,0.574,0.869,0.929,0.499,101.4,24.0,8.8
2011,CHDN,CIC,Cons,0.882,0.758,0.942,0.222,10.0,33.1,17.9
2011,CHE,NOC,Heal,0.022,0.020,0.421,0.490,23.8,-9.8,6.5
2011,CHH,CIC,Cons,0.171,0.228,0.645,0.714,25.3,-10.4,9.1
2011,CIB,NOC,Fina,0.949,0.816,0.931,0.783,26.7,12.1,16.1
2011,CIEN,NOC,Tech,0.497,0.938,0.969,0.716,86.0,-48.3,5.2
2011,CIGI,NOC,Real,0.200,0.721,0.426,0.180,57.7,-0.9,6.8
2011,CLH,CIC,Indu,0.337,0.849,0.898,0.732,77.4,38.2,15.3
2011,CLMT,CIC,Basi,0.612,0.585,0.455,0.302,20.9,-5.0,6.5
2011,CLS,NOC,Tech,0.004,0.399,0.293,0.701,0.8,-21.6,4.2
2011,CMCO,CIC,Indu,0.151,0.415,0.228,0.007,18.8,-18.5,6.1
2011,CMP,CIC,Basi,0.681,0.408,0.659,0.823,44.6,-22.6,5.0
2011,CNC,NOC,Heal,0.654,0.237,0.251,0.514,59.6,56.1,10.0
2011,CNK,NOC,Comm,0.933,0.248,0.231,0.694,24.0,7.4,11.4
2011,CODI,CIC,Indu,0.067,0.672,0.437,0.231,8.8,-6.5,10.9
2011,COLB,NOC,Fina,0.965,0.313,0.468,0.282,5.3,6.6,4.9
2011,COO,NOC,Heal,0.475,0.069,0.565,0.803,58.3,23.0,11.1
2011,CPA,CIC,Indu,0.840,0.202,0.803,0.721,12.0,24.9,8.3
2011,CPK,NOC,Util,0.976,0.905,0.701,0.053,32.5,-1.6,9.9
2011,CPS,CIC,Cons,0.468,0.743,0.024,0.326,48.4,-3.7,14.1
2011,CRI,CIC,Cons,0.570,0.437,0.548,0.548,-3.1,58.5,18.5
2011,CRK,CIC,Ener,0.419,0.863,0.009,0.459,-27.4,-56.6,3.1
2011,CRL,NOC,Heal,0.215,0.044,0.000,0.672,3.0,-8.1,6.6
2011,CROX,CIC,Cons,0.747,0.512,0.641,0.557,132.2,11.6,11.4
2011,CRS,CIC,Basi,0.379,0.829,0.747,0.625,47.7,33.2,8.6
2011,CRUS,NOC,Tech,0.322,0.838,0.891,0.539,199.9,3.4,5.6
2011,CSGP,NOC,Real,0.339,0.095,0.359,0.439,47.2,0.7,11.2
2011,CSIQ,NOC,Tech,0.545,0.991,0.918,0.109,-45.3,-70.8,3.4
2011,CSL,CIC,Basi,0.310,0.475,0.153,0.741,19.0,16.7,6.4
2011,CTRN,CIC,Cons,0.144,0.215,0.215,0.013,-22.4,-51.3,6.2
2011,CUBE,NOC,Real,0.239,0.053,0.319,0.357,56.3,17.9,12.0
2011,CUZ,NOC,Real,0.763,0.497,0.140,0.182,23.8,-14.3,7.8
2011,CVBF,NOC,Fina,0.780,0.761,0.064,0.341,-14.7,25.2,4.7
2011,CVLT,NOC,Tech,0.051,0.197,0.585,0.521,43.7,46.1,8.4
2011,CW,CIC,Indu,0.106,0.031,0.279,0.574,20.3,4.3,8.3
2011,CYD,CIC,Indu,0.807,0.800,0.197,0.397,67.1,-45.9,8.1
2011,DAC,CIC,Indu,0.494,0.089,0.838,0.131,3.3,-12.2,12.2
2011,DAKT,NOC,Tech,0.623,0.625,0.676,0.122,63.2,-5.1,9.6
2011,DAR,NOC,Cons,0.375,0.674,0.869,0.435,70.9,16.9,13.7
2011,DCH,CIC,Cons,0.650,0.891,0.634,0.401,72.3,-15.0,4.4
2011,DCOM,NOC,Fina,0.767,0.894,0.348,0.277,-1.1,-5.7,12.9
2011,DDD,NOC,Tech,0.213,0.727,0.856,0.428,255.1,-15.2,6.0
2011,DDS,CIC,Cons,0.364,0.111,0.275,0.725,101.9,29.1,12.8
2011,DECK,CIC,Cons,0.656,0.188,0.823,0.867,153.7,-1.5,10.0
2011,DHI,CIC,Cons,0.621,0.774,0.035,0.916,-3.0,10.2,5.6
2011,DIOD,NOC,Tech,0.761,0.718,0.738,0.417,43.3,2.2,6.9
2011,DKS,CIC,Cons,0.266,0.027,0.450,0.987,56.9,14.1,12.1
2011,DLX,NOC,Comm,0.304,0.144,0.386,0.479,44.2,-8.6,4.9
2011,DMLP,CIC,Ener,0.242,0.865,0.814,0.304,28.0,-14.8,9.2
2011,DRH,NOC,Real,0.514,0.373,0.545,0.623,28.9,-10.6,10.9
2011,DXC,NOC,Tech,0.208,0.082,0.200,0.885,-7.1,-45.3,3.7
2011,DXCM,NOC,Heal,0.894,0.956,0.069,0.297,50.8,-23.3,6.1
2011,DY,CIC,Indu,0.255,0.195,0.144,0.166,105.2,32.4,14.9
2011,EBF,CIC,Indu,0.297,0.319,0.375,0.135,13.0,-22.7,8.5
2011,ECHO,NOC,Comm,0.333,0.650,0.133,0.712,74.3,-14.0,9.1
2011,EDU,NOC,Cons,0.678,0.277,0.816,0.993,35.3,-6.1,1.7
2011,EEFT,NOC,Tech,0.084,0.113,0.055,0.361,-0.5,-3.0,7.5
2011,EG,NOC,Fina,0.836,0.565,0.408,0.982,9.0,4.9,15.7
2011,EGY,CIC,Ener,0.596,0.867,0.876,0.071,73.8,1.7,13.7
2011,EMA,NOC,Util,0.328,0.182,0.745,0.905,36.2,5.6,15.8
2011,ENOV,NOC,Heal,0.024,0.397,0.683,0.137,83.3,61.0,9.1
2011,ENS,CIC,Indu,0.071,0.661,0.581,0.594,65.3,-9.5,6.1
2011,ENTG,NOC,Tech,0.922,0.933,0.694,0.408,107.0,12.3,6.5
2011,EPAC,CIC,Indu,0.519,0.486,0.457,0.645,27.5,9.8,20.4
2011,EPC,NOC,Cons,0.186,0.137,0.315,0.880,19.7,11.8,6.4
2011,EQIX,NOC,Real,0.197,0.180,0.845,0.914,-4.7,45.5,12.2
2011,EQT,CIC,Ener,0.785,0.443,0.725,0.889,5.3,9.0,5.9
2011,ESLT,CIC,Indu,0.082,0.255,0.361,0.690,-16.4,-32.7,8.6
2011,ESS,NOC,Real,0.271,0.062,0.608,0.856,50.7,23.1,7.1
2011,EVO,NOC,Heal,0.745,0.501,0.874,0.193,57.1,-10.5,13.4
2011,EVR,NOC,Fina,0.563,0.931,0.155,0.330,19.4,-15.6,5.6
2011,EVRG,NOC,Util,0.404,0.160,0.273,0.789,17.9,6.8,10.9
2011,EWBC,NOC,Fina,0.991,0.960,0.029,0.805,19.6,7.7,13.6
2011,EXK,CIC,Basi,0.885,0.953,0.756,0.184,184.1,-1.7,17.0
2011,EXP,CIC,Basi,0.488,0.656,0.171,0.468,24.3,2.1,6.6
2011,EXPE,CIC,Cons,0.177,0.175,0.632,0.874,20.8,31.0,9.3
2011,EXR,NOC,Real,0.282,0.009,0.652,0.570,58.5,40.7,14.2
2011,FAF,NOC,Fina,0.601,0.166,0.191,0.552,1.8,-0.1,11.1
2011,FCF,NOC,Fina,0.982,0.645,0.091,0.239,12.0,-14.5,3.6
2011,FCFS,NOC,Fina,0.377,0.448,0.754,0.375,44.2,12.2,5.4
2011,FCN,CIC,Indu,0.357,0.078,0.264,0.543,-9.8,30.2,13.3
2011,FCNCA,NOC,Fina,0.581,0.492,0.840,0.670,12.6,-16.6,9.3
2011,FFBC,NOC,Fina,0.940,0.947,0.011,0.373,-2.1,-1.6,4.7
2011,FHN,NOC,Fina,0.951,0.295,0.067,0.820,-7.9,-20.1,10.4
2011,FIBK,NOC,Fina,0.344,0.060,0.142,0.157,-12.7,2.1,5.7
2011,FICO,NOC,Tech,0.259,0.157,0.412,0.366,9.2,58.3,9.4
2011,FIX,CIC,Indu,0.293,0.377,0.483,0.118,7.1,-9.4,11.0
2011,FN,NOC,Tech,0.120,0.880,0.894,0.293,122.8,-24.2,7.4
2011,FNB,NOC,Fina,0.698,0.599,0.188,0.446,41.5,21.9,6.8
2011,FNF,NOC,Fina,0.809,0.545,0.399,0.643,5.6,29.1,10.3
2011,FOR,NOC,Real,0.925,0.559,0.073,0.211,3.0,-10.6,9.2
2011,FRO,CIC,Indu,0.851,0.707,0.146,0.652,-4.4,-78.5,2.3
2011,FSM,CIC,Basi,0.834,0.825,0.967,0.186,118.6,3.6,15.9
2011,FSS,CIC,Indu,0.091,0.288,0.016,0.016,-25.0,-17.5,15.1
2011,FTK,CIC,Ener,0.812,0.896,0.945,0.348,627.6,39.9,12.5
2011,FUL,CIC,Basi,0.286,0.315,0.266,0.364,-13.3,27.4,5.5
2011,FULT,NOC,Fina,0.743,0.623,0.344,0.674,10.9,-6.7,11.3
2011,FWRD,CIC,Indu,0.971,0.401,0.512,0.310,31.0,28.3,7.1
2011,GBCI,NOC,Fina,0.869,0.472,0.086,0.395,-1.9,-13.3,4.7
2011,GBX,CIC,Indu,0.541,0.517,0.397,0.086,104.8,13.0,3.4
2011,GEL,CIC,Ener,0.359,0.854,0.517,0.399,43.8,6.7,7.7
2011,GEO,CIC,Indu,0.253,0.370,0.601,0.590,24.2,-26.1,5.3
2011,GIII,CIC,Cons,0.466,0.417,0.765,0.224,37.2,-24.9,13.1
2011,GIL,CIC,Cons,0.614,0.590,0.865,0.894,40.7,-33.1,4.4
2011,GLNG,CIC,Ener,0.865,0.468,0.406,0.596,128.4,76.5,17.2
2011,GLRE,NOC,Fina,0.945,0.989,0.907,0.384,16.4,-10.9,9.0
2011,GME,CIC,Cons,0.284,0.047,0.277,0.831,2.6,13.6,17.6
2011,GNRC,CIC,Indu,0.483,0.191,0.390,0.271,28.8,69.9,11.6
2011,GNTX,CIC,Cons,0.641,0.858,0.778,0.971,78.4,-10.1,4.9
2011,GPK,CIC,Cons,0.290,0.663,0.211,0.565,39.1,9.2,11.1
2011,GPN,NOC,Fina,0.184,0.075,0.521,0.882,-11.8,5.0,2.2
2011,GPRE,CIC,Basi,0.275,0.756,0.905,0.067,-29.0,-1.5,7.9
2011,GRC,CIC,Indu,0.406,0.519,0.809,0.160,44.6,22.3,8.1
2011,GSAT,NOC,Comm,0.871,0.388,0.007,0.126,57.5,-62.6,3.5
2011,GT,CIC,Cons,0.557,0.488,0.257,0.838,0.0,-2.3,7.8
2011,HBM,CIC,Basi,0.860,0.969,0.752,0.738,26.6,-36.7,6.5
2011,HEI,CIC,Indu,0.231,0.381,0.765,0.608,46.2,37.6,14.2
2011,HELE,NOC,Cons,0.424,0.084,0.459,0.355,32.0,1.8,1.9
2011,HIMX,NOC,Tech,0.113,0.712,0.082,0.095,-10.8,-38.8,4.5
2011,HL,CIC,Basi,0.911,0.916,0.022,0.772,86.9,-50.3,5.2
2011,HLIO,CIC,Indu,0.765,0.887,0.900,0.202,45.7,17.9,14.2
2011,HLIT,NOC,Tech,0.550,0.639,0.836,0.319,45.8,-31.3,3.9
2011,HNI,CIC,Cons,0.330,0.490,0.330,0.532,29.5,-14.7,5.5
2011,HOPE,NOC,Fina,0.973,0.783,0.102,0.022,4.3,14.4,10.5
2011,HPP,NOC,Real,0.639,0.882,0.980,0.000,-18.8,8.5,14.5
2011,HTHT,CIC,Cons,0.794,0.155,0.625,0.379,29.0,-15.8,8.7
2011,HTLD,CIC,Indu,0.734,0.483,0.605,0.508,8.3,-9.1,5.7
2011,HUBG,CIC,Indu,0.029,0.539,0.404,0.497,45.4,-7.6,5.0
2011,HUN,CIC,Basi,0.477,0.596,0.368,0.951,42.2,-30.6,4.3
2011,HURN,CIC,Indu,0.392,0.435,0.335,0.171,29.0,29.6,13.4
2011,HWC,NOC,Fina,0.659,0.581,0.157,0.461,-25.8,3.0,5.6
2011,HWKN,CIC,Basi,0.512,0.561,0.501,0.106,123.1,-11.6,6.1
2011,IART,NOC,Heal,0.042,0.002,0.353,0.510,20.9,-37.8,6.4
2011,IBOC,NOC,Fina,0.625,0.106,0.466,0.475,-11.1,-0.4,9.6
2011,ICFI,CIC,Indu,0.162,0.222,0.317,0.080,-10.4,20.3,14.1
2011,ICUI,NOC,Heal,0.415,0.333,0.576,0.146,13.6,19.1,8.7
2011,IEP,CIC,Ener,0.820,0.978,0.741,0.860,-16.1,7.9,12.6
2011,IFF,CIC,Basi,0.142,0.217,0.392,0.947,33.4,2.7,7.3
2011,IMAX,NOC,Comm,0.787,0.798,0.588,0.612,70.3,-11.3,9.1
2011,INDB,NOC,Fina,0.608,0.696,0.528,0.155,4.6,-2.0,11.1
2011,INN,NOC,Real,0.874,0.055,0.235,0.455,3.2,0.0,10.3
2011,IOSP,CIC,Basi,0.153,0.308,0.310,0.217,161.2,12.5,7.7
2011,IPGP,NOC,Tech,0.827,0.845,0.965,0.763,267.1,-6.4,7.8
2011,IRS,NOC,Real,0.716,0.701,0.710,0.335,369.3,-28.3,4.8
2011,IT,CIC,Indu,0.111,0.355,0.579,0.869,73.7,7.0,7.5
2011,ITRI,NOC,Tech,0.175,0.612,0.643,0.734,1.9,-35.9,4.4
2011,JBTM,CIC,Indu,0.149,0.395,0.570,0.151,9.6,-15.8,12.6
2011,JHX,CIC,Basi,0.576,0.328,0.428,0.754,-10.7,35.1,16.6
2011,JOE,NOC,Real,0.956,0.747,0.222,0.705,-11.8,-36.1,7.1
2011,KBH,CIC,Cons,0.703,0.532,0.042,0.430,-3.0,-35.4,4.8
2011,KDP,NOC,Cons,0.137,0.035,0.441,0.477,13.9,8.1,7.4
2011,KEX,CIC,Indu,0.273,0.330,0.557,0.710,23.2,52.5,10.5
2011,KFRC,CIC,Indu,0.038,0.268,0.370,0.286,34.6,-28.6,4.6
2011,KFY,CIC,Indu,1.000,0.814,0.663,0.370,19.2,-26.4,7.6
2011,KLIC,NOC,Tech,0.676,0.998,0.583,0.255,80.2,8.9,6.1
2011,KNX,CIC,Indu,0.501,0.384,0.481,0.412,-1.5,-15.4,4.1
2011,KRG,NOC,Real,0.927,0.169,0.271,0.011,36.2,1.3,5.3
2011,KRNY,NOC,Fina,0.554,0.286,0.177,0.175,-10.3,8.7,6.5
2011,KWR,CIC,Basi,0.437,0.643,0.302,0.064,70.8,1.1,10.2
2011,LAD,CIC,Cons,0.078,0.690,0.208,0.040,118.1,74.0,19.3
2011,LBTYK,NOC,Comm,0.104,0.818,0.120,0.836,50.9,16.6,12.4
2011,LCII,CIC,Cons,0.674,0.874,0.186,0.140,11.2,13.7,7.2
2011,LDOS,NOC,Tech,0.047,0.038,0.237,0.911,-10.6,-21.6,13.2
2011,LEU,CIC,Ener,0.450,0.836,0.734,0.220,6.7,-76.7,3.3
2011,LFUS,NOC,Tech,0.769,0.807,0.550,0.421,64.2,2.3,6.6
2011,LINC,NOC,Cons,0.348,0.452,0.594,0.020,-33.8,-50.0,4.2
2011,LKQ,CIC,Cons,0.202,0.177,0.603,0.851,25.7,35.4,13.8
2011,LNG,CIC,Ener,0.634,0.831,0.479,0.144,165.1,114.2,25.4
2011,LNN,CIC,Indu,0.381,0.725,0.820,0.368,91.2,-15.7,13.4
2011,LOPE,NOC,Cons,0.796,0.359,0.698,0.273,-19.5,6.4,10.7
2011,LQDT,CIC,Cons,0.430,0.461,0.488,0.093,52.5,108.9,12.0
2011,LRN,NOC,Cons,0.528,0.135,0.789,0.350,61.5,-19.1,5.3
2011,LSCC,NOC,Tech,0.594,0.785,0.798,0.246,123.2,12.5,6.1
2011,LXU,CIC,Basi,0.448,0.687,0.880,0.262,112.7,11.9,10.1
2011,LYV,NOC,Comm,0.710,0.630,0.727,0.621,-15.5,-0.8,8.7
2011,LZB,CIC,Cons,0.268,0.257,0.135,0.073,-28.9,69.2,13.2
2011,MATV,CIC,Basi,0.355,0.091,0.217,0.377,-14.6,16.0,6.8
2011,MATX,CIC,Indu,0.499,0.579,0.616,0.339,26.0,13.4,9.8
2011,MCS,NOC,Comm,0.426,0.140,0.078,0.004,-13.3,18.6,21.7
2011,MEI,NOC,Tech,0.672,0.530,0.324,0.104,9.0,-27.2,6.9
2011,MELI,CIC,Cons,0.031,0.326,0.863,0.794,63.8,45.7,15.6
2011,MEOH,CIC,Basi,0.627,0.909,0.825,0.774,28.4,-8.6,4.4
2011,MGRC,CIC,Indu,0.397,0.304,0.776,0.177,7.0,28.5,16.2
2011,MIDD,CIC,Indu,0.089,0.404,0.807,0.483,80.6,8.0,12.7
2011,MKL,NOC,Fina,0.792,0.603,0.364,0.900,22.5,0.3,5.9
2011,MKSI,NOC,Tech,0.880,0.967,0.885,0.528,68.5,1.5,6.0
2011,MLCO,CIC,Cons,0.776,0.949,0.936,0.798,71.9,69.4,14.7
2011,MLI,CIC,Indu,0.140,0.820,0.523,0.197,35.3,39.7,11.2
2011,MLKN,CIC,Cons,0.013,0.592,0.623,0.512,25.6,-13.2,16.8
2011,MLM,CIC,Basi,0.758,0.375,0.432,0.920,19.4,-5.6,6.1
2011,MOD,CIC,Indu,0.315,0.951,0.401,0.275,64.6,-33.2,4.5
2011,MOH,NOC,Heal,0.193,0.049,0.284,0.388,59.5,48.3,10.4
2011,MORN,NOC,Fina,0.224,0.290,0.729,0.796,31.1,4.8,7.2
2011,MOV,CIC,Cons,0.858,0.455,0.071,0.062,51.2,32.5,20.9
2011,MRCY,CIC,Indu,0.308,0.441,0.639,0.069,42.9,-16.3,4.6
2011,MSCI,NOC,Fina,0.532,0.654,0.962,0.938,35.4,-14.4,-0.2
2011,MTH,CIC,Cons,0.663,0.576,0.047,0.264,8.9,16.7,6.7
2011,MTRN,CIC,Basi,0.428,0.900,0.889,0.317,106.9,-23.9,8.5
2011,MTX,CIC,Basi,0.395,0.510,0.180,0.432,35.1,2.8,6.7
2011,MTZ,CIC,Indu,0.133,0.459,0.818,0.457,18.7,11.5,14.0
2011,MWA,CIC,Indu,0.401,0.282,0.093,0.226,-5.8,-36.5,3.6
2011,MXL,NOC,Tech,0.412,0.796,0.126,0.033,-39.3,-45.2,4.4
2011,MYE,CIC,Cons,0.486,0.341,0.031,0.024,4.1,32.4,8.3
2011,MYRG,CIC,Indu,0.157,0.206,0.113,0.100,35.8,-15.1,8.2
2011,NAT,CIC,Indu,0.953,0.809,0.002,0.419,-14.3,-42.9,6.0
2011,NDAQ,NOC,Fina,0.525,0.279,0.384,0.965,46.8,-6.7,5.5
2011,NEOG,NOC,Heal,0.353,0.153,0.761,0.359,80.8,-22.5,-0.2
2011,NICE,NOC,Tech,0.155,0.346,0.506,0.692,12.7,4.8,7.8
2011,NJR,NOC,Util,0.772,0.763,0.435,0.588,15.7,18.2,9.6
2011,NMM,CIC,Indu,0.579,0.494,0.953,0.290,13.1,-17.6,5.4
2011,NNI,NOC,Fina,0.891,0.778,0.951,0.381,21.5,18.8,10.7
2011,NPK,CIC,Indu,0.432,0.379,0.341,0.315,2.1,-36.9,9.0
2011,NPO,CIC,Indu,0.599,0.667,0.785,0.324,65.2,-9.0,5.2
2011,NRG,NOC,Util,0.843,0.652,0.104,0.998,-10.3,-11.9,9.7
2011,NTCT,NOC,Tech,0.073,0.242,0.563,0.353,54.7,-23.9,4.3
2011,NX,CIC,Basi,0.559,0.812,0.149,0.237,21.8,-13.1,10.7
2011,OGE,NOC,Util,0.692,0.765,0.322,0.958,26.3,11.2,6.9
2011,OII,CIC,Ener,0.135,0.164,0.497,0.949,45.4,33.2,9.1
2011,OIS,CIC,Ener,0.169,0.714,0.710,0.703,90.8,9.8,6.8
2011,OLN,CIC,Basi,0.530,0.310,0.206,0.541,16.2,16.6,8.5
2011,OMAB,CIC,Indu,0.984,0.364,0.202,0.242,10.2,12.4,9.9
2011,OMCL,NOC,Heal,0.463,0.235,0.195,0.091,12.8,18.8,6.4
2011,ON,NOC,Tech,0.696,0.627,0.627,0.991,42.1,-17.9,6.7
2011,ONB,NOC,Fina,0.727,0.428,0.339,0.346,-9.4,12.7,8.2
2011,ONTO,NOC,Tech,0.905,0.996,0.949,0.075,75.0,12.4,7.4
2011,OPI,NOC,Real,0.816,0.698,0.956,0.386,9.2,-10.2,9.5
2011,OPK,NOC,Heal,0.916,0.993,0.927,0.344,78.4,39.0,25.8
2011,OSIS,NOC,Tech,0.295,0.299,0.379,0.251,32.0,42.6,7.8
2011,OSK,CIC,Indu,0.539,0.918,0.051,0.854,1.7,-33.2,5.2
2011,OSPN,NOC,Tech,0.126,0.528,0.503,0.029,18.5,3.0,6.4
2011,OTEX,NOC,Tech,0.122,0.122,0.534,0.792,25.2,-0.2,5.9
2011,OXM,CIC,Cons,0.687,0.224,0.080,0.058,6.4,101.5,32.6
2011,OZK,NOC,Fina,0.887,0.732,0.703,0.248,28.2,45.7,4.3
2011,PAAS,CIC,Basi,0.867,0.942,0.882,0.902,60.1,-31.1,5.2
2011,PAC,CIC,Indu,0.630,0.789,0.878,0.667,8.4,3.0,11.4
2011,PB,NOC,Fina,0.723,0.450,0.732,0.627,-1.8,2.9,7.2
2011,PBA,CIC,Ener,0.854,0.878,0.829,0.918,18.1,22.7,18.8
2011,PBH,NOC,Heal,0.346,0.200,0.636,0.153,48.6,20.9,8.8
2011,PDM,NOC,Real,0.408,0.018,0.574,0.845,27.3,-6.7,6.6
2011,PDS,CIC,Ener,0.583,0.543,0.743,0.787,28.7,8.1,7.7
2011,PFS,NOC,Fina,0.645,0.335,0.111,0.295,27.9,-4.3,7.1
2011,PII,CIC,Cons,0.206,0.594,0.723,0.743,67.8,65.2,6.9
2011,PKE,CIC,Indu,0.585,0.716,0.410,0.215,6.4,-10.9,10.4
2011,PKG,CIC,Cons,0.537,0.317,0.619,0.785,34.1,-7.1,5.2
2011,PLXS,NOC,Tech,0.018,0.632,0.654,0.463,5.8,6.6,4.0
2011,PNFP,NOC,Fina,0.967,0.678,0.805,0.115,1.2,8.8,1.9
2011,PNR,CIC,Indu,0.248,0.470,0.348,0.718,20.2,-0.6,5.6
2011,PODD,NOC,Heal,0.902,0.550,0.164,0.288,30.9,8.5,6.9
2011,POOL,CIC,Indu,0.040,0.211,0.124,0.466,26.3,31.9,8.2
2011,POWI,NOC,Tech,0.188,0.749,0.492,0.390,14.5,-1.5,6.4
2011,POWL,CIC,Indu,0.481,0.186,0.106,0.084,27.0,-3.2,7.7
2011,PPC,NOC,Cons,0.302,0.284,0.299,0.592,-7.3,-31.3,5.6
2011,PPLI,NOC,Comm,0.452,0.419,0.514,0.142,36.5,49.6,18.2
2011,PRDO,NOC,Cons,0.647,0.171,0.259,0.603,2.0,-48.9,4.1
2011,PRIM,CIC,Indu,0.517,0.965,0.998,0.078,3.6,76.6,28.1
2011,PRMB,NOC,Cons,0.251,0.503,0.787,0.424,59.0,-84.2,2.4
2011,PTEN,CIC,Ener,0.616,0.987,1.000,0.891,50.6,-24.2,4.9
2011,PVH,CIC,Cons,0.732,0.898,0.971,0.942,8.6,51.0,25.7
2011,PWR,CIC,Indu,0.264,0.570,0.333,0.980,17.5,-3.7,10.7
2011,QDEL,NOC,Heal,0.814,0.911,0.018,0.027,-4.0,15.0,13.9
2011,QGEN,NOC,Heal,0.020,0.142,0.313,0.960,-5.1,-23.5,13.1
2011,QNST,NOC,Comm,0.370,0.029,0.674,0.410,47.1,-58.4,2.5
2011,QUAD,CIC,Indu,0.455,0.962,0.991,0.659,-13.1,-68.7,2.7
2011,RBA,CIC,Indu,0.195,0.146,0.253,0.767,19.8,-1.2,11.1
2011,RBC,CIC,Indu,0.211,0.605,0.650,0.545,50.6,-7.5,6.1
2011,REG,NOC,Real,0.217,0.124,0.692,0.969,28.5,-4.5,5.6
2011,RES,CIC,Ener,0.783,0.927,0.982,0.723,102.0,2.6,4.9
2011,RGA,NOC,Fina,0.479,0.368,0.559,0.931,17.2,-2.5,7.1
2011,RGLD,CIC,Basi,0.441,0.823,0.960,0.761,16.1,59.0,10.3
2011,RHI,CIC,Indu,0.129,0.614,0.388,0.978,25.5,-10.2,5.4
2011,RHP,NOC,Real,0.805,0.231,0.040,0.601,85.3,-19.8,5.2
2011,RNR,NOC,Fina,0.847,0.925,0.049,0.876,28.5,11.6,7.2
2011,ROG,NOC,Tech,0.729,0.692,0.530,0.228,68.3,-5.7,5.9
2011,RRX,CIC,Indu,0.390,0.552,0.508,0.756,36.7,-9.2,7.5
2011,RS,CIC,Basi,0.510,0.729,0.568,0.940,32.4,-9.9,5.6
2011,RUSHA,CIC,Cons,0.180,0.723,0.851,0.133,84.7,13.5,8.2
2011,RVTY,NOC,Heal,0.049,0.344,0.193,0.825,9.9,5.3,15.8
2011,RYN,NOC,Real,0.439,0.322,0.290,0.863,33.8,20.1,6.6
2011,SAH,CIC,Cons,0.075,0.840,0.122,0.268,51.8,12.5,12.3
2011,SAM,NOC,Cons,0.534,0.067,0.475,0.486,81.7,6.6,10.4
2011,SANM,NOC,Tech,0.060,0.647,0.304,0.426,14.4,-27.8,2.8
2011,SB,CIC,Indu,0.341,0.410,0.958,0.162,8.9,-17.7,6.7
2011,SBAC,NOC,Real,0.016,0.080,0.470,0.984,19.8,10.2,11.2
2011,SBGI,NOC,Comm,0.774,0.430,0.849,0.333,90.5,13.2,7.7
2011,SBSI,NOC,Fina,0.257,0.676,0.169,0.031,17.7,6.3,15.5
2011,SEIC,NOC,Fina,0.938,0.213,0.175,0.936,25.3,-19.9,3.8
2011,SFNC,NOC,Fina,0.603,0.572,0.933,0.120,6.2,-12.3,8.8
2011,SGI,CIC,Cons,0.749,0.902,0.976,0.639,367.7,60.6,13.4
2011,SHEN,NOC,Comm,0.552,0.386,0.827,0.038,-15.9,-38.0,7.0
2011,SHO,NOC,Real,0.896,0.302,0.044,0.450,19.3,-11.7,6.4
2011,SHOO,CIC,Cons,0.421,0.324,0.772,0.441,54.0,50.3,15.2
2011,SIG,CIC,Cons,0.619,0.126,0.417,0.898,58.0,13.7,16.6
2011,SKT,NOC,Real,0.222,0.100,0.672,0.683,27.3,10.6,10.6
2011,SLAB,NOC,Tech,0.386,0.557,0.129,0.654,-1.9,6.5,5.1
2011,SLM,NOC,Fina,0.962,0.616,0.758,0.749,15.5,-1.2,3.7
2011,SMCI,NOC,Tech,0.044,0.738,0.687,0.149,12.1,31.5,7.2
2011,SMG,CIC,Basi,0.800,0.357,0.004,0.843,26.3,-4.5,9.7
2011,SMTC,NOC,Tech,0.457,0.794,0.847,0.501,29.7,22.6,12.6
2011,SNPS,NOC,Tech,0.164,0.098,0.448,0.953,31.3,4.7,7.8
2011,SNX,NOC,Tech,0.000,0.133,0.308,0.173,5.1,-6.5,2.4
2011,SPH,NOC,Util,0.845,0.541,0.472,0.661,26.8,-24.4,4.9
2011,SR,NOC,Util,0.936,0.499,0.137,0.328,22.2,3.8,5.6
2011,SRCE,NOC,Fina,0.752,0.149,0.532,0.098,26.0,33.8,10.0
2011,SSB,NOC,Fina,0.856,0.259,0.486,0.051,0.5,1.9,7.6
2011,SSD,CIC,Basi,0.778,0.350,0.084,0.517,18.1,13.3,7.4
2011,SSNC,NOC,Tech,0.035,0.193,0.749,0.523,24.9,-7.1,6.7
2011,SSYS,NOC,Tech,0.588,0.554,0.763,0.308,41.7,-1.2,6.5
2011,STE,NOC,Heal,0.898,0.271,0.233,0.663,15.2,-10.0,5.8
2011,STLD,CIC,Basi,0.561,0.914,0.612,0.909,13.6,-15.2,4.7
2011,STN,CIC,Indu,0.829,0.466,0.053,0.481,14.9,11.4,11.4
2011,STRA,NOC,Cons,0.191,0.051,0.796,0.583,-35.0,-13.3,5.4
2011,STZ,NOC,Cons,0.543,0.109,0.286,0.967,24.2,3.0,2.2
2011,SUI,NOC,Real,0.102,0.011,0.490,0.200,51.4,21.9,12.4
2011,SUZ,CIC,Basi,0.736,0.162,0.661,0.976,-10.3,-61.6,3.1
2011,SYNA,NOC,Tech,0.002,0.412,0.792,0.406,5.1,6.9,7.7
2011,TAC,NOC,Util,0.523,0.457,0.667,0.962,-4.9,0.5,12.5
2011,TDG,CIC,Indu,0.288,0.208,0.685,0.933,69.0,32.7,9.3
2011,TDY,NOC,Tech,0.118,0.244,0.062,0.605,25.5,18.7,6.4
2011,TEN,CIC,Ener,0.182,0.670,0.446,0.812,-34.4,-33.6,10.3
2011,TER,NOC,Tech,0.900,0.958,0.681,0.840,42.6,11.4,5.3
2011,TFII,CIC,Indu,0.064,0.876,0.599,0.448,53.9,36.3,16.5
2011,TFSL,NOC,Fina,0.889,0.641,0.073,0.809,-20.2,-10.6,3.8
2011,THC,NOC,Heal,0.055,0.016,0.220,0.907,40.3,-20.1,8.0
2011,THO,CIC,Cons,0.279,0.834,0.439,0.610,-10.9,-3.6,11.9
2011,TK,CIC,Ener,0.803,0.446,0.162,0.729,45.9,-21.5,8.1
2011,TKR,CIC,Indu,0.592,0.780,0.780,0.849,103.4,-1.6,5.3
2011,TMUS,NOC,Comm,0.410,0.104,0.630,0.989,108.8,-24.0,7.8
2011,TNK,CIC,Indu,0.670,0.745,0.925,0.164,3.0,-44.7,8.9
2011,TOWN,NOC,Fina,0.590,0.246,0.539,0.082,39.9,-10.6,6.6
2011,TPC,CIC,Indu,0.319,0.537,0.033,0.415,11.1,-33.6,7.8
2011,TREX,CIC,Indu,0.721,0.803,0.783,0.124,49.8,-11.7,8.5
2011,TRMK,NOC,Fina,0.707,0.262,0.244,0.563,10.2,1.0,5.5
2011,TRN,CIC,Indu,0.417,0.610,0.705,0.599,80.8,9.0,7.5
2011,TRST,NOC,Fina,0.443,0.767,0.774,0.089,-4.6,-3.7,4.7
2011,TSCO,CIC,Cons,0.095,0.086,0.525,0.878,86.2,66.3,10.2
2011,TSLA,CIC,Cons,0.878,0.847,0.020,0.676,-4.4,45.4,10.8
2011,TTEK,CIC,Indu,0.009,0.264,0.355,0.534,-3.4,-4.6,5.6
2011,TTMI,NOC,Tech,0.435,0.940,0.989,0.519,85.6,-26.1,4.8
2011,TTWO,NOC,Tech,0.798,0.984,0.248,0.494,76.2,8.4,5.3
2011,TYL,NOC,Tech,0.058,0.118,0.255,0.235,5.6,76.5,19.6
2011,UAA,CIC,Cons,0.470,0.184,0.769,0.827,127.8,29.6,7.0
2011,UBSI,NOC,Fina,0.876,0.293,0.461,0.470,22.3,-1.0,6.4
2011,UCTT,NOC,Tech,0.160,0.971,0.887,0.002,54.2,-41.1,3.7
2011,UFPI,CIC,Basi,0.244,0.508,0.239,0.266,17.4,-15.4,7.1
2011,UGI,NOC,Util,0.237,0.353,0.452,0.887,33.6,-15.1,4.1
2011,UHS,NOC,Heal,0.960,0.115,0.561,0.956,47.4,-3.9,9.3
2011,ULTA,CIC,Cons,0.335,0.042,0.572,0.752,95.5,108.8,25.8
2011,UMBF,NOC,Fina,0.306,0.071,0.543,0.581,2.5,-2.4,4.8
2011,UNFI,NOC,Cons,0.007,0.220,0.510,0.687,61.8,3.7,9.6
2011,UPBD,NOC,Tech,0.993,0.007,0.224,0.630,48.2,25.7,9.2
2011,URI,CIC,Indu,0.632,0.922,0.282,0.579,231.3,23.4,5.4
2011,UTI,NOC,Cons,0.492,0.129,0.537,0.102,0.4,-25.3,4.9
2011,VECO,NOC,Tech,0.756,0.982,0.973,0.634,45.4,-39.8,4.3
2011,VET,CIC,Ener,0.636,0.787,0.714,0.973,43.8,-7.0,10.2
2011,VIAV,NOC,Tech,0.361,0.683,0.736,0.707,114.2,-29.2,4.1
2011,VLY,NOC,Fina,0.568,0.665,0.665,0.696,-1.1,-1.9,5.3
2011,VMI,CIC,Indu,0.368,0.563,0.860,0.736,37.4,12.9,7.5
2011,VSAT,NOC,Tech,0.326,0.253,0.554,0.641,71.5,10.4,7.2
2011,VSH,NOC,Tech,0.754,0.776,0.590,0.818,115.2,-26.1,4.7
2011,WAB,CIC,Indu,0.124,0.297,0.430,0.758,43.1,28.0,12.9
2011,WABC,NOC,Fina,0.789,0.929,0.996,0.525,-6.0,-6.9,9.1
2011,WAL,NOC,Fina,0.969,0.860,0.058,0.169,24.0,2.4,4.6
2011,WBS,NOC,Fina,0.958,0.525,0.614,0.685,42.9,-1.4,10.7
2011,WCC,CIC,Indu,0.011,0.477,0.415,0.769,91.1,9.2,5.9
2011,WCN,CIC,Indu,0.109,0.064,0.552,0.834,41.4,10.6,7.1
2011,WEN,CIC,Cons,0.235,0.976,0.109,0.636,0.7,9.7,12.9
2011,WEX,NOC,Tech,0.996,0.588,0.902,0.656,86.7,13.3,7.5
2011,WLK,CIC,Basi,0.683,0.827,0.721,0.800,135.3,25.3,12.6
2011,WLYB,NOC,Comm,0.053,0.120,0.381,0.814,20.9,-6.1,12.3
2011,WOR,CIC,Indu,0.506,0.805,0.596,0.322,13.7,-7.1,2.3
2011,WRB,NOC,Fina,0.690,0.366,0.366,0.780,18.7,20.2,6.9
2011,WSBC,NOC,Fina,0.652,0.275,0.297,0.113,37.6,17.6,5.8
2011,WSFS,NOC,Fina,0.718,0.392,0.184,0.018,7.8,-6.4,17.4
2011,WSO,CIC,Indu,0.069,0.856,0.377,0.665,8.6,15.5,8.6
2011,WST,NOC,Heal,0.115,0.233,0.115,0.530,5.2,0.4,6.3
2011,WTFC,NOC,Fina,0.661,0.889,0.920,0.503,-9.9,-5.4,3.6
2011,WTM,NOC,Fina,0.849,0.936,0.060,0.776,10.7,30.7,8.2
2011,WWW,CIC,Cons,0.204,0.361,0.592,0.576,38.3,9.6,6.1
2011,ZBRA,NOC,Tech,0.313,0.514,0.541,0.681,37.0,3.1,7.4
2012,AAL,CIC,Indu,0.825,0.052,0.096,0.431,-11.4,61.0,9.3
2012,AAT,NOC,Real,0.738,0.510,0.944,0.446,-0.6,35.3,8.4
2012,ABG,CIC,Cons,0.023,0.473,0.702,0.308,36.5,36.2,9.1
2012,ADTN,NOC,Tech,0.204,0.277,0.592,0.650,-21.0,-33.8,8.2
2012,AEIS,NOC,Tech,0.619,0.960,0.033,0.081,-29.5,40.5,15.0
2012,AG,CIC,Basi,0.923,0.898,0.952,0.677,26.7,-10.5,2.9
2012,AGI,CIC,Basi,0.621,0.981,0.904,0.721,24.1,-34.4,3.4
2012,AJG,NOC,Fina,0.577,0.406,0.685,0.906,11.3,7.0,10.6
2012,ALGN,NOC,Heal,0.448,0.440,0.863,0.663,23.7,13.4,11.3
2012,ALGT,CIC,Indu,0.690,0.038,0.600,0.390,20.9,35.9,12.4
2012,ALK,CIC,Indu,0.938,0.017,0.452,0.754,18.9,28.3,14.0
2012,ALKS,NOC,Heal,0.581,0.944,0.992,0.729,48.7,15.4,10.0
2012,ALV,CIC,Cons,0.110,0.738,0.423,0.958,-15.5,2.8,7.0
2012,AMD,NOC,Tech,0.194,0.542,0.200,0.990,-18.6,-62.3,4.2
2012,AMRC,CIC,Indu,0.117,0.585,0.285,0.194,-3.1,-45.7,3.3
2012,ANDE,NOC,Cons,0.238,0.656,0.342,0.290,8.9,6.4,7.9
2012,ANGO,NOC,Heal,0.058,0.160,0.363,0.025,-4.9,-21.9,11.1
2012,APEI,NOC,Cons,0.302,0.133,0.871,0.240,17.8,-6.9,3.5
2012,ARLP,CIC,Ener,0.319,0.400,0.631,0.779,14.3,-18.6,8.2
2012,AROC,CIC,Ener,0.600,0.413,0.365,0.117,-35.1,59.4,6.2
2012,ARR,NOC,Real,0.792,0.998,1.000,0.981,-5.7,-8.0,4.0
2012,ASR,CIC,Indu,0.929,0.696,0.744,0.660,27.8,85.2,9.4
2012,ATO,NOC,Util,0.669,0.435,0.238,0.794,-1.9,14.2,9.0
2012,AVAV,CIC,Indu,0.721,0.704,0.117,0.156,-5.3,-19.4,4.9
2012,AVNT,CIC,Basi,0.225,0.456,0.129,0.475,10.4,55.5,8.6
2012,AZTA,NOC,Heal,0.550,0.992,0.029,0.227,-8.9,-16.4,5.1
2012,AZZ,CIC,Indu,0.246,0.665,0.594,0.140,17.6,76.8,23.2
2012,BANC,NOC,Fina,0.996,0.763,0.013,0.050,-19.3,-11.9,0.6
2012,BC,CIC,Cons,0.548,0.379,0.213,0.631,2.8,56.8,17.1
2012,BCPC,CIC,Basi,0.156,0.206,0.442,0.317,-19.4,29.1,6.0
2012,BDC,NOC,Tech,0.219,0.344,0.596,0.619,2.1,24.6,8.0
2012,BDN,NOC,Real,0.127,0.077,0.375,0.538,-6.8,14.2,8.5
2012,BIP,NOC,Util,0.800,0.806,0.140,0.890,36.7,19.8,5.1
2012,BJRI,CIC,Cons,0.892,0.073,0.700,0.540,39.1,-38.4,3.8
2012,BKD,NOC,Heal,0.525,0.094,0.498,0.702,-18.7,43.6,9.2
2012,BKH,NOC,Util,0.931,0.242,0.379,0.521,8.5,19.5,10.4
2012,BLX,NOC,Fina,0.956,0.931,0.867,0.281,26.7,10.1,4.5
2012,BMRN,NOC,Heal,0.296,0.194,0.056,0.950,33.3,46.3,7.8
2012,BUSE,NOC,Fina,0.883,0.231,0.404,0.079,12.2,-13.3,9.6
2012,BYD,CIC,Cons,0.027,0.971,0.402,0.248,-13.1,-25.0,4.2
2012,CACI,NOC,Tech,0.840,0.010,0.454,0.548,6.2,-4.9,8.7
2012,CAKE,CIC,Cons,0.998,0.060,0.488,0.590,4.0,5.5,7.2
2012,CALM,NOC,Cons,0.623,0.340,0.475,0.331,31.4,8.0,1.4
2012,CALX,NOC,Tech,0.719,0.627,0.104,0.108,-31.0,-24.9,4.5
2012,CAR,CIC,Indu,0.898,0.367,0.583,0.531,-6.8,59.3,11.7
2012,CASY,CIC,Cons,0.200,0.288,0.390,0.640,26.1,12.4,7.5
2012,CATY,NOC,Fina,0.952,0.769,0.898,0.460,1.0,19.1,4.3
2012,CBRL,CIC,Cons,0.396,0.002,0.296,0.477,16.0,15.7,4.7
2012,CBT,CIC,Basi,0.633,0.658,0.256,0.725,-9.3,14.7,10.5
2012,CCOI,NOC,Comm,0.175,0.021,0.571,0.269,20.3,43.7,8.3
2012,CCU,NOC,Cons,0.485,0.606,0.890,0.971,29.6,15.0,8.1
2012,CDE,CIC,Basi,0.935,0.917,0.781,0.752,-7.0,-35.9,3.3
2012,CFFN,NOC,Fina,0.513,0.285,0.754,0.621,-3.0,2.1,10.2
2012,CGNX,NOC,Tech,0.310,0.815,0.519,0.606,23.3,-3.2,7.2
2012,CHDN,CIC,Cons,0.896,0.848,0.071,0.325,30.7,24.7,2.8
2012,CHE,NOC,Heal,0.050,0.006,0.394,0.398,-7.9,30.3,8.7
2012,CHEF,NOC,Cons,0.008,0.067,0.677,0.073,21.6,-18.5,4.4
2012,CHH,CIC,Cons,0.094,0.131,0.606,0.683,-7.2,-0.3,6.4
2012,CIB,NOC,Fina,0.823,0.788,0.842,0.821,11.3,-3.0,1.1
2012,CIEN,NOC,Tech,0.331,0.938,0.065,0.485,-46.1,6.6,6.9
2012,CIGI,NOC,Real,0.423,0.088,0.300,0.190,1.5,3.1,7.6
2012,CLH,CIC,Indu,0.348,0.856,0.535,0.875,46.3,-27.6,5.2
2012,CLMT,CIC,Basi,0.385,0.604,0.927,0.333,-3.7,58.4,11.6
2012,CLS,NOC,Tech,0.002,0.294,0.123,0.565,-23.2,12.5,11.5
2012,CMC,CIC,Basi,0.231,0.540,0.340,0.592,-14.5,3.7,13.7
2012,CMP,CIC,Basi,0.596,0.467,0.206,0.715,-22.8,-0.3,7.9
2012,CMRE,CIC,Indu,0.356,0.404,0.875,0.196,-10.7,5.8,9.7
2012,CNC,NOC,Heal,0.727,0.240,0.615,0.710,56.7,-7.1,6.1
2012,CNK,NOC,Comm,0.967,0.313,0.319,0.704,4.9,41.4,10.2
2012,CNS,NOC,Fina,0.444,0.640,0.833,0.492,9.4,1.5,10.2
2012,CODI,CIC,Indu,0.731,0.481,0.658,0.204,-4.3,9.3,7.4
2012,COLB,NOC,Fina,0.902,0.156,0.638,0.713,3.4,-4.9,9.8
2012,COO,NOC,Heal,0.494,0.090,0.602,0.896,24.0,33.8,7.4
2012,CPA,CIC,Indu,0.773,0.385,0.800,0.800,21.5,59.5,11.8
2012,CPK,NOC,Util,0.585,0.892,0.183,0.044,0.0,16.3,7.6
2012,CPS,CIC,Cons,0.210,0.500,0.435,0.271,-4.8,-14.6,2.8
2012,CRI,CIC,Cons,0.663,0.535,0.621,0.777,76.2,21.3,3.9
2012,CRK,CIC,Ener,0.608,0.804,0.273,0.142,-54.1,14.0,10.1
2012,CRL,NOC,Heal,0.242,0.138,0.492,0.550,-7.8,20.6,8.3
2012,CROX,CIC,Cons,0.604,0.235,0.381,0.600,12.9,-28.0,4.8
2012,CRS,CIC,Basi,0.540,0.565,0.525,0.735,30.5,-6.1,9.5
2012,CRUS,NOC,Tech,0.460,0.846,0.815,0.517,3.7,35.7,14.8
2012,CSGP,NOC,Real,0.371,0.023,0.533,0.508,-0.7,65.0,8.0
2012,CSL,CIC,Basi,0.031,0.352,0.635,0.796,12.8,35.4,12.3
2012,CUBE,NOC,Real,0.325,0.292,0.729,0.502,19.8,23.4,6.3
2012,CUZ,NOC,Real,0.492,0.675,0.067,0.115,-15.3,23.3,7.5
2012,CVBF,NOC,Fina,0.900,0.713,0.565,0.417,29.0,-1.6,10.5
2012,CVCO,CIC,Cons,0.713,0.975,0.994,0.023,37.9,-3.9,6.5
2012,CVI,CIC,Ener,0.746,0.552,0.110,0.665,56.7,98.8,14.2
2012,CVLT,NOC,Tech,0.054,0.302,0.679,0.708,58.5,38.2,12.6
2012,CW,CIC,Indu,0.088,0.033,0.425,0.588,4.5,-1.2,7.0
2012,CYD,CIC,Indu,0.748,0.498,0.233,0.154,-45.8,-5.6,-0.2
2012,DAC,CIC,Indu,0.427,0.350,0.919,0.071,-14.3,-3.9,6.2
2012,DAKT,NOC,Tech,0.279,0.638,0.517,0.052,-17.2,26.0,7.7
2012,DAR,NOC,Cons,0.454,0.956,0.963,0.623,14.2,3.6,3.4
2012,DCH,CIC,Cons,0.123,0.852,0.288,0.346,-12.6,-6.6,7.3
2012,DCOM,NOC,Fina,0.654,0.742,0.950,0.231,-6.7,-1.6,3.4
2012,DDD,NOC,Tech,0.248,0.263,0.823,0.425,-5.6,144.3,12.4
2012,DDS,CIC,Cons,0.388,0.025,0.275,0.792,43.0,46.8,7.4
2012,DECK,CIC,Cons,0.625,0.423,0.915,0.860,0.5,-55.3,2.3
2012,DHC,NOC,Real,0.808,0.494,0.948,0.863,-3.9,12.4,7.2
2012,DHI,CIC,Cons,0.202,0.771,0.433,0.969,12.3,48.1,14.9
2012,DIOD,NOC,Tech,0.706,0.752,0.083,0.427,2.0,-24.5,5.9
2012,DLB,NOC,Tech,0.477,0.563,0.738,0.913,-40.9,-12.4,8.6
2012,DLX,NOC,Comm,0.104,0.092,0.510,0.448,-3.5,36.6,14.9
2012,DMLP,CIC,Ener,0.121,0.790,0.971,0.215,-14.3,0.7,4.8
2012,DRH,NOC,Real,0.646,0.452,0.069,0.569,-13.5,-11.2,3.7
2012,DXCM,NOC,Heal,0.854,0.527,0.063,0.225,-23.3,28.6,6.6
2012,DXPE,CIC,Indu,0.006,0.346,0.688,0.110,86.1,51.7,4.9
2012,DY,CIC,Indu,0.277,0.358,0.531,0.254,30.7,-3.7,2.3
2012,EBF,CIC,Indu,0.471,0.271,0.127,0.038,-24.4,-5.6,4.2
2012,ECHO,NOC,Comm,0.981,0.913,0.881,0.669,-13.7,33.5,8.2
2012,EDU,NOC,Cons,0.702,0.327,0.675,0.854,-16.7,-20.0,10.1
2012,EEFT,NOC,Tech,0.192,0.213,0.448,0.360,2.0,24.9,7.6
2012,EFXT,CIC,Ener,0.390,0.881,0.019,0.352,-8.5,-2.2,5.3
2012,EG,NOC,Fina,0.944,0.196,0.148,0.998,6.0,39.0,1.5
2012,EGY,CIC,Ener,0.563,0.792,0.973,0.065,-0.3,16.8,6.1
2012,EMA,NOC,Util,0.708,0.583,0.310,0.954,5.6,1.4,1.1
2012,ENOV,NOC,Heal,0.071,0.669,0.173,0.292,56.7,36.7,10.8
2012,ENPH,CIC,Ener,0.694,0.906,0.985,0.006,17.2,-43.7,1.8
2012,ENS,CIC,Indu,0.115,0.202,0.481,0.527,-7.5,29.2,9.6
2012,ENTG,NOC,Tech,0.273,0.921,0.185,0.463,11.5,4.8,9.4
2012,EPAC,CIC,Indu,0.379,0.744,0.563,0.692,12.8,7.1,1.8
2012,EPAM,NOC,Tech,0.515,0.577,0.806,0.167,29.1,14.1,3.5
2012,EPC,NOC,Cons,0.125,0.165,0.460,0.894,11.2,15.0,10.3
2012,EQT,CIC,Ener,0.925,0.529,0.913,0.908,3.4,23.3,13.5
2012,ESLT,CIC,Indu,0.098,0.398,0.085,0.523,-32.1,21.7,15.1
2012,ESS,NOC,Real,0.177,0.248,0.788,0.994,25.9,4.2,9.3
2012,EVO,NOC,Heal,0.835,0.717,0.192,0.133,-10.5,-6.4,4.0
2012,EVRG,NOC,Util,0.106,0.154,0.465,0.833,7.1,11.8,5.8
2012,EWBC,NOC,Fina,0.838,0.965,0.748,0.819,7.6,11.4,4.7
2012,EXK,CIC,Basi,0.888,0.910,0.027,0.267,-1.8,-38.0,1.7
2012,EXP,CIC,Basi,0.488,0.308,0.542,0.490,8.1,111.8,19.6
2012,EXPE,CIC,Cons,0.794,0.648,0.017,0.977,33.0,90.8,10.2
2012,EXR,NOC,Real,0.306,0.331,0.888,0.733,38.5,45.8,7.8
2012,FAF,NOC,Fina,0.425,0.056,0.190,0.554,2.0,57.0,7.3
2012,FCF,NOC,Fina,0.971,0.556,0.121,0.158,-15.1,28.8,12.9
2012,FCFS,NOC,Fina,0.265,0.113,0.671,0.423,18.4,30.4,13.1
2012,FCN,CIC,Indu,0.321,0.246,0.556,0.608,29.6,-17.4,4.3
2012,FCNCA,NOC,Fina,0.606,0.438,0.581,0.575,-15.1,6.3,4.8
2012,FFBC,NOC,Fina,0.742,0.969,0.238,0.367,-1.1,-16.0,8.4
2012,FHN,NOC,Fina,0.844,0.325,0.254,0.706,-20.2,9.7,3.1
2012,FIBK,NOC,Fina,0.665,0.225,0.477,0.146,0.4,16.9,11.4
2012,FICO,NOC,Tech,0.271,0.150,0.742,0.504,58.4,13.1,11.7
2012,FIX,CIC,Indu,0.342,0.546,0.156,0.056,-11.9,10.3,4.6
2012,FLEX,NOC,Tech,0.000,0.298,0.125,0.983,-18.2,-1.2,11.3
2012,FN,NOC,Tech,0.181,0.869,0.015,0.165,-25.6,-19.0,6.8
2012,FNB,NOC,Fina,0.631,0.454,0.673,0.579,20.9,-7.7,10.2
2012,FOR,NOC,Real,0.915,0.908,0.975,0.144,-12.2,14.3,7.4
2012,FRO,CIC,Indu,0.965,0.679,0.004,0.083,-76.7,-51.7,2.3
2012,FSM,CIC,Basi,0.904,0.900,0.798,0.198,8.9,-29.3,1.3
2012,FSS,CIC,Indu,0.502,0.427,0.440,0.017,4.1,35.0,4.7
2012,FTK,CIC,Ener,0.767,0.902,0.935,0.408,408.8,32.3,9.0
2012,FUL,CIC,Basi,0.154,0.121,0.608,0.467,31.0,40.8,15.1
2012,FULT,NOC,Fina,0.656,0.377,0.323,0.638,-7.2,15.2,4.8
2012,FWRD,CIC,Indu,0.969,0.102,0.558,0.381,27.0,1.6,8.8
2012,GBCI,NOC,Fina,0.790,0.233,0.369,0.327,-14.8,19.1,13.0
2012,GBX,CIC,Indu,0.446,0.925,0.960,0.313,22.5,-33.3,8.7
2012,GEL,CIC,Ener,0.144,0.592,0.681,0.679,8.4,45.8,9.3
2012,GEO,CIC,Indu,0.183,0.506,0.456,0.385,-28.0,88.9,10.1
2012,GIII,CIC,Cons,0.400,0.371,0.292,0.138,-20.0,38.7,3.1
2012,GLNG,CIC,Ener,0.869,0.515,0.902,0.850,70.1,-11.2,5.4
2012,GME,CIC,Cons,0.404,0.079,0.202,0.825,6.6,14.2,3.0
2012,GNRC,CIC,Indu,0.315,0.750,0.938,0.429,50.9,99.1,13.9
2012,GNTX,CIC,Cons,0.073,0.773,0.725,0.898,-19.8,-30.5,6.9
2012,GPK,CIC,Cons,0.040,0.013,0.267,0.685,14.6,28.9,6.7
2012,GPN,NOC,Fina,0.135,0.210,0.713,0.888,4.5,-4.3,13.0
2012,GRC,CIC,Indu,0.463,0.488,0.406,0.206,17.9,-9.4,6.5
2012,GT,CIC,Cons,0.188,0.142,0.306,0.815,-7.3,5.0,7.4
2012,HBM,CIC,Basi,0.846,0.819,0.856,0.627,-35.2,-5.5,5.8
2012,HEI,CIC,Indu,0.052,0.054,0.740,0.731,36.9,0.9,7.3
2012,HELE,NOC,Cons,0.510,0.783,0.933,0.369,6.0,2.4,13.7
2012,HHH,NOC,Real,0.815,0.904,0.896,0.717,-7.8,28.7,1.3
2012,HL,CIC,Basi,0.881,0.798,0.229,0.546,-45.7,-11.1,4.7
2012,HLIO,CIC,Indu,0.508,0.692,0.627,0.256,18.7,-5.8,3.3
2012,HLIT,NOC,Tech,0.185,0.621,0.242,0.208,-31.6,-6.8,9.2
2012,HLX,CIC,Ener,0.906,0.888,0.617,0.646,38.1,30.1,9.4
2012,HNI,CIC,Cons,0.142,0.217,0.315,0.450,-15.9,13.2,7.4
2012,HOMB,NOC,Fina,0.781,0.875,0.325,0.213,15.8,36.0,6.4
2012,HOPE,NOC,Fina,0.975,0.758,0.840,0.294,14.4,13.7,7.7
2012,HPP,NOC,Real,0.575,0.973,0.940,0.096,8.4,50.9,8.6
2012,HTHT,CIC,Cons,0.852,0.275,0.844,0.323,-16.9,2.4,7.0
2012,HTLD,CIC,Indu,0.588,0.115,0.471,0.456,-7.4,-8.5,10.1
2012,HUBG,CIC,Indu,0.017,0.652,0.860,0.452,-7.2,8.3,11.2
2012,HUN,CIC,Basi,0.235,0.198,0.348,0.829,-25.2,36.3,8.8
2012,HURN,CIC,Indu,0.504,0.429,0.265,0.288,30.7,-3.3,7.0
2012,HWC,NOC,Fina,0.894,0.919,0.977,0.775,-1.5,0.2,10.9
2012,HWKN,CIC,Basi,0.652,0.375,0.590,0.060,-11.7,-4.5,8.5
2012,IART,NOC,Heal,0.283,0.000,0.246,0.300,-36.4,34.5,6.9
2012,IBOC,NOC,Fina,0.415,0.215,0.506,0.458,0.1,7.8,5.0
2012,ICFI,CIC,Indu,0.083,0.044,0.398,0.106,16.7,-6.4,3.0
2012,ICUI,NOC,Heal,0.450,0.475,0.667,0.185,17.3,33.5,14.2
2012,IDCC,NOC,Tech,0.958,0.823,0.554,0.613,-23.5,12.0,7.4
2012,IEP,CIC,Ener,0.479,0.779,0.721,0.917,7.2,46.2,8.1
2012,IFF,CIC,Basi,0.317,0.123,0.279,0.973,4.4,24.4,8.0
2012,IMAX,NOC,Comm,0.827,0.871,0.383,0.573,-7.2,0.5,5.2
2012,INDB,NOC,Fina,0.696,0.421,0.500,0.150,0.9,16.4,6.7
2012,INN,NOC,Real,0.890,0.560,0.025,0.442,0.1,-8.4,2.2
2012,IOSP,CIC,Basi,0.252,0.108,0.521,0.219,11.2,35.3,9.6
2012,IPGP,NOC,Tech,0.752,0.802,0.865,0.765,-3.2,25.3,10.1
2012,IRS,NOC,Real,0.758,0.650,0.850,0.148,-27.8,-23.8,4.6
2012,IT,CIC,Indu,0.167,0.046,0.577,0.869,3.1,39.8,10.6
2012,ITRI,NOC,Tech,0.254,0.502,0.113,0.544,-37.0,19.4,8.7
2012,JBTM,CIC,Indu,0.198,0.381,0.210,0.098,-14.9,26.8,1.3
2012,JHX,CIC,Basi,0.298,0.250,0.358,0.858,32.9,26.1,15.9
2012,JOE,NOC,Real,0.990,0.767,0.000,0.510,-36.6,38.1,6.6
2012,KAI,CIC,Indu,0.533,0.460,0.760,0.002,19.1,8.1,4.9
2012,KBH,CIC,Cons,0.644,0.554,0.271,0.223,-38.1,76.5,15.5
2012,KDP,NOC,Cons,0.281,0.008,0.473,0.479,10.1,13.7,8.3
2012,KEX,CIC,Indu,0.554,0.860,0.965,0.877,50.8,0.8,8.9
2012,KFRC,CIC,Indu,0.100,0.144,0.346,0.094,-30.5,3.6,6.8
2012,KFY,CIC,Indu,0.988,0.619,0.244,0.221,-29.7,18.8,8.0
2012,KLIC,NOC,Tech,0.335,0.915,0.081,0.279,5.1,18.9,11.7
2012,KNX,CIC,Indu,0.842,0.100,0.623,0.344,-12.9,-5.1,9.5
2012,KRG,NOC,Real,0.940,0.254,0.625,0.010,3.0,13.4,8.1
2012,KRNY,NOC,Fina,0.629,0.663,0.144,0.200,10.4,1.9,8.8
2012,KRO,CIC,Basi,0.873,0.333,0.802,0.767,-12.4,-26.5,5.8
2012,KWR,CIC,Basi,0.346,0.265,0.579,0.100,4.5,47.7,9.9
2012,LAD,CIC,Cons,0.075,0.267,0.573,0.175,62.8,86.5,13.5
2012,LBTYK,NOC,Comm,0.375,0.842,0.058,0.808,16.2,34.7,8.8
2012,LCII,CIC,Cons,0.373,0.835,0.838,0.192,23.0,34.6,10.2
2012,LFUS,NOC,Tech,0.269,0.731,0.360,0.435,7.1,13.5,7.4
2012,LHX,CIC,Indu,0.333,0.348,0.248,0.975,-15.9,20.1,11.8
2012,LKQ,CIC,Cons,0.304,0.227,0.804,0.988,37.0,40.7,7.3
2012,LNG,CIC,Ener,0.817,0.825,0.171,0.396,279.7,43.8,5.4
2012,LNN,CIC,Indu,0.260,0.567,0.508,0.306,-15.4,37.8,1.5
2012,LOGI,NOC,Tech,0.617,0.590,0.146,0.563,-50.7,-24.7,2.8
2012,LOPE,NOC,Cons,0.717,0.688,0.652,0.263,5.3,40.3,8.6
2012,LPLA,NOC,Fina,0.044,0.152,0.294,0.904,7.7,-7.3,7.3
2012,LPX,CIC,Basi,0.729,0.754,0.073,0.402,-25.8,148.1,19.1
2012,LQDT,CIC,Cons,0.769,0.360,0.821,0.413,118.5,13.8,10.2
2012,LRN,NOC,Cons,0.642,0.256,0.646,0.315,-22.0,-23.4,5.0
2012,LSCC,NOC,Tech,0.308,0.760,0.194,0.273,11.8,-39.0,6.7
2012,LXP,NOC,Real,0.431,0.081,0.463,0.469,-7.1,30.3,6.7
2012,LXU,CIC,Basi,0.704,0.633,0.785,0.171,13.0,6.6,4.0
2012,LYV,NOC,Comm,0.615,0.654,0.073,0.629,-1.2,-1.7,3.8
2012,LZB,CIC,Cons,0.313,0.129,0.327,0.244,74.2,6.9,6.5
2012,MAA,NOC,Real,0.267,0.048,0.663,0.738,1.8,1.6,9.4
2012,MAN,CIC,Indu,0.010,0.167,0.231,0.883,-29.9,5.9,9.7
2012,MATV,CIC,Basi,0.660,0.310,0.767,0.379,11.6,21.1,11.6
2012,MATX,CIC,Indu,0.648,0.485,0.196,0.377,15.7,4.6,6.5
2012,MCS,NOC,Comm,0.556,0.208,0.335,0.019,17.9,-3.2,3.1
2012,MEI,NOC,Tech,0.433,0.127,0.290,0.013,-25.5,36.2,4.7
2012,MELI,CIC,Cons,0.263,0.354,0.923,0.944,44.7,-12.3,4.4
2012,MEOH,CIC,Basi,0.688,0.685,0.704,0.750,-7.8,26.4,12.7
2012,MGRC,CIC,Indu,0.602,0.394,0.665,0.260,26.0,-7.9,3.8
2012,MIDD,CIC,Indu,0.029,0.469,0.692,0.494,6.3,54.2,3.0
2012,MKL,NOC,Fina,0.756,0.281,0.490,0.902,0.8,18.1,11.6
2012,MKSI,NOC,Tech,0.113,0.958,0.119,0.567,6.5,-12.8,8.0
2012,MLI,CIC,Indu,0.233,0.613,0.133,0.338,45.7,8.9,7.1
2012,MLKN,CIC,Cons,0.063,0.463,0.175,0.454,-13.1,15.8,1.9
2012,MLM,CIC,Basi,0.833,0.402,0.050,0.910,-4.9,13.7,9.8
2012,MMYT,CIC,Cons,0.725,0.504,0.829,0.321,-13.2,-37.5,4.0
2012,MOD,CIC,Indu,0.152,0.933,0.235,0.092,-40.7,-15.2,6.1
2012,MOH,NOC,Heal,0.133,0.058,0.444,0.529,45.9,-13.5,4.5
2012,MORN,NOC,Fina,0.240,0.146,0.548,0.806,4.2,11.9,8.2
2012,MOV,CIC,Cons,0.879,0.433,0.567,0.163,45.3,51.9,2.3
2012,MRCY,CIC,Indu,0.452,0.615,0.769,0.075,-16.0,-47.5,5.9
2012,MSCI,NOC,Fina,0.598,0.840,0.765,0.921,-3.5,5.0,9.4
2012,MTH,CIC,Cons,0.329,0.631,0.298,0.265,4.0,78.4,17.3
2012,MTRN,CIC,Basi,0.381,0.854,0.102,0.188,-25.5,-10.3,4.3
2012,MTX,CIC,Basi,0.035,0.306,0.317,0.419,1.9,28.0,11.1
2012,MTZ,CIC,Indu,0.383,0.550,0.160,0.498,10.1,71.7,7.2
2012,MWA,CIC,Indu,0.750,0.188,0.225,0.058,-37.9,115.3,19.3
2012,MYE,CIC,Cons,0.531,0.104,0.252,0.104,44.3,0.2,6.1
2012,MYRG,CIC,Indu,0.350,0.715,0.846,0.048,-14.9,22.7,8.3
2012,NAT,CIC,Indu,0.921,0.867,0.723,0.229,-42.1,-38.9,1.1
2012,NDAQ,NOC,Fina,0.456,0.415,0.494,0.946,-6.6,12.8,10.1
2012,NEOG,NOC,Heal,0.179,0.388,0.496,0.342,-3.5,22.5,0.2
2012,NICE,NOC,Tech,0.108,0.015,0.469,0.694,2.9,2.9,7.5
2012,NJR,NOC,Util,0.804,0.642,0.167,0.654,18.4,-14.5,6.5
2012,NMM,CIC,Indu,0.148,0.538,0.873,0.319,-16.9,-9.4,9.9
2012,NNI,NOC,Fina,0.715,0.800,0.717,0.433,17.0,28.9,4.9
2012,NOG,CIC,Ener,0.946,0.967,0.958,0.513,-26.1,-41.1,2.5
2012,NOVT,NOC,Tech,0.163,0.746,0.098,0.033,8.6,-15.6,3.0
2012,NPK,CIC,Indu,0.398,0.315,0.163,0.127,-36.5,-0.4,2.7
2012,NPO,CIC,Indu,0.465,0.702,0.792,0.238,-11.5,19.8,7.7
2012,NRG,NOC,Util,0.760,0.544,0.410,0.915,-12.1,35.8,3.8
2012,NTCT,NOC,Tech,0.033,0.181,0.598,0.302,-11.1,36.4,14.4
2012,NX,CIC,Basi,0.469,0.735,0.100,0.160,-12.0,23.9,7.8
2012,OCSL,NOC,Fina,1.000,0.948,0.956,0.296,-21.9,5.4,7.8
2012,OFG,NOC,Fina,0.877,0.940,0.031,0.102,-4.6,33.3,7.0
2012,OIS,CIC,Ener,0.369,0.677,0.858,0.756,12.2,-6.4,5.7
2012,OLN,CIC,Basi,0.565,0.448,0.504,0.585,13.8,5.0,10.3
2012,OMAB,CIC,Indu,0.960,0.694,0.408,0.365,11.7,72.8,10.2
2012,OMCL,NOC,Heal,0.367,0.069,0.446,0.131,18.6,-4.6,9.7
2012,ON,NOC,Tech,0.796,0.492,0.731,0.935,-18.4,-10.2,6.4
2012,ONB,NOC,Fina,0.798,0.531,0.642,0.400,10.4,8.6,10.6
2012,ONTO,NOC,Tech,0.340,0.988,0.044,0.121,11.9,-22.0,6.0
2012,OPCH,NOC,Heal,0.927,0.479,0.269,0.031,52.9,58.4,8.6
2012,OPI,NOC,Real,0.848,0.708,0.931,0.392,-10.8,8.6,7.8
2012,OPK,NOC,Heal,0.919,0.990,0.006,0.519,37.1,56.9,4.2
2012,OSIS,NOC,Tech,0.365,0.321,0.456,0.406,51.6,26.4,14.8
2012,OSK,CIC,Indu,0.667,0.935,0.344,0.696,-35.1,42.4,13.1
2012,OSPN,NOC,Tech,0.638,0.785,0.894,0.021,-0.3,-13.3,4.6
2012,OTEX,NOC,Tech,0.169,0.296,0.706,0.804,3.6,11.0,10.8
2012,OXM,CIC,Cons,0.640,0.608,0.648,0.283,98.4,5.5,0.4
2012,OZK,NOC,Fina,0.754,0.733,0.819,0.375,42.9,14.7,13.6
2012,PAAS,CIC,Basi,0.867,0.698,0.825,0.769,-29.2,-39.8,3.1
2012,PB,NOC,Fina,0.658,0.004,0.835,0.648,3.4,8.4,11.2
2012,PBA,CIC,Ener,0.775,0.873,0.910,0.992,32.5,-1.4,1.6
2012,PBH,NOC,Heal,0.429,0.558,0.735,0.202,19.5,69.1,10.9
2012,PDM,NOC,Real,0.498,0.065,0.354,0.810,-7.9,5.5,6.8
2012,PDS,CIC,Ener,0.683,0.719,0.750,0.831,8.8,-21.3,5.9
2012,PEB,NOC,Real,0.831,0.998,0.983,0.404,6.2,9.5,5.8
2012,PENN,CIC,Cons,0.079,0.173,0.523,0.358,6.9,19.3,10.3
2012,PFS,NOC,Fina,0.677,0.444,0.604,0.277,-2.5,4.3,10.1
2012,PHM,CIC,Cons,0.521,0.877,0.258,0.790,2.8,171.6,23.5
2012,PII,CIC,Cons,0.223,0.329,0.719,0.965,72.2,40.7,14.1
2012,PKE,CIC,Indu,0.567,0.727,0.088,0.123,-19.5,-4.3,7.7
2012,PKG,CIC,Cons,0.546,0.125,0.350,0.742,-7.8,50.2,16.3
2012,PLXS,NOC,Tech,0.015,0.625,0.138,0.410,8.5,-26.0,7.9
2012,PNFP,NOC,Fina,0.973,0.740,0.763,0.129,8.8,21.8,15.0
2012,PNR,CIC,Indu,0.025,0.027,0.154,0.727,-1.2,43.5,14.1
2012,PODD,NOC,Heal,0.583,0.569,0.796,0.335,12.7,6.6,5.9
2012,POOL,CIC,Indu,0.065,0.140,0.219,0.583,41.9,23.6,7.9
2012,POWI,NOC,Tech,0.421,0.808,0.181,0.388,-0.7,2.8,9.8
2012,POWL,CIC,Indu,0.744,0.617,0.546,0.077,-1.2,19.3,7.8
2012,PPLI,NOC,Comm,0.206,0.200,0.758,0.246,49.3,-10.7,3.6
2012,PRDO,NOC,Cons,0.500,0.573,0.021,0.304,-52.0,-67.6,1.2
2012,PRIM,CIC,Indu,0.146,0.946,0.438,0.258,74.9,25.3,6.6
2012,PTEN,CIC,Ener,0.410,0.950,0.883,0.783,-25.7,11.4,10.0
2012,PWR,CIC,Indu,0.558,0.602,0.775,0.963,-6.0,32.3,7.6
2012,QDEL,NOC,Heal,0.735,0.896,0.552,0.085,12.8,66.7,8.8
2012,QGEN,NOC,Heal,0.392,0.219,0.277,0.879,-20.0,26.8,-1.8
2012,QNST,NOC,Comm,0.285,0.533,0.169,0.088,-57.6,-41.0,5.4
2012,QUAD,CIC,Indu,0.360,0.979,0.094,0.217,-64.1,47.7,6.5
2012,RBA,CIC,Indu,0.229,0.458,0.879,0.740,-7.5,-11.1,2.2
2012,RBC,CIC,Indu,0.258,0.365,0.694,0.535,-3.7,13.8,8.1
2012,REG,NOC,Real,0.158,0.096,0.708,0.873,-4.8,22.4,11.2
2012,RES,CIC,Ener,0.481,0.831,0.925,0.698,-6.1,28.0,12.9
2012,RGA,NOC,Fina,0.213,0.373,0.302,0.929,-2.8,2.1,10.0
2012,RGR,CIC,Indu,0.338,0.683,0.877,0.250,174.3,33.6,6.5
2012,RHI,CIC,Indu,0.196,0.383,0.467,0.931,-11.7,13.8,11.7
2012,RHP,NOC,Real,0.863,0.700,0.654,0.506,-18.5,45.0,12.5
2012,RLJ,NOC,Real,0.700,0.425,0.715,0.594,-4.3,23.6,4.6
2012,RMD,NOC,Heal,0.190,0.952,0.585,0.923,-17.7,65.9,18.1
2012,RNR,NOC,Fina,0.963,0.977,0.998,0.892,12.7,12.9,8.9
2012,ROG,NOC,Tech,0.560,0.471,0.658,0.210,-2.8,12.5,6.8
2012,RRX,CIC,Indu,0.165,0.171,0.727,0.744,-9.0,21.4,10.2
2012,RS,CIC,Basi,0.215,0.450,0.656,0.927,-4.1,22.0,6.5
2012,RUSHA,CIC,Cons,0.377,0.781,0.921,0.152,11.8,2.9,7.3
2012,RVTY,NOC,Heal,0.090,0.317,0.308,0.813,6.5,20.3,1.3
2012,RYN,NOC,Real,0.569,0.258,0.783,0.925,17.7,19.5,14.0
2012,SAH,CIC,Cons,0.081,0.290,0.352,0.340,18.5,35.3,7.0
2012,SAM,NOC,Cons,0.490,0.158,0.756,0.496,11.2,50.8,10.9
2012,SANM,NOC,Tech,0.004,0.521,0.092,0.298,-25.4,11.7,12.5
2012,SB,CIC,Indu,0.323,0.513,0.885,0.113,-15.5,-50.0,3.7
2012,SBGI,NOC,Comm,0.483,0.335,0.513,0.354,10.6,17.0,8.7
2012,SBSI,NOC,Fina,0.810,0.885,0.979,0.035,7.6,-2.0,-1.6
2012,SEIC,NOC,Fina,0.933,0.342,0.400,0.817,-22.4,41.2,14.2
2012,SENEA,NOC,Cons,0.435,0.300,0.227,0.008,17.1,3.5,10.5
2012,SFNC,NOC,Fina,0.527,0.710,0.108,0.069,-11.3,-1.2,7.0
2012,SHO,NOC,Real,0.858,0.844,0.967,0.383,-14.0,29.1,7.9
2012,SHOO,CIC,Cons,0.627,0.646,0.946,0.598,46.8,6.4,4.3
2012,SIG,CIC,Cons,0.675,0.035,0.515,0.940,9.1,28.6,3.4
2012,SIMO,NOC,Tech,0.256,0.748,0.917,0.242,308.5,-32.5,6.4
2012,SKT,NOC,Real,0.300,0.238,0.817,0.746,8.7,24.3,8.8
2012,SLAB,NOC,Tech,0.544,0.671,0.529,0.656,5.8,-7.3,9.3
2012,SLM,NOC,Fina,0.954,0.706,0.777,0.758,3.4,21.4,13.0
2012,SMCI,NOC,Tech,0.048,0.690,0.260,0.252,34.6,-41.1,6.5
2012,SMG,CIC,Basi,0.908,0.446,0.023,0.823,3.1,-17.1,6.6
2012,SMP,CIC,Cons,0.227,0.223,0.198,0.090,63.3,22.0,6.9
2012,SMTC,NOC,Tech,0.288,0.813,0.152,0.617,25.1,8.4,7.3
2012,SNPS,NOC,Tech,0.140,0.221,0.644,0.967,5.5,13.0,8.2
2012,SNX,NOC,Tech,0.013,0.185,0.417,0.173,-4.9,10.3,14.4
2012,SPH,NOC,Util,0.860,0.190,0.158,0.533,-24.6,-3.9,8.6
2012,SR,NOC,Util,0.529,0.279,0.179,0.329,4.8,-3.5,9.1
2012,SRCE,NOC,Fina,0.771,0.117,0.371,0.177,34.4,-12.8,4.7
2012,SSB,NOC,Fina,0.950,0.483,0.263,0.063,-1.1,33.7,13.2
2012,SSD,CIC,Basi,0.519,0.304,0.321,0.558,15.3,-6.2,8.4
2012,SSNC,NOC,Tech,0.038,0.110,0.683,0.515,-5.7,20.0,7.7
2012,SSRM,CIC,Basi,0.917,0.996,0.010,0.444,-45.0,-31.3,2.2
2012,SSYS,NOC,Tech,0.679,0.477,0.810,0.285,-7.4,68.8,13.2
2012,STAA,NOC,Heal,0.473,0.681,0.413,0.046,85.2,-46.4,2.4
2012,STE,NOC,Heal,0.913,0.775,0.502,0.596,-10.1,23.6,9.8
2012,STLD,CIC,Basi,0.475,0.817,0.544,0.840,-14.5,-1.4,10.8
2012,STN,CIC,Indu,0.723,0.610,0.035,0.488,6.1,30.8,6.7
2012,STRA,NOC,Cons,0.850,0.523,0.448,0.438,-19.7,-40.0,3.8
2012,STZ,NOC,Cons,0.590,0.369,0.115,0.919,-0.6,82.8,24.5
2012,SUI,NOC,Real,0.535,0.183,0.746,0.371,22.7,14.8,5.9
2012,SUZ,CIC,Basi,0.829,0.525,0.106,0.571,-62.8,9.6,7.6
2012,SWKS,NOC,Tech,0.067,0.252,0.698,0.867,-36.0,10.1,12.0
2012,SXC,CIC,Basi,0.692,0.490,0.696,0.363,-15.6,17.3,9.3
2012,SXI,CIC,Indu,0.129,0.175,0.250,0.119,28.0,33.6,7.6
2012,SYNA,NOC,Tech,0.517,0.581,0.208,0.415,7.1,-5.1,10.4
2012,TAC,NOC,Util,0.788,0.442,0.177,0.979,-1.2,-23.0,2.0
2012,TCOM,CIC,Cons,0.069,0.879,0.981,0.852,-44.7,-6.9,7.2
2012,TDY,NOC,Tech,0.394,0.667,0.869,0.673,16.2,24.0,13.5
2012,TEN,CIC,Ener,0.208,0.283,0.415,0.700,-26.5,-43.2,0.4
2012,TER,NOC,Tech,0.592,0.963,0.079,0.865,10.3,6.0,10.6
2012,TEX,CIC,Indu,0.290,0.838,0.808,0.748,-34.7,48.4,10.9
2012,TFSL,NOC,Fina,0.875,0.635,0.373,0.773,-8.3,7.7,9.8
2012,THC,NOC,Heal,0.885,0.392,0.048,0.771,-19.2,64.8,4.0
2012,THO,CIC,Cons,0.358,0.623,0.388,0.581,-0.5,19.9,6.6
2012,TK,CIC,Ener,0.802,0.179,0.479,0.633,-20.3,25.8,6.5
2012,TKR,CIC,Indu,0.131,0.496,0.619,0.838,-3.0,8.0,11.8
2012,TMUS,NOC,Comm,0.571,0.040,0.650,0.938,-13.5,-16.6,3.2
2012,TNK,CIC,Indu,0.671,0.777,0.215,0.040,-46.4,-54.5,0.7
2012,TOL,CIC,Cons,0.458,0.338,0.077,0.881,6.0,64.2,11.8
2012,TOWN,NOC,Fina,0.783,0.192,0.575,0.042,-11.4,18.3,11.2
2012,TPC,CIC,Indu,0.138,0.863,0.900,0.233,-32.5,16.2,3.9
2012,TRGP,CIC,Ener,0.173,0.517,0.627,0.625,26.8,37.0,8.5
2012,TRMK,NOC,Fina,0.579,0.163,0.569,0.560,1.0,-9.6,9.3
2012,TRN,CIC,Indu,0.442,0.827,0.852,0.615,6.6,27.7,10.2
2012,TRST,NOC,Fina,0.650,0.729,0.633,0.125,-3.2,-9.2,9.9
2012,TSLA,CIC,Cons,0.871,0.927,0.008,0.846,47.4,17.0,9.4
2012,TTEK,CIC,Indu,0.085,0.410,0.385,0.525,-1.9,23.4,11.3
2012,TTMI,NOC,Tech,0.413,0.954,0.165,0.394,-25.8,-40.9,3.9
2012,TTWO,NOC,Tech,0.765,0.985,0.040,0.471,8.1,-20.4,6.3
2012,TX,CIC,Basi,0.594,0.571,0.550,0.956,-36.8,1.5,7.3
2012,TYL,NOC,Tech,0.250,0.119,0.613,0.421,76.5,46.9,9.0
2012,UAA,CIC,Cons,0.438,0.323,0.794,0.900,22.8,31.1,13.3
2012,UAN,CIC,Basi,0.948,0.865,0.990,0.667,60.8,-11.2,4.3
2012,UBSI,NOC,Fina,0.785,0.390,0.848,0.500,-2.7,-9.2,9.4
2012,UCB,NOC,Fina,0.992,0.042,0.135,0.067,-8.6,19.0,1.1
2012,UFPI,CIC,Basi,0.102,0.396,0.281,0.181,-16.2,26.6,9.3
2012,UGI,NOC,Util,0.119,0.229,0.221,0.802,-18.6,30.3,12.8
2012,UHS,NOC,Heal,0.983,0.596,0.588,0.942,-3.8,32.4,6.3
2012,UMBF,NOC,Fina,0.363,0.083,0.396,0.552,-2.1,12.5,12.4
2012,UNFI,NOC,Cons,0.021,0.075,0.427,0.688,-0.3,19.8,5.0
2012,URBN,CIC,Cons,0.673,0.169,0.421,0.948,-22.3,40.0,7.6
2012,URI,CIC,Indu,0.763,0.810,0.752,0.760,26.3,40.7,14.1
2012,USLM,CIC,Basi,0.408,0.431,0.669,0.027,55.4,-23.4,2.6
2012,UTI,NOC,Cons,0.406,0.419,0.131,0.015,-25.2,-21.3,6.8
2012,VET,CIC,Ener,0.821,0.356,0.906,0.985,-6.8,6.3,5.0
2012,VIAV,NOC,Tech,0.294,0.629,0.060,0.577,-26.8,-0.5,9.1
2012,VLY,NOC,Fina,0.542,0.508,0.773,0.671,-7.8,-15.7,8.7
2012,VMI,CIC,Indu,0.160,0.725,0.690,0.788,12.8,35.4,9.6
2012,VNET,NOC,Tech,0.275,0.673,0.942,0.183,-38.8,-24.4,-1.2
2012,VRTS,NOC,Fina,0.813,0.417,0.827,0.179,55.7,78.2,5.9
2012,VSAT,NOC,Tech,0.496,0.363,0.204,0.690,10.0,-21.0,6.4
2012,VSH,NOC,Tech,0.573,0.723,0.052,0.652,-28.3,-11.3,5.8
2012,WAB,CIC,Indu,0.096,0.465,0.813,0.844,28.3,34.5,8.2
2012,WABC,NOC,Fina,0.060,0.942,0.731,0.473,-7.3,-7.2,3.5
2012,WAL,NOC,Fina,0.910,0.756,0.540,0.169,1.5,53.3,17.5
2012,WBS,NOC,Fina,0.865,0.600,0.429,0.644,-5.8,1.6,4.3
2012,WCC,CIC,Indu,0.019,0.269,0.527,0.835,16.0,12.9,11.5
2012,WCN,CIC,Indu,0.046,0.085,0.640,0.885,11.5,9.7,9.4
2012,WEN,CIC,Cons,0.221,0.548,0.038,0.642,8.9,9.3,3.8
2012,WEX,NOC,Tech,0.440,0.519,0.892,0.723,18.5,27.3,9.4
2012,WFG,CIC,Basi,0.806,0.575,0.046,0.681,-5.5,65.2,10.6
2012,WGO,CIC,Cons,0.354,0.923,0.485,0.000,-22.8,111.5,6.5
2012,WLK,CIC,Basi,0.710,0.579,0.329,0.871,20.1,67.2,10.2
2012,WLYB,NOC,Comm,0.092,0.031,0.419,0.781,-3.9,-19.5,2.4
2012,WOR,CIC,Indu,0.467,0.644,0.150,0.235,-7.3,52.3,21.7
2012,WPC,NOC,Real,0.244,0.765,0.090,0.602,41.9,25.1,3.0
2012,WRB,NOC,Fina,0.419,0.148,0.483,0.827,19.1,21.3,11.7
2012,WSBC,NOC,Fina,0.698,0.063,0.431,0.135,16.6,7.2,11.9
2012,WSFS,NOC,Fina,0.819,0.071,0.538,0.004,-6.5,30.8,3.5
2012,WSO,CIC,Indu,0.056,0.858,0.188,0.719,16.9,4.1,8.0
2012,WST,NOC,Heal,0.150,0.135,0.367,0.542,4.0,37.7,7.3
2012,WTFC,NOC,Fina,0.779,0.829,0.908,0.483,-4.9,20.1,13.3
2012,WTM,NOC,Fina,0.856,0.594,0.052,0.856,34.7,17.5,7.8
2012,WWW,CIC,Cons,0.344,0.204,0.217,0.604,11.0,11.5,12.0
2012,XYL,CIC,Indu,0.042,0.588,0.392,1.000,10.7,3.8,3.9
2012,ZBRA,NOC,Tech,0.352,0.319,0.377,0.658,0.9,11.7,7.9
2012,ZG,NOC,Comm,0.552,0.821,0.969,0.348,-5.0,6.4,7.8
2012,ZWS,CIC,Indu,0.077,0.050,0.610,0.350,7.4,-16.9,11.1
2013,AAON,CIC,Indu,0.631,0.338,0.780,0.060,31.9,68.1,40.3
2013,AAT,NOC,Real,0.579,0.846,0.834,0.544,35.3,12.4,27.0
2013,ABCB,NOC,Fina,0.842,0.506,0.297,0.004,22.0,78.1,44.1
2013,ABG,CIC,Cons,0.031,0.382,0.407,0.388,35.1,26.8,24.2
2013,ACHC,NOC,Heal,0.996,1.000,0.934,0.394,71.8,106.1,52.7
2013,ADTN,NOC,Tech,0.668,0.662,0.058,0.461,-33.0,18.4,28.6
2013,AEIS,NOC,Tech,0.598,0.842,0.226,0.158,36.1,80.2,41.3
2013,AG,CIC,Basi,0.888,0.965,0.961,0.643,-12.2,-31.3,18.1
2013,AGI,CIC,Basi,0.492,0.988,0.981,0.552,-33.4,-24.6,19.5
2013,AGM,NOC,Fina,0.927,0.940,0.510,0.029,47.7,-0.3,24.4
2013,AJG,NOC,Fina,0.510,0.361,0.589,0.969,7.5,29.7,28.3
2013,ALGN,NOC,Heal,0.328,0.405,0.548,0.737,15.3,97.3,41.6
2013,ALK,CIC,Indu,0.902,0.050,0.440,0.849,27.6,76.5,44.0
2013,ALKS,NOC,Heal,0.722,0.950,0.620,0.817,21.3,100.0,46.6
2013,ALSN,CIC,Cons,0.380,0.450,0.234,0.959,1.5,24.8,29.1
2013,ALV,CIC,Cons,0.108,0.317,0.313,0.975,0.2,34.2,30.5
2013,AMBA,NOC,Tech,0.349,0.056,0.801,0.015,97.5,189.7,71.2
2013,AMD,NOC,Tech,0.911,0.799,0.002,0.598,-62.5,70.6,40.2
2013,AMN,NOC,Heal,0.274,0.805,0.817,0.174,153.7,7.3,27.7
2013,AMRC,CIC,Indu,0.220,0.687,0.091,0.021,-46.4,30.9,32.1
2013,ANDE,NOC,Cons,0.166,0.676,0.689,0.309,7.4,79.6,42.1
2013,ANGO,NOC,Heal,0.656,0.734,0.894,0.041,-23.6,55.6,36.5
2013,APEI,NOC,Cons,0.293,0.251,0.782,0.222,-5.8,16.1,29.8
2013,ARCO,CIC,Cons,0.977,0.425,0.396,0.770,-34.2,-27.1,17.6
2013,ARE,NOC,Real,0.305,0.587,0.830,0.977,-1.6,-3.2,21.3
2013,ARLP,CIC,Ener,0.338,0.114,0.743,0.724,-18.3,21.7,26.5
2013,AROC,CIC,Ener,0.726,0.268,0.585,0.330,70.0,48.7,39.2
2013,ASR,CIC,Indu,0.805,0.483,0.811,0.900,85.2,-14.8,22.4
2013,ATI,CIC,Indu,0.363,0.635,0.124,0.846,-38.3,10.8,26.2
2013,ATO,NOC,Util,0.635,0.591,0.342,0.861,14.3,24.3,25.1
2013,AUB,NOC,Fina,0.550,0.226,0.245,0.110,35.6,21.4,24.4
2013,AVAV,CIC,Indu,0.701,0.795,0.025,0.093,-20.0,41.6,33.2
2013,AVNT,CIC,Basi,0.332,0.093,0.311,0.662,54.2,46.5,32.0
2013,AX,NOC,Fina,0.651,0.678,0.956,0.071,95.3,131.2,48.1
2013,AXIA,NOC,Util,0.923,0.815,0.193,0.927,-65.9,-14.5,18.2
2013,AXON,CIC,Indu,0.838,0.637,0.923,0.033,63.9,176.8,73.1
2013,AZTA,NOC,Heal,0.405,0.730,0.031,0.170,-17.1,6.0,22.3
2013,AZZ,CIC,Indu,0.301,0.454,0.842,0.355,77.8,17.3,27.4
2013,BANC,NOC,Fina,0.944,0.898,0.963,0.031,-8.4,24.1,31.8
2013,BC,CIC,Cons,0.411,0.170,0.340,0.815,68.4,14.8,24.7
2013,BCPC,CIC,Basi,0.201,0.315,0.720,0.405,31.1,32.4,34.9
2013,BDC,NOC,Tech,0.212,0.674,0.112,0.691,25.1,29.5,26.6
2013,BDN,NOC,Real,0.147,0.083,0.492,0.616,15.1,8.0,22.5
2013,BEP,NOC,Util,0.813,0.967,0.481,0.822,12.4,-3.9,23.2
2013,BJRI,CIC,Cons,0.896,0.147,0.371,0.328,-38.5,-12.7,21.3
2013,BKD,NOC,Heal,0.670,0.195,0.317,0.844,41.0,-0.1,19.9
2013,BKH,NOC,Util,0.797,0.108,0.471,0.575,18.9,30.4,27.4
2013,BLX,NOC,Fina,0.876,0.917,0.149,0.295,5.3,17.3,25.3
2013,BUSE,NOC,Fina,0.587,0.085,0.444,0.046,-12.9,21.4,26.5
2013,BYD,CIC,Cons,0.183,0.996,0.253,0.195,-14.2,55.2,39.5
2013,BZH,CIC,Cons,0.498,0.892,0.670,0.064,11.9,25.2,26.2
2013,CACI,NOC,Tech,0.033,0.261,0.212,0.456,-6.2,40.0,30.7
2013,CAKE,CIC,Cons,0.983,0.104,0.214,0.587,4.8,37.7,33.5
2013,CALM,NOC,Cons,0.529,0.197,0.633,0.357,8.4,34.6,28.7
2013,CALX,NOC,Tech,0.741,0.707,0.120,0.052,-22.0,-6.4,21.7
2013,CAR,CIC,Indu,0.929,0.504,0.257,0.747,58.1,68.8,41.7
2013,CASY,CIC,Cons,0.027,0.519,0.266,0.697,12.2,15.6,27.5
2013,CATY,NOC,Fina,0.795,0.651,0.741,0.517,18.1,31.5,33.4
2013,CBRL,CIC,Cons,0.975,0.098,0.388,0.558,25.7,36.6,36.0
2013,CBT,CIC,Basi,0.618,0.419,0.415,0.778,14.0,10.0,24.1
2013,CCOI,NOC,Comm,0.205,0.187,0.432,0.402,43.6,68.3,43.5
2013,CDE,CIC,Basi,0.846,0.975,0.485,0.556,-34.1,-41.6,15.1
2013,CFFN,NOC,Fina,0.627,0.191,0.697,0.566,2.3,1.7,22.1
2013,CGNX,NOC,Tech,0.058,0.351,0.546,0.579,-3.7,90.4,44.9
2013,CHDN,CIC,Cons,0.861,0.774,0.295,0.411,27.4,42.7,36.4
2013,CHE,NOC,Heal,0.085,0.000,0.475,0.515,36.6,-3.7,23.1
2013,CHEF,NOC,Cons,0.019,0.060,0.639,0.023,-21.4,38.0,35.7
2013,CHH,CIC,Cons,0.100,0.025,0.716,0.683,-0.1,31.6,31.9
2013,CIB,NOC,Fina,0.857,0.807,0.701,0.857,-3.0,-31.1,14.9
2013,CIEN,NOC,Tech,0.359,0.693,0.272,0.571,25.1,44.7,35.5
2013,CIGI,NOC,Real,0.334,0.145,0.357,0.193,3.6,33.5,31.3
2013,CLH,CIC,Indu,0.207,0.826,0.008,0.799,-23.5,1.5,26.0
2013,CLMT,CIC,Basi,0.512,0.743,0.604,0.670,60.0,-18.8,20.0
2013,CLS,NOC,Tech,0.002,0.523,0.083,0.564,12.5,15.1,24.0
2013,CMC,CIC,Basi,0.160,0.622,0.122,0.620,6.9,23.5,28.1
2013,CMCO,CIC,Indu,0.243,0.160,0.454,0.017,15.3,49.7,36.7
2013,CMP,CIC,Basi,0.610,0.608,0.210,0.734,-0.1,15.0,26.4
2013,CMRE,CIC,Indu,0.921,0.346,0.739,0.276,5.7,17.7,26.0
2013,CNK,NOC,Comm,0.081,0.328,0.649,0.840,38.1,1.7,26.0
2013,CNS,NOC,Fina,0.952,0.369,0.929,0.498,1.9,17.0,27.7
2013,CODI,CIC,Indu,0.079,0.871,0.012,0.249,8.9,16.5,28.4
2013,COLB,NOC,Fina,0.780,0.255,0.844,0.701,-5.0,31.4,33.4
2013,CPA,CIC,Indu,0.815,0.224,0.757,0.992,61.0,19.3,29.0
2013,CPAC,CIC,Basi,0.766,0.485,0.849,0.521,20.7,-30.1,17.5
2013,CPS,CIC,Cons,0.172,0.371,0.174,0.185,-15.2,52.3,38.7
2013,CRI,CIC,Cons,0.664,0.137,0.587,0.838,14.4,23.8,31.6
2013,CRL,NOC,Heal,0.286,0.068,0.307,0.639,21.7,41.8,32.0
2013,CROX,CIC,Cons,0.643,0.367,0.299,0.459,-28.5,3.0,25.8
2013,CRS,CIC,Basi,0.336,0.309,0.722,0.784,-5.6,11.6,23.7
2013,CRUS,NOC,Tech,0.392,0.919,0.990,0.595,21.0,-26.5,16.5
2013,CSGP,NOC,Real,0.442,0.627,0.915,0.774,67.4,87.8,47.9
2013,CSL,CIC,Basi,0.423,0.353,0.429,0.948,40.7,8.5,21.4
2013,CUBE,NOC,Real,0.440,0.203,0.734,0.593,20.6,23.6,32.6
2013,CUZ,NOC,Real,0.620,0.365,0.243,0.205,23.3,20.1,28.3
2013,CVBF,NOC,Fina,0.691,0.357,0.851,0.400,-1.7,53.6,37.6
2013,CVCO,CIC,Cons,0.647,0.979,0.237,0.027,-2.5,43.0,30.4
2013,CVLT,NOC,Tech,0.012,0.139,0.795,0.894,50.8,-1.0,21.7
2013,CW,CIC,Indu,0.266,0.149,0.436,0.550,-3.6,77.8,45.4
2013,CYD,CIC,Indu,0.515,0.517,0.425,0.133,-9.5,48.1,30.8
2013,DAKT,NOC,Tech,0.450,0.438,0.118,0.089,14.6,26.6,30.4
2013,DAR,NOC,Cons,0.361,0.981,0.338,0.641,4.1,20.5,30.8
2013,DCH,CIC,Cons,0.577,0.282,0.568,0.317,-3.5,49.9,31.1
2013,DCOM,NOC,Fina,0.959,0.643,0.523,0.247,-2.8,24.3,28.9
2013,DDD,NOC,Tech,0.467,0.334,0.919,0.801,122.3,116.1,57.7
2013,DDS,CIC,Cons,0.421,0.015,0.469,0.888,33.0,16.1,30.5
2013,DECK,CIC,Cons,0.606,0.654,0.598,0.494,-55.2,103.6,52.2
2013,DHC,NOC,Real,0.851,0.303,0.940,0.956,14.5,-15.6,21.1
2013,DIOD,NOC,Tech,0.666,0.440,0.446,0.320,-23.7,13.9,25.7
2013,DK,CIC,Ener,0.234,0.925,0.419,0.720,187.2,-21.6,18.8
2013,DLB,NOC,Tech,0.255,0.120,0.672,0.842,-12.7,28.2,31.2
2013,DLX,NOC,Comm,0.041,0.081,0.602,0.589,47.3,43.0,35.6
2013,DMLP,CIC,Ener,0.992,0.778,0.988,0.230,0.1,6.6,27.5
2013,DRH,NOC,Real,0.693,0.716,0.932,0.560,-10.2,39.2,35.9
2013,DXC,NOC,Tech,0.629,0.027,0.255,0.876,45.7,18.1,24.3
2013,DXCM,NOC,Heal,0.793,0.689,0.558,0.336,26.1,215.3,81.5
2013,DXPE,CIC,Indu,0.025,0.257,0.820,0.301,57.0,75.2,44.8
2013,DY,CIC,Indu,0.270,0.448,0.805,0.232,-2.6,22.8,32.4
2013,EA,NOC,Tech,0.969,0.490,0.062,0.979,-18.2,62.3,35.7
2013,EBF,CIC,Indu,0.490,0.185,0.351,0.044,-0.6,4.9,21.2
2013,ECHO,NOC,Comm,0.965,0.969,0.141,0.790,34.0,21.1,30.7
2013,EDU,NOC,Cons,0.710,0.429,0.326,0.759,-26.8,105.9,48.5
2013,EEFT,NOC,Tech,0.112,0.073,0.324,0.425,21.2,83.5,41.5
2013,EFXT,CIC,Ener,0.075,0.880,0.423,0.324,-2.2,13.9,29.2
2013,EGY,CIC,Ener,0.948,0.878,0.068,0.120,19.9,-31.3,16.5
2013,EMA,NOC,Util,0.880,0.641,0.521,0.983,0.8,-12.0,18.8
2013,ENS,CIC,Indu,0.357,0.411,0.288,0.649,30.0,60.6,33.4
2013,ENTG,NOC,Tech,0.365,0.568,0.346,0.473,3.7,4.3,21.6
2013,EPAC,CIC,Indu,0.060,0.770,0.322,0.716,6.7,6.0,25.6
2013,EPAM,NOC,Tech,0.461,0.602,0.846,0.351,19.0,107.4,52.9
2013,EPC,NOC,Cons,0.073,0.290,0.504,0.929,13.4,17.5,26.0
2013,EQT,CIC,Ener,0.954,0.606,0.662,1.000,25.7,56.8,39.3
2013,ESLT,CIC,Indu,0.141,0.452,0.749,0.535,-10.7,58.8,38.4
2013,EVO,NOC,Heal,0.855,0.838,0.050,0.050,-7.5,42.8,26.8
2013,EWBC,NOC,Fina,0.573,0.295,0.714,0.867,11.2,45.1,37.3
2013,EXK,CIC,Basi,0.942,0.990,0.998,0.187,-30.3,-19.4,19.4
2013,EXLS,NOC,Tech,0.180,0.508,0.639,0.367,19.8,-12.0,22.4
2013,EXP,CIC,Basi,0.747,0.562,0.867,0.834,112.5,14.3,23.1
2013,EXR,NOC,Real,0.299,0.201,0.907,0.942,43.6,25.6,32.5
2013,FBP,NOC,Fina,0.961,0.869,0.004,0.452,66.7,-22.4,16.0
2013,FCF,NOC,Fina,0.900,0.500,0.367,0.239,22.2,16.5,25.6
2013,FCFS,NOC,Fina,0.232,0.162,0.832,0.519,29.3,8.3,23.1
2013,FCN,CIC,Indu,0.164,0.293,0.095,0.483,-19.1,5.0,26.4
2013,FCNCA,NOC,Fina,0.776,0.548,0.139,0.583,4.9,23.6,25.5
2013,FET,CIC,Ener,0.425,0.859,0.326,0.745,22.5,-4.2,18.9
2013,FFBC,NOC,Fina,0.745,0.544,0.220,0.303,-14.8,9.3,22.9
2013,FHN,NOC,Fina,0.602,0.407,0.093,0.763,11.8,10.2,28.1
2013,FIBK,NOC,Fina,0.705,0.417,0.643,0.226,19.9,59.0,34.6
2013,FICO,NOC,Tech,0.259,0.141,0.728,0.531,13.3,34.9,32.8
2013,FIVE,CIC,Cons,0.624,0.154,0.900,0.664,47.8,-2.5,21.5
2013,FIX,CIC,Indu,0.353,0.336,0.199,0.083,9.1,32.8,34.0
2013,FN,NOC,Tech,0.214,0.886,0.959,0.112,-18.5,27.1,29.2
2013,FNB,NOC,Fina,0.548,0.100,0.776,0.529,-7.8,10.9,25.6
2013,FOR,NOC,Real,0.784,0.909,0.942,0.207,14.3,2.2,24.1
2013,FSM,CIC,Basi,0.853,0.934,0.786,0.141,-29.5,9.5,24.6
2013,FSS,CIC,Indu,0.488,0.461,0.216,0.081,29.2,75.9,43.2
2013,FTK,CIC,Ener,0.203,0.853,0.473,0.305,30.5,62.3,34.7
2013,FUL,CIC,Basi,0.251,0.299,0.564,0.606,40.0,43.9,34.1
2013,FULT,NOC,Fina,0.707,0.087,0.674,0.705,15.8,8.5,27.9
2013,FUN,CIC,Cons,0.973,0.390,0.160,0.678,32.0,38.2,33.0
2013,FWRD,CIC,Indu,0.834,0.048,0.512,0.378,1.9,15.0,25.4
2013,GBCI,NOC,Fina,0.849,0.151,0.618,0.380,19.3,97.3,49.2
2013,GBX,CIC,Indu,0.089,0.911,0.330,0.162,-31.4,81.5,42.4
2013,GEO,CIC,Indu,0.189,0.639,0.189,0.656,89.6,-3.2,25.5
2013,GIII,CIC,Cons,0.438,0.280,0.705,0.261,38.7,89.3,41.2
2013,GIL,CIC,Cons,0.674,0.550,0.853,0.965,64.9,41.8,29.5
2013,GLNG,CIC,Ener,0.867,0.515,0.967,0.809,-12.8,-11.0,22.4
2013,GME,CIC,Cons,0.485,0.230,0.353,0.853,20.7,39.2,29.3
2013,GMED,NOC,Heal,0.162,0.071,0.822,0.448,2.4,72.7,44.1
2013,GNRC,CIC,Indu,0.071,0.896,0.859,0.687,80.8,59.4,37.7
2013,GNTX,CIC,Cons,0.143,0.463,0.515,0.780,-27.9,72.1,37.5
2013,GPK,CIC,Cons,0.156,0.023,0.241,0.741,30.0,32.2,27.1
2013,GPN,NOC,Fina,0.106,0.116,0.685,0.884,-4.0,40.8,33.3
2013,GPRK,CIC,Ener,0.820,0.158,0.954,0.025,2.3,-1.7,22.5
2013,GRC,CIC,Indu,0.386,0.479,0.191,0.191,-9.9,27.8,26.5
2013,GRPN,NOC,Comm,0.988,0.768,0.566,0.915,-67.5,67.6,41.9
2013,GT,CIC,Cons,0.241,0.593,0.135,0.851,4.6,74.4,41.6
2013,HAFC,NOC,Fina,0.836,0.566,0.778,0.114,63.4,51.7,34.5
2013,HBM,CIC,Basi,0.739,0.809,0.048,0.546,-11.6,-15.8,21.5
2013,HEI,CIC,Indu,0.124,0.222,0.479,0.739,-1.2,57.4,40.4
2013,HELE,NOC,Cons,0.268,0.786,0.556,0.382,5.2,40.4,33.0
2013,HHH,NOC,Real,0.737,0.915,0.770,0.807,29.3,66.6,35.5
2013,HIMX,NOC,Tech,0.398,0.585,0.552,0.098,80.7,376.6,116.4
2013,HL,CIC,Basi,0.822,0.882,0.089,0.485,-10.4,-26.5,19.5
2013,HLIO,CIC,Indu,0.239,0.751,0.459,0.251,-2.4,45.2,36.4
2013,HLIT,NOC,Tech,0.454,0.739,0.143,0.183,-7.5,21.1,26.4
2013,HLX,CIC,Ener,0.840,0.788,0.037,0.743,25.3,-7.4,23.7
2013,HNI,CIC,Cons,0.131,0.021,0.355,0.500,13.6,-0.3,19.9
2013,HOMB,NOC,Fina,0.535,0.666,0.836,0.332,34.6,103.8,47.7
2013,HOPE,NOC,Fina,0.865,0.907,0.952,0.326,15.2,30.5,29.5
2013,HPP,NOC,Real,0.546,0.985,0.624,0.371,49.7,-4.1,23.1
2013,HTB,NOC,Fina,0.919,0.803,0.249,0.006,35.1,-0.8,21.1
2013,HTGC,NOC,Fina,0.871,0.373,0.977,0.199,21.4,29.7,33.3
2013,HTHT,CIC,Cons,0.788,0.392,0.755,0.322,2.1,76.9,41.3
2013,HUBG,CIC,Indu,0.006,0.780,0.361,0.475,8.3,8.3,23.6
2013,HUN,CIC,Basi,0.309,0.496,0.203,0.944,27.2,24.3,28.4
2013,HURN,CIC,Indu,0.699,0.378,0.828,0.257,-5.9,86.5,47.9
2013,HWC,NOC,Fina,0.689,0.954,0.656,0.788,-0.5,12.3,28.0
2013,HWKN,CIC,Basi,0.685,0.342,0.201,0.048,-5.1,-8.9,20.3
2013,IAG,CIC,Basi,0.763,0.855,0.676,0.786,-57.5,-43.5,14.4
2013,IART,NOC,Heal,0.253,0.012,0.411,0.396,29.1,17.5,31.1
2013,IBOC,NOC,Fina,0.496,0.276,0.450,0.471,4.9,8.8,28.6
2013,ICFI,CIC,Indu,0.116,0.037,0.421,0.087,-6.9,42.3,36.3
2013,ICUI,NOC,Heal,0.373,0.106,0.695,0.313,31.4,3.7,26.1
2013,IDCC,NOC,Tech,0.832,0.581,0.751,0.604,10.6,-36.8,15.8
2013,IMAX,NOC,Comm,0.720,0.726,0.753,0.577,4.8,1.2,26.2
2013,INDB,NOC,Fina,0.564,0.176,0.651,0.224,15.2,15.0,27.6
2013,IOSP,CIC,Basi,0.322,0.313,0.490,0.338,35.2,7.2,25.4
2013,IPGP,NOC,Tech,0.185,0.830,0.876,0.836,13.2,8.1,26.4
2013,IRS,NOC,Real,0.724,0.527,0.946,0.075,-22.9,29.4,31.8
2013,IT,CIC,Indu,0.135,0.039,0.637,0.988,33.4,32.4,27.2
2013,ITRI,NOC,Tech,0.378,0.436,0.081,0.618,19.3,-18.0,19.2
2013,J,CIC,Indu,0.015,0.143,0.344,0.998,0.1,42.6,33.7
2013,JBTM,CIC,Indu,0.050,0.446,0.185,0.168,26.5,45.3,31.0
2013,JHX,CIC,Basi,0.311,0.247,0.560,0.952,40.2,23.8,31.8
2013,JOE,NOC,Real,0.979,0.927,0.039,0.660,39.6,-17.5,21.1
2013,KAI,CIC,Indu,0.521,0.598,0.102,0.002,8.9,35.6,35.6
2013,KBH,CIC,Cons,0.622,0.793,0.909,0.568,114.8,-20.0,20.0
2013,KDP,NOC,Cons,0.168,0.019,0.527,0.496,7.0,14.6,26.9
2013,KEX,CIC,Indu,0.869,0.905,0.390,0.890,-0.5,50.4,33.0
2013,KFRC,CIC,Indu,0.187,0.288,0.168,0.085,3.9,34.6,31.2
2013,KFY,CIC,Indu,0.039,0.320,0.380,0.293,18.7,42.0,35.2
2013,KLIC,NOC,Tech,0.158,0.824,0.170,0.307,9.0,-8.3,20.0
2013,KNX,CIC,Indu,0.799,0.228,0.494,0.311,-6.0,36.6,30.2
2013,KOS,CIC,Ener,0.990,0.492,0.793,0.909,-27.0,3.6,27.2
2013,KRG,NOC,Real,0.303,0.054,0.610,0.079,13.6,-0.8,22.7
2013,KRNY,NOC,Fina,0.566,0.757,0.071,0.214,1.2,13.0,24.0
2013,KRO,CIC,Basi,0.913,0.728,0.116,0.647,-25.6,-14.1,20.5
2013,KWR,CIC,Basi,0.102,0.459,0.286,0.253,50.1,22.2,29.4
2013,LAD,CIC,Cons,0.046,0.044,0.643,0.369,75.9,43.3,36.6
2013,LBTYK,NOC,Comm,0.224,0.722,0.925,0.913,33.4,33.9,31.6
2013,LCII,CIC,Cons,0.394,0.521,0.662,0.272,24.8,28.4,31.4
2013,LDOS,NOC,Tech,0.035,0.214,0.413,0.795,-2.5,22.5,26.2
2013,LFUS,NOC,Tech,0.218,0.199,0.498,0.508,17.4,34.0,27.5
2013,LNN,CIC,Indu,0.272,0.579,0.784,0.384,63.9,-4.1,22.8
2013,LOPE,NOC,Cons,0.376,0.164,0.869,0.409,43.3,76.3,42.1
2013,LPLA,NOC,Fina,0.023,0.234,0.544,0.873,-7.2,58.4,37.1
2013,LPX,CIC,Basi,0.761,0.672,0.902,0.797,147.6,-16.3,19.7
2013,LQDT,CIC,Cons,0.753,0.718,0.562,0.363,-11.7,-33.2,14.7
2013,LRN,NOC,Cons,0.614,0.359,0.703,0.203,-24.3,20.0,24.0
2013,LSCC,NOC,Tech,0.558,0.444,0.075,0.066,-41.3,43.1,30.5
2013,LXP,NOC,Real,0.967,0.326,0.878,0.624,29.6,0.6,26.0
2013,LXU,CIC,Basi,0.730,0.699,0.131,0.212,6.9,-12.0,22.6
2013,LYV,NOC,Comm,0.687,0.400,0.386,0.629,-3.6,115.6,56.0
2013,LZB,CIC,Cons,0.191,0.089,0.463,0.270,7.2,77.5,42.6
2013,MAN,CIC,Indu,0.008,0.510,0.154,0.934,12.9,53.3,32.3
2013,MATV,CIC,Basi,0.633,0.423,0.230,0.440,20.8,14.5,23.8
2013,MATX,CIC,Indu,0.444,0.558,0.129,0.398,3.8,-6.1,24.0
2013,MCS,NOC,Comm,0.562,0.193,0.195,0.012,-1.6,19.3,29.3
2013,MCY,NOC,Fina,0.801,0.471,0.079,0.666,-12.6,20.1,28.6
2013,MDXG,NOC,Heal,0.956,0.946,1.000,0.102,364.3,9.4,23.6
2013,MEI,NOC,Tech,0.313,0.131,0.396,0.106,40.1,170.1,70.0
2013,MELI,CIC,Cons,0.237,0.322,0.905,0.892,-12.8,11.1,29.5
2013,MEOH,CIC,Basi,0.946,0.616,0.033,0.830,23.7,66.9,36.6
2013,MGRC,CIC,Indu,0.581,0.363,0.807,0.243,-8.8,24.2,32.7
2013,MHO,CIC,Cons,0.477,0.759,0.838,0.160,137.5,-6.5,20.7
2013,MIDD,CIC,Indu,0.127,0.064,0.799,0.689,55.0,81.8,48.0
2013,MKL,NOC,Fina,0.755,0.133,0.608,0.950,18.5,13.0,27.0
2013,MKSI,NOC,Tech,0.508,0.554,0.066,0.504,-12.9,5.6,23.2
2013,MLI,CIC,Indu,0.230,0.668,0.282,0.527,13.0,10.6,22.7
2013,MLKN,CIC,Cons,0.104,0.531,0.384,0.510,16.3,12.7,27.2
2013,MLM,CIC,Basi,0.790,0.691,0.913,0.971,14.1,4.4,22.1
2013,MMYT,CIC,Cons,0.782,0.755,0.320,0.131,-38.7,54.0,32.0
2013,MOD,CIC,Indu,0.120,0.577,0.085,0.039,-15.7,40.5,30.6
2013,MOH,NOC,Heal,0.539,0.189,0.573,0.481,-13.8,25.2,28.7
2013,MORN,NOC,Fina,0.591,0.210,0.680,0.832,12.3,13.9,26.7
2013,MOV,CIC,Cons,0.432,0.344,0.224,0.282,36.0,26.5,29.4
2013,MSCI,NOC,Fina,0.098,0.865,0.861,0.932,1.4,24.0,25.5
2013,MTH,CIC,Cons,0.382,0.797,0.896,0.548,82.8,6.1,22.5
2013,MTRN,CIC,Basi,0.355,0.712,0.133,0.154,-10.6,0.7,25.9
2013,MTX,CIC,Basi,0.122,0.091,0.293,0.506,27.5,31.8,28.0
2013,MTZ,CIC,Indu,0.263,0.498,0.614,0.712,71.1,27.0,32.6
2013,MWA,CIC,Indu,0.751,0.541,0.056,0.334,120.4,34.4,26.9
2013,MYE,CIC,Cons,0.276,0.029,0.448,0.077,-6.0,44.0,34.8
2013,MYRG,CIC,Indu,0.317,0.685,0.376,0.118,24.7,-0.8,24.4
2013,NBHC,NOC,Fina,0.828,0.844,0.405,0.344,-4.2,9.1,22.3
2013,NEOG,NOC,Heal,0.346,0.077,0.710,0.427,23.5,38.8,30.7
2013,NICE,NOC,Tech,0.282,0.033,0.496,0.707,2.0,5.1,21.0
2013,NJR,NOC,Util,0.786,0.749,0.616,0.541,-17.1,9.1,22.4
2013,NMM,CIC,Indu,0.083,0.529,0.826,0.299,-8.6,27.2,28.4
2013,NNI,NOC,Fina,0.714,0.324,0.865,0.525,29.9,8.2,27.7
2013,NOG,CIC,Ener,0.390,0.963,0.971,0.284,-42.2,14.7,29.4
2013,NOVT,NOC,Tech,0.774,0.571,0.106,0.008,-16.7,31.0,31.7
2013,NOW,NOC,Tech,0.672,0.942,0.110,0.973,49.0,60.9,32.0
2013,NPK,CIC,Indu,0.413,0.556,0.689,0.137,-0.4,0.6,23.0
2013,NPO,CIC,Indu,0.342,0.664,0.336,0.340,20.5,61.9,34.9
2013,NTCT,NOC,Tech,0.066,0.270,0.668,0.373,28.8,24.4,30.2
2013,NX,CIC,Basi,0.525,0.218,0.278,0.218,13.3,5.9,26.0
2013,NXST,NOC,Comm,0.315,0.537,0.921,0.129,102.5,159.2,62.1
2013,OCSL,NOC,Fina,0.768,0.851,0.600,0.386,5.0,-13.0,17.9
2013,OFG,NOC,Fina,0.890,0.938,0.006,0.266,33.6,-7.6,18.7
2013,OIS,CIC,Ener,0.504,0.477,0.654,0.755,-5.2,23.1,30.0
2013,OLN,CIC,Basi,0.494,0.456,0.815,0.633,8.0,12.1,25.3
2013,OMAB,CIC,Indu,0.859,0.720,0.788,0.469,68.7,-7.2,22.4
2013,OMCL,NOC,Heal,0.284,0.469,0.890,0.135,-4.0,58.4,32.7
2013,ON,NOC,Tech,0.469,0.867,0.127,0.882,-11.1,0.0,20.5
2013,ONB,NOC,Fina,0.593,0.305,0.747,0.465,10.8,6.6,23.6
2013,ONTO,NOC,Tech,0.091,0.741,0.772,0.116,-25.2,4.9,22.2
2013,OPCH,NOC,Heal,0.803,0.888,0.017,0.176,56.4,-21.7,18.5
2013,OPK,NOC,Heal,0.743,0.961,0.985,0.728,52.5,25.1,30.4
2013,OSIS,NOC,Tech,0.351,0.284,0.392,0.415,1.5,-3.2,21.7
2013,OSK,CIC,Indu,0.344,0.620,0.166,0.898,69.2,25.2,27.5
2013,OSPN,NOC,Tech,0.481,0.873,0.104,0.000,-17.7,-13.1,22.6
2013,OTEX,NOC,Tech,0.297,0.286,0.658,0.865,13.6,51.6,37.8
2013,OXM,CIC,Cons,0.456,0.413,0.541,0.290,4.9,40.5,29.5
2013,OZK,NOC,Fina,0.500,0.649,0.880,0.434,14.4,65.0,40.1
2013,PAAS,CIC,Basi,0.886,0.710,0.261,0.753,-35.9,-15.3,21.9
2013,PB,NOC,Fina,0.320,0.589,0.973,0.751,5.5,39.2,33.8
2013,PBH,NOC,Heal,0.533,0.475,0.944,0.436,77.5,22.7,25.2
2013,PCRX,NOC,Heal,0.950,0.998,0.145,0.280,125.2,181.0,67.5
2013,PDM,NOC,Real,0.178,0.129,0.593,0.828,5.0,-14.1,17.6
2013,PEB,NOC,Real,0.824,0.929,0.712,0.502,7.2,33.6,34.5
2013,PENN,CIC,Cons,0.118,0.110,0.508,0.407,21.1,2.7,21.6
2013,PFS,NOC,Fina,0.712,0.041,0.766,0.288,6.0,19.6,26.0
2013,PKE,CIC,Indu,0.326,0.122,0.303,0.104,-8.3,15.4,19.3
2013,PKG,CIC,Cons,0.174,0.058,0.604,0.902,45.7,68.8,39.7
2013,PLUS,NOC,Tech,0.971,0.776,0.147,0.035,49.2,9.5,22.8
2013,PLXS,NOC,Tech,0.000,0.232,0.218,0.297,-24.6,67.8,39.7
2013,PNFP,NOC,Fina,0.807,0.604,0.612,0.210,20.6,61.5,39.0
2013,PNR,CIC,Indu,0.585,0.849,0.965,0.921,39.4,40.3,30.6
2013,PODD,NOC,Heal,0.384,0.697,0.373,0.359,7.6,114.0,54.5
2013,POOL,CIC,Indu,0.021,0.075,0.334,0.680,24.9,18.0,27.9
2013,POST,NOC,Cons,0.415,0.311,0.519,0.274,27.2,42.0,29.2
2013,POWI,NOC,Tech,0.226,0.301,0.678,0.390,3.0,55.2,35.6
2013,POWL,CIC,Indu,0.645,0.683,0.183,0.145,20.5,28.0,25.6
2013,PPLI,NOC,Comm,0.170,0.237,0.813,0.220,-9.6,81.3,46.0
2013,PRIM,CIC,Indu,0.149,0.894,0.737,0.361,31.3,55.9,37.5
2013,PTEN,CIC,Ener,0.811,0.900,0.230,0.855,22.6,7.3,22.0
2013,QDEL,NOC,Heal,0.732,0.890,0.927,0.259,62.2,26.3,28.9
2013,QGEN,NOC,Heal,0.434,0.118,0.477,0.990,27.4,15.5,25.1
2013,QUAD,CIC,Indu,0.193,0.977,0.164,0.353,47.0,12.9,28.3
2013,RBA,CIC,Indu,0.216,0.332,0.693,0.726,-7.3,5.0,27.6
2013,RBC,CIC,Indu,0.307,0.259,0.525,0.581,14.5,-8.9,18.7
2013,REG,NOC,Real,0.680,0.035,0.768,0.967,21.4,-0.4,24.4
2013,RES,CIC,Ener,0.400,0.857,0.456,0.811,33.4,32.1,28.1
2013,RGA,NOC,Fina,0.261,0.245,0.631,0.940,2.5,27.6,27.1
2013,RGR,CIC,Indu,0.436,0.546,0.936,0.365,34.5,26.3,32.4
2013,RHI,CIC,Indu,0.056,0.156,0.434,0.981,12.7,23.8,25.9
2013,RHP,NOC,Real,0.479,0.583,0.108,0.651,47.4,-4.0,24.1
2013,RLJ,NOC,Real,0.519,0.656,0.724,0.699,24.9,22.6,31.3
2013,RMBS,NOC,Tech,0.531,0.983,0.027,0.147,-42.7,75.9,40.7
2013,RNR,NOC,Fina,0.985,0.971,0.950,0.886,12.9,5.3,21.3
2013,RNST,NOC,Fina,0.734,0.973,0.531,0.151,48.9,32.5,31.9
2013,ROG,NOC,Tech,0.448,0.817,0.382,0.278,16.0,24.0,29.9
2013,RRX,CIC,Indu,0.199,0.434,0.222,0.813,18.8,-1.0,23.6
2013,RUSHA,CIC,Cons,0.137,0.828,0.162,0.172,2.3,17.7,26.9
2013,RVTY,NOC,Heal,0.095,0.205,0.263,0.907,19.6,33.2,28.4
2013,SAH,CIC,Cons,0.054,0.066,0.309,0.442,31.2,-4.2,24.5
2013,SAM,NOC,Cons,0.419,0.220,0.595,0.658,46.2,52.2,39.1
2013,SANM,NOC,Tech,0.029,0.112,0.197,0.342,11.9,29.7,29.3
2013,SBGI,NOC,Comm,0.770,0.724,0.969,0.417,19.3,92.3,46.7
2013,SBSI,NOC,Fina,0.662,0.923,0.029,0.037,-1.3,45.0,37.6
2013,SFNC,NOC,Fina,0.595,0.421,0.732,0.058,-1.4,47.2,35.6
2013,SHEN,NOC,Comm,0.608,0.512,0.591,0.019,47.1,81.8,46.6
2013,SHO,NOC,Real,0.502,0.836,0.272,0.533,30.8,12.3,26.8
2013,SHOO,CIC,Cons,0.523,0.753,0.622,0.637,5.6,18.1,31.2
2013,SIMO,NOC,Tech,0.471,0.745,0.290,0.095,-35.7,2.2,23.9
2013,SKT,NOC,Real,0.249,0.168,0.809,0.859,25.8,-7.3,21.2
2013,SLAB,NOC,Tech,0.176,0.427,0.759,0.627,-4.2,-4.0,21.1
2013,SLM,NOC,Fina,0.915,0.737,0.438,0.782,21.2,57.3,38.2
2013,SMCI,NOC,Tech,0.280,0.349,0.500,0.068,-40.0,71.4,40.4
2013,SMG,CIC,Basi,0.909,0.178,0.019,0.772,-16.6,30.5,26.9
2013,SMP,CIC,Cons,0.367,0.297,0.461,0.166,27.7,22.8,30.4
2013,SMTC,NOC,Tech,0.718,0.631,0.884,0.668,9.2,-17.1,20.4
2013,SNDA,NOC,Heal,0.068,0.102,0.517,0.201,189.7,2.1,24.6
2013,SNX,NOC,Tech,0.017,0.467,0.176,0.237,11.6,78.2,41.1
2013,SPB,NOC,Cons,0.934,0.813,0.892,0.554,75.9,29.8,23.1
2013,SPH,NOC,Util,0.826,0.782,0.948,0.722,-4.2,6.3,21.8
2013,SR,NOC,Util,0.658,0.624,0.100,0.315,-2.5,12.1,22.4
2013,SRCE,NOC,Fina,0.483,0.062,0.647,0.143,-11.9,39.2,33.6
2013,SSB,NOC,Fina,0.844,0.633,0.886,0.197,36.6,48.7,32.9
2013,SSD,CIC,Basi,0.541,0.166,0.332,0.523,-6.7,-1.1,20.3
2013,SSNC,NOC,Tech,0.556,0.811,0.983,0.622,19.9,68.3,38.1
2013,SSYS,NOC,Tech,0.552,0.488,0.898,0.614,80.8,84.7,46.3
2013,STAG,NOC,Real,0.830,0.994,0.994,0.228,52.7,9.5,26.7
2013,STC,NOC,Fina,0.963,0.432,0.535,0.180,89.5,21.9,28.8
2013,STE,NOC,Heal,0.290,0.705,0.579,0.718,30.2,9.6,22.8
2013,STLD,CIC,Basi,0.429,0.660,0.156,0.869,-3.0,13.1,25.5
2013,STN,CIC,Indu,0.728,0.703,0.863,0.591,31.8,48.1,39.0
2013,STRA,NOC,Cons,0.703,0.241,0.361,0.164,-49.8,-36.0,15.7
2013,SUI,NOC,Real,0.649,0.207,0.583,0.477,14.8,0.9,26.1
2013,SUZ,CIC,Basi,0.612,0.402,0.465,0.826,7.0,-15.0,17.9
2013,SWBI,CIC,Indu,0.676,0.647,0.911,0.122,80.7,13.6,26.6
2013,SWKS,NOC,Tech,0.093,0.409,0.730,0.936,12.1,35.0,32.6
2013,SXC,CIC,Basi,0.452,0.494,0.581,0.423,16.9,26.2,26.0
2013,SXI,CIC,Indu,0.197,0.172,0.483,0.234,33.2,0.7,21.7
2013,SYNA,NOC,Tech,0.527,0.398,0.305,0.376,-5.2,75.0,43.6
2013,TAC,NOC,Util,0.759,0.481,0.417,0.919,-26.3,-12.3,21.9
2013,TBBK,NOC,Fina,0.639,0.355,0.761,0.073,54.4,48.4,34.0
2013,TCOM,CIC,Cons,0.245,0.956,0.044,0.805,-7.7,121.8,46.9
2013,TDY,NOC,Tech,0.257,0.535,0.699,0.776,27.8,34.0,33.4
2013,TEN,CIC,Ener,0.064,0.465,0.207,0.463,-43.2,66.1,40.8
2013,TEO,NOC,Comm,0.932,0.174,0.718,0.732,-37.3,38.0,35.6
2013,TER,NOC,Tech,0.616,0.732,0.041,0.824,5.6,12.7,26.7
2013,TEX,CIC,Indu,0.575,0.761,0.098,0.905,48.4,25.6,30.2
2013,TFII,CIC,Indu,0.917,0.714,0.158,0.600,3.5,15.0,26.0
2013,TFSL,NOC,Fina,0.749,0.766,0.575,0.803,7.4,15.1,24.3
2013,THC,NOC,Heal,0.994,0.670,0.073,0.917,65.8,23.8,32.2
2013,THO,CIC,Cons,0.210,0.243,0.635,0.654,20.2,50.8,37.0
2013,THRM,CIC,Cons,0.288,0.992,0.529,0.108,1.5,70.7,41.9
2013,TK,CIC,Ener,0.940,0.180,0.010,0.730,23.5,57.2,40.6
2013,TKR,CIC,Indu,0.151,0.658,0.151,0.871,9.8,4.2,22.4
2013,TMUS,NOC,Comm,0.878,0.249,0.394,0.863,-17.4,67.2,44.1
2013,TOWN,NOC,Fina,0.660,0.380,0.824,0.091,20.4,-4.9,18.8
2013,TPC,CIC,Indu,0.114,0.863,0.228,0.286,12.6,24.4,32.5
2013,TREX,CIC,Indu,0.683,0.747,0.064,0.255,77.1,45.5,35.1
2013,TRGP,CIC,Ener,0.402,0.772,0.077,0.761,38.4,52.1,35.9
2013,TRMK,NOC,Fina,0.388,0.614,0.239,0.512,-10.2,10.7,24.1
2013,TRN,CIC,Indu,0.324,0.600,0.452,0.703,20.8,49.6,38.2
2013,TRST,NOC,Fina,0.678,0.274,0.774,0.100,-8.7,32.0,31.1
2013,TTEK,CIC,Indu,0.145,0.396,0.205,0.602,20.4,0.5,22.0
2013,TTI,CIC,Ener,0.641,0.525,0.537,0.241,-6.2,30.4,33.7
2013,TTMI,NOC,Tech,0.537,0.921,0.357,0.216,-39.6,-2.6,20.0
2013,TTWO,NOC,Tech,0.905,0.959,0.975,0.492,-19.5,51.5,33.0
2013,TX,CIC,Basi,0.475,0.612,0.178,0.938,-5.2,47.2,37.6
2013,TYL,NOC,Tech,0.278,0.183,0.707,0.585,48.2,87.9,39.1
2013,UAN,CIC,Basi,0.863,0.902,0.187,0.610,-9.6,-29.7,17.6
2013,UBSI,NOC,Fina,0.463,0.473,0.577,0.454,-9.2,13.4,23.7
2013,UCB,NOC,Fina,0.894,0.079,0.137,0.178,19.9,52.5,38.9
2013,UFPI,CIC,Basi,0.129,0.388,0.361,0.263,28.0,18.4,27.8
2013,UGI,NOC,Util,0.506,0.272,0.726,0.925,30.9,23.2,27.7
2013,UI,NOC,Tech,0.222,0.932,0.378,0.467,-38.3,162.3,53.9
2013,ULH,CIC,Indu,0.396,0.560,0.888,0.139,3.7,45.5,37.6
2013,UMBF,NOC,Fina,0.110,0.564,0.114,0.608,14.4,39.4,30.4
2013,UMC,NOC,Tech,0.697,0.629,0.280,0.996,-24.7,7.7,26.7
2013,UNFI,NOC,Cons,0.062,0.031,0.427,0.749,14.0,48.6,39.4
2013,UPBD,NOC,Tech,0.998,0.913,0.400,0.672,-4.7,-12.4,19.8
2013,VAC,CIC,Cons,0.247,0.017,0.442,0.488,52.8,24.7,32.8
2013,VECO,NOC,Tech,0.778,0.876,0.015,0.421,12.6,5.6,18.6
2013,VIAV,NOC,Tech,0.195,0.595,0.270,0.539,-5.6,-2.8,20.5
2013,VIPS,CIC,Cons,0.459,0.784,0.992,0.419,310.9,588.5,166.0
2013,VLY,NOC,Fina,0.654,0.539,0.313,0.631,-16.0,0.9,21.3
2013,VMI,CIC,Indu,0.154,0.573,0.533,0.923,35.6,1.4,24.8
2013,VNET,NOC,Tech,0.228,0.884,0.627,0.124,-24.8,220.6,80.9
2013,VSAT,NOC,Tech,0.554,0.502,0.803,0.562,-19.7,51.0,35.4
2013,VSH,NOC,Tech,0.604,0.386,0.180,0.573,-4.8,12.0,22.4
2013,WAB,CIC,Indu,0.087,0.216,0.683,0.985,40.1,52.5,37.2
2013,WABC,NOC,Fina,0.004,0.124,0.687,0.432,-7.3,11.0,28.5
2013,WAL,NOC,Fina,0.517,0.552,0.873,0.349,55.4,110.9,52.6
2013,WBS,NOC,Fina,0.407,0.253,0.745,0.645,0.6,41.9,36.6
2013,WCC,CIC,Indu,0.010,0.263,0.247,0.896,14.0,16.5,24.8
2013,WCN,CIC,Indu,0.052,0.127,0.763,0.963,10.9,20.9,28.6
2013,WEN,CIC,Cons,0.139,0.533,0.276,0.695,13.3,78.8,45.8
2013,WFG,CIC,Basi,0.981,0.330,0.467,0.880,66.2,22.7,29.0
2013,WGO,CIC,Cons,0.409,0.575,0.797,0.156,99.6,28.9,27.2
2013,WLFC,CIC,Indu,0.898,0.394,0.349,0.054,14.2,11.0,26.3
2013,WLYB,NOC,Comm,0.048,0.052,0.502,0.714,-19.2,51.0,39.1
2013,WNC,CIC,Indu,0.571,0.936,0.660,0.245,17.0,20.8,24.8
2013,WOR,CIC,Indu,0.417,0.307,0.409,0.413,52.1,59.1,35.6
2013,WRB,NOC,Fina,0.560,0.006,0.666,0.911,19.9,-2.4,21.3
2013,WSBC,NOC,Fina,0.716,0.004,0.554,0.189,9.1,25.1,27.3
2013,WSFS,NOC,Fina,0.757,0.415,0.402,0.062,30.9,46.4,33.5
2013,WSO,CIC,Indu,0.044,0.239,0.550,0.768,6.2,23.1,29.1
2013,WST,NOC,Heal,0.295,0.008,0.488,0.676,40.7,59.0,41.1
2013,WTFC,NOC,Fina,0.772,0.610,0.788,0.612,21.2,20.4,28.3
2013,WTM,NOC,Fina,0.884,0.801,0.087,0.878,17.7,1.8,21.7
2013,WWW,CIC,Cons,0.369,0.680,0.917,0.693,17.1,24.5,29.9
2013,YELP,NOC,Comm,0.037,0.002,0.882,0.490,-3.4,247.6,72.3
2013,ZBRA,NOC,Tech,0.077,0.010,0.504,0.710,14.0,28.2,32.0
2013,ZG,NOC,Comm,0.465,0.840,0.938,0.450,14.7,124.6,52.7
2013,ZWS,CIC,Indu,0.133,0.278,0.301,0.346,1.0,36.8,28.5
2014,AAON,CIC,Indu,0.605,0.412,0.290,0.326,57.1,29.2,23.3
2014,AAT,NOC,Real,0.657,0.177,0.669,0.599,12.7,27.2,19.8
2014,ABCB,NOC,Fina,0.883,0.386,0.245,0.130,79.3,11.5,17.7
2014,ABG,CIC,Cons,0.019,0.081,0.458,0.484,37.1,60.5,28.1
2014,ABR,NOC,Real,0.840,0.838,0.976,0.034,-8.6,5.0,16.0
2014,ACHC,NOC,Heal,0.081,0.456,0.949,0.714,98.7,24.3,17.6
2014,ADTN,NOC,Tech,0.520,0.571,0.480,0.490,24.3,-13.5,10.5
2014,AEIS,NOC,Tech,0.330,0.712,0.810,0.350,75.3,-9.6,15.0
2014,AER,CIC,Indu,0.968,0.772,0.964,0.955,158.5,12.0,19.0
2014,AG,CIC,Basi,0.913,0.770,0.023,0.424,-33.9,-50.4,8.3
2014,AGI,CIC,Basi,0.887,0.885,0.047,0.412,-25.6,-41.2,9.4
2014,AGM,NOC,Fina,0.919,0.966,0.062,0.040,-2.8,0.4,15.3
2014,AGO,NOC,Fina,0.832,0.992,1.000,0.938,29.1,12.6,19.0
2014,AGRO,NOC,Cons,0.872,0.708,0.414,0.974,-3.1,27.0,22.3
2014,AGX,CIC,Indu,0.847,0.996,0.620,0.056,77.5,33.9,26.2
2014,ALGN,NOC,Heal,0.185,0.307,0.855,0.989,99.8,0.1,14.3
2014,ALGT,CIC,Indu,0.874,0.192,0.473,0.584,35.1,83.2,29.8
2014,ALX,NOC,Real,0.401,0.228,0.838,0.576,7.9,29.5,20.0
2014,AMBA,NOC,Tech,0.388,0.122,0.744,0.341,184.3,81.2,30.5
2014,AMD,NOC,Tech,0.851,0.874,0.795,0.797,70.2,-42.7,7.0
2014,AMN,NOC,Heal,0.051,0.540,0.220,0.169,5.9,50.7,24.1
2014,AMRC,CIC,Indu,0.335,0.605,0.360,0.049,7.9,-21.2,13.9
2014,ANDE,NOC,Cons,0.079,0.531,0.115,0.527,81.3,-15.8,11.5
2014,ANGO,NOC,Heal,0.556,0.825,0.179,0.156,60.8,6.5,15.1
2014,APAM,NOC,Fina,0.878,0.620,0.932,0.394,55.3,-21.3,13.1
2014,APEI,NOC,Cons,0.143,0.437,0.356,0.241,18.8,-26.0,12.2
2014,APO,NOC,Fina,0.849,0.953,0.512,0.972,40.6,-21.1,11.9
2014,ARCC,NOC,Fina,0.844,0.896,0.864,0.981,-2.5,-5.4,15.8
2014,ARCO,CIC,Cons,0.416,0.085,0.328,0.618,-24.3,-55.8,6.8
2014,ARE,NOC,Real,0.429,0.350,0.789,0.994,-4.1,40.3,23.3
2014,ARLP,CIC,Ener,0.288,0.324,0.529,0.766,25.3,0.5,15.5
2014,AROC,CIC,Ener,0.765,0.631,0.258,0.508,55.8,-15.8,14.0
2014,ASR,CIC,Indu,0.729,0.375,0.893,0.810,-13.5,22.1,20.3
2014,ATO,NOC,Util,0.616,0.847,0.670,0.930,24.5,22.9,20.6
2014,ATRO,CIC,Indu,0.258,0.618,0.911,0.205,200.0,42.1,23.3
2014,AUB,NOC,Fina,0.633,0.512,0.699,0.143,22.2,-2.4,15.0
2014,AVAV,CIC,Indu,0.731,0.832,0.878,0.196,46.3,-11.4,15.0
2014,AVNT,CIC,Basi,0.497,0.623,0.748,0.814,47.5,7.7,18.9
2014,AX,NOC,Fina,0.716,0.429,0.923,0.348,131.7,8.5,17.5
2014,AXIA,NOC,Util,0.942,0.721,0.051,0.902,-11.1,-39.7,9.9
2014,AXON,CIC,Indu,0.424,0.548,0.847,0.328,174.3,42.9,23.9
2014,AZTA,NOC,Heal,0.411,0.655,0.618,0.175,6.0,34.4,22.3
2014,AZZ,CIC,Indu,0.292,0.486,0.780,0.330,0.9,12.4,17.4
2014,BANC,NOC,Fina,0.734,0.994,0.994,0.128,21.7,-14.2,15.2
2014,BB,NOC,Tech,0.885,0.725,0.013,0.944,-41.8,10.6,19.0
2014,BBSI,CIC,Indu,0.718,0.190,0.640,0.132,90.4,-61.5,6.5
2014,BC,CIC,Cons,0.277,0.077,0.288,0.898,20.7,21.3,17.3
2014,BCC,CIC,Basi,0.121,0.207,0.431,0.375,-6.0,42.4,22.9
2014,BCPC,CIC,Basi,0.192,0.217,0.499,0.514,33.5,17.0,19.5
2014,BDC,NOC,Tech,0.407,0.627,0.691,0.755,33.8,29.7,21.6
2014,BDN,NOC,Real,0.036,0.040,0.420,0.650,7.6,18.8,21.1
2014,BEP,NOC,Util,0.806,0.827,0.881,0.785,-3.1,6.3,19.0
2014,BJRI,CIC,Cons,0.891,0.107,0.226,0.250,-12.4,57.3,25.6
2014,BKD,NOC,Heal,0.409,0.294,0.284,0.831,0.5,28.9,22.9
2014,BKH,NOC,Util,0.623,0.414,0.638,0.670,31.6,-5.6,14.3
2014,BLX,NOC,Fina,0.783,0.876,0.900,0.331,18.5,25.2,23.6
2014,BTE,CIC,Ener,0.804,0.797,0.614,0.977,-13.2,-60.9,6.9
2014,BURL,CIC,Cons,0.420,0.102,0.333,0.646,19.9,91.3,29.4
2014,BUSE,NOC,Fina,0.667,0.215,0.377,0.081,20.3,14.0,20.0
2014,BVN,CIC,Basi,0.917,0.525,0.055,0.806,-50.8,-13.7,14.7
2014,BYD,CIC,Cons,0.262,0.863,0.371,0.414,57.1,20.4,15.8
2014,BZH,CIC,Cons,0.635,0.629,0.508,0.111,20.8,-21.5,11.9
2014,CACI,NOC,Tech,0.011,0.038,0.177,0.597,37.5,14.2,18.6
2014,CAKE,CIC,Cons,0.947,0.036,0.316,0.685,36.9,19.4,17.7
2014,CALM,NOC,Cons,0.582,0.094,0.495,0.495,47.0,24.5,21.1
2014,CALX,NOC,Tech,0.426,0.603,0.105,0.055,-6.6,27.7,16.5
2014,CAR,CIC,Indu,0.358,0.559,0.335,0.928,73.5,57.5,25.6
2014,CASY,CIC,Cons,0.060,0.132,0.279,0.719,18.2,28.9,20.2
2014,CATY,NOC,Fina,0.507,0.226,0.727,0.608,29.3,3.4,17.9
2014,CBRL,CIC,Cons,0.906,0.168,0.247,0.680,37.5,34.2,22.5
2014,CBT,CIC,Basi,0.230,0.369,0.460,0.783,10.1,-12.9,14.2
2014,CCOI,NOC,Comm,0.224,0.062,0.501,0.603,58.9,-3.8,16.4
2014,CCU,NOC,Cons,0.524,0.768,0.702,0.879,-35.2,-8.8,15.2
2014,CDE,CIC,Basi,0.838,0.565,0.269,0.382,-39.6,-40.9,9.4
2014,CERS,NOC,Heal,0.744,0.691,0.017,0.137,141.6,-31.2,11.5
2014,CFFN,NOC,Fina,0.471,0.275,0.610,0.563,1.6,1.9,16.1
2014,CGNX,NOC,Tech,0.045,0.260,0.763,0.859,92.2,-3.3,14.0
2014,CHDN,CIC,Cons,0.866,0.092,0.136,0.539,43.9,9.3,18.5
2014,CHE,NOC,Heal,0.102,0.126,0.205,0.499,6.4,26.4,19.7
2014,CHEF,NOC,Cons,0.040,0.533,0.742,0.139,42.0,-12.7,14.2
2014,CHH,CIC,Cons,0.124,0.058,0.574,0.748,30.4,30.1,21.1
2014,CIB,NOC,Fina,0.599,0.719,0.710,0.659,-32.2,2.0,21.7
2014,CIEN,NOC,Tech,0.397,0.305,0.444,0.710,39.5,-15.8,13.6
2014,CIGI,NOC,Real,0.441,0.041,0.405,0.347,38.3,24.7,16.8
2014,CLDT,NOC,Real,0.736,0.823,0.836,0.104,24.8,45.9,24.6
2014,CLF,CIC,Basi,0.684,0.435,0.143,0.832,-40.2,-70.7,3.3
2014,CLH,CIC,Indu,0.298,0.917,0.898,0.742,-13.3,13.7,19.2
2014,CLMT,CIC,Basi,0.475,0.819,0.185,0.601,-22.8,0.6,17.8
2014,CLS,NOC,Tech,0.004,0.213,0.121,0.586,16.5,13.5,16.1
2014,CMC,CIC,Basi,0.111,0.382,0.117,0.678,24.8,-22.7,10.9
2014,CMCO,CIC,Indu,0.294,0.356,0.168,0.100,49.1,-1.8,12.1
2014,CMP,CIC,Basi,0.508,0.734,0.902,0.751,18.6,5.4,15.7
2014,CMRE,CIC,Indu,0.825,0.497,0.874,0.316,16.8,-1.4,16.3
2014,CNC,NOC,Heal,0.486,0.759,0.556,0.825,30.7,85.5,31.0
2014,CNK,NOC,Comm,0.094,0.388,0.452,0.819,0.2,35.4,22.0
2014,CNOB,NOC,Fina,0.217,0.222,0.627,0.004,53.3,-3.3,12.3
2014,CNS,NOC,Fina,0.938,0.230,0.766,0.559,17.4,23.0,15.5
2014,CODI,CIC,Indu,0.053,0.851,0.241,0.266,16.8,-9.9,15.1
2014,COLB,NOC,Fina,0.595,0.262,0.544,0.763,31.2,-3.4,10.8
2014,CPAC,CIC,Basi,0.446,0.625,0.546,0.363,-30.0,-11.3,14.2
2014,CPK,NOC,Util,0.904,0.508,0.573,0.124,22.0,16.7,18.8
2014,CPS,CIC,Cons,0.132,0.311,0.390,0.299,52.3,-2.1,16.3
2014,CRI,CIC,Cons,0.482,0.141,0.493,0.900,32.8,12.6,18.8
2014,CRL,NOC,Heal,0.324,0.032,0.320,0.740,40.6,18.6,16.2
2014,CROX,CIC,Cons,0.669,0.301,0.066,0.454,8.2,-32.7,11.4
2014,CRS,CIC,Basi,0.156,0.650,0.183,0.798,12.9,-33.0,9.9
2014,CRUS,NOC,Tech,0.689,0.959,0.109,0.401,-29.8,38.9,21.4
2014,CSIQ,NOC,Tech,0.750,0.902,0.953,0.631,1138.7,-22.7,12.4
2014,CSL,CIC,Basi,0.934,0.537,0.578,1.000,12.8,19.1,19.8
2014,CTRE,NOC,Real,0.580,0.169,0.554,0.032,-10.3,-21.5,9.9
2014,CUBE,NOC,Real,0.356,0.179,0.586,0.691,22.6,35.3,22.4
2014,CUBI,NOC,Fina,0.868,0.915,0.682,0.079,27.1,7.2,14.0
2014,CUZ,NOC,Real,0.601,0.910,0.979,0.467,19.8,0.4,14.5
2014,CVCO,CIC,Cons,0.119,0.942,0.578,0.177,43.6,-1.2,14.1
2014,CVLT,NOC,Tech,0.032,0.023,0.712,0.842,-9.7,-31.6,11.1
2014,CW,CIC,Indu,0.510,0.476,0.601,0.780,73.3,11.7,18.1
2014,CWEN,NOC,Util,0.896,0.887,0.983,0.264,40.1,39.2,23.7
2014,CYD,CIC,Indu,0.211,0.642,0.565,0.215,44.5,-1.9,17.6
2014,DAC,CIC,Indu,0.895,0.614,0.655,0.181,50.4,-8.2,13.6
2014,DAKT,NOC,Tech,0.465,0.315,0.226,0.160,29.3,-11.2,15.0
2014,DAR,NOC,Cons,0.137,0.339,0.198,0.704,21.9,-14.9,14.6
2014,DCH,CIC,Cons,0.476,0.273,0.488,0.475,56.7,33.3,26.0
2014,DCOM,NOC,Fina,0.957,0.068,0.589,0.284,22.8,-3.2,15.3
2014,DDS,CIC,Cons,0.490,0.079,0.209,0.870,8.7,46.8,24.4
2014,DECK,CIC,Cons,0.597,0.450,0.797,0.770,109.3,-3.8,10.0
2014,DHC,NOC,Real,0.746,0.584,0.733,0.910,-13.1,2.6,17.1
2014,DIOD,NOC,Tech,0.478,0.663,0.652,0.358,16.9,21.8,18.2
2014,DLB,NOC,Tech,0.188,0.087,0.522,0.927,30.8,1.1,13.1
2014,DLX,NOC,Comm,0.113,0.008,0.569,0.733,46.6,13.6,15.2
2014,DMLP,CIC,Ener,0.991,0.791,0.844,0.217,6.8,-0.9,15.8
2014,DRH,NOC,Real,0.672,0.802,0.070,0.695,40.7,14.8,19.3
2014,DXC,NOC,Tech,0.659,0.341,0.102,0.915,20.6,17.9,19.0
2014,DXCM,NOC,Heal,0.857,0.733,0.823,0.787,207.6,41.8,24.2
2014,DXPE,CIC,Indu,0.072,0.542,0.399,0.469,73.7,-54.6,7.8
2014,DY,CIC,Indu,0.309,0.751,0.211,0.267,22.3,44.4,24.2
2014,EBF,CIC,Indu,0.493,0.096,0.124,0.062,6.2,-13.0,18.7
2014,ECHO,NOC,Comm,0.085,0.911,0.222,0.838,17.5,17.0,19.3
2014,ECPG,NOC,Fina,0.422,0.731,0.960,0.452,58.0,-12.2,14.6
2014,EEFT,NOC,Tech,0.196,0.060,0.311,0.665,85.2,6.3,14.5
2014,EFXT,CIC,Ener,0.303,0.757,0.056,0.352,13.9,-7.7,15.2
2014,EGY,CIC,Ener,0.932,0.693,0.925,0.030,-33.4,-24.3,11.6
2014,EMA,NOC,Util,0.879,0.742,0.940,0.957,-9.1,3.2,18.4
2014,ENOV,NOC,Heal,0.134,0.143,0.537,0.923,54.0,-23.4,12.7
2014,ENPH,CIC,Ener,0.554,0.932,0.358,0.011,50.1,99.9,31.2
2014,ENS,CIC,Indu,0.096,0.234,0.540,0.827,60.3,-7.2,16.5
2014,ENTG,NOC,Tech,0.350,0.380,0.524,0.520,15.9,19.2,20.7
2014,EPAC,CIC,Indu,0.058,0.422,0.151,0.701,7.4,-27.2,11.5
2014,EPAM,NOC,Tech,0.090,0.011,0.738,0.633,98.8,34.2,23.5
2014,EPC,NOC,Cons,0.100,0.149,0.322,0.951,10.0,35.3,22.0
2014,ERIE,NOC,Fina,0.791,0.836,0.821,0.878,-2.3,28.4,21.2
2014,ESLT,CIC,Indu,0.024,0.529,0.175,0.708,53.0,8.7,16.1
2014,ESRT,NOC,Real,0.831,0.913,0.977,0.463,15.6,17.9,19.7
2014,EVC,NOC,Comm,0.625,0.452,0.461,0.109,219.0,13.8,18.8
2014,EVO,NOC,Heal,0.774,0.638,0.026,0.237,55.2,-17.6,12.5
2014,EVRG,NOC,Util,0.795,0.185,0.550,0.945,11.3,16.2,19.7
2014,EWBC,NOC,Fina,0.573,0.360,0.804,0.991,43.6,13.1,19.5
2014,EXK,CIC,Basi,0.928,0.989,0.004,0.090,-21.2,-58.0,6.9
2014,EXLS,NOC,Tech,0.458,0.550,0.533,0.324,-6.3,7.6,18.7
2014,EXP,CIC,Basi,0.676,0.505,0.876,0.881,14.0,-2.1,16.4
2014,FAF,NOC,Fina,0.548,0.501,0.169,0.750,8.0,31.6,19.0
2014,FANG,CIC,Ener,0.976,0.976,0.992,0.753,173.2,20.4,19.5
2014,FBNC,NOC,Fina,0.930,0.716,0.849,0.051,45.1,-12.1,10.0
2014,FBP,NOC,Fina,0.994,0.934,0.945,0.301,-26.2,39.4,27.6
2014,FCF,NOC,Fina,0.678,0.514,0.249,0.209,12.7,6.8,17.4
2014,FCFS,NOC,Fina,0.386,0.232,0.516,0.473,-2.8,11.6,19.6
2014,FCN,CIC,Indu,0.169,0.151,0.224,0.369,-14.7,25.7,20.1
2014,FET,CIC,Ener,0.271,0.814,0.663,0.682,-2.0,-35.1,11.6
2014,FHN,NOC,Fina,0.533,0.441,0.215,0.736,10.6,12.4,14.7
2014,FICO,NOC,Tech,0.186,0.267,0.401,0.638,35.0,31.2,15.8
2014,FIVE,CIC,Cons,0.638,0.373,0.746,0.625,-3.0,-14.0,15.5
2014,FIX,CIC,Indu,0.414,0.282,0.230,0.162,35.7,-1.0,16.4
2014,FLEX,NOC,Tech,0.002,0.582,0.471,0.970,14.6,38.3,22.5
2014,FN,NOC,Tech,0.008,0.855,0.363,0.166,26.8,-11.4,14.7
2014,FNB,NOC,Fina,0.352,0.196,0.704,0.621,13.0,-7.5,12.3
2014,FNF,NOC,Fina,0.522,0.881,0.128,0.960,23.8,47.5,24.9
2014,FOR,NOC,Real,0.800,0.972,0.910,0.202,1.4,-24.0,13.2
2014,FORM,NOC,Tech,0.787,0.857,0.041,0.023,19.4,30.9,23.2
2014,FOXF,CIC,Cons,0.235,0.859,0.158,0.154,-10.5,-10.5,15.0
2014,FSM,CIC,Basi,0.863,0.898,0.053,0.087,-6.2,-6.4,14.0
2014,FSS,CIC,Indu,0.326,0.546,0.298,0.271,91.8,15.1,18.4
2014,FTK,CIC,Ener,0.341,0.684,0.814,0.426,65.8,-30.3,11.0
2014,FUL,CIC,Basi,0.243,0.569,0.354,0.718,43.4,-21.2,10.2
2014,FULT,NOC,Fina,0.691,0.181,0.394,0.669,7.3,0.1,17.7
2014,FUN,CIC,Cons,0.955,0.685,0.292,0.759,38.8,1.3,16.2
2014,FWRD,CIC,Indu,0.900,0.205,0.603,0.427,15.1,18.3,17.3
2014,GABC,NOC,Fina,0.620,0.083,0.672,0.043,21.1,3.6,18.3
2014,GBCI,NOC,Fina,0.670,0.363,0.846,0.648,95.1,-21.0,9.7
2014,GBDC,NOC,Fina,0.452,0.269,0.968,0.230,13.1,-1.8,17.0
2014,GBX,CIC,Indu,0.043,0.817,0.557,0.367,87.3,48.3,18.9
2014,GEO,CIC,Indu,0.403,0.188,0.352,0.661,-3.0,33.9,21.8
2014,GHM,CIC,Indu,0.642,0.782,0.141,0.038,52.0,-35.2,9.9
2014,GIII,CIC,Cons,0.460,0.316,0.623,0.493,82.5,57.2,28.7
2014,GLOB,NOC,Tech,0.646,0.554,0.866,0.058,9.5,138.2,29.3
2014,GME,CIC,Cons,0.531,0.467,0.343,0.932,33.5,6.7,18.8
2014,GMED,NOC,Heal,0.354,0.073,0.761,0.657,74.7,4.7,17.7
2014,GNRC,CIC,Indu,0.089,0.889,0.676,0.893,80.9,-15.9,11.9
2014,GNTX,CIC,Cons,0.431,0.488,0.859,0.976,69.1,6.8,17.4
2014,GPK,CIC,Cons,0.066,0.006,0.252,0.791,33.4,54.0,25.6
2014,GPN,NOC,Fina,0.145,0.109,0.552,0.968,39.8,23.1,17.1
2014,GPRK,CIC,Ener,0.810,0.866,0.831,0.075,-34.0,-42.6,10.2
2014,GRC,CIC,Indu,0.269,0.471,0.326,0.222,27.3,1.8,16.2
2014,GSAT,NOC,Comm,0.827,0.239,0.015,0.772,652.9,0.8,16.5
2014,GTN,NOC,Comm,0.793,0.787,0.145,0.153,161.6,2.0,17.1
2014,HAFC,NOC,Fina,0.768,0.653,0.768,0.228,52.5,-16.4,13.7
2014,HBM,CIC,Basi,0.812,0.561,0.032,0.461,-15.1,2.8,16.8
2014,HCI,NOC,Fina,0.923,0.864,0.906,0.141,140.2,-6.8,15.2
2014,HEI,CIC,Indu,0.203,0.258,0.759,0.891,58.1,7.0,18.0
2014,HELE,NOC,Cons,0.181,0.309,0.369,0.518,41.1,33.3,18.9
2014,HIMX,NOC,Tech,0.215,0.299,0.330,0.687,385.6,-45.8,7.8
2014,HL,CIC,Basi,0.949,0.861,0.751,0.373,-29.9,-7.3,15.1
2014,HLIO,CIC,Indu,0.256,0.330,0.723,0.356,44.9,-4.8,16.5
2014,HLIT,NOC,Tech,0.550,0.245,0.079,0.179,22.6,5.6,15.8
2014,HLX,CIC,Ener,0.685,0.821,0.403,0.667,-6.2,-14.3,13.9
2014,HNI,CIC,Cons,0.136,0.117,0.282,0.480,2.0,64.4,30.7
2014,HOMB,NOC,Fina,0.512,0.706,0.947,0.640,100.5,-14.4,10.7
2014,HOPE,NOC,Fina,0.682,0.927,0.930,0.397,25.6,-12.5,15.4
2014,HPP,NOC,Real,0.557,0.286,0.782,0.405,-3.5,40.6,23.5
2014,HR,NOC,Real,0.183,0.621,0.915,0.734,-12.3,27.6,19.9
2014,HTGC,NOC,Fina,0.819,0.928,0.883,0.313,30.2,-4.7,15.8
2014,HTHT,CIC,Cons,0.770,0.473,0.697,0.542,75.3,-17.5,13.4
2014,HTLD,CIC,Indu,0.369,0.539,0.817,0.569,51.9,26.1,21.1
2014,HUBG,CIC,Indu,0.013,0.635,0.347,0.482,8.1,-14.7,14.2
2014,HURN,CIC,Indu,0.708,0.520,0.678,0.488,85.0,13.9,19.1
2014,HWC,NOC,Fina,0.542,0.944,0.375,0.774,10.3,-30.8,9.3
2014,HWKN,CIC,Basi,0.644,0.810,0.166,0.047,-9.0,10.2,19.1
2014,IAG,CIC,Basi,0.846,0.701,0.000,0.512,-45.3,-45.6,8.8
2014,IART,NOC,Heal,0.234,0.089,0.309,0.478,13.6,24.5,20.9
2014,IBOC,NOC,Fina,0.561,0.424,0.791,0.492,12.3,10.5,18.7
2014,ICFI,CIC,Indu,0.083,0.235,0.186,0.190,43.4,18.6,19.8
2014,ICUI,NOC,Heal,0.281,0.134,0.318,0.292,3.9,39.2,19.1
2014,IDCC,NOC,Tech,0.972,0.849,0.829,0.407,-32.5,62.0,25.9
2014,IIIN,CIC,Indu,0.516,0.043,0.217,0.053,53.9,3.6,12.9
2014,IMAX,NOC,Comm,0.693,0.744,0.896,0.589,2.9,23.1,19.7
2014,INDB,NOC,Fina,0.621,0.056,0.480,0.260,16.4,13.0,19.2
2014,INN,NOC,Real,0.927,0.908,0.887,0.224,-2.0,44.6,25.3
2014,IOSP,CIC,Basi,0.315,0.303,0.535,0.335,5.5,-1.7,16.5
2014,IPGP,NOC,Tech,0.443,0.139,0.770,0.857,8.0,30.2,21.6
2014,IRS,NOC,Real,0.712,0.371,0.772,0.136,33.5,39.0,16.9
2014,ITRI,NOC,Tech,0.267,0.401,0.049,0.505,-18.1,-5.0,14.0
2014,IVT,NOC,Real,0.776,0.379,0.508,0.964,0.8,-66.6,5.3
2014,JBTM,CIC,Indu,0.207,0.454,0.348,0.281,49.3,14.7,20.5
2014,JLL,NOC,Real,0.964,0.237,0.665,0.983,15.8,36.5,21.6
2014,JOE,NOC,Real,0.755,0.936,0.778,0.548,-18.1,-5.0,15.7
2014,KAI,CIC,Indu,0.439,0.557,0.606,0.060,35.4,13.8,19.9
2014,KBH,CIC,Cons,0.586,0.753,0.367,0.529,12.5,-5.6,14.6
2014,KDP,NOC,Cons,0.171,0.000,0.411,0.525,17.2,59.0,24.0
2014,KFRC,CIC,Indu,0.147,0.284,0.264,0.149,36.2,32.7,18.1
2014,KFY,CIC,Indu,0.038,0.484,0.616,0.409,42.4,19.0,18.2
2014,KLIC,NOC,Tech,0.198,0.829,0.045,0.277,2.1,21.4,18.7
2014,KNX,CIC,Indu,0.876,0.171,0.395,0.392,33.6,56.6,24.0
2014,KOS,CIC,Ener,0.921,0.891,0.657,0.911,5.5,-19.2,13.4
2014,KRG,NOC,Real,0.318,0.589,0.863,0.194,2.6,18.9,17.4
2014,KRNY,NOC,Fina,0.723,0.746,0.588,0.203,12.8,19.9,17.7
2014,KRO,CIC,Basi,0.911,0.633,0.094,0.565,-13.1,-21.1,10.9
2014,KTOS,CIC,Indu,0.209,0.815,0.090,0.072,78.1,-31.7,9.7
2014,KWR,CIC,Basi,0.226,0.105,0.379,0.305,24.1,18.8,19.6
2014,LAD,CIC,Cons,0.030,0.021,0.548,0.533,51.9,42.9,25.0
2014,LCII,CIC,Cons,0.348,0.495,0.465,0.388,38.9,8.6,18.9
2014,LDOS,NOC,Tech,0.205,0.778,0.036,0.757,0.0,29.9,25.3
2014,LFUS,NOC,Tech,0.164,0.399,0.750,0.616,34.7,13.8,20.2
2014,LGND,NOC,Heal,0.710,0.923,0.834,0.290,244.0,-23.0,10.7
2014,LNN,CIC,Indu,0.249,0.482,0.305,0.345,-3.4,0.0,14.6
2014,LOGI,NOC,Tech,0.379,0.218,0.299,0.644,86.7,5.8,13.4
2014,LOPE,NOC,Cons,0.168,0.098,0.734,0.629,79.0,-2.5,15.5
2014,LPX,CIC,Basi,0.727,0.657,0.147,0.706,-11.6,-9.2,12.8
2014,LQDT,CIC,Cons,0.363,0.783,0.281,0.235,-22.8,-67.4,4.9
2014,LRN,NOC,Cons,0.663,0.510,0.190,0.256,16.5,-48.2,8.2
2014,LSCC,NOC,Tech,0.141,0.699,0.783,0.188,52.3,19.0,18.9
2014,LXP,NOC,Real,0.989,0.358,0.842,0.699,0.9,0.7,16.1
2014,LXU,CIC,Basi,0.701,0.439,0.637,0.220,-16.1,15.6,19.2
2014,LYV,NOC,Comm,0.719,0.298,0.277,0.934,115.9,19.5,19.8
2014,LZB,CIC,Cons,0.345,0.198,0.239,0.460,75.4,1.4,15.8
2014,MAA,NOC,Real,0.637,0.774,0.955,0.987,-1.0,22.4,21.7
2014,MAIN,NOC,Fina,0.802,0.800,0.719,0.444,5.4,-11.2,14.7
2014,MATV,CIC,Basi,0.160,0.264,0.137,0.476,16.9,-16.1,15.9
2014,MATX,CIC,Indu,0.371,0.390,0.234,0.339,-6.6,52.8,25.6
2014,MCRI,CIC,Cons,0.394,0.599,0.315,0.006,85.0,-3.3,16.4
2014,MCS,NOC,Comm,0.612,0.395,0.503,0.064,27.1,33.7,21.8
2014,MDXG,NOC,Heal,0.653,0.977,0.908,0.147,7.3,66.1,34.0
2014,MEI,NOC,Tech,0.373,0.702,0.895,0.386,136.9,29.5,22.9
2014,MELI,CIC,Cons,0.130,0.202,0.919,0.919,11.4,40.6,23.5
2014,MGNI,NOC,Comm,0.395,0.072,0.345,0.019,-49.1,77.7,20.6
2014,MGRC,CIC,Indu,0.559,0.377,0.388,0.294,24.6,-12.5,14.5
2014,MHO,CIC,Cons,0.075,0.431,0.725,0.207,-6.9,-19.0,13.5
2014,MIDD,CIC,Indu,0.139,0.420,0.815,0.906,82.0,22.4,21.4
2014,MKSI,NOC,Tech,0.488,0.812,0.917,0.510,5.7,19.7,19.5
2014,MLI,CIC,Indu,0.105,0.281,0.154,0.556,9.7,6.1,18.0
2014,MLKN,CIC,Cons,0.610,0.160,0.382,0.557,12.8,0.1,15.8
2014,MLM,CIC,Basi,0.725,0.644,0.469,0.998,8.5,11.6,18.4
2014,MMYT,CIC,Cons,0.738,0.595,0.254,0.298,76.3,7.0,15.3
2014,MOD,CIC,Indu,0.126,0.426,0.218,0.151,55.4,-2.7,15.8
2014,MOH,NOC,Heal,0.461,0.443,0.250,0.537,24.1,44.3,21.4
2014,MORN,NOC,Fina,0.706,0.019,0.599,0.866,15.6,-13.1,12.8
2014,MOV,CIC,Cons,0.448,0.254,0.324,0.384,39.4,-44.7,10.0
2014,MPLX,CIC,Ener,0.855,0.183,0.736,0.844,37.0,68.9,29.6
2014,MRCY,CIC,Indu,0.740,0.574,0.171,0.028,37.1,34.3,23.6
2014,MSCI,NOC,Fina,0.179,0.030,0.765,0.992,21.7,35.3,22.5
2014,MTH,CIC,Cons,0.499,0.652,0.891,0.571,2.4,-26.5,11.8
2014,MTRN,CIC,Basi,0.275,0.362,0.130,0.134,0.9,31.4,20.8
2014,MTX,CIC,Basi,0.070,0.070,0.416,0.591,30.2,12.0,16.0
2014,MTZ,CIC,Indu,0.260,0.416,0.635,0.765,26.5,-45.6,9.0
2014,MUX,CIC,Basi,0.998,0.960,0.002,0.262,11.7,-65.1,5.5
2014,MWA,CIC,Indu,0.503,0.637,0.296,0.437,38.2,22.5,20.5
2014,MXL,NOC,Tech,0.375,0.552,0.446,0.041,91.8,-17.8,13.8
2014,MYE,CIC,Cons,0.322,0.158,0.156,0.183,49.1,-9.6,15.5
2014,MYRG,CIC,Indu,0.247,0.806,0.271,0.102,2.3,6.0,14.7
2014,NBHC,NOC,Fina,0.782,0.755,0.096,0.307,9.9,-13.5,12.9
2014,NEOG,NOC,Heal,0.412,0.090,0.716,0.567,44.2,3.4,16.6
2014,NICE,NOC,Tech,0.320,0.064,0.514,0.674,4.6,32.0,23.3
2014,NJR,NOC,Util,0.772,0.900,0.484,0.588,9.9,48.5,24.8
2014,NMM,CIC,Indu,1.000,0.411,0.612,0.458,24.8,-36.6,10.1
2014,NNI,NOC,Fina,0.751,0.780,0.966,0.550,9.9,28.7,21.3
2014,NOG,CIC,Ener,0.960,0.906,0.889,0.296,12.0,-44.8,9.1
2014,NOVT,NOC,Tech,0.759,0.765,0.729,0.068,28.6,1.7,17.4
2014,NPK,CIC,Indu,0.367,0.606,0.292,0.115,2.2,-26.8,11.0
2014,NPO,CIC,Indu,0.254,0.367,0.188,0.573,62.1,-11.3,16.5
2014,NTCT,NOC,Tech,0.047,0.175,0.787,0.501,42.2,-8.0,12.3
2014,NVAX,NOC,Heal,0.953,0.962,0.021,0.399,220.2,59.2,26.1
2014,NVGS,CIC,Indu,0.766,0.608,0.962,0.450,79.4,-27.1,11.8
2014,NVMI,NOC,Tech,0.392,0.665,0.819,0.013,27.8,-4.2,15.0
2014,NWPX,CIC,Indu,0.540,0.672,0.040,0.021,42.6,-33.5,11.3
2014,NX,CIC,Basi,0.525,0.403,0.213,0.198,6.0,0.1,16.8
2014,NXST,NOC,Comm,0.721,0.446,0.757,0.420,151.1,27.8,21.4
2014,OCFC,NOC,Fina,0.704,0.326,0.092,0.002,23.1,-3.2,15.7
2014,OCSL,NOC,Fina,0.565,0.883,0.985,0.456,-11.6,-11.2,15.0
2014,OFG,NOC,Fina,0.910,0.981,0.989,0.211,-8.9,4.9,18.1
2014,OIS,CIC,Ener,0.648,0.842,0.058,0.802,25.1,-24.6,12.3
2014,OLED,NOC,Tech,0.815,0.968,0.970,0.531,26.1,1.1,16.7
2014,OLN,CIC,Basi,0.505,0.580,0.162,0.642,12.4,-7.3,15.3
2014,OMAB,CIC,Indu,0.714,0.492,0.659,0.411,-6.0,48.6,24.7
2014,OMCL,NOC,Heal,0.284,0.507,0.582,0.279,58.7,25.4,21.0
2014,OMF,NOC,Fina,0.881,0.998,0.996,0.776,41.7,77.5,25.1
2014,ON,NOC,Tech,0.347,0.354,0.422,0.872,2.6,24.9,20.8
2014,ONB,NOC,Fina,0.266,0.475,0.435,0.433,1.5,0.6,16.7
2014,ONTO,NOC,Tech,0.153,0.789,0.068,0.113,6.4,-5.3,15.2
2014,OPCH,NOC,Heal,0.286,0.925,0.706,0.122,-22.6,-27.6,12.1
2014,OPI,NOC,Real,0.661,0.365,0.648,0.435,-2.7,-8.4,14.8
2014,OPK,NOC,Heal,0.814,0.983,0.011,0.889,23.5,57.9,27.9
2014,OPY,NOC,Fina,0.021,0.352,0.714,0.024,34.3,-15.8,12.9
2014,OSIS,NOC,Tech,0.382,0.527,0.633,0.371,-1.7,24.8,22.0
2014,OSK,CIC,Indu,0.433,0.490,0.104,0.985,35.1,-24.1,13.3
2014,OSPN,NOC,Tech,0.331,0.578,0.484,0.017,8.1,231.3,51.6
2014,OUT,NOC,Real,0.571,0.009,0.331,0.768,3.3,-5.5,19.7
2014,OXM,CIC,Cons,0.444,0.186,0.407,0.395,42.0,-22.1,13.7
2014,OZK,NOC,Fina,0.328,0.499,0.927,0.635,63.9,17.5,14.6
2014,PAAS,CIC,Basi,0.889,0.646,0.006,0.655,-10.0,-23.0,12.3
2014,PAHC,NOC,Heal,0.699,0.804,0.957,0.105,4.9,90.8,35.8
2014,PATK,CIC,Cons,0.068,0.203,0.776,0.009,283.6,11.0,17.7
2014,PB,NOC,Fina,0.041,0.680,0.944,0.913,43.6,-26.4,12.2
2014,PBH,NOC,Heal,0.480,0.793,0.450,0.441,11.6,33.5,22.2
2014,PCRX,NOC,Heal,0.944,0.979,0.991,0.721,199.4,51.1,25.4
2014,PDM,NOC,Real,0.128,0.249,0.597,0.729,-13.9,16.4,19.3
2014,PEB,NOC,Real,0.798,0.710,0.629,0.610,32.9,55.1,24.5
2014,PENN,CIC,Cons,0.056,0.328,0.008,0.286,9.2,27.1,19.1
2014,PFS,NOC,Fina,0.576,0.154,0.642,0.315,14.9,-0.5,15.3
2014,PKE,CIC,Indu,0.337,0.128,0.266,0.126,14.1,-13.9,11.9
2014,PLUS,NOC,Tech,0.945,0.940,0.424,0.066,9.2,31.7,23.3
2014,PLXS,NOC,Tech,0.000,0.224,0.190,0.486,72.0,-8.1,12.0
2014,PNFP,NOC,Fina,0.456,0.271,0.793,0.360,66.6,13.1,13.8
2014,PODD,NOC,Heal,0.343,0.718,0.448,0.693,111.4,-26.5,12.1
2014,POOL,CIC,Indu,0.026,0.137,0.275,0.702,19.2,17.7,17.0
2014,POST,NOC,Cons,0.544,0.465,0.665,0.379,42.2,-12.0,14.6
2014,POWI,NOC,Tech,0.427,0.418,0.631,0.574,50.2,-5.7,17.1
2014,POWL,CIC,Indu,0.282,0.736,0.518,0.192,29.6,-32.0,11.4
2014,PPC,NOC,Cons,0.567,0.331,0.153,0.947,87.6,55.0,21.3
2014,PPLI,NOC,Comm,0.527,0.648,0.301,0.377,83.6,-11.2,15.2
2014,PRDO,NOC,Cons,0.365,0.147,0.024,0.098,118.8,-31.6,11.8
2014,PRIM,CIC,Indu,0.149,0.704,0.463,0.524,56.4,-32.6,11.7
2014,PRMB,NOC,Cons,0.218,0.017,0.119,0.045,253.6,35.0,24.1
2014,PSEC,NOC,Fina,0.748,0.949,0.981,0.782,-5.4,-21.3,14.3
2014,PSIX,CIC,Indu,0.220,0.448,0.520,0.200,225.8,-26.4,12.2
2014,PTEN,CIC,Ener,0.902,0.591,0.203,0.904,21.7,-39.2,10.1
2014,QDEL,NOC,Heal,0.757,0.840,0.100,0.337,26.0,-19.6,12.0
2014,QNST,NOC,Comm,0.552,0.277,0.075,0.026,29.2,-31.9,11.4
2014,QUAD,CIC,Indu,0.290,0.588,0.571,0.390,13.4,-9.4,15.2
2014,RBA,CIC,Indu,0.245,0.250,0.753,0.676,0.9,16.4,20.0
2014,RBC,CIC,Indu,0.190,0.409,0.531,0.544,-8.8,-2.2,15.6
2014,REG,NOC,Real,0.797,0.026,0.173,0.959,-0.7,34.6,19.9
2014,RES,CIC,Ener,0.631,0.597,0.433,0.883,23.6,-30.2,11.4
2014,RGEN,NOC,Heal,0.780,0.951,0.384,0.073,110.9,89.3,26.5
2014,RGR,CIC,Indu,0.362,0.335,0.827,0.439,27.8,-36.7,10.7
2014,RHP,NOC,Real,0.836,0.166,0.307,0.723,-3.8,34.8,22.4
2014,RLJ,NOC,Real,0.629,0.173,0.540,0.795,22.9,22.2,20.7
2014,RMBS,NOC,Tech,0.405,0.776,0.721,0.343,87.5,11.0,19.5
2014,RNST,NOC,Fina,0.614,0.567,0.832,0.282,29.9,-2.3,16.4
2014,ROG,NOC,Tech,0.535,0.392,0.437,0.362,28.7,30.5,20.1
2014,RRX,CIC,Indu,0.173,0.535,0.122,0.821,0.2,3.6,18.5
2014,RUSHA,CIC,Cons,0.062,0.798,0.605,0.226,19.8,4.8,14.3
2014,RYN,NOC,Real,0.546,0.337,0.755,0.925,-19.0,-10.8,16.1
2014,SAH,CIC,Cons,0.028,0.047,0.260,0.403,0.2,12.1,19.5
2014,SAM,NOC,Cons,0.435,0.405,0.812,0.800,53.8,32.9,22.3
2014,SANM,NOC,Tech,0.023,0.024,0.139,0.416,26.0,55.7,27.4
2014,SB,CIC,Indu,0.925,0.556,0.951,0.239,171.7,-64.4,6.0
2014,SBGI,NOC,Comm,0.761,0.480,0.851,0.725,81.8,1.7,17.2
2014,SBLK,CIC,Indu,0.983,0.964,0.134,0.070,134.1,-79.2,3.3
2014,SBSI,NOC,Fina,0.665,0.808,0.938,0.119,46.5,2.2,16.9
2014,SFNC,NOC,Fina,0.273,0.469,0.273,0.145,46.0,19.8,17.2
2014,SGI,CIC,Cons,0.974,1.000,0.038,0.689,21.3,16.1,20.1
2014,SHEN,NOC,Comm,0.588,0.111,0.475,0.164,83.9,11.8,18.9
2014,SHO,NOC,Real,0.578,0.461,0.373,0.663,12.1,30.7,20.6
2014,SHOO,CIC,Cons,0.202,0.697,0.539,0.672,20.6,-5.7,15.8
2014,SIMO,NOC,Tech,0.501,0.831,0.073,0.085,1.9,77.8,31.3
2014,SKT,NOC,Real,0.049,0.247,0.798,0.804,-7.2,13.9,15.5
2014,SLAB,NOC,Tech,0.279,0.460,0.200,0.620,3.0,-4.3,16.8
2014,SLM,NOC,Fina,0.979,0.921,0.256,0.917,56.8,-0.6,13.0
2014,SLRC,NOC,Fina,0.981,0.893,0.936,0.303,-10.9,-10.9,15.0
2014,SM,CIC,Ener,0.977,0.879,0.687,0.778,53.6,-47.6,8.8
2014,SMCI,NOC,Tech,0.228,0.256,0.584,0.247,76.2,89.7,23.1
2014,SMG,CIC,Basi,0.842,0.322,0.028,0.853,27.7,16.1,19.4
2014,SMP,CIC,Cons,0.399,0.343,0.490,0.254,39.4,7.4,18.0
2014,SMTC,NOC,Tech,0.785,0.750,0.009,0.561,-16.7,16.8,19.1
2014,SNDA,NOC,Heal,0.158,0.136,0.286,0.185,2.8,-1.9,16.6
2014,SNX,NOC,Tech,0.009,0.121,0.337,0.380,81.6,10.5,16.8
2014,SPB,NOC,Cons,0.627,0.714,0.718,0.653,41.1,15.4,20.0
2014,SPH,NOC,Util,0.966,0.895,0.503,0.731,6.4,1.8,16.9
2014,SPNT,NOC,Fina,0.829,0.945,0.959,0.522,15.4,-7.6,15.4
2014,SR,NOC,Util,0.697,0.853,0.904,0.465,10.4,24.0,21.7
2014,SRCE,NOC,Fina,0.563,0.124,0.427,0.232,40.9,-2.0,12.4
2014,SSD,CIC,Basi,0.518,0.292,0.441,0.507,-0.7,5.3,17.5
2014,SSNC,NOC,Tech,0.469,0.870,0.646,0.836,71.4,57.0,23.9
2014,SSRM,CIC,Basi,0.789,0.974,0.030,0.252,2.3,-44.7,9.1
2014,STAA,NOC,Heal,0.154,0.288,0.262,0.107,153.8,-51.1,8.3
2014,STAG,NOC,Real,0.753,0.970,0.870,0.322,11.0,12.5,20.2
2014,STC,NOC,Fina,0.992,0.522,0.083,0.275,39.0,2.1,14.8
2014,STE,NOC,Heal,0.175,0.013,0.478,0.716,9.5,53.6,27.3
2014,STLD,CIC,Basi,0.092,0.427,0.380,0.896,9.9,7.2,16.4
2014,STN,CIC,Indu,0.034,0.524,0.574,0.746,52.6,-14.9,14.1
2014,STRA,NOC,Cons,0.861,0.004,0.043,0.083,-11.8,48.4,19.8
2014,SUI,NOC,Real,0.492,0.100,0.674,0.540,-1.3,47.6,25.1
2014,SUZ,CIC,Basi,0.584,0.347,0.525,0.876,-8.9,40.4,24.3
2014,SWBI,CIC,Indu,0.514,0.640,0.591,0.094,15.4,15.6,19.6
2014,SXC,CIC,Basi,0.377,0.748,0.077,0.503,30.2,-24.2,10.8
2014,SXI,CIC,Indu,0.107,0.119,0.301,0.186,-3.8,31.0,22.7
2014,SYNA,NOC,Tech,0.316,0.868,0.857,0.623,74.5,18.0,14.5
2014,TAC,NOC,Util,0.733,0.682,0.098,0.823,-18.9,-27.7,11.6
2014,TBBK,NOC,Fina,0.742,0.667,0.868,0.218,48.4,-56.3,5.0
2014,TDY,NOC,Tech,0.194,0.243,0.392,0.864,32.3,2.1,12.6
2014,TEN,CIC,Ener,0.117,0.241,0.497,0.652,70.4,5.7,18.1
2014,TEO,NOC,Comm,0.808,0.194,0.443,0.812,37.8,20.0,16.2
2014,TER,NOC,Tech,0.606,0.766,0.418,0.962,15.0,-3.6,12.0
2014,TFII,CIC,Indu,0.959,0.616,0.072,0.614,3.0,24.1,16.8
2014,TFSL,NOC,Fina,0.915,0.878,0.467,0.846,16.0,22.2,17.5
2014,THC,NOC,Heal,0.987,0.795,0.928,0.966,27.6,-7.2,15.4
2014,THO,CIC,Cons,0.333,0.610,0.081,0.789,53.1,5.9,17.1
2014,THRM,CIC,Cons,0.104,0.985,0.650,0.354,87.8,37.8,22.2
2014,TK,CIC,Ener,0.603,0.156,0.107,0.887,58.8,-14.2,13.7
2014,TKR,CIC,Indu,0.574,0.516,0.243,0.885,10.1,-0.4,14.2
2014,TOWN,NOC,Fina,0.608,0.518,0.492,0.096,-4.7,-1.4,15.8
2014,TPC,CIC,Indu,0.232,0.669,0.196,0.365,27.4,13.4,18.8
2014,TREX,CIC,Indu,0.640,0.659,0.785,0.446,75.7,12.6,18.8
2014,TRGP,CIC,Ener,0.418,0.738,0.808,0.908,55.2,-3.2,15.0
2014,TRN,CIC,Indu,0.484,0.689,0.853,0.834,49.9,-0.5,16.2
2014,TROX,CIC,Basi,0.893,0.727,0.087,0.697,16.8,1.4,17.2
2014,TRST,NOC,Fina,0.569,0.290,0.559,0.171,31.6,-4.2,12.3
2014,TSEM,NOC,Tech,0.652,0.763,0.064,0.092,20.7,49.8,28.7
2014,TTEK,CIC,Indu,0.064,0.162,0.194,0.578,-3.0,-12.1,14.3
2014,TTI,CIC,Ener,0.680,0.586,0.089,0.288,30.0,-58.5,7.1
2014,TTMI,NOC,Tech,0.390,0.320,0.181,0.168,-2.6,-9.9,16.0
2014,TYL,NOC,Tech,0.200,0.045,0.661,0.863,89.1,7.2,19.0
2014,UAN,CIC,Basi,0.853,0.678,0.879,0.448,-25.5,-33.7,10.6
2014,UBSI,NOC,Fina,0.162,0.397,0.567,0.497,16.6,14.9,16.4
2014,UCB,NOC,Fina,0.962,0.252,0.693,0.318,53.8,14.0,19.0
2014,UCTT,NOC,Tech,0.213,0.695,0.800,0.036,92.0,-17.3,12.9
2014,UFPI,CIC,Basi,0.166,0.209,0.362,0.311,19.8,4.9,17.7
2014,UGI,NOC,Util,0.339,0.145,0.621,0.996,19.7,37.2,24.9
2014,UI,NOC,Tech,0.305,0.938,0.972,0.868,175.3,-33.3,11.1
2014,ULH,CIC,Indu,0.589,0.729,0.235,0.234,45.7,-6.9,14.9
2014,UNFI,NOC,Cons,0.017,0.051,0.412,0.874,49.4,5.8,16.5
2014,UPBD,NOC,Tech,0.250,0.670,0.207,0.546,-11.9,9.8,16.5
2014,USAC,CIC,Ener,0.898,0.563,0.921,0.309,31.2,-27.3,11.3
2014,USLM,CIC,Basi,0.454,0.348,0.237,0.000,18.6,32.4,21.0
2014,UTI,NOC,Cons,0.618,0.034,0.160,0.015,14.1,-34.2,10.5
2014,UVE,NOC,Fina,0.763,0.676,0.695,0.089,214.2,57.6,27.5
2014,VAC,CIC,Cons,0.301,0.066,0.232,0.593,28.4,48.7,24.6
2014,VECO,NOC,Tech,0.823,0.740,0.019,0.516,34.4,-25.0,12.1
2014,VIAV,NOC,Tech,0.463,0.164,0.267,0.552,2.6,6.8,15.3
2014,VISN,NOC,Tech,0.237,0.318,0.313,0.855,26.6,64.1,26.2
2014,VLY,NOC,Fina,0.252,0.593,0.684,0.606,1.4,-7.4,13.2
2014,VMI,CIC,Indu,0.296,0.313,0.350,0.921,4.2,-20.1,12.6
2014,VNET,NOC,Tech,0.151,0.576,0.685,0.580,219.7,-37.3,9.6
2014,VRTS,NOC,Fina,0.529,0.104,0.913,0.582,33.7,-28.2,10.7
2014,VSAT,NOC,Tech,0.380,0.384,0.409,0.738,51.1,-1.2,13.5
2014,VSH,NOC,Tech,0.313,0.544,0.527,0.612,11.9,3.2,18.0
2014,WABC,NOC,Fina,0.115,0.002,0.593,0.429,12.5,-12.5,14.8
2014,WAL,NOC,Fina,0.778,0.333,0.825,0.627,104.0,4.8,14.0
2014,WBS,NOC,Fina,0.087,0.015,0.561,0.744,40.6,11.8,19.0
2014,WCC,CIC,Indu,0.015,0.130,0.476,0.940,12.0,-18.6,11.6
2014,WD,NOC,Fina,0.650,0.947,0.164,0.117,-17.2,13.3,16.4
2014,WEN,CIC,Cons,0.299,0.053,0.132,0.895,74.4,4.7,11.9
2014,WEX,NOC,Tech,0.222,0.211,0.802,0.829,14.8,14.7,20.5
2014,WFG,CIC,Basi,0.985,0.444,0.113,0.949,22.5,17.9,19.3
2014,WGO,CIC,Cons,0.241,0.612,0.680,0.213,33.4,-13.6,15.2
2014,WLFC,CIC,Indu,0.940,0.433,0.740,0.077,19.9,9.6,16.6
2014,WLYB,NOC,Comm,0.098,0.075,0.341,0.849,52.6,6.1,11.1
2014,WNC,CIC,Indu,0.473,0.266,0.386,0.273,19.6,-7.9,15.6
2014,WOR,CIC,Indu,0.077,0.478,0.623,0.554,30.2,-25.5,14.5
2014,WSBC,NOC,Fina,0.702,0.394,0.806,0.258,26.7,9.7,19.3
2014,WSFS,NOC,Fina,0.834,0.573,0.774,0.173,48.0,5.5,15.9
2014,WSO,CIC,Indu,0.006,0.115,0.339,0.808,20.2,17.7,17.0
2014,WST,NOC,Heal,0.177,0.028,0.426,0.847,61.2,8.1,17.3
2014,WT,NOC,Fina,0.908,0.785,0.974,0.605,55.4,33.4,22.5
2014,WTFC,NOC,Fina,0.674,0.279,0.595,0.684,24.6,-9.5,11.1
2014,WTM,NOC,Fina,0.859,0.674,0.644,0.861,4.3,12.5,17.0
2014,WTRG,NOC,Util,0.537,0.153,0.708,0.942,8.4,6.6,17.6
2014,WWW,CIC,Cons,0.360,0.919,0.397,0.712,13.1,13.6,17.7
2014,ZBRA,NOC,Tech,0.122,0.113,0.608,0.817,46.6,37.1,21.9
2014,ZG,NOC,Comm,0.384,0.687,0.934,0.840,130.6,16.6,18.7
2014,ZWS,CIC,Indu,0.055,0.296,0.429,0.431,35.8,-5.5,15.7
2015,AAON,CIC,Indu,0.630,0.374,0.676,0.395,23.4,-0.4,-5.7
2015,AAT,NOC,Real,0.096,0.062,0.698,0.714,27.1,-17.8,-7.5
2015,ABCB,NOC,Fina,0.562,0.539,0.845,0.205,11.4,10.8,-6.4
2015,ABG,CIC,Cons,0.005,0.034,0.374,0.655,59.8,-42.4,-0.7
2015,ABR,NOC,Real,0.714,0.749,0.486,0.039,1.3,-10.1,-2.9
2015,ACHC,NOC,Heal,0.142,0.754,0.888,0.890,25.9,-17.0,-5.7
2015,ACLS,NOC,Tech,0.632,0.797,0.270,0.002,6.6,2.0,0.6
2015,ADTN,NOC,Tech,0.470,0.450,0.133,0.400,-11.6,-24.6,-0.6
2015,AEIS,NOC,Tech,0.740,0.577,0.206,0.313,-7.8,14.7,2.4
2015,AG,CIC,Basi,0.961,0.810,0.018,0.165,-52.0,-18.5,-4.7
2015,AGCO,CIC,Indu,0.311,0.468,0.121,0.959,-5.7,-1.3,1.4
2015,AGI,CIC,Basi,0.979,0.788,0.110,0.217,-42.0,-14.5,-0.4
2015,AGM,NOC,Fina,0.938,0.947,0.986,0.028,-4.8,5.8,-1.9
2015,AGO,NOC,Fina,0.916,0.984,0.975,0.940,10.8,-7.4,-5.2
2015,AGX,CIC,Indu,0.884,0.915,0.916,0.098,26.4,-1.7,2.8
2015,ALB,CIC,Basi,0.641,0.185,0.078,0.948,-12.4,-5.5,-0.7
2015,ALGN,NOC,Heal,0.180,0.125,0.705,0.986,0.3,4.7,-1.4
2015,ALGT,CIC,Indu,0.710,0.109,0.489,0.786,77.3,-8.2,2.0
2015,ALNT,CIC,Indu,0.071,0.973,0.664,0.037,108.9,-21.1,-1.3
2015,ALX,NOC,Real,0.488,0.112,0.788,0.660,29.4,-17.8,-7.5
2015,AMBA,NOC,Tech,0.194,0.571,0.922,0.626,85.3,-28.2,-2.1
2015,AMD,NOC,Tech,0.712,0.783,0.028,0.550,-46.3,-9.4,-0.7
2015,AMH,NOC,Real,0.940,0.824,0.956,0.842,-3.1,-17.5,-5.1
2015,AMN,NOC,Heal,0.060,0.219,0.464,0.294,47.2,24.0,-6.3
2015,AMRC,CIC,Indu,0.356,0.605,0.263,0.018,-16.8,-10.9,-2.4
2015,ANDE,NOC,Cons,0.281,0.628,0.073,0.456,-16.1,-41.9,-4.9
2015,ANGO,NOC,Heal,0.205,0.770,0.301,0.190,6.7,-38.0,2.8
2015,ANIP,NOC,Heal,0.874,0.922,0.984,0.224,171.4,-51.7,-2.1
2015,APAM,NOC,Fina,0.756,0.560,0.747,0.434,-18.3,-45.2,-3.0
2015,APEI,NOC,Cons,0.117,0.126,0.612,0.141,-25.9,-56.6,-2.3
2015,APO,NOC,Fina,0.776,0.977,0.043,0.906,-23.0,-47.3,-0.8
2015,ARCO,CIC,Cons,0.473,0.395,0.130,0.358,-47.0,-46.0,-0.1
2015,ARES,NOC,Fina,0.920,0.954,0.943,0.505,7.7,-39.7,-3.0
2015,ARLP,CIC,Ener,0.480,0.308,0.573,0.756,-1.3,-71.0,0.4
2015,AROC,CIC,Ener,0.692,0.712,0.619,0.463,-11.8,-80.1,-1.2
2015,ASR,CIC,Indu,0.854,0.240,0.842,0.913,23.4,2.2,-6.9
2015,ATHM,NOC,Comm,0.559,0.509,0.968,0.989,10.9,-41.7,-4.8
2015,ATI,CIC,Indu,0.472,0.585,0.425,0.781,-12.3,-72.6,0.2
2015,ATRO,CIC,Indu,0.544,0.900,0.886,0.413,69.8,-49.7,-3.7
2015,AU,CIC,Basi,0.811,0.870,0.198,0.975,-32.3,-6.0,-5.6
2015,AUB,NOC,Fina,0.658,0.822,0.913,0.302,-8.9,9.9,0.2
2015,AVAV,CIC,Indu,0.799,0.836,0.254,0.169,-11.6,-5.0,-3.5
2015,AVNT,CIC,Basi,0.566,0.692,0.126,0.808,7.1,-28.6,0.5
2015,AX,NOC,Fina,0.290,0.505,0.925,0.409,10.3,-14.0,-1.1
2015,AXIA,NOC,Util,0.911,0.817,0.251,0.680,-38.6,-22.1,5.3
2015,AXON,CIC,Indu,0.482,0.119,0.685,0.391,19.9,-23.0,-4.1
2015,AZTA,NOC,Heal,0.372,0.591,0.132,0.270,34.8,-29.2,-1.1
2015,AZZ,CIC,Indu,0.543,0.568,0.594,0.354,4.6,19.6,2.6
2015,BAK,CIC,Basi,0.420,0.423,0.137,0.792,-42.7,35.5,-4.6
2015,BANC,NOC,Fina,0.397,0.986,0.744,0.363,-13.9,23.5,-9.9
2015,BCC,CIC,Basi,0.253,0.285,0.331,0.484,29.1,-49.2,-2.6
2015,BCPC,CIC,Basi,0.399,0.872,0.950,0.560,13.7,9.3,-5.5
2015,BDC,NOC,Tech,0.242,0.390,0.569,0.875,28.5,-55.9,-3.3
2015,BDN,NOC,Real,0.091,0.094,0.587,0.769,18.3,-23.8,-0.9
2015,BEP,NOC,Util,0.772,0.799,0.614,0.851,5.8,-11.2,-4.2
2015,BGC,NOC,Fina,0.206,0.379,0.505,0.486,23.7,-1.6,-8.6
2015,BJRI,CIC,Cons,0.363,0.009,0.349,0.404,61.7,-6.1,-4.3
2015,BKH,NOC,Util,0.673,0.265,0.534,0.653,-5.1,-2.2,2.3
2015,BLX,NOC,Fina,0.770,0.740,0.872,0.427,25.5,-28.5,2.1
2015,BOOT,CIC,Cons,0.438,0.404,0.571,0.114,24.6,-70.5,0.4
2015,BSM,CIC,Ener,0.963,0.829,0.139,0.838,-4.2,-6.5,-3.3
2015,BTE,CIC,Ener,0.888,0.673,0.667,0.664,-63.2,-79.0,-0.6
2015,BURL,CIC,Cons,0.454,0.052,0.493,0.952,95.4,-3.1,-1.0
2015,BVN,CIC,Basi,0.890,0.493,0.075,0.762,-8.1,-53.3,-2.2
2015,BYD,CIC,Cons,0.080,0.603,0.077,0.507,25.7,9.5,-8.9
2015,BZH,CIC,Cons,0.537,0.685,0.094,0.062,-28.1,-49.1,0.3
2015,CACI,NOC,Tech,0.052,0.043,0.164,0.628,14.3,-6.8,1.1
2015,CAKE,CIC,Cons,0.109,0.002,0.345,0.724,17.0,-9.1,-6.3
2015,CALM,NOC,Cons,0.754,0.114,0.577,0.568,22.3,30.6,0.7
2015,CALX,NOC,Tech,0.338,0.507,0.407,0.117,32.7,-30.0,-4.6
2015,CARE,NOC,Fina,0.635,0.155,0.633,0.023,20.0,5.4,3.6
2015,CASY,CIC,Cons,0.500,0.194,0.174,0.854,33.7,16.6,-2.3
2015,CATY,NOC,Fina,0.539,0.254,0.838,0.630,5.5,4.0,-6.0
2015,CBRL,CIC,Cons,0.073,0.091,0.436,0.845,45.7,-3.1,-5.0
2015,CBT,CIC,Basi,0.167,0.222,0.180,0.715,-14.7,-0.1,3.1
2015,CCOI,NOC,Comm,0.098,0.000,0.479,0.518,-9.2,-5.6,-5.3
2015,CCS,CIC,Cons,0.600,0.751,0.959,0.046,-17.0,-19.7,-4.1
2015,CCU,NOC,Cons,0.646,0.452,0.283,0.831,-11.0,10.4,-1.3
2015,CDE,CIC,Basi,0.956,0.110,0.066,0.199,-40.6,-64.4,-4.0
2015,CERS,NOC,Heal,0.829,0.633,0.016,0.064,-32.7,5.2,-3.9
2015,CFFN,NOC,Fina,0.415,0.206,0.774,0.536,4.8,-6.4,-1.2
2015,CGNX,NOC,Tech,0.411,0.795,0.801,0.874,2.4,-24.3,-7.6
2015,CHDN,CIC,Cons,0.941,0.235,0.157,0.559,10.8,24.4,-8.3
2015,CHE,NOC,Heal,0.126,0.141,0.488,0.575,27.1,24.2,-8.4
2015,CHEF,NOC,Cons,0.041,0.466,0.502,0.101,-12.8,-30.0,-4.2
2015,CHH,CIC,Cons,0.395,0.096,0.580,0.884,34.6,-26.1,-4.3
2015,CIB,NOC,Fina,0.815,0.662,0.212,0.722,1.8,-26.0,-2.1
2015,CIEN,NOC,Tech,0.530,0.388,0.196,0.646,-15.6,0.3,-2.7
2015,CIGI,NOC,Real,0.511,0.230,0.548,0.423,21.0,-3.5,-2.6
2015,CLDT,NOC,Real,0.758,0.705,0.859,0.315,41.9,-30.9,-4.8
2015,CLF,CIC,Basi,0.845,0.391,0.014,0.340,-68.2,-78.2,0.3
2015,CLH,CIC,Indu,0.326,0.843,0.219,0.820,21.5,-25.3,-5.0
2015,CLMT,CIC,Basi,0.322,0.447,0.231,0.598,0.6,-49.4,-4.1
2015,CLS,NOC,Tech,0.025,0.247,0.192,0.600,12.5,-11.3,1.3
2015,CMC,CIC,Basi,0.144,0.534,0.279,0.539,-27.9,-5.7,8.1
2015,CMCO,CIC,Indu,0.110,0.317,0.244,0.103,-1.1,-45.6,-0.7
2015,CMP,CIC,Basi,0.964,0.630,0.696,0.774,4.4,-19.1,-3.9
2015,CMRE,CIC,Indu,0.498,0.502,0.806,0.295,-2.0,-61.8,0.1
2015,CNK,NOC,Comm,0.169,0.488,0.399,0.977,42.7,-25.6,-4.1
2015,CNOB,NOC,Fina,0.210,0.959,0.995,0.128,-3.6,-9.6,2.0
2015,CNS,NOC,Fina,0.689,0.203,0.820,0.632,22.3,-35.7,-0.7
2015,CODI,CIC,Indu,0.352,0.520,0.397,0.246,-7.8,-13.8,-5.0
2015,CPA,CIC,Indu,0.557,0.381,0.377,1.000,-16.7,-50.6,-2.2
2015,CPAC,CIC,Basi,0.509,0.327,0.480,0.299,-9.0,-23.6,-7.0
2015,CPK,NOC,Util,0.514,0.456,0.290,0.178,15.3,41.8,-8.4
2015,CPS,CIC,Cons,0.240,0.269,0.171,0.265,-9.7,32.3,-9.1
2015,CRC,CIC,Ener,0.863,0.617,0.009,0.710,-17.3,-92.7,-0.3
2015,CRI,CIC,Cons,0.192,0.027,0.559,0.970,18.3,1.0,-6.2
2015,CRL,NOC,Heal,0.388,0.208,0.564,0.815,20.2,-2.2,-8.2
2015,CROX,CIC,Cons,0.840,0.319,0.036,0.260,-32.4,-8.6,-4.8
2015,CRS,CIC,Basi,0.594,0.313,0.420,0.591,-38.5,-26.5,0.5
2015,CRTO,NOC,Comm,0.187,0.436,0.854,0.726,17.0,-40.0,-6.8
2015,CRUS,NOC,Tech,0.726,0.847,0.827,0.557,47.0,1.9,2.2
2015,CSIQ,NOC,Tech,0.762,0.868,0.931,0.617,-11.3,-37.1,-2.3
2015,CTRE,NOC,Real,0.792,0.244,0.875,0.057,-25.3,-25.8,-6.2
2015,CTRN,CIC,Cons,0.133,0.383,0.443,0.041,38.8,-18.5,-0.5
2015,CUBE,NOC,Real,0.386,0.173,0.733,0.888,33.4,26.0,-7.8
2015,CUBI,NOC,Fina,0.867,0.753,0.870,0.116,6.8,21.5,-0.5
2015,CUZ,NOC,Real,0.130,0.909,0.815,0.500,1.6,-25.9,-7.5
2015,CVCO,CIC,Cons,0.039,0.267,0.359,0.189,3.1,3.2,-1.3
2015,CVLT,NOC,Tech,0.034,0.340,0.221,0.633,-34.8,-30.8,1.5
2015,CW,CIC,Indu,0.589,0.616,0.151,0.827,11.9,-5.2,-5.2
2015,CWEN,NOC,Util,0.927,0.811,0.941,0.582,34.4,-51.8,-2.3
2015,CYD,CIC,Indu,0.333,0.683,0.098,0.231,-1.8,-49.0,1.7
2015,CZR,CIC,Cons,0.548,0.988,0.996,0.085,3523.2,115.4,-3.9
2015,DAC,CIC,Indu,0.342,0.181,0.114,0.176,-0.5,-23.1,-3.8
2015,DAKT,NOC,Tech,0.468,0.190,0.203,0.084,-24.5,-21.7,-4.0
2015,DAR,NOC,Cons,0.730,0.948,0.973,0.753,-15.1,-47.7,-3.0
2015,DCH,CIC,Cons,0.288,0.198,0.409,0.596,30.5,-53.1,-5.8
2015,DCOM,NOC,Fina,0.044,0.176,0.786,0.274,-3.6,10.2,-5.1
2015,DDD,NOC,Tech,0.536,0.559,0.509,0.826,-60.4,-61.6,-0.9
2015,DECK,CIC,Cons,0.763,0.457,0.653,0.747,-2.8,-39.1,-0.1
2015,DHC,NOC,Real,0.235,0.470,0.817,0.963,1.7,-33.1,-3.6
2015,DIOD,NOC,Tech,0.502,0.573,0.400,0.448,23.4,-36.9,-4.4
2015,DK,CIC,Ener,0.176,0.461,0.153,0.603,11.4,-58.7,-2.4
2015,DKL,CIC,Ener,0.701,0.310,0.116,0.290,20.0,-25.3,-4.4
2015,DLB,NOC,Tech,0.523,0.201,0.518,0.950,1.3,-23.3,0.8
2015,DLX,NOC,Comm,0.107,0.012,0.578,0.804,21.7,-21.3,-2.7
2015,DMC,NOC,Cons,0.504,0.084,0.244,0.577,31.2,21.1,-4.6
2015,DMLP,CIC,Ener,0.760,0.721,0.689,0.222,-2.9,-60.6,-2.0
2015,DRH,NOC,Real,0.790,0.722,0.562,0.742,13.7,-39.6,-3.1
2015,DXC,NOC,Tech,0.774,0.251,0.068,0.966,17.5,-17.6,-5.3
2015,DXPE,CIC,Indu,0.114,0.180,0.176,0.187,-55.7,-68.2,-1.8
2015,DY,CIC,Indu,0.359,0.785,0.434,0.420,41.8,60.8,-8.3
2015,EBF,CIC,Indu,0.201,0.169,0.030,0.027,-25.5,44.2,11.0
2015,ECHO,NOC,Comm,0.680,0.028,0.381,0.922,19.0,-31.3,-4.6
2015,ECPG,NOC,Fina,0.681,0.820,0.794,0.372,-13.8,-51.8,-3.5
2015,EDU,NOC,Cons,0.788,0.358,0.281,0.795,-38.8,38.1,-1.1
2015,EEFT,NOC,Tech,0.340,0.295,0.649,0.708,7.2,45.7,-11.7
2015,EFXT,CIC,Ener,0.525,0.731,0.630,0.322,-7.7,-33.6,-4.1
2015,EGO,CIC,Basi,0.859,0.676,0.609,0.867,-29.9,-32.9,0.3
2015,EMA,NOC,Util,0.875,0.760,0.391,0.979,3.1,14.7,3.9
2015,ENOV,NOC,Heal,0.094,0.139,0.336,0.849,-23.3,-56.1,-0.9
2015,ENPH,CIC,Ener,0.607,0.756,0.852,0.183,83.6,-84.1,-0.6
2015,ENS,CIC,Indu,0.203,0.365,0.254,0.749,-8.4,-20.2,-1.8
2015,ENTG,NOC,Tech,0.699,0.815,0.840,0.580,18.0,-16.7,-6.7
2015,ENVA,NOC,Fina,0.842,0.993,0.514,0.181,-23.7,-73.4,-0.3
2015,EPAC,CIC,Indu,0.238,0.504,0.053,0.493,-24.2,-10.1,-1.1
2015,EPAM,NOC,Tech,0.246,0.080,0.735,0.754,35.6,4.2,-8.4
2015,EPR,NOC,Real,0.105,0.774,0.920,0.856,18.2,0.4,-6.9
2015,ESI,CIC,Basi,0.721,0.724,0.719,0.879,41.6,-68.6,-1.0
2015,ESLT,CIC,Indu,0.053,0.098,0.351,0.740,11.8,35.4,3.4
2015,ESRT,NOC,Real,0.731,0.964,0.833,0.980,18.8,-14.9,-5.6
2015,EVC,NOC,Comm,0.432,0.174,0.617,0.164,15.6,10.8,-6.8
2015,EVO,NOC,Heal,0.897,0.735,0.228,0.148,-19.0,-7.5,3.2
2015,EXEL,NOC,Heal,0.402,0.913,0.004,0.109,-62.4,73.6,-4.7
2015,EXLS,NOC,Tech,0.749,0.069,0.379,0.367,13.3,33.9,-6.9
2015,EXP,CIC,Basi,0.822,0.612,0.829,0.891,1.6,-37.6,-1.5
2015,FAF,NOC,Fina,0.466,0.530,0.356,0.911,38.6,-11.1,-8.6
2015,FANG,CIC,Ener,0.900,0.945,0.940,0.932,20.5,-6.0,-8.6
2015,FBNC,NOC,Fina,0.918,0.637,0.262,0.034,-9.5,9.5,4.7
2015,FBP,NOC,Fina,0.998,0.801,0.521,0.454,43.0,-54.7,0.3
2015,FCF,NOC,Fina,0.801,0.301,0.512,0.206,-1.8,3.8,2.2
2015,FCFS,NOC,Fina,0.423,0.263,0.605,0.468,2.0,-25.9,-0.6
2015,FCN,CIC,Indu,0.358,0.030,0.269,0.477,24.5,-11.2,-4.5
2015,FET,CIC,Ener,0.075,0.338,0.560,0.489,-36.6,-43.5,-4.7
2015,FHN,NOC,Fina,0.413,0.370,0.317,0.785,11.7,-8.1,-1.5
2015,FICO,NOC,Tech,0.354,0.281,0.406,0.712,30.4,4.9,-1.4
2015,FISI,NOC,Fina,0.434,0.297,0.550,0.016,4.5,15.0,1.5
2015,FIVE,CIC,Cons,0.738,0.130,0.767,0.548,-15.2,22.7,2.7
2015,FIX,CIC,Indu,0.297,0.077,0.343,0.167,-0.3,60.7,-8.7
2015,FN,NOC,Tech,0.021,0.103,0.324,0.139,-10.6,51.3,3.1
2015,FNB,NOC,Fina,0.189,0.347,0.813,0.651,-2.0,-7.2,-3.0
2015,FORM,NOC,Tech,0.902,0.769,0.749,0.073,29.9,-0.8,-1.2
2015,FOXF,CIC,Cons,0.313,0.744,0.466,0.132,-10.8,-0.3,-5.7
2015,FRPT,NOC,Cons,0.769,0.011,0.601,0.201,11.4,-66.7,-1.0
2015,FSM,CIC,Basi,0.872,0.819,0.370,0.078,-8.9,8.4,0.7
2015,FSS,CIC,Indu,0.292,0.432,0.628,0.335,17.4,-10.1,-5.2
2015,FTK,CIC,Ener,0.317,0.482,0.754,0.281,-29.3,-65.6,0.6
2015,FUL,CIC,Basi,0.425,0.422,0.265,0.625,-22.7,-17.3,3.6
2015,FULT,NOC,Fina,0.601,0.059,0.539,0.642,-0.7,6.2,-5.0
2015,FUN,CIC,Cons,0.507,0.651,0.457,0.758,-0.1,-0.6,-7.4
2015,FWRD,CIC,Indu,0.119,0.258,0.610,0.496,19.9,-15.0,-6.9
2015,GBCI,NOC,Fina,0.381,0.486,0.742,0.553,-20.6,-3.8,-1.3
2015,GBDC,NOC,Fina,0.628,0.564,0.897,0.253,-1.8,-12.5,-1.3
2015,GBX,CIC,Indu,0.619,0.665,0.340,0.541,56.1,-45.2,3.5
2015,GEO,CIC,Indu,0.137,0.475,0.555,0.806,36.4,-37.1,-4.3
2015,GGAL,NOC,Fina,0.786,0.865,0.240,0.728,119.7,27.9,-16.3
2015,GIII,CIC,Cons,0.247,0.434,0.402,0.717,57.3,-2.2,-0.1
2015,GLOB,NOC,Tech,0.406,0.511,0.808,0.087,26.8,75.5,-8.0
2015,GLPI,NOC,Real,0.989,0.998,0.915,0.899,-7.8,-22.2,-1.0
2015,GME,CIC,Cons,0.580,0.555,0.238,0.938,4.0,-21.8,1.6
2015,GMED,NOC,Heal,0.064,0.025,0.758,0.673,3.6,-6.6,-6.2
2015,GNRC,CIC,Indu,0.431,0.706,0.573,0.835,-13.6,-43.0,-3.9
2015,GNTX,CIC,Cons,0.479,0.527,0.673,0.993,0.5,-19.0,-0.3
2015,GPRE,CIC,Basi,0.683,0.566,0.544,0.292,6.8,-34.6,-4.5
2015,GRC,CIC,Indu,0.121,0.420,0.543,0.240,1.3,-21.2,-1.2
2015,GTN,NOC,Comm,0.849,0.858,0.957,0.210,15.0,-8.9,-4.5
2015,HAFC,NOC,Fina,0.148,0.514,0.831,0.171,-16.2,-2.6,-4.6
2015,HALO,NOC,Heal,0.968,0.980,0.961,0.578,-5.0,-45.8,-3.1
2015,HAPN,NOC,Fina,0.456,0.681,0.938,0.772,0.9,-72.5,-3.4
2015,HASI,NOC,Fina,0.970,0.961,0.632,0.055,13.8,5.2,-6.5
2015,HCI,NOC,Fina,0.715,0.779,0.680,0.107,-6.2,-24.5,-2.0
2015,HEI,CIC,Indu,0.217,0.386,0.440,0.923,6.1,-12.1,-5.2
2015,HELE,NOC,Cons,0.295,0.253,0.603,0.585,37.1,32.5,6.1
2015,HFWA,NOC,Fina,0.550,0.897,0.954,0.082,-10.4,10.3,-0.9
2015,HIMX,NOC,Tech,0.016,0.311,0.568,0.429,-45.1,-1.8,-4.2
2015,HL,CIC,Basi,0.893,0.762,0.297,0.399,-2.6,-30.2,-2.6
2015,HLIO,CIC,Indu,0.244,0.343,0.710,0.347,-3.6,-27.6,-3.6
2015,HLIT,NOC,Tech,0.587,0.320,0.101,0.149,3.6,-53.8,-1.8
2015,HLX,CIC,Ener,0.858,0.859,0.160,0.543,-25.4,-83.0,-0.9
2015,HNI,CIC,Cons,0.123,0.260,0.507,0.669,61.7,-39.7,-5.3
2015,HNRG,CIC,Ener,0.753,0.956,0.998,0.043,42.5,-57.1,-1.1
2015,HOMB,NOC,Fina,0.505,0.778,0.877,0.589,-15.7,26.9,1.4
2015,HOPE,NOC,Fina,0.744,0.635,0.646,0.349,-11.5,9.5,-0.4
2015,HPP,NOC,Real,0.584,0.262,0.701,0.614,40.3,-20.5,-4.9
2015,HQY,NOC,Heal,0.555,0.050,0.836,0.473,47.6,-10.9,-0.1
2015,HR,NOC,Real,0.272,0.639,0.644,0.861,27.7,-2.2,-4.3
2015,HRTG,NOC,Fina,0.957,0.786,0.993,0.144,73.9,-1.2,-2.5
2015,HTGC,NOC,Fina,0.662,0.936,0.847,0.306,-5.0,-33.2,-4.5
2015,HTLD,CIC,Indu,0.495,0.838,0.582,0.641,22.8,-36.1,-0.5
2015,HUBG,CIC,Indu,0.043,0.044,0.247,0.402,-15.6,-11.9,-0.6
2015,HUBS,NOC,Tech,0.742,0.078,0.146,0.311,14.4,-20.1,-7.0
2015,HURN,CIC,Indu,0.705,0.472,0.020,0.514,13.6,-30.1,-4.8
2015,HWC,NOC,Fina,0.062,0.105,0.445,0.637,-28.6,-18.6,-2.7
2015,HWKN,CIC,Basi,0.375,0.794,0.294,0.060,11.6,-9.2,-0.7
2015,IART,NOC,Heal,0.265,0.221,0.532,0.594,29.2,-0.2,-5.9
2015,IBOC,NOC,Fina,0.528,0.400,0.735,0.516,10.0,-6.7,-4.4
2015,ICFI,CIC,Indu,0.132,0.272,0.566,0.244,20.0,-16.9,-2.5
2015,ICUI,NOC,Heal,0.089,0.064,0.432,0.436,38.2,12.7,-0.7
2015,IDCC,NOC,Tech,0.988,0.979,0.395,0.605,65.9,-10.9,-4.5
2015,IIIN,CIC,Indu,0.336,0.495,0.641,0.059,4.6,-11.9,1.0
2015,IMAX,NOC,Comm,0.785,0.703,0.593,0.683,29.3,-10.1,-5.4
2015,INDB,NOC,Fina,0.443,0.132,0.692,0.317,13.7,0.9,-7.7
2015,INN,NOC,Real,0.383,0.671,0.657,0.368,48.1,-24.0,-5.8
2015,IOSP,CIC,Basi,0.208,0.349,0.674,0.336,-2.1,13.5,-10.4
2015,IPGP,NOC,Tech,0.450,0.148,0.863,0.998,37.6,-12.6,-10.7
2015,IRS,NOC,Real,0.657,0.409,0.923,0.254,41.0,-35.4,-5.3
2015,ITRI,NOC,Tech,0.270,0.440,0.096,0.450,-8.1,2.0,-4.6
2015,IVT,NOC,Real,0.728,0.441,0.194,0.472,-66.6,22.8,2.3
2015,J,CIC,Indu,0.160,0.116,0.297,0.936,-42.0,-0.2,0.3
2015,JBTM,CIC,Indu,0.343,0.183,0.477,0.345,15.6,57.1,5.4
2015,JHX,CIC,Basi,0.230,0.304,0.756,0.996,-13.5,7.8,-6.8
2015,JOE,NOC,Real,0.991,0.923,0.012,0.498,-5.8,-8.8,-2.7
2015,JOYY,NOC,Comm,0.575,0.733,0.948,0.847,-36.7,8.4,-1.3
2015,KAI,CIC,Indu,0.464,0.552,0.498,0.075,13.5,-4.9,-6.3
2015,KBH,CIC,Cons,0.457,0.781,0.637,0.457,-21.0,-15.0,5.3
2015,KDP,NOC,Cons,0.226,0.004,0.468,0.685,56.6,17.5,-6.8
2015,KEX,CIC,Indu,0.319,0.335,0.669,0.941,-23.5,-32.5,1.5
2015,KFRC,CIC,Indu,0.149,0.212,0.313,0.208,32.7,-19.1,-6.5
2015,KFY,CIC,Indu,0.032,0.480,0.404,0.491,23.1,-13.7,-3.0
2015,KLIC,NOC,Tech,0.459,0.827,0.770,0.388,30.9,-36.2,0.8
2015,KNX,CIC,Indu,0.365,0.377,0.763,0.566,48.9,-25.3,2.1
2015,KOS,CIC,Ener,0.899,0.906,0.105,0.819,-20.2,-54.9,-3.1
2015,KRG,NOC,Real,0.361,0.931,0.988,0.706,20.1,-11.3,-1.8
2015,KRNY,NOC,Fina,0.578,0.664,0.783,0.267,16.8,23.8,0.9
2015,KRO,CIC,Basi,0.783,0.217,0.311,0.452,-19.7,-49.5,-0.5
2015,KTOS,CIC,Indu,0.212,0.550,0.187,0.025,-25.7,-36.1,-0.6
2015,KWR,CIC,Basi,0.014,0.037,0.375,0.370,19.7,-17.4,-5.1
2015,LAD,CIC,Cons,0.036,0.699,0.906,0.687,48.9,-6.4,-6.2
2015,LCII,CIC,Cons,0.274,0.205,0.665,0.445,14.5,-3.3,-11.9
2015,LDOS,NOC,Tech,0.279,0.747,0.144,0.790,17.3,7.2,-3.1
2015,LFUS,NOC,Tech,0.283,0.336,0.418,0.619,2.8,12.0,1.7
2015,LGIH,CIC,Cons,0.596,0.968,0.899,0.020,-15.5,50.4,-2.4
2015,LGND,NOC,Heal,0.778,0.875,0.936,0.194,-23.6,64.2,-11.1
2015,LNN,CIC,Indu,0.165,0.708,0.199,0.310,-2.7,-15.3,8.9
2015,LOGI,NOC,Tech,0.157,0.167,0.278,0.665,6.6,-2.1,-1.1
2015,LOPE,NOC,Cons,0.116,0.041,0.772,0.623,-0.7,-24.8,-5.2
2015,LPLA,NOC,Fina,0.020,0.991,0.322,0.957,-14.7,-40.7,-6.8
2015,LQDT,CIC,Cons,0.610,0.117,0.021,0.009,-58.3,-40.4,-1.2
2015,LRN,NOC,Cons,0.698,0.324,0.347,0.112,-32.5,-45.9,-0.7
2015,LSCC,NOC,Tech,0.491,0.649,0.190,0.258,21.0,-33.8,-1.8
2015,LXP,NOC,Real,0.804,0.238,0.687,0.699,-1.3,-33.9,-2.8
2015,LXU,CIC,Basi,0.802,0.609,0.520,0.173,16.1,-85.0,-0.9
2015,LZB,CIC,Cons,0.237,0.226,0.310,0.459,1.6,-23.7,-5.2
2015,MAIN,NOC,Fina,0.676,0.742,0.883,0.440,-11.8,-9.1,-5.6
2015,MATV,CIC,Basi,0.655,0.249,0.208,0.383,-15.7,2.3,-4.6
2015,MATX,CIC,Indu,0.648,0.075,0.461,0.521,54.3,7.4,-5.5
2015,MBWM,NOC,Fina,0.400,0.934,0.979,0.021,-12.4,23.0,-0.1
2015,MC,NOC,Fina,0.879,0.849,0.530,0.135,19.7,-22.4,-5.7
2015,MCRI,CIC,Cons,0.512,0.587,0.367,0.014,-1.8,2.8,-6.8
2015,MCS,NOC,Comm,0.690,0.351,0.388,0.130,30.4,-4.7,-0.5
2015,MDXG,NOC,Heal,0.649,0.911,0.963,0.379,82.9,-22.5,-4.2
2015,MEI,NOC,Tech,0.678,0.657,0.546,0.532,38.4,-33.7,-1.8
2015,MEOH,CIC,Basi,0.995,0.717,0.285,0.945,-19.0,-43.4,1.2
2015,MGNI,NOC,Comm,0.516,0.306,0.804,0.180,-11.0,-22.4,-4.0
2015,MGRC,CIC,Indu,0.448,0.356,0.751,0.247,-11.6,-17.4,-5.1
2015,MHO,CIC,Cons,0.069,0.521,0.413,0.151,-19.3,-16.7,-1.1
2015,MIDD,CIC,Indu,0.215,0.575,0.658,0.995,21.6,-13.4,-5.4
2015,MKSI,NOC,Tech,0.591,0.790,0.448,0.569,19.4,-1.7,2.1
2015,MLI,CIC,Indu,0.027,0.286,0.393,0.584,12.2,-26.3,1.0
2015,MLKN,CIC,Cons,0.733,0.164,0.472,0.534,0.6,-3.3,-1.2
2015,MMI,NOC,Real,0.409,0.738,0.623,0.461,114.2,-34.2,-2.4
2015,MMYT,CIC,Cons,0.856,0.372,0.230,0.320,-3.2,-23.9,-1.0
2015,MOD,CIC,Indu,0.082,0.162,0.302,0.153,-3.1,-50.3,0.7
2015,MOH,NOC,Heal,0.374,0.746,0.874,0.694,40.8,3.5,-4.9
2015,MORN,NOC,Fina,0.571,0.016,0.639,0.788,-12.5,12.8,-5.1
2015,MOV,CIC,Cons,0.301,0.288,0.295,0.212,-38.4,6.4,3.7
2015,MRCY,CIC,Indu,0.616,0.438,0.372,0.080,32.8,16.3,0.9
2015,MTH,CIC,Cons,0.335,0.728,0.738,0.479,-20.2,-22.6,-1.0
2015,MTRN,CIC,Basi,0.345,0.283,0.242,0.233,38.1,-34.3,-3.3
2015,MTUS,CIC,Basi,0.404,0.491,0.247,0.381,-29.9,-66.4,1.2
2015,MTX,CIC,Basi,0.393,0.907,0.945,0.610,9.6,-32.6,-0.2
2015,MTZ,CIC,Indu,0.164,0.407,0.333,0.544,-46.1,-30.7,-4.3
2015,MUX,CIC,Basi,0.923,0.895,0.000,0.004,-65.8,98.0,-5.8
2015,MWA,CIC,Indu,0.489,0.087,0.233,0.528,26.2,-25.6,-0.6
2015,MXL,NOC,Tech,0.370,0.459,0.107,0.011,-20.1,68.0,-8.0
2015,MYE,CIC,Cons,0.427,0.598,0.069,0.157,-4.1,-40.1,-3.4
2015,MYRG,CIC,Indu,0.285,0.464,0.274,0.133,8.5,-12.3,0.6
2015,NBHC,NOC,Fina,0.146,0.448,0.167,0.203,-12.4,6.4,-1.4
2015,NBR,CIC,Ener,0.329,0.544,0.683,0.868,-32.8,-52.4,-5.5
2015,NEOG,NOC,Heal,0.263,0.068,0.591,0.555,1.2,9.7,3.1
2015,NICE,NOC,Tech,0.541,0.066,0.596,0.801,37.8,3.0,-7.5
2015,NMM,CIC,Indu,0.719,0.512,0.817,0.356,-29.6,-83.3,0.0
2015,NNI,NOC,Fina,0.418,0.772,0.703,0.644,30.6,-24.6,-4.7
2015,NOG,CIC,Ener,0.943,0.653,0.991,0.093,-46.8,-59.2,-1.2
2015,NOVT,NOC,Tech,0.651,0.523,0.052,0.066,-0.2,5.0,-2.7
2015,NPK,CIC,Indu,0.224,0.354,0.450,0.052,-27.3,38.3,0.0
2015,NPO,CIC,Indu,0.327,0.326,0.363,0.525,-11.0,-33.1,-3.4
2015,NRP,CIC,Ener,0.945,0.763,0.895,0.319,-46.2,-86.4,-0.2
2015,NTCT,NOC,Tech,0.030,0.363,0.655,0.466,-4.3,-19.8,-2.8
2015,NVAX,NOC,Heal,0.925,0.957,0.005,0.649,58.9,-49.4,-2.7
2015,NVGS,CIC,Indu,0.797,0.765,0.824,0.324,-25.6,-18.9,-2.7
2015,NVMI,NOC,Tech,0.324,0.632,0.123,0.000,-5.7,-13.1,-6.0
2015,NX,CIC,Basi,0.706,0.808,0.034,0.198,1.1,-8.5,-2.8
2015,NXST,NOC,Comm,0.520,0.479,0.893,0.552,29.6,-25.7,-4.6
2015,OCSL,NOC,Fina,0.852,0.881,0.972,0.365,-24.5,-22.0,-5.0
2015,OFG,NOC,Fina,0.868,0.975,0.390,0.251,12.0,-58.3,2.2
2015,OIS,CIC,Ener,0.735,0.674,0.119,0.648,-26.3,-43.5,-3.9
2015,OLED,NOC,Tech,0.794,0.941,0.765,0.530,4.5,37.2,-8.5
2015,OLN,CIC,Basi,0.452,0.658,0.141,0.609,-3.9,-37.1,0.4
2015,OMAB,CIC,Indu,0.913,0.276,0.660,0.573,50.1,-1.5,-4.9
2015,OMCL,NOC,Heal,0.190,0.345,0.557,0.377,29.7,-14.1,-1.1
2015,ON,NOC,Tech,0.461,0.498,0.523,0.964,23.4,-21.6,-4.5
2015,ONTO,NOC,Tech,0.221,0.589,0.454,0.110,-4.0,-7.0,2.2
2015,OPCH,NOC,Heal,0.660,0.425,0.222,0.036,-38.4,-57.7,-1.4
2015,OPI,NOC,Real,0.002,0.137,0.731,0.502,-7.8,-38.6,-3.5
2015,OSIS,NOC,Tech,0.429,0.411,0.463,0.470,26.9,12.0,-1.1
2015,OSK,CIC,Indu,0.219,0.256,0.135,0.865,-19.7,-24.3,-0.7
2015,OSPN,NOC,Tech,0.687,0.715,0.868,0.359,232.6,-51.2,-4.5
2015,OUT,NOC,Real,0.642,0.178,0.585,0.852,-0.7,-31.9,-4.2
2015,OXM,CIC,Cons,0.609,0.100,0.459,0.297,-19.5,25.5,3.5
2015,OZK,NOC,Fina,0.306,0.562,0.927,0.721,15.1,39.2,3.1
2015,PAGP,CIC,Ener,0.278,0.384,0.149,0.982,-1.5,-72.3,-1.4
2015,PAHC,NOC,Heal,0.824,0.891,0.934,0.361,64.9,21.5,-9.8
2015,PATK,CIC,Cons,0.068,0.361,0.676,0.053,29.5,-5.1,-4.8
2015,PAYC,NOC,Tech,0.151,0.093,0.851,0.495,121.8,-23.5,-6.2
2015,PB,NOC,Fina,0.269,0.518,0.900,0.817,-25.7,-25.2,-0.8
2015,PBH,NOC,Heal,0.135,0.596,0.865,0.621,49.8,13.2,-2.3
2015,PCRX,NOC,Heal,0.954,0.970,0.932,0.984,47.3,-48.2,-3.1
2015,PCTY,NOC,Tech,0.781,0.007,0.528,0.393,59.6,31.7,-2.7
2015,PDM,NOC,Real,0.315,0.023,0.491,0.770,17.4,-5.6,-2.0
2015,PDS,CIC,Ener,0.826,0.806,0.046,0.537,-41.7,-53.9,-4.5
2015,PEB,NOC,Real,0.747,0.274,0.671,0.858,58.6,-46.5,-2.8
2015,PENN,CIC,Cons,0.037,0.477,0.032,0.386,30.0,-13.6,-0.2
2015,PFIS,NOC,Fina,0.251,0.842,0.423,0.005,6.2,-8.3,-1.8
2015,PFS,NOC,Fina,0.077,0.393,0.835,0.351,0.2,7.3,1.0
2015,PFSI,NOC,Fina,0.972,0.966,0.929,0.443,8.2,-35.9,-0.5
2015,PKE,CIC,Indu,0.637,0.329,0.158,0.089,-15.2,-38.6,2.8
2015,PLUS,NOC,Tech,0.153,0.886,0.480,0.105,34.9,27.4,-2.6
2015,PLXS,NOC,Tech,0.000,0.500,0.600,0.438,-7.2,-26.4,-0.8
2015,PNFP,NOC,Fina,0.564,0.032,0.856,0.407,11.9,30.2,-1.0
2015,PODD,NOC,Heal,0.621,0.189,0.215,0.562,-27.3,-11.1,-5.5
2015,POOL,CIC,Indu,0.023,0.048,0.319,0.778,27.1,14.9,-3.9
2015,POST,NOC,Cons,0.909,0.995,1.000,0.488,-12.5,20.0,-2.5
2015,POWI,NOC,Tech,0.260,0.367,0.306,0.511,-4.9,-18.6,-1.0
2015,POWL,CIC,Indu,0.674,0.578,0.100,0.096,-29.8,-40.0,0.8
2015,PPLI,NOC,Comm,0.696,0.427,0.681,0.352,-10.9,-34.2,-3.2
2015,PRDO,NOC,Cons,0.593,0.278,0.044,0.032,-34.3,-50.9,-2.6
2015,PRIM,CIC,Indu,0.331,0.621,0.142,0.269,-44.9,16.9,-7.2
2015,PRKS,CIC,Cons,0.975,0.151,0.169,0.523,-36.2,11.3,3.8
2015,PRMB,NOC,Cons,0.233,0.714,0.760,0.100,34.4,80.9,6.2
2015,PSEC,NOC,Fina,0.820,0.890,0.890,0.760,-22.6,-31.7,-4.4
2015,PSIX,CIC,Indu,0.174,0.698,0.904,0.155,-22.2,-79.3,-1.5
2015,PTEN,CIC,Ener,0.779,0.610,0.797,0.701,-37.1,-25.6,-1.5
2015,QDEL,NOC,Heal,0.861,0.792,0.785,0.256,-19.5,-34.9,-3.0
2015,QUAD,CIC,Indu,0.267,0.406,0.329,0.343,-10.7,-53.1,-3.2
2015,RBA,CIC,Indu,0.286,0.292,0.694,0.737,16.2,-11.7,-5.5
2015,RBC,CIC,Indu,0.347,0.242,0.541,0.527,0.3,-24.2,-0.6
2015,RDNT,NOC,Heal,0.384,0.123,0.342,0.048,284.3,-29.7,-0.1
2015,RES,CIC,Ener,0.367,0.660,0.811,0.703,-32.4,-9.6,2.0
2015,REX,CIC,Basi,0.922,0.594,0.286,0.094,16.8,-10.0,2.2
2015,RGEN,NOC,Heal,0.838,0.680,0.267,0.331,121.0,-18.8,-2.2
2015,RGR,CIC,Indu,0.819,0.851,0.027,0.276,-32.7,41.8,-9.4
2015,RHP,NOC,Real,0.612,0.299,0.525,0.776,40.4,-17.7,-4.2
2015,RLJ,NOC,Real,0.617,0.085,0.635,0.927,22.0,-37.2,-4.2
2015,RMBS,NOC,Tech,0.552,0.601,0.495,0.397,9.7,8.5,-0.4
2015,RNR,NOC,Fina,0.977,0.730,0.802,0.883,9.3,16.6,1.6
2015,RNST,NOC,Fina,0.577,0.623,0.616,0.272,-1.8,11.0,-6.4
2015,ROG,NOC,Tech,0.568,0.144,0.456,0.480,29.1,-43.7,-3.0
2015,RRX,CIC,Indu,0.050,0.133,0.125,0.833,4.2,-26.4,-6.7
2015,RS,CIC,Basi,0.078,0.516,0.416,0.961,-19.6,6.5,-5.4
2015,RUSHA,CIC,Cons,0.181,0.719,0.795,0.238,5.8,-36.2,-5.1
2015,RYAM,CIC,Basi,0.795,0.525,0.060,0.228,-50.7,-61.1,1.2
2015,RYN,NOC,Real,0.817,0.861,0.025,0.881,-12.0,-34.0,-6.6
2015,SAH,CIC,Cons,0.007,0.018,0.226,0.411,7.9,-33.9,-3.4
2015,SAM,NOC,Cons,0.445,0.429,0.475,0.934,32.1,-39.3,-3.6
2015,SANM,NOC,Tech,0.009,0.342,0.452,0.601,57.8,-26.1,-0.3
2015,SB,CIC,Indu,0.973,0.655,0.059,0.012,-63.7,-90.1,-1.3
2015,SBGI,NOC,Comm,0.310,0.443,0.902,0.730,6.5,7.9,-5.9
2015,SBS,NOC,Util,0.851,0.333,0.084,0.886,-41.0,10.8,2.2
2015,SBSI,NOC,Fina,0.717,0.669,0.039,0.146,3.5,-23.7,-5.5
2015,SFNC,NOC,Fina,0.100,0.646,0.881,0.235,19.7,5.8,-6.3
2015,SGI,CIC,Cons,0.532,0.804,0.335,0.744,16.2,5.3,0.9
2015,SHAK,CIC,Cons,0.685,0.445,0.699,0.077,-10.0,18.4,12.5
2015,SHEN,NOC,Comm,0.158,0.014,0.553,0.192,9.7,61.9,-7.6
2015,SHO,NOC,Real,0.644,0.546,0.621,0.859,30.1,-29.8,-3.7
2015,SHOO,CIC,Cons,0.258,0.135,0.304,0.635,1.0,-5.1,-6.6
2015,SID,CIC,Basi,0.767,0.863,0.085,0.662,-61.8,28.2,1.6
2015,SIMO,NOC,Tech,0.653,0.835,0.891,0.279,80.6,13.7,-4.0
2015,SKT,NOC,Real,0.302,0.160,0.651,0.872,13.8,-19.1,-6.5
2015,SLAB,NOC,Tech,0.349,0.279,0.427,0.612,3.6,-10.1,-0.6
2015,SLM,NOC,Fina,0.980,0.918,0.023,0.925,0.0,-44.5,-0.6
2015,SLRC,NOC,Fina,0.986,0.888,0.048,0.249,-10.9,-17.5,-5.5
2015,SMCI,NOC,Tech,0.125,0.528,0.810,0.587,103.8,-27.6,-0.8
2015,SMG,CIC,Basi,0.932,0.375,0.037,0.909,17.1,3.8,1.5
2015,SMP,CIC,Cons,0.178,0.224,0.292,0.308,16.7,-13.8,-4.0
2015,SMTC,NOC,Tech,0.847,0.687,0.128,0.593,14.5,-31.8,-1.7
2015,SNDA,NOC,Heal,0.214,0.121,0.441,0.196,1.1,-36.3,-3.6
2015,SNX,NOC,Tech,0.222,0.553,0.584,0.441,9.0,20.2,7.5
2015,SPB,NOC,Cons,0.836,0.600,0.109,0.692,11.0,9.7,12.3
2015,SPH,NOC,Util,0.746,0.854,0.183,0.731,2.4,-43.9,-1.2
2015,SR,NOC,Util,0.737,0.831,0.781,0.671,22.7,18.0,-0.8
2015,SRCE,NOC,Fina,0.521,0.215,0.690,0.221,-4.3,0.7,-1.4
2015,SSD,CIC,Basi,0.379,0.149,0.365,0.512,5.3,-5.1,-2.0
2015,SSRM,CIC,Basi,0.886,0.972,0.947,0.071,-48.2,10.7,-5.2
2015,SSYS,NOC,Tech,0.765,0.874,0.178,0.799,-49.3,-66.8,-1.1
2015,STAG,NOC,Real,0.231,0.667,0.824,0.520,13.8,-37.7,-3.6
2015,STE,NOC,Heal,0.128,0.146,0.607,0.915,53.9,-2.5,-6.3
2015,STLD,CIC,Basi,0.299,0.607,0.625,0.943,7.4,-8.5,2.5
2015,STN,CIC,Indu,0.048,0.237,0.320,0.676,-16.1,-12.7,-5.4
2015,STNG,CIC,Indu,0.904,0.867,0.977,0.464,-13.4,-35.2,-3.7
2015,STRA,NOC,Cons,0.934,0.053,0.361,0.185,35.7,-15.2,-1.2
2015,SUI,NOC,Real,0.477,0.157,0.504,0.797,46.0,-1.0,-5.1
2015,SWBI,CIC,Indu,0.722,0.737,0.205,0.123,10.6,93.7,-5.6
2015,SXC,CIC,Basi,0.639,0.290,0.235,0.326,-29.0,-85.2,-0.2
2015,SXI,CIC,Indu,0.101,0.089,0.447,0.278,32.7,0.6,1.4
2015,SYNA,NOC,Tech,0.881,0.845,0.964,0.719,20.2,-1.9,-1.3
2015,TAC,NOC,Util,0.751,0.701,0.708,0.698,-26.2,-53.6,-2.4
2015,TDAY,NOC,Comm,0.569,0.580,0.552,0.283,68.9,-38.9,-3.8
2015,TDY,NOC,Tech,0.256,0.233,0.422,0.870,2.5,-20.2,-0.2
2015,TEN,CIC,Ener,0.199,0.196,0.217,0.681,8.9,-17.4,-1.1
2015,TEO,NOC,Comm,0.441,0.496,0.258,0.907,20.9,-24.2,-6.3
2015,TER,NOC,Tech,0.623,0.690,0.055,0.916,-4.3,5.8,2.3
2015,TEX,CIC,Indu,0.183,0.158,0.214,0.746,-42.1,-19.3,-7.4
2015,TFII,CIC,Indu,0.390,0.454,0.260,0.696,8.4,-24.5,0.8
2015,TFSL,NOC,Fina,0.598,0.776,0.537,0.929,23.1,21.9,-1.6
2015,THC,NOC,Heal,0.057,0.833,0.496,0.972,-5.7,-47.7,-3.5
2015,THO,CIC,Cons,0.308,0.626,0.726,0.810,4.3,-8.1,-2.6
2015,THRM,CIC,Cons,0.493,0.246,0.527,0.509,44.6,-6.5,-6.7
2015,TK,CIC,Ener,0.835,0.415,0.706,0.822,-15.7,-85.5,-0.7
2015,TKR,CIC,Indu,0.708,0.541,0.064,0.836,-5.4,-33.7,0.2
2015,TNDM,NOC,Heal,0.959,0.982,0.062,0.007,-47.1,-46.2,-3.7
2015,TNET,CIC,Indu,0.553,0.532,0.598,0.733,73.2,-64.7,-1.9
2015,TNK,CIC,Indu,0.947,0.940,0.952,0.126,64.5,-25.5,-3.8
2015,TOWN,NOC,Fina,0.518,0.082,0.511,0.226,0.5,26.8,0.0
2015,TPC,CIC,Indu,0.155,0.399,0.383,0.422,12.5,-48.0,-2.7
2015,TREX,CIC,Indu,0.671,0.625,0.589,0.504,20.9,-27.3,-3.7
2015,TRGP,CIC,Ener,0.084,0.813,0.210,0.902,-2.5,-76.4,-1.0
2015,TRN,CIC,Indu,0.262,0.696,0.799,0.829,-0.8,-26.9,-3.3
2015,TROX,CIC,Basi,0.694,0.536,0.117,0.690,0.0,-83.9,-0.8
2015,TRST,NOC,Fina,0.162,0.231,0.740,0.162,-5.3,-18.5,-1.1
2015,TSLX,NOC,Fina,0.436,0.920,0.714,0.288,10.8,-11.5,-6.1
2015,TTEK,CIC,Indu,0.484,0.199,0.162,0.475,-14.2,2.7,2.2
2015,TTMI,NOC,Tech,0.534,0.322,0.368,0.142,-10.7,-22.1,-0.9
2015,TTWO,NOC,Tech,0.891,0.927,0.165,0.767,55.3,22.1,13.2
2015,TX,CIC,Basi,0.496,0.021,0.326,0.863,-39.9,-27.0,-3.1
2015,TYL,NOC,Tech,0.139,0.036,0.662,0.900,7.3,28.9,-3.4
2015,UAN,CIC,Basi,0.907,0.543,0.516,0.301,-29.0,-56.9,-2.2
2015,UBSI,NOC,Fina,0.198,0.678,0.884,0.678,15.7,-3.2,-1.3
2015,UCB,NOC,Fina,0.993,0.192,0.746,0.374,15.9,-10.0,-5.2
2015,UE,NOC,Real,0.865,0.726,0.753,0.674,7.7,-1.7,-6.8
2015,UFPI,CIC,Basi,0.103,0.402,0.470,0.342,6.7,17.0,-8.1
2015,UI,NOC,Tech,0.320,0.893,0.762,0.667,-35.9,7.6,-2.2
2015,ULH,CIC,Indu,0.808,0.644,0.500,0.214,-7.8,-36.1,-3.2
2015,UNFI,NOC,Cons,0.093,0.210,0.536,0.920,8.1,-57.6,-0.8
2015,UPBD,NOC,Tech,0.249,0.005,0.308,0.571,12.2,-61.1,0.8
2015,USAC,CIC,Ener,0.407,0.689,0.769,0.262,-27.0,-56.9,-4.8
2015,USLM,CIC,Basi,0.560,0.484,0.642,0.050,30.2,-23.1,-1.0
2015,UVE,NOC,Fina,0.603,0.557,0.879,0.242,56.3,-18.7,-5.4
2015,VAC,CIC,Cons,0.416,0.128,0.237,0.689,45.9,-28.5,-4.4
2015,VECO,NOC,Tech,0.877,0.852,0.181,0.390,-23.3,-37.8,-3.3
2015,VET,CIC,Ener,0.827,0.648,0.224,0.991,-22.9,-40.6,-2.9
2015,VIAV,NOC,Tech,0.895,0.071,0.103,0.546,4.2,-33.6,1.6
2015,VLRS,CIC,Indu,0.831,0.758,0.429,0.286,-17.8,108.9,-13.8
2015,VLY,NOC,Fina,0.475,0.619,0.431,0.607,-7.8,-7.7,1.1
2015,VMI,CIC,Indu,0.486,0.413,0.201,0.783,-19.4,-14.3,-5.8
2015,VNET,NOC,Tech,0.254,0.431,0.778,0.375,-35.9,12.8,-3.1
2015,VRTS,NOC,Fina,0.582,0.582,0.712,0.425,-26.5,-35.8,0.1
2015,VSAT,NOC,Tech,0.626,0.569,0.272,0.765,2.2,-7.6,-7.4
2015,VSEC,CIC,Indu,0.228,0.489,0.089,0.068,72.4,-26.8,-4.5
2015,VSH,NOC,Tech,0.087,0.171,0.251,0.616,2.0,-21.3,-5.8
2015,VVX,CIC,Indu,0.633,0.331,0.112,0.030,50.5,-37.4,0.0
2015,W,CIC,Cons,0.046,0.302,0.473,0.658,-23.4,40.0,-8.1
2015,WAL,NOC,Fina,0.614,0.315,0.867,0.657,10.1,21.4,-4.0
2015,WB,NOC,Comm,0.948,0.916,0.858,0.802,-26.5,-0.9,0.1
2015,WBS,NOC,Fina,0.004,0.055,0.728,0.794,11.5,-0.7,-4.8
2015,WCC,CIC,Indu,0.012,0.187,0.352,0.840,-17.7,-45.1,-0.7
2015,WD,NOC,Fina,0.351,0.899,0.843,0.121,3.8,29.3,-13.0
2015,WEN,CIC,Cons,0.724,0.463,0.155,0.931,13.8,-10.3,-5.9
2015,WEX,NOC,Tech,0.573,0.101,0.776,0.893,16.4,-32.1,-3.2
2015,WGO,CIC,Cons,0.112,0.694,0.276,0.125,-26.0,0.8,2.0
2015,WIX,NOC,Tech,0.185,0.368,0.648,0.215,-27.6,-17.5,-7.2
2015,WLFC,CIC,Indu,0.813,0.418,0.148,0.091,5.6,-2.5,0.5
2015,WLYB,NOC,Comm,0.085,0.073,0.438,0.877,5.3,-27.0,2.0
2015,WNC,CIC,Indu,0.171,0.057,0.484,0.263,-2.2,-11.3,1.2
2015,WOR,CIC,Indu,0.304,0.548,0.171,0.338,-33.0,40.5,3.0
2015,WSBC,NOC,Fina,0.585,0.473,0.626,0.285,8.9,-14.6,0.7
2015,WSFS,NOC,Fina,0.463,0.416,0.717,0.219,5.4,12.0,-6.8
2015,WSO,CIC,Indu,0.011,0.039,0.338,0.918,24.0,-4.1,-9.2
2015,WST,NOC,Heal,0.173,0.060,0.384,0.897,10.8,6.0,-5.4
2015,WT,NOC,Fina,0.915,0.826,0.792,0.705,30.2,-36.4,-0.9
2015,WTFC,NOC,Fina,0.669,0.142,0.724,0.639,-10.5,2.3,1.2
2015,WTI,CIC,Ener,0.966,0.614,0.041,0.069,-61.4,-42.5,-1.9
2015,WTM,NOC,Fina,0.906,0.802,0.415,0.895,12.2,8.5,-2.9
2015,WTRG,NOC,Util,0.440,0.046,0.730,0.973,5.8,19.7,-6.5
2015,WWW,CIC,Cons,0.377,0.902,0.358,0.751,10.9,-37.9,-2.2
2015,YELP,NOC,Comm,0.028,0.165,0.861,0.956,-23.6,-68.5,-1.8
2015,ZBRA,NOC,Tech,0.605,0.929,0.989,0.947,32.6,-18.5,-3.4
2015,ZG,NOC,Comm,0.055,0.107,0.779,0.904,18.5,-44.9,-5.8
2015,ZWS,CIC,Indu,0.059,0.020,0.327,0.415,-6.7,-37.1,0.9
2016,AAON,CIC,Indu,0.295,0.387,0.719,0.286,8.5,40.9,29.1
2016,AAT,NOC,Real,0.144,0.050,0.783,0.654,-17.1,23.7,26.9
2016,ABCB,NOC,Fina,0.460,0.396,0.854,0.295,4.7,53.0,23.9
2016,ABG,CIC,Cons,0.012,0.022,0.455,0.386,-38.0,31.3,25.2
2016,ABR,NOC,Real,0.770,0.611,0.493,0.020,-7.3,12.3,23.5
2016,ACHC,NOC,Heal,0.485,0.798,0.940,0.912,-15.1,-22.5,18.0
2016,ACLS,NOC,Tech,0.637,0.889,0.500,0.007,0.4,47.3,26.5
2016,ADTN,NOC,Tech,0.649,0.228,0.267,0.285,-23.7,26.5,22.7
2016,AEIS,NOC,Tech,0.868,0.671,0.106,0.364,12.7,115.3,36.6
2016,AG,CIC,Basi,0.854,0.724,0.010,0.232,-14.1,111.0,43.5
2016,AGCO,CIC,Indu,0.220,0.334,0.137,0.892,-10.1,43.4,27.0
2016,AGM,NOC,Fina,0.899,0.967,0.800,0.048,14.8,57.9,31.5
2016,AGO,NOC,Fina,0.949,0.901,0.886,0.873,-6.1,67.4,34.5
2016,AGX,CIC,Indu,0.639,0.874,0.629,0.113,-0.8,87.2,29.9
2016,ALGN,NOC,Heal,0.017,0.091,0.788,0.980,1.4,51.2,27.6
2016,ALGT,CIC,Indu,0.861,0.043,0.786,0.762,-10.3,9.1,21.2
2016,ALSN,CIC,Cons,0.225,0.464,0.228,0.907,-27.5,50.6,34.8
2016,ALX,NOC,Real,0.409,0.018,0.818,0.604,-17.2,11.5,23.8
2016,AMBA,NOC,Tech,0.197,0.765,0.538,0.517,-26.7,29.3,24.6
2016,AMD,NOC,Tech,0.773,0.730,0.098,0.515,-12.9,444.1,103.6
2016,AMH,NOC,Real,0.800,0.768,0.955,0.800,-15.0,65.6,34.2
2016,AMN,NOC,Heal,0.177,0.684,0.849,0.401,24.2,56.3,33.8
2016,ANDE,NOC,Cons,0.030,0.308,0.179,0.250,-44.1,40.1,34.7
2016,ANET,NOC,Tech,0.273,0.003,0.889,0.944,-14.6,73.3,37.5
2016,ANGO,NOC,Heal,0.596,0.141,0.247,0.065,-39.8,44.7,19.2
2016,ANIP,NOC,Heal,0.821,0.950,0.563,0.051,-47.2,74.2,39.6
2016,APAM,NOC,Fina,0.513,0.616,0.646,0.323,-45.1,6.6,24.9
2016,APLE,NOC,Real,0.495,0.922,0.243,0.882,11.1,1.0,20.7
2016,ARCB,CIC,Indu,0.200,0.262,0.270,0.078,-54.9,77.0,34.5
2016,ARCC,NOC,Fina,0.922,0.803,0.089,0.929,-25.1,37.0,29.3
2016,ARCO,CIC,Cons,0.243,0.114,0.185,0.200,-39.0,105.3,37.1
2016,ARES,NOC,Fina,0.959,0.932,0.035,0.306,-40.6,93.7,41.0
2016,ARLP,CIC,Ener,0.164,0.157,0.209,0.326,-65.3,77.4,31.9
2016,ASR,CIC,Indu,0.995,0.553,0.907,0.942,3.9,14.2,23.8
2016,ATEN,NOC,Tech,0.316,0.682,0.454,0.005,0.6,68.7,40.3
2016,ATHM,NOC,Comm,0.611,0.618,0.904,0.803,-40.4,37.6,30.3
2016,ATRO,CIC,Indu,0.591,0.912,0.353,0.134,-58.0,54.7,32.0
2016,AUB,NOC,Fina,0.503,0.831,0.611,0.329,5.0,48.0,27.1
2016,AVAV,CIC,Indu,0.892,0.659,0.368,0.169,-5.3,-2.1,19.9
2016,AVNT,CIC,Basi,0.199,0.508,0.214,0.642,-30.7,32.3,25.2
2016,AX,NOC,Fina,0.404,0.361,0.954,0.377,-13.8,56.8,29.7
2016,AXIA,NOC,Util,0.849,0.775,0.033,0.818,-4.6,76.7,40.3
2016,AXON,CIC,Indu,0.608,0.137,0.715,0.343,-14.6,34.6,28.8
2016,AZTA,NOC,Heal,0.290,0.402,0.189,0.187,-29.0,83.6,33.8
2016,AZZ,CIC,Indu,0.343,0.382,0.598,0.434,19.6,27.9,17.8
2016,BANC,NOC,Fina,0.512,0.762,0.884,0.573,31.6,0.5,19.0
2016,BB,NOC,Tech,0.724,0.538,0.026,0.914,-20.9,-7.1,15.5
2016,BC,CIC,Cons,0.326,0.055,0.321,0.889,-28.3,42.2,26.6
2016,BCC,CIC,Basi,0.228,0.161,0.329,0.132,-64.1,94.7,43.0
2016,BCPC,CIC,Basi,0.517,0.891,0.262,0.618,9.6,34.1,28.7
2016,BDC,NOC,Tech,0.561,0.434,0.381,0.608,-45.7,68.3,39.1
2016,BDN,NOC,Real,0.167,0.098,0.081,0.664,-22.6,25.6,23.3
2016,BEP,NOC,Util,0.823,0.273,0.565,0.829,-11.6,7.2,21.9
2016,BGC,NOC,Fina,0.634,0.882,0.972,0.520,-0.9,29.0,30.4
2016,BJRI,CIC,Cons,0.242,0.010,0.497,0.359,-7.1,-17.4,18.5
2016,BKD,NOC,Heal,0.031,0.821,0.250,0.783,-56.7,0.1,24.2
2016,BKH,NOC,Util,0.738,0.447,0.141,0.737,-2.2,26.9,22.8
2016,BLX,NOC,Fina,0.887,0.720,0.659,0.318,-24.3,10.7,18.1
2016,BOX,NOC,Tech,0.714,0.879,0.114,0.510,-39.0,40.7,27.3
2016,BSM,CIC,Ener,0.977,0.844,0.023,0.748,-29.7,31.8,25.5
2016,BURL,CIC,Cons,0.260,0.033,0.482,0.924,-5.8,60.7,31.6
2016,BYD,CIC,Cons,0.045,0.493,0.462,0.603,15.2,24.3,27.1
2016,CAC,NOC,Fina,0.127,0.561,0.795,0.050,4.7,57.8,29.3
2016,CACI,NOC,Tech,0.136,0.116,0.392,0.616,-7.1,52.1,28.0
2016,CAKE,CIC,Cons,0.098,0.005,0.449,0.728,-6.9,22.9,28.5
2016,CALM,NOC,Cons,0.873,0.717,0.586,0.757,42.0,-31.5,12.3
2016,CALX,NOC,Tech,0.492,0.313,0.147,0.033,-31.5,1.0,25.1
2016,CAR,CIC,Indu,0.204,0.127,0.351,0.813,-52.1,28.1,26.9
2016,CARE,NOC,Fina,0.205,0.013,0.689,0.025,7.0,14.2,20.1
2016,CASY,CIC,Cons,0.647,0.371,0.253,0.922,12.8,11.3,22.1
2016,CATY,NOC,Fina,0.351,0.258,0.874,0.649,1.3,37.5,24.0
2016,CBRL,CIC,Cons,0.151,0.036,0.411,0.879,1.1,14.4,24.9
2016,CBT,CIC,Basi,0.336,0.581,0.108,0.722,-2.3,40.3,22.7
2016,CCJ,CIC,Ener,0.609,0.556,0.169,0.987,-18.1,-11.8,19.8
2016,CCOI,NOC,Comm,0.099,0.023,0.613,0.512,-4.4,21.5,25.1
2016,CCU,NOC,Cons,0.526,0.149,0.359,0.902,10.6,15.0,25.3
2016,CDE,CIC,Basi,0.858,0.482,0.684,0.038,-63.9,367.2,109.5
2016,CERS,NOC,Heal,0.901,0.454,0.013,0.119,-0.6,-20.3,16.2
2016,CFFN,NOC,Fina,0.084,0.104,0.778,0.518,-7.0,36.4,25.6
2016,CG,NOC,Fina,0.969,0.907,0.369,0.877,-57.1,44.6,33.9
2016,CGNX,NOC,Tech,0.465,0.851,0.334,0.765,-24.1,125.7,56.9
2016,CHDN,CIC,Cons,0.919,0.778,0.896,0.667,24.1,16.8,25.0
2016,CHE,NOC,Heal,0.171,0.083,0.522,0.692,25.1,26.3,25.6
2016,CHEF,NOC,Cons,0.018,0.406,0.735,0.068,-25.0,1.6,22.3
2016,CHH,CIC,Cons,0.447,0.306,0.732,0.793,-23.3,15.1,24.4
2016,CIB,NOC,Fina,0.743,0.656,0.675,0.623,-24.2,13.3,21.8
2016,CIEN,NOC,Tech,0.520,0.250,0.409,0.680,-17.7,54.0,29.4
2016,CIGI,NOC,Real,0.618,0.748,0.119,0.417,-9.5,20.4,28.5
2016,CLDT,NOC,Real,0.758,0.589,0.776,0.252,-31.6,0.7,21.6
2016,CLH,CIC,Indu,0.429,0.346,0.166,0.709,-25.3,35.2,28.9
2016,CLS,NOC,Tech,0.003,0.075,0.386,0.482,-13.1,28.1,25.4
2016,CMC,CIC,Basi,0.382,0.626,0.103,0.535,-2.4,60.6,16.6
2016,CMP,CIC,Basi,0.940,0.654,0.194,0.700,-20.5,13.2,26.6
2016,CMRE,CIC,Indu,0.285,0.435,0.810,0.041,-61.5,-13.5,17.1
2016,CNK,NOC,Comm,0.139,0.351,0.576,0.886,-23.4,37.5,29.5
2016,CNOB,NOC,Fina,0.733,0.947,0.829,0.099,-11.8,58.6,31.4
2016,CNS,NOC,Fina,0.300,0.225,0.722,0.460,-35.5,14.8,20.6
2016,CNX,CIC,Ener,0.975,0.571,0.048,0.596,-72.6,130.5,38.2
2016,CODI,CIC,Indu,0.507,0.531,0.174,0.263,-12.7,12.9,23.9
2016,CPA,CIC,Indu,0.685,0.551,0.159,0.682,-52.0,85.3,37.5
2016,CPAC,CIC,Basi,0.449,0.219,0.525,0.237,-22.4,43.9,31.3
2016,CPK,NOC,Util,0.623,0.568,0.323,0.311,39.9,6.6,21.9
2016,CPS,CIC,Cons,0.276,0.240,0.477,0.432,33.6,57.5,31.7
2016,CRL,NOC,Heal,0.333,0.194,0.591,0.861,3.3,14.5,28.1
2016,CROX,CIC,Cons,0.874,0.305,0.088,0.230,-8.4,-32.1,14.4
2016,CRS,CIC,Basi,0.373,0.465,0.154,0.495,-18.2,35.3,25.7
2016,CRTO,NOC,Comm,0.040,0.657,0.733,0.647,-23.1,37.6,35.6
2016,CRUS,NOC,Tech,0.412,0.859,0.714,0.591,1.5,115.7,41.6
2016,CSIQ,NOC,Tech,0.598,0.866,0.632,0.376,-45.4,-28.3,14.8
2016,CSW,CIC,Indu,0.298,0.237,0.616,0.083,286.3,22.7,26.2
2016,CTRE,NOC,Real,0.745,0.369,0.944,0.084,-24.6,53.3,35.7
2016,CUBI,NOC,Fina,0.725,0.392,0.866,0.204,21.6,49.2,29.4
2016,CUZ,NOC,Real,0.432,0.873,0.425,0.404,-26.6,50.5,35.3
2016,CVCO,CIC,Cons,0.227,0.480,0.666,0.225,3.2,22.8,23.1
2016,CVLT,NOC,Tech,0.118,0.356,0.343,0.550,-19.7,56.1,29.7
2016,CW,CIC,Indu,0.399,0.450,0.588,0.816,-6.3,52.1,30.7
2016,CWEN,NOC,Util,0.826,0.680,0.960,0.424,-49.4,34.3,28.8
2016,CYD,CIC,Indu,0.116,0.596,0.212,0.063,-48.8,68.5,25.5
2016,CZR,CIC,Cons,0.422,0.975,0.566,0.351,120.6,64.1,32.7
2016,DAC,CIC,Indu,0.442,0.151,0.609,0.116,-22.3,-43.7,12.8
2016,DAKT,NOC,Tech,0.551,0.459,0.288,0.022,-30.0,31.1,28.5
2016,DAR,NOC,Cons,0.427,0.955,0.151,0.498,-46.9,40.0,26.4
2016,DCH,CIC,Cons,0.356,0.230,0.424,0.369,-42.5,47.3,33.6
2016,DCOM,NOC,Fina,0.421,0.432,0.533,0.346,15.8,25.9,21.5
2016,DDD,NOC,Tech,0.820,0.631,0.003,0.526,-51.9,17.2,21.4
2016,DDS,CIC,Cons,0.671,0.028,0.341,0.758,-41.3,-19.4,16.5
2016,DECK,CIC,Cons,0.740,0.407,0.636,0.523,-40.7,16.6,22.1
2016,DHC,NOC,Real,0.210,0.220,0.823,0.868,-34.0,38.8,30.6
2016,DHT,CIC,Indu,0.954,0.985,0.906,0.195,-24.8,-27.9,13.8
2016,DIOD,NOC,Tech,0.515,0.359,0.237,0.296,-35.5,31.3,28.6
2016,DKL,CIC,Ener,0.755,0.576,0.121,0.212,-27.2,6.8,21.9
2016,DLB,NOC,Tech,0.525,0.119,0.551,0.849,-24.6,55.6,29.6
2016,DLX,NOC,Comm,0.051,0.008,0.601,0.780,-13.6,33.0,24.8
2016,DMLP,CIC,Ener,0.921,0.826,0.174,0.000,-59.6,67.0,35.4
2016,DRH,NOC,Real,0.763,0.058,0.570,0.551,-40.5,35.0,29.9
2016,DXC,NOC,Tech,0.839,0.500,0.078,0.896,-17.3,121.3,60.4
2016,DY,CIC,Indu,0.614,0.505,0.695,0.614,59.8,37.9,30.2
2016,EBF,CIC,Indu,0.315,0.280,0.240,0.098,35.2,-14.5,17.1
2016,ECHO,NOC,Comm,0.584,0.323,0.356,0.851,-22.9,29.6,27.4
2016,ECPG,NOC,Fina,0.159,0.800,0.561,0.121,-52.4,70.0,36.4
2016,EDU,NOC,Cons,0.742,0.187,0.467,0.970,43.1,68.7,30.3
2016,EEFT,NOC,Tech,0.419,0.358,0.464,0.897,45.4,5.5,24.8
2016,EFXT,CIC,Ener,0.434,0.810,0.050,0.205,-33.6,63.7,34.7
2016,EGO,CIC,Basi,0.877,0.490,0.000,0.662,-37.5,16.2,20.7
2016,EMBJ,CIC,Indu,0.599,0.725,0.828,0.978,-24.8,-9.5,17.4
2016,ENOV,NOC,Heal,0.086,0.550,0.217,0.570,-49.4,64.2,31.1
2016,ENR,CIC,Indu,0.154,0.386,0.594,0.675,5.3,36.9,25.2
2016,ENS,CIC,Indu,0.093,0.429,0.338,0.646,-21.0,62.9,31.3
2016,ENTG,NOC,Tech,0.709,0.786,0.364,0.538,-13.3,60.7,37.3
2016,EPAC,CIC,Indu,0.477,0.412,0.030,0.462,-8.8,20.7,20.7
2016,EPAM,NOC,Tech,0.263,0.139,0.781,0.836,3.6,12.0,23.2
2016,EPC,NOC,Cons,0.917,0.714,0.066,0.990,-14.1,-4.6,18.1
2016,EPR,NOC,Real,0.079,0.056,0.914,0.894,0.6,25.1,26.7
2016,EQT,CIC,Ener,0.925,0.770,0.093,1.000,-22.8,1.7,19.3
2016,ESI,CIC,Basi,0.825,0.988,0.990,0.594,-67.2,50.3,27.6
2016,ESLT,CIC,Indu,0.075,0.053,0.450,0.940,46.2,20.5,20.1
2016,ESRT,NOC,Real,0.727,0.944,0.553,0.937,-13.2,37.8,28.7
2016,ETSY,CIC,Cons,0.389,0.854,0.952,0.268,-75.4,73.1,38.3
2016,EVC,NOC,Comm,0.487,0.174,0.548,0.215,11.3,-28.5,15.2
2016,EVO,NOC,Heal,0.795,0.836,0.930,0.126,-11.0,249.4,73.6
2016,EWBC,NOC,Fina,0.606,0.326,0.846,0.995,-16.1,48.1,28.2
2016,EXLS,NOC,Tech,0.575,0.513,0.702,0.540,43.9,-1.7,21.8
2016,EXP,CIC,Basi,0.788,0.394,0.523,0.685,-38.9,115.8,37.4
2016,FAF,NOC,Fina,0.323,0.417,0.515,0.906,-5.3,12.2,26.6
2016,FANG,CIC,Ener,0.970,0.983,0.012,0.969,-7.6,53.5,33.4
2016,FBP,NOC,Fina,0.935,0.349,0.407,0.182,-54.7,89.7,36.5
2016,FCF,NOC,Fina,0.505,0.096,0.631,0.228,2.8,70.1,40.1
2016,FCFS,NOC,Fina,0.185,0.268,0.417,0.276,-40.5,41.5,26.4
2016,FCN,CIC,Indu,0.207,0.088,0.401,0.490,-7.0,18.7,24.4
2016,FFBC,NOC,Fina,0.363,0.416,0.755,0.308,-7.6,73.6,31.3
2016,FHN,NOC,Fina,0.189,0.409,0.687,0.801,-6.4,63.1,33.4
2016,FICO,NOC,Tech,0.464,0.132,0.571,0.763,5.3,49.9,27.4
2016,FISI,NOC,Fina,0.320,0.227,0.762,0.040,17.3,22.3,20.0
2016,FIVE,CIC,Cons,0.737,0.109,0.805,0.636,20.7,-0.1,16.7
2016,FIVN,NOC,Tech,0.722,0.040,0.571,0.036,94.4,128.6,49.0
2016,FIX,CIC,Indu,0.482,0.185,0.470,0.328,60.2,24.6,27.6
2016,FMC,CIC,Basi,0.684,0.528,0.202,0.919,-41.9,76.3,40.7
2016,FN,NOC,Tech,0.066,0.384,0.661,0.298,52.4,68.9,28.6
2016,FNB,NOC,Fina,0.238,0.364,0.803,0.624,-8.7,31.9,23.6
2016,FORM,NOC,Tech,0.669,0.641,0.283,0.053,-13.3,83.7,35.8
2016,FOXF,CIC,Cons,0.325,0.376,0.760,0.146,0.5,79.5,38.0
2016,FRO,CIC,Indu,0.911,0.825,0.967,0.333,-31.2,-36.6,13.9
2016,FSM,CIC,Basi,0.791,0.776,0.043,0.103,5.4,13.6,26.2
2016,FSS,CIC,Indu,0.748,0.719,0.071,0.240,-29.5,29.9,27.8
2016,FTAI,CIC,Indu,0.732,0.965,0.677,0.167,-44.2,61.5,30.6
2016,FTK,CIC,Ener,0.695,0.758,0.063,0.015,-64.8,76.5,35.9
2016,FUL,CIC,Basi,0.435,0.026,0.366,0.541,-19.5,52.7,26.0
2016,FULT,NOC,Fina,0.162,0.041,0.654,0.661,6.6,48.5,30.6
2016,FUN,CIC,Cons,0.439,0.281,0.290,0.815,3.0,17.7,23.8
2016,FWRD,CIC,Indu,0.531,0.070,0.674,0.445,-16.4,9.0,25.9
2016,GABC,NOC,Fina,0.035,0.076,0.796,0.060,3.2,58.9,29.8
2016,GBCI,NOC,Fina,0.056,0.373,0.843,0.575,-2.3,56.2,29.2
2016,GBDC,NOC,Fina,0.217,0.430,0.935,0.255,-13.5,25.7,28.0
2016,GBX,CIC,Indu,0.712,0.639,0.932,0.265,-51.4,59.7,21.1
2016,GEO,CIC,Indu,0.129,0.215,0.662,0.637,-34.3,59.7,34.2
2016,GGAL,NOC,Fina,0.768,0.687,0.430,0.876,29.3,26.9,29.8
2016,GGB,CIC,Basi,0.358,0.624,0.036,0.560,-64.0,246.0,63.2
2016,GIII,CIC,Cons,0.386,0.507,0.490,0.632,-21.1,-48.5,8.9
2016,GKOS,NOC,Heal,0.844,0.896,0.657,0.129,-46.0,169.7,50.3
2016,GLOB,NOC,Tech,0.306,0.354,0.768,0.291,79.9,38.4,28.7
2016,GLPI,NOC,Real,0.699,1.000,0.672,0.853,-19.1,14.7,21.8
2016,GME,CIC,Cons,0.377,0.391,0.442,0.838,-22.0,-20.5,14.3
2016,GMED,NOC,Heal,0.119,0.099,0.834,0.674,-5.1,20.9,25.7
2016,GNL,NOC,Real,0.565,0.997,0.879,0.442,-16.0,4.6,21.6
2016,GNRC,CIC,Indu,0.331,0.411,0.232,0.652,-33.1,30.2,28.3
2016,GNTX,CIC,Cons,0.061,0.212,0.820,0.916,-18.8,62.0,30.4
2016,GPK,CIC,Cons,0.060,0.113,0.444,0.917,-20.6,5.9,24.8
2016,GPRE,CIC,Basi,0.604,0.440,0.190,0.156,-38.9,54.6,36.2
2016,GRC,CIC,Indu,0.258,0.460,0.305,0.154,-23.7,37.6,29.9
2016,GRPN,NOC,Comm,0.680,0.573,0.265,0.459,-70.0,68.8,42.0
2016,GSAT,NOC,Comm,0.930,0.288,0.038,0.626,-47.8,8.3,22.4
2016,GSBD,NOC,Fina,0.952,0.990,0.053,0.189,-12.3,31.5,24.8
2016,GSM,CIC,Basi,0.828,0.167,0.131,0.561,-42.8,-0.6,19.1
2016,GTN,NOC,Comm,0.831,0.781,0.576,0.275,-4.5,15.7,23.7
2016,HALO,NOC,Heal,0.914,0.916,0.934,0.338,-46.6,58.3,33.9
2016,HAPN,NOC,Fina,0.750,0.737,0.975,0.781,-70.9,-2.9,23.9
2016,HASI,NOC,Fina,0.813,0.813,0.690,0.179,8.8,7.5,22.2
2016,HBM,CIC,Basi,0.700,0.972,0.988,0.166,-69.2,221.2,68.7
2016,HCI,NOC,Fina,0.884,0.483,0.624,0.028,-27.9,30.2,24.3
2016,HEI,CIC,Indu,0.222,0.257,0.679,0.899,-10.3,49.4,30.8
2016,HELE,NOC,Cons,0.344,0.366,0.480,0.724,30.7,0.7,12.8
2016,HFWA,NOC,Fina,0.369,0.899,0.642,0.123,9.6,37.0,27.3
2016,HHH,NOC,Real,0.871,0.876,0.911,0.959,-31.7,9.5,19.2
2016,HIMX,NOC,Tech,0.237,0.621,0.137,0.474,4.4,-21.4,16.8
2016,HL,CIC,Basi,0.694,0.796,0.205,0.293,-28.4,165.0,58.7
2016,HLI,NOC,Fina,0.578,0.017,0.626,0.508,5.1,32.1,29.7
2016,HLIO,CIC,Indu,0.500,0.522,0.258,0.260,-26.8,30.6,27.8
2016,HNI,CIC,Cons,0.230,0.377,0.286,0.480,-40.0,50.8,35.3
2016,HOMB,NOC,Fina,0.293,0.785,0.912,0.717,22.3,50.0,27.1
2016,HPP,NOC,Real,0.677,0.919,0.978,0.657,-18.8,40.5,28.0
2016,HQY,NOC,Heal,0.702,0.073,0.863,0.447,-13.6,104.6,36.8
2016,HR,NOC,Real,0.137,0.084,0.685,0.884,-1.8,6.9,22.6
2016,HRTG,NOC,Fina,0.829,0.902,0.839,0.164,-1.0,-28.5,13.9
2016,HTGC,NOC,Fina,0.785,0.732,0.545,0.247,-31.0,44.3,29.8
2016,HTHT,CIC,Cons,0.864,0.849,0.535,0.593,34.3,100.0,41.0
2016,HTLD,CIC,Indu,0.190,0.869,0.318,0.497,-29.7,18.3,21.0
2016,HUBG,CIC,Indu,0.182,0.131,0.310,0.356,-11.1,49.6,28.4
2016,HUBS,NOC,Tech,0.651,0.156,0.728,0.316,-15.6,97.7,48.5
2016,HUN,CIC,Basi,0.310,0.404,0.123,0.609,-64.4,168.6,66.8
2016,HURN,CIC,Indu,0.811,0.566,0.485,0.374,-32.2,-13.6,18.0
2016,HWC,NOC,Fina,0.866,0.020,0.291,0.548,-19.7,112.0,38.4
2016,HWKN,CIC,Basi,0.480,0.078,0.379,0.045,-7.0,37.5,26.8
2016,IART,NOC,Heal,0.161,0.243,0.363,0.672,0.6,45.2,30.0
2016,IBOC,NOC,Fina,0.411,0.300,0.699,0.505,-6.5,66.2,34.2
2016,ICFI,CIC,Indu,0.169,0.172,0.389,0.190,-17.7,50.6,29.2
2016,ICUI,NOC,Heal,0.510,0.283,0.639,0.530,12.8,54.2,33.6
2016,IDCC,NOC,Tech,0.944,0.952,0.927,0.555,-4.9,111.3,47.2
2016,IIIN,CIC,Indu,0.666,0.543,0.219,0.070,4.4,52.5,27.5
2016,IMAX,NOC,Comm,0.765,0.642,0.811,0.671,-8.0,-4.4,20.5
2016,INDB,NOC,Fina,0.546,0.210,0.704,0.353,-1.1,57.6,35.7
2016,INN,NOC,Real,0.308,0.452,0.618,0.290,-23.6,58.3,33.9
2016,IOSP,CIC,Basi,0.540,0.495,0.268,0.381,13.8,44.7,31.5
2016,IPGP,NOC,Tech,0.126,0.182,0.806,0.927,-18.4,52.6,35.8
2016,IRS,NOC,Real,0.556,0.533,0.921,0.152,-32.5,115.6,49.7
2016,IRT,NOC,Real,0.313,0.871,0.987,0.010,-25.0,37.8,29.8
2016,ITRI,NOC,Tech,0.543,0.103,0.281,0.469,1.4,81.4,38.8
2016,IVT,NOC,Real,0.965,0.856,0.046,0.563,18.9,11.1,20.7
2016,J,CIC,Indu,0.091,0.341,0.192,0.901,-3.6,57.5,30.7
2016,JBTM,CIC,Indu,0.329,0.276,0.647,0.545,57.9,56.0,27.4
2016,JEF,NOC,Fina,0.841,0.637,0.303,0.993,-37.8,74.1,38.3
2016,JOE,NOC,Real,0.988,0.942,0.508,0.394,-6.6,3.5,20.2
2016,JOYY,NOC,Comm,0.838,0.788,0.891,0.871,4.6,-15.4,15.3
2016,KAI,CIC,Indu,0.455,0.518,0.495,0.071,-4.1,56.1,33.4
2016,KBH,CIC,Cons,0.407,0.530,0.671,0.331,-27.5,61.7,23.4
2016,KDP,NOC,Cons,0.109,0.002,0.606,0.778,14.0,4.7,20.9
2016,KEX,CIC,Indu,0.195,0.666,0.180,0.772,-32.7,26.8,24.4
2016,KFRC,CIC,Indu,0.096,0.169,0.394,0.127,-21.3,15.4,27.1
2016,KFY,CIC,Indu,0.063,0.540,0.712,0.503,-11.7,14.1,22.8
2016,KLIC,NOC,Tech,0.394,0.727,0.280,0.272,-25.8,50.1,28.5
2016,KNX,CIC,Indu,0.430,0.425,0.376,0.454,-26.5,49.0,27.6
2016,KOS,CIC,Ener,0.957,0.868,0.070,0.576,-47.9,33.1,27.6
2016,KRG,NOC,Real,0.257,0.940,0.619,0.669,-11.0,-12.9,16.5
2016,KRNT,CIC,Indu,0.757,0.535,0.851,0.026,-20.1,47.1,36.5
2016,KRNY,NOC,Fina,0.624,0.728,0.414,0.336,20.9,26.4,24.3
2016,KRO,CIC,Basi,0.806,0.363,0.091,0.222,-49.3,128.0,45.6
2016,KWR,CIC,Basi,0.212,0.159,0.315,0.315,-15.7,81.6,37.4
2016,LAD,CIC,Cons,0.023,0.760,0.483,0.733,0.9,8.3,21.9
2016,LCII,CIC,Cons,0.147,0.238,0.593,0.478,-0.3,94.2,46.0
2016,LDOS,NOC,Tech,0.124,0.700,0.528,0.828,2.2,25.8,28.1
2016,LFUS,NOC,Tech,0.291,0.328,0.560,0.735,22.1,41.3,25.4
2016,LGIH,CIC,Cons,0.041,0.945,0.922,0.108,65.0,20.6,23.9
2016,LIND,CIC,Cons,0.646,0.265,0.328,0.088,3.6,-14.5,15.9
2016,LITE,NOC,Tech,0.157,0.189,0.374,0.439,30.6,74.8,33.6
2016,LIVN,NOC,Heal,0.932,0.987,0.997,0.747,-25.6,4.1,24.5
2016,LNN,CIC,Indu,0.088,0.272,0.132,0.257,-5.3,13.7,19.8
2016,LOB,NOC,Fina,0.550,0.664,0.925,0.094,-27.6,54.2,28.4
2016,LOPE,NOC,Cons,0.174,0.051,0.791,0.522,-25.9,72.5,35.7
2016,LPG,CIC,Ener,0.927,0.930,0.995,0.159,-15.0,5.9,18.2
2016,LPLA,NOC,Fina,0.036,0.982,0.255,0.705,-43.8,54.6,36.6
2016,LPX,CIC,Basi,0.508,0.316,0.326,0.613,-13.9,45.7,34.3
2016,LRN,NOC,Cons,0.674,0.303,0.245,0.017,-40.2,97.2,36.8
2016,LSCC,NOC,Tech,0.366,0.609,0.152,0.137,-33.8,46.2,29.6
2016,LXP,NOC,Real,0.089,0.311,0.772,0.583,-31.7,49.0,32.6
2016,LYV,NOC,Comm,0.728,0.333,0.387,0.945,-19.9,48.4,30.6
2016,LZB,CIC,Cons,0.354,0.147,0.505,0.339,-24.3,39.6,29.4
2016,MAIN,NOC,Fina,0.906,0.829,0.113,0.483,-8.4,33.1,27.5
2016,MATV,CIC,Basi,0.414,0.422,0.641,0.422,4.5,6.5,21.6
2016,MATX,CIC,Indu,0.656,0.296,0.568,0.578,6.0,-10.5,19.5
2016,MBWM,NOC,Fina,0.396,0.925,0.680,0.046,24.1,42.4,28.3
2016,MC,NOC,Fina,0.613,0.833,0.816,0.136,-22.4,41.0,33.5
2016,MCRI,CIC,Cons,0.268,0.214,0.651,0.018,3.9,27.4,27.3
2016,MCS,NOC,Comm,0.586,0.541,0.459,0.131,-3.2,74.6,37.1
2016,MCY,NOC,Fina,0.816,0.439,0.439,0.773,-12.5,25.8,29.1
2016,MDXG,NOC,Heal,0.474,0.818,0.813,0.301,-20.6,-0.4,22.1
2016,MEI,NOC,Tech,0.573,0.694,0.311,0.348,-34.9,54.9,30.4
2016,MELI,CIC,Cons,0.601,0.171,0.667,0.967,-23.6,95.4,40.3
2016,MEOH,CIC,Basi,0.987,0.791,0.076,0.659,-45.3,84.6,35.1
2016,MGNI,NOC,Comm,0.760,0.801,0.980,0.185,-23.5,-37.4,14.3
2016,MGRC,CIC,Indu,0.233,0.291,0.478,0.175,-17.1,43.4,29.5
2016,MHO,CIC,Cons,0.068,0.253,0.730,0.109,-17.0,47.4,27.9
2016,MIDD,CIC,Indu,0.141,0.207,0.740,0.954,-11.2,46.5,27.7
2016,MKSI,NOC,Tech,0.245,0.644,0.248,0.589,-1.6,95.4,38.7
2016,MLAB,NOC,Heal,0.179,0.584,0.669,0.043,34.6,18.2,21.9
2016,MLI,CIC,Indu,0.146,0.485,0.197,0.493,-25.6,59.7,30.1
2016,MLKN,CIC,Cons,0.175,0.200,0.440,0.556,-1.1,2.4,17.5
2016,MMI,NOC,Real,0.459,0.629,0.709,0.305,-34.4,10.3,22.0
2016,MMYT,CIC,Cons,0.836,0.399,0.162,0.243,-25.2,80.0,32.9
2016,MOH,NOC,Heal,0.083,0.467,0.737,0.808,1.3,16.2,28.8
2016,MOMO,NOC,Comm,0.644,0.929,0.977,0.710,9.6,121.0,40.7
2016,MORN,NOC,Fina,0.065,0.066,0.649,0.869,14.1,1.2,21.3
2016,MOV,CIC,Cons,0.275,0.101,0.487,0.180,-3.5,-14.3,14.6
2016,MPLX,CIC,Ener,0.808,0.806,0.974,0.841,-71.4,73.2,31.9
2016,MRCY,CIC,Indu,0.288,0.260,0.507,0.157,21.2,77.4,28.9
2016,MRVL,NOC,Tech,0.833,0.710,0.073,0.964,-45.5,78.4,36.7
2016,MSGS,NOC,Comm,0.945,0.887,0.492,0.599,-42.0,16.6,22.0
2016,MTH,CIC,Cons,0.280,0.270,0.599,0.452,-11.7,15.2,20.9
2016,MTRN,CIC,Basi,0.194,0.498,0.118,0.093,-37.9,61.2,34.8
2016,MTUS,CIC,Basi,0.593,0.839,0.068,0.056,-65.6,99.5,35.0
2016,MTX,CIC,Basi,0.305,0.911,0.199,0.477,-31.9,101.3,38.2
2016,MTZ,CIC,Indu,0.253,0.455,0.116,0.382,-29.3,158.3,53.3
2016,MUR,CIC,Ener,0.960,0.783,0.031,0.833,-58.2,76.2,33.5
2016,MUSA,CIC,Cons,0.374,0.503,0.129,0.740,-17.5,8.7,20.0
2016,MUX,CIC,Basi,0.990,0.935,0.005,0.149,90.1,78.7,32.3
2016,MWA,CIC,Indu,0.417,0.192,0.285,0.427,-25.5,74.0,33.0
2016,MXL,NOC,Tech,0.894,0.970,0.992,0.273,64.3,94.7,45.7
2016,MYE,CIC,Cons,0.566,0.487,0.177,0.030,-37.6,11.1,23.1
2016,MYRG,CIC,Indu,0.440,0.232,0.437,0.089,-12.5,61.8,31.1
2016,NAT,CIC,Indu,0.929,0.917,0.838,0.407,16.4,-39.6,8.9
2016,NAVI,NOC,Fina,0.679,0.477,0.710,0.863,-52.7,68.4,27.6
2016,NBHC,NOC,Fina,0.627,0.321,0.518,0.161,7.6,62.8,30.4
2016,NBR,CIC,Ener,0.704,0.815,0.094,0.566,-49.8,144.9,56.7
2016,NEOG,NOC,Heal,0.368,0.068,0.634,0.571,-3.3,48.8,27.8
2016,NICE,NOC,Tech,0.672,0.315,0.503,0.866,6.3,22.5,31.0
2016,NJR,NOC,Util,0.897,0.838,0.084,0.834,10.4,3.7,20.2
2016,NNI,NOC,Fina,0.548,0.579,0.844,0.528,-23.9,39.3,28.6
2016,NOAH,NOC,Fina,0.798,0.755,0.964,0.008,22.4,-2.4,17.0
2016,NOVT,NOC,Tech,0.235,0.374,0.293,0.075,4.6,98.8,38.2
2016,NPK,CIC,Indu,0.397,0.462,0.412,0.144,39.3,16.6,22.5
2016,NPO,CIC,Indu,0.187,0.248,0.391,0.371,-21.2,34.9,26.2
2016,NRG,NOC,Util,0.735,0.816,0.008,0.858,-55.0,55.6,33.3
2016,NTCT,NOC,Tech,0.869,0.939,0.982,0.651,-36.7,42.4,26.0
2016,NTRA,NOC,Heal,0.881,0.949,0.101,0.091,-47.2,0.1,20.4
2016,NVGS,CIC,Indu,0.535,0.735,0.767,0.283,-16.8,-31.2,14.6
2016,NX,CIC,Basi,0.560,0.848,0.864,0.174,-7.6,2.3,20.3
2016,NXST,NOC,Comm,0.692,0.555,0.873,0.450,-22.7,65.1,34.0
2016,OCSL,NOC,Fina,0.997,0.808,0.296,0.270,-28.5,8.7,25.9
2016,OFG,NOC,Fina,0.972,0.492,0.124,0.023,-57.7,79.2,33.2
2016,OII,CIC,Ener,0.636,0.613,0.149,0.776,-48.5,-4.7,22.3
2016,OIS,CIC,Ener,0.834,0.401,0.056,0.402,-41.3,64.4,33.3
2016,OKE,CIC,Ener,0.772,0.548,0.127,0.965,-54.9,148.4,51.5
2016,OLED,NOC,Tech,0.978,0.906,0.853,0.684,35.1,43.4,29.6
2016,OLN,CIC,Basi,0.530,0.921,0.983,0.745,-39.4,67.1,30.3
2016,OMAB,CIC,Indu,0.886,0.263,0.826,0.598,-0.7,-1.3,21.0
2016,OMCL,NOC,Heal,0.267,0.121,0.510,0.320,-14.9,37.9,28.8
2016,OMF,NOC,Fina,0.982,0.998,0.821,0.848,-52.7,0.8,18.8
2016,ON,NOC,Tech,0.270,0.344,0.346,0.823,-27.9,91.1,46.1
2016,ONTO,NOC,Tech,0.247,0.599,0.475,0.076,-10.8,81.7,34.2
2016,OPI,NOC,Real,0.028,0.255,0.579,0.310,-40.0,46.1,32.6
2016,OSIS,NOC,Tech,0.053,0.488,0.111,0.513,6.6,-1.8,19.5
2016,OSK,CIC,Indu,0.219,0.142,0.224,0.690,-29.9,134.1,43.7
2016,OSPN,NOC,Tech,0.752,0.750,0.195,0.141,-49.4,9.3,23.8
2016,OUT,NOC,Real,0.488,0.339,0.172,0.785,-30.5,34.2,27.7
2016,OVV,CIC,Ener,0.902,0.914,0.060,0.826,-72.3,247.0,71.8
2016,OXM,CIC,Cons,0.632,0.293,0.361,0.389,22.0,-27.7,13.0
2016,OZK,NOC,Fina,0.281,0.472,0.950,0.935,41.5,16.1,18.0
2016,P,CIC,Indu,0.747,0.820,0.962,0.805,-7.6,-27.4,13.5
2016,PAGP,CIC,Ener,0.626,0.780,0.065,0.467,-76.5,99.9,46.4
2016,PAHC,NOC,Heal,0.255,0.886,0.457,0.455,20.8,-19.7,18.8
2016,PATK,CIC,Cons,0.055,0.252,0.757,0.066,7.6,105.5,44.4
2016,PAYC,NOC,Tech,0.303,0.197,0.871,0.435,-29.0,101.8,47.9
2016,PB,NOC,Fina,0.248,0.705,0.798,0.770,-18.6,90.3,36.2
2016,PBH,NOC,Heal,0.215,0.614,0.694,0.755,24.8,7.6,20.4
2016,PCRX,NOC,Heal,0.889,0.959,0.419,0.634,-50.3,-23.7,15.5
2016,PCTY,NOC,Tech,0.753,0.286,0.876,0.558,37.6,-11.0,16.9
2016,PDM,NOC,Real,0.240,0.118,0.498,0.767,-5.1,16.8,22.8
2016,PDS,CIC,Ener,0.851,0.763,0.020,0.253,-54.7,104.9,48.5
2016,PEB,NOC,Real,0.730,0.195,0.758,0.611,-46.1,6.4,22.2
2016,PEN,NOC,Heal,0.328,0.627,0.869,0.492,8.4,75.3,35.3
2016,PENN,CIC,Cons,0.111,0.510,0.621,0.358,-11.6,-1.3,18.7
2016,PFGC,NOC,Cons,0.000,0.934,0.344,0.727,29.3,-10.7,17.4
2016,PFS,NOC,Fina,0.058,0.298,0.780,0.411,13.1,36.4,23.3
2016,PGEN,NOC,Heal,0.783,0.980,0.055,0.881,-20.2,-27.3,15.4
2016,PII,CIC,Cons,0.076,0.469,0.301,0.983,-51.1,20.0,19.6
2016,PKG,CIC,Cons,0.131,0.877,0.404,0.988,-38.5,86.5,34.9
2016,PLNT,CIC,Cons,0.437,0.497,0.743,0.124,-7.4,45.2,27.3
2016,PLUS,NOC,Tech,0.022,0.235,0.336,0.194,27.6,22.9,23.3
2016,PLXS,NOC,Tech,0.020,0.457,0.235,0.325,-26.0,79.2,32.2
2016,PNFP,NOC,Fina,0.619,0.515,0.949,0.601,29.3,46.2,26.2
2016,PODD,NOC,Heal,0.720,0.586,0.467,0.543,-10.6,56.2,32.0
2016,POOL,CIC,Indu,0.025,0.079,0.429,0.874,14.9,40.0,30.3
2016,POST,NOC,Cons,0.583,0.974,0.637,0.760,21.3,45.8,27.6
2016,POWI,NOC,Tech,0.522,0.093,0.460,0.429,-18.6,59.8,29.4
2016,PPLI,NOC,Comm,0.502,0.204,0.295,0.184,-34.1,67.5,35.9
2016,PRIM,CIC,Indu,0.283,0.502,0.373,0.321,12.1,32.0,27.2
2016,PRKS,CIC,Cons,0.962,0.071,0.331,0.581,9.2,-13.2,15.3
2016,PRMB,NOC,Cons,0.909,0.690,0.298,0.361,92.9,27.5,22.4
2016,PWR,CIC,Indu,0.450,0.593,0.204,0.854,-32.7,87.0,37.8
2016,QDEL,NOC,Heal,0.843,0.679,0.161,0.111,-34.6,30.3,24.6
2016,QUAD,CIC,Indu,0.149,0.108,0.200,0.114,-52.0,142.0,49.5
2016,RBA,CIC,Indu,0.156,0.301,0.627,0.725,-10.7,33.6,27.0
2016,RBC,CIC,Indu,0.454,0.536,0.858,0.440,-21.7,33.2,26.0
2016,RDN,NOC,Fina,0.762,0.993,0.998,0.720,-39.7,85.2,34.6
2016,RES,CIC,Ener,0.896,0.864,0.028,0.742,-0.9,83.6,34.9
2016,REX,CIC,Basi,0.876,0.278,0.171,0.031,-16.8,50.6,26.7
2016,RGEN,NOC,Heal,0.719,0.689,0.745,0.278,-17.7,18.2,24.4
2016,RGLD,CIC,Basi,0.781,0.712,0.942,0.627,-57.1,126.6,41.7
2016,RGR,CIC,Indu,0.715,0.738,0.785,0.412,39.6,-23.2,16.4
2016,RHP,NOC,Real,0.555,0.063,0.540,0.719,-19.3,41.3,29.2
2016,RIG,CIC,Ener,0.132,0.474,0.604,0.806,-48.9,62.0,34.7
2016,RLJ,NOC,Real,0.581,0.338,0.474,0.730,-36.9,17.6,25.2
2016,RMBS,NOC,Tech,0.202,0.546,0.697,0.437,6.6,24.0,23.2
2016,RNR,NOC,Fina,0.967,0.742,0.861,0.992,13.7,21.8,22.1
2016,RNST,NOC,Fina,0.346,0.669,0.916,0.421,9.1,31.7,28.1
2016,ROG,NOC,Tech,0.425,0.242,0.427,0.267,-43.6,73.2,35.4
2016,RPD,NOC,Tech,0.406,0.136,0.157,0.055,-60.5,28.0,30.2
2016,RRX,CIC,Indu,0.384,0.129,0.252,0.715,-28.4,35.2,31.3
2016,RS,CIC,Basi,0.341,0.603,0.144,0.955,5.5,43.1,31.0
2016,RUSHA,CIC,Cons,0.108,0.685,0.167,0.101,-38.1,75.3,43.9
2016,RYAM,CIC,Basi,0.662,0.424,0.402,0.002,-60.1,138.9,40.6
2016,RYN,NOC,Real,0.810,0.811,0.348,0.694,-34.6,49.8,35.1
2016,SAFE,NOC,Real,0.778,0.843,0.025,0.214,-32.8,32.0,26.9
2016,SAH,CIC,Cons,0.007,0.012,0.384,0.280,-28.3,32.6,28.8
2016,SAM,NOC,Cons,0.469,0.512,0.419,0.712,-40.6,-8.5,20.4
2016,SANM,NOC,Tech,0.002,0.336,0.225,0.487,-25.6,111.7,39.7
2016,SBGI,NOC,Comm,0.472,0.652,0.558,0.790,5.0,25.3,26.8
2016,SBS,NOC,Util,0.790,0.520,0.901,0.957,16.2,56.6,28.2
2016,SBSI,NOC,Fina,0.776,0.675,0.882,0.162,-18.6,66.0,28.3
2016,SEDG,CIC,Ener,0.853,0.884,0.965,0.391,32.6,-51.0,10.1
2016,SFM,NOC,Cons,0.101,0.060,0.682,0.947,-26.0,-30.7,14.3
2016,SFNC,NOC,Fina,0.134,0.743,0.917,0.449,-0.4,32.6,23.7
2016,SHAK,CIC,Cons,0.462,0.565,0.854,0.238,-10.0,-15.2,16.3
2016,SHEN,NOC,Comm,0.536,0.000,0.664,0.366,57.3,18.0,25.3
2016,SHO,NOC,Real,0.576,0.368,0.526,0.752,-28.5,21.5,24.8
2016,SHOO,CIC,Cons,0.113,0.123,0.432,0.621,-3.0,7.2,22.9
2016,SHOP,NOC,Tech,0.705,0.134,0.947,0.568,-12.9,150.6,50.7
2016,SIMO,NOC,Tech,0.301,0.704,0.770,0.341,11.1,43.2,24.7
2016,SKT,NOC,Real,0.321,0.154,0.747,0.796,-20.4,12.5,27.9
2016,SLAB,NOC,Tech,0.379,0.184,0.316,0.579,-11.7,54.5,28.4
2016,SLM,NOC,Fina,0.863,0.924,0.970,0.687,-44.2,102.6,36.4
2016,SMCI,NOC,Tech,0.081,0.318,0.707,0.472,-28.4,5.6,19.7
2016,SMG,CIC,Basi,0.916,0.162,0.099,0.930,0.6,40.0,25.4
2016,SMP,CIC,Cons,0.265,0.061,0.273,0.209,-29.5,68.2,33.7
2016,SMTC,NOC,Tech,0.311,0.414,0.215,0.419,-34.0,73.3,32.8
2016,SNDA,NOC,Heal,0.123,0.030,0.447,0.079,-36.6,9.2,22.5
2016,SNX,NOC,Tech,0.094,0.632,0.230,0.525,17.6,44.5,20.6
2016,SPB,NOC,Cons,0.907,0.588,0.472,0.699,-6.4,40.5,30.9
2016,SPH,NOC,Util,0.904,0.692,0.109,0.465,-49.3,31.8,25.0
2016,SPNT,NOC,Fina,0.937,0.881,0.717,0.397,-18.4,6.3,21.9
2016,SQM,CIC,Basi,0.533,0.343,0.349,0.982,-28.4,71.8,32.0
2016,SR,NOC,Util,0.856,0.841,0.156,0.788,18.6,0.3,18.4
2016,SRCE,NOC,Fina,0.401,0.353,0.748,0.233,-0.9,56.6,28.2
2016,SSD,CIC,Basi,0.192,0.038,0.603,0.507,-5.2,38.5,26.3
2016,SSYS,NOC,Tech,0.912,0.846,0.018,0.425,-61.0,-18.2,15.7
2016,STAG,NOC,Real,0.142,0.180,0.705,0.368,-35.5,43.4,28.5
2016,STLD,CIC,Basi,0.318,0.707,0.040,0.911,-9.8,122.4,38.1
2016,STN,CIC,Indu,0.166,0.320,0.207,0.631,-13.5,22.1,25.2
2016,STNG,CIC,Indu,0.964,0.954,0.919,0.416,-29.4,-42.4,11.3
2016,STRA,NOC,Cons,0.364,0.175,0.517,0.106,-26.6,74.5,37.3
2016,SUI,NOC,Real,0.444,0.619,0.887,0.909,-0.7,21.2,26.9
2016,SUPN,NOC,Heal,0.106,0.992,0.859,0.192,34.6,99.3,37.6
2016,SUZ,CIC,Basi,0.891,0.591,0.377,0.925,-12.3,22.6,17.4
2016,SWBI,CIC,Indu,0.661,0.793,0.939,0.354,94.6,-23.4,15.0
2016,SXI,CIC,Indu,0.180,0.177,0.354,0.288,-3.6,33.9,24.8
2016,SYNA,NOC,Tech,0.846,0.894,0.422,0.732,-3.0,-9.6,16.9
2016,TAC,NOC,Util,0.642,0.709,0.134,0.384,-55.1,28.1,28.8
2016,TAL,NOC,Cons,0.523,0.144,0.831,0.058,52.1,67.9,30.7
2016,TDAY,NOC,Comm,0.475,0.823,0.959,0.227,-36.3,-0.4,20.1
2016,TDOC,NOC,Heal,0.796,0.086,0.435,0.118,-29.1,63.7,30.5
2016,TDY,NOC,Tech,0.078,0.111,0.396,0.795,-17.0,52.3,28.9
2016,TEAM,NOC,Tech,0.038,0.598,0.825,0.921,14.3,13.3,19.7
2016,TECK,CIC,Basi,0.498,0.152,0.051,0.639,-75.4,580.0,169.2
2016,TEN,CIC,Ener,0.050,0.199,0.382,0.586,-18.1,-27.0,14.0
2016,TEO,NOC,Comm,0.545,0.563,0.164,0.798,-26.5,45.6,38.2
2016,TER,NOC,Tech,0.589,0.381,0.227,0.932,6.4,33.1,25.3
2016,TEX,CIC,Indu,0.232,0.267,0.210,0.656,-19.7,56.6,35.7
2016,TFSL,NOC,Fina,0.631,0.647,0.644,0.998,22.9,5.3,19.9
2016,TGLS,CIC,Basi,0.689,0.601,0.801,0.035,13.4,-11.4,14.9
2016,THC,NOC,Heal,0.073,0.795,0.541,0.753,-44.1,-13.8,17.9
2016,THO,CIC,Cons,0.272,0.445,0.589,0.811,-8.1,102.0,40.1
2016,THRM,CIC,Cons,0.339,0.470,0.531,0.502,-9.2,-13.2,18.8
2016,TIGO,NOC,Comm,0.985,0.745,0.242,0.950,-33.5,15.2,27.0
2016,TIMB,NOC,Comm,0.657,0.636,0.079,0.887,-65.4,85.6,40.3
2016,TK,CIC,Ener,0.780,0.437,0.836,0.142,-83.1,28.0,29.3
2016,TKR,CIC,Indu,0.286,0.545,0.104,0.677,-27.2,57.0,30.8
2016,TNET,CIC,Indu,0.416,0.442,0.614,0.300,-65.4,107.3,44.4
2016,TNK,CIC,Indu,0.942,0.909,0.985,0.210,-26.8,-45.1,12.3
2016,TOL,CIC,Cons,0.338,0.752,0.550,0.997,-29.9,18.4,26.2
2016,TOWN,NOC,Fina,0.172,0.444,0.793,0.313,28.9,71.5,29.1
2016,TPC,CIC,Indu,0.518,0.379,0.308,0.177,-48.4,115.9,46.3
2016,TREX,CIC,Indu,0.803,0.523,0.720,0.406,-20.2,75.2,38.1
2016,TRGP,CIC,Ener,0.483,0.863,0.086,0.444,-74.1,140.9,47.9
2016,TRMK,NOC,Fina,0.114,0.146,0.656,0.470,-9.5,60.6,26.3
2016,TRN,CIC,Indu,0.361,0.699,0.502,0.679,-29.9,35.0,29.2
2016,TRST,NOC,Fina,0.010,0.035,0.742,0.104,-19.6,57.8,28.7
2016,TSEM,NOC,Tech,0.859,0.853,0.583,0.399,-13.3,61.5,31.5
2016,TSLX,NOC,Fina,0.998,0.927,0.015,0.303,-10.7,22.8,26.3
2016,TTEK,CIC,Indu,0.490,0.126,0.325,0.488,0.4,82.9,35.2
2016,TTMI,NOC,Tech,0.371,0.861,0.924,0.199,-24.5,184.6,55.5
2016,TX,CIC,Basi,0.568,0.310,0.220,0.738,-30.9,86.3,40.5
2016,UAN,CIC,Basi,0.801,0.517,0.556,0.086,-52.0,-7.6,20.0
2016,UBSI,NOC,Fina,0.043,0.606,0.808,0.697,-2.2,29.3,23.6
2016,UCB,NOC,Fina,0.541,0.427,0.868,0.414,-10.5,70.3,36.5
2016,UE,NOC,Real,0.675,0.583,0.750,0.695,-1.4,15.9,24.0
2016,UFPI,CIC,Basi,0.224,0.190,0.406,0.430,20.5,66.9,35.8
2016,UI,NOC,Tech,0.563,0.805,0.773,0.704,7.0,126.8,44.6
2016,ULH,CIC,Indu,0.805,0.475,0.300,0.073,-35.9,-13.7,17.8
2016,UMC,NOC,Tech,0.621,0.329,0.263,0.972,-15.3,1.7,18.7
2016,UNFI,NOC,Cons,0.103,0.348,0.339,0.588,-55.5,18.6,23.2
2016,UPBD,NOC,Tech,0.588,0.015,0.017,0.207,-62.1,-36.4,11.8
2016,URBN,CIC,Cons,0.252,0.081,0.432,0.856,-28.7,-8.8,17.9
2016,USAC,CIC,Ener,0.553,0.646,0.007,0.061,-59.2,135.4,56.7
2016,USLM,CIC,Basi,0.687,0.570,0.260,0.003,-22.3,35.7,25.7
2016,UVE,NOC,Fina,0.478,0.623,0.937,0.202,-16.3,38.4,29.1
2016,VAC,CIC,Cons,0.262,0.179,0.536,0.606,-18.9,46.4,30.2
2016,VECO,NOC,Tech,0.497,0.834,0.146,0.245,-38.7,40.1,28.2
2016,VET,CIC,Ener,0.934,0.790,0.061,0.820,-38.9,44.9,30.9
2016,VIAV,NOC,Tech,0.882,0.697,0.058,0.387,-33.3,75.8,31.9
2016,VIRT,NOC,Fina,0.467,0.695,0.520,0.258,-2.1,-18.1,15.5
2016,VISN,NOC,Tech,0.387,0.649,0.765,0.949,-25.5,77.5,39.6
2016,VLY,NOC,Fina,0.445,0.667,0.651,0.619,-7.9,35.5,25.8
2016,VMI,CIC,Indu,0.493,0.245,0.126,0.743,-11.7,29.6,27.3
2016,VNET,NOC,Tech,0.616,0.634,0.276,0.565,12.5,-64.9,7.0
2016,VNOM,CIC,Ener,0.879,0.740,0.513,0.363,-26.2,27.5,27.7
2016,VRTS,NOC,Fina,0.659,0.661,0.233,0.248,-38.2,42.1,22.9
2016,VSAT,NOC,Tech,0.558,0.124,0.358,0.791,-7.3,13.8,27.2
2016,VSEC,CIC,Indu,0.121,0.747,0.892,0.013,-26.5,37.1,28.1
2016,VSH,NOC,Tech,0.152,0.325,0.238,0.531,-17.6,48.8,34.9
2016,W,CIC,Cons,0.008,0.608,0.929,0.904,54.9,-7.8,19.0
2016,WAL,NOC,Fina,0.359,0.389,0.945,0.844,19.9,57.5,30.9
2016,WB,NOC,Comm,0.579,0.897,0.877,0.839,-2.2,299.2,75.4
2016,WBS,NOC,Fina,0.026,0.046,0.752,0.825,-2.7,63.4,34.6
2016,WCC,CIC,Indu,0.013,0.209,0.257,0.584,-43.4,95.7,36.6
2016,WD,NOC,Fina,0.528,0.757,0.725,0.219,38.5,38.4,32.4
2016,WEN,CIC,Cons,0.707,0.285,0.530,0.768,-14.1,47.7,37.7
2016,WEX,NOC,Tech,0.538,0.217,0.608,0.689,-39.6,98.3,47.9
2016,WFG,CIC,Basi,0.682,0.525,0.187,0.714,-50.4,39.2,35.3
2016,WGO,CIC,Cons,0.033,0.651,0.320,0.151,4.5,30.5,22.7
2016,WING,CIC,Cons,0.348,0.166,0.763,0.235,-17.8,7.3,21.1
2016,WIX,NOC,Tech,0.071,0.672,0.543,0.224,-7.1,196.6,73.5
2016,WLFC,CIC,Indu,0.767,0.526,0.692,0.081,-3.1,31.8,26.0
2016,WLYB,NOC,Comm,0.104,0.202,0.333,0.750,-28.0,29.1,16.0
2016,WMS,CIC,Indu,0.793,0.224,0.584,0.409,38.5,1.3,11.6
2016,WNC,CIC,Indu,0.376,0.233,0.452,0.217,-15.7,64.2,29.8
2016,WOR,CIC,Indu,0.209,0.662,0.142,0.485,39.6,38.8,24.8
2016,WSBC,NOC,Fina,0.214,0.558,0.841,0.349,-13.0,49.5,24.5
2016,WSFS,NOC,Fina,0.470,0.247,0.833,0.281,12.2,61.0,30.1
2016,WSO,CIC,Indu,0.015,0.007,0.396,0.952,5.4,28.3,31.6
2016,WST,NOC,Heal,0.184,0.089,0.488,0.939,4.7,54.8,33.5
2016,WT,NOC,Fina,0.818,0.753,0.969,0.500,-40.9,-5.9,20.4
2016,WTFC,NOC,Fina,0.070,0.295,0.790,0.644,-2.7,64.4,29.1
2016,WTM,NOC,Fina,0.950,0.937,0.623,0.934,11.0,25.7,27.7
2016,WWW,CIC,Cons,0.424,0.164,0.222,0.536,-40.6,43.5,31.8
2016,XHR,NOC,Real,0.815,0.222,0.581,0.546,-32.9,22.1,27.0
2016,XYZ,NOC,Tech,0.349,0.025,0.737,0.891,-13.5,54.3,30.3
2016,YELP,NOC,Comm,0.392,0.449,0.727,0.392,-72.1,157.9,60.9
2016,Z,NOC,Comm,0.048,0.722,0.897,0.843,-76.5,103.8,47.4
2016,ZBRA,NOC,Tech,0.641,0.978,0.596,0.821,-30.5,43.4,29.6
2016,ZG,NOC,Comm,0.046,0.677,0.897,0.864,-40.9,92.8,44.9
2016,ZWS,CIC,Indu,0.250,0.290,0.313,0.242,-39.9,43.8,25.9
2017,AAOI,NOC,Tech,0.639,0.712,0.940,0.196,134.6,-11.1,19.0
2017,AAON,CIC,Indu,0.281,0.386,0.384,0.359,30.8,11.9,26.5
2017,AAT,NOC,Real,0.226,0.002,0.764,0.737,23.2,-24.9,14.4
2017,ABCB,NOC,Fina,0.436,0.606,0.762,0.458,56.5,23.7,33.2
2017,ABG,CIC,Cons,0.022,0.285,0.255,0.434,36.1,-0.9,19.9
2017,ACHC,NOC,Heal,0.161,0.719,0.875,0.889,-21.4,-16.5,17.8
2017,ACLS,NOC,Tech,0.637,0.900,0.266,0.100,51.6,52.4,31.5
2017,ADTN,NOC,Tech,0.421,0.321,0.494,0.346,28.2,-12.6,22.2
2017,AEIS,NOC,Tech,0.865,0.809,0.950,0.664,116.1,24.4,33.1
2017,AG,CIC,Basi,0.940,0.782,0.196,0.459,101.1,-42.3,13.0
2017,AGM,NOC,Fina,0.789,0.948,0.942,0.178,74.3,34.7,30.4
2017,AGX,CIC,Indu,0.702,0.849,0.965,0.319,88.3,-34.1,11.9
2017,ALGT,CIC,Indu,0.742,0.038,0.619,0.749,8.5,-7.3,24.2
2017,ALNT,CIC,Indu,0.193,0.373,0.413,0.007,14.7,39.2,32.5
2017,ALX,NOC,Real,0.363,0.098,0.867,0.617,11.5,-15.9,15.1
2017,AMBA,NOC,Tech,0.218,0.869,0.852,0.582,27.5,-18.4,18.1
2017,AMN,NOC,Heal,0.085,0.378,0.671,0.571,57.1,37.0,28.2
2017,ANDE,NOC,Cons,0.506,0.055,0.140,0.344,43.1,-18.8,15.5
2017,ANGO,NOC,Heal,0.646,0.078,0.454,0.160,45.0,-2.0,23.3
2017,ANIP,NOC,Heal,0.938,0.937,0.982,0.151,53.1,9.5,25.5
2017,AORT,NOC,Heal,0.674,0.566,0.566,0.181,99.7,0.3,23.4
2017,AOSL,NOC,Tech,0.559,0.419,0.521,0.106,119.0,-27.2,16.1
2017,APAM,NOC,Fina,0.364,0.205,0.602,0.361,6.8,25.9,25.7
2017,APEI,NOC,Cons,0.336,0.052,0.246,0.035,56.5,8.5,25.7
2017,APLE,NOC,Real,0.562,0.634,0.847,0.894,1.2,-11.1,18.6
2017,APO,NOC,Fina,0.847,0.997,1.000,0.913,73.8,61.6,41.7
2017,ARCB,CIC,Indu,0.316,0.106,0.253,0.240,74.1,16.8,29.2
2017,ARCO,CIC,Cons,0.361,0.384,0.366,0.486,145.6,27.0,26.9
2017,ARES,NOC,Fina,0.987,0.955,0.987,0.572,95.4,-2.4,19.5
2017,ARLP,CIC,Ener,0.840,0.501,0.506,0.539,78.1,-11.3,23.9
2017,AROC,CIC,Ener,0.404,0.855,0.449,0.306,272.7,-36.3,13.5
2017,ASR,CIC,Indu,0.988,0.674,0.611,0.972,12.3,15.8,24.1
2017,ATHM,NOC,Comm,0.923,0.579,0.957,0.899,31.5,142.4,54.3
2017,ATRO,CIC,Indu,0.507,0.458,0.276,0.253,56.2,19.8,27.3
2017,AUB,NOC,Fina,0.100,0.226,0.752,0.499,55.7,9.2,28.6
2017,AVAV,CIC,Indu,0.912,0.664,0.065,0.145,-1.6,91.7,42.6
2017,AVNT,CIC,Basi,0.171,0.213,0.309,0.762,38.5,31.6,33.3
2017,AX,NOC,Fina,0.398,0.531,0.907,0.547,56.5,17.7,31.3
2017,AXON,CIC,Indu,0.536,0.453,0.882,0.411,32.5,9.7,26.0
2017,AZTA,NOC,Heal,0.266,0.522,0.790,0.383,86.4,57.7,40.9
2017,BANC,NOC,Fina,0.609,0.767,0.874,0.544,3.5,42.3,36.8
2017,BB,NOC,Tech,0.928,0.260,0.022,0.962,3.6,60.0,26.9
2017,BBSI,CIC,Indu,0.860,0.143,0.479,0.085,68.2,14.2,26.7
2017,BCC,CIC,Basi,0.141,0.105,0.233,0.321,86.8,69.6,38.2
2017,BCPC,CIC,Basi,0.286,0.787,0.556,0.745,37.8,-12.6,20.7
2017,BDC,NOC,Tech,0.348,0.176,0.364,0.820,67.3,10.8,28.8
2017,BDN,NOC,Real,0.108,0.309,0.100,0.750,24.7,11.7,29.1
2017,BELFB,NOC,Tech,0.082,0.834,0.130,0.022,112.7,-37.0,13.4
2017,BEP,NOC,Util,0.834,0.827,0.899,0.900,7.5,7.5,23.5
2017,BGC,NOC,Fina,0.664,0.902,0.058,0.804,33.0,17.1,20.2
2017,BJRI,CIC,Cons,0.198,0.097,0.498,0.245,-18.1,8.1,22.8
2017,BKD,NOC,Heal,0.087,0.817,0.080,0.732,-2.0,-40.0,13.4
2017,BKH,NOC,Util,0.619,0.700,0.879,0.834,24.5,-9.5,23.5
2017,BL,NOC,Tech,0.453,0.058,0.491,0.423,23.6,14.4,23.0
2017,BLBD,CIC,Cons,0.067,0.897,0.223,0.028,85.0,19.2,26.0
2017,BLX,NOC,Fina,0.894,0.794,0.657,0.341,7.9,7.8,21.1
2017,BOX,NOC,Tech,0.433,0.359,0.153,0.659,45.8,31.5,28.8
2017,BSM,CIC,Ener,0.973,0.611,0.028,0.842,32.6,2.3,23.0
2017,BYD,CIC,Cons,0.052,0.506,0.273,0.661,22.9,80.7,39.9
2017,BZH,CIC,Cons,0.138,0.493,0.170,0.058,54.2,31.2,25.9
2017,CAC,NOC,Fina,0.448,0.714,0.764,0.173,55.5,2.0,27.3
2017,CACI,NOC,Tech,0.111,0.629,0.715,0.795,52.7,14.1,29.3
2017,CAKE,CIC,Cons,0.055,0.062,0.531,0.765,21.7,-24.1,16.0
2017,CALM,NOC,Cons,0.933,0.892,0.047,0.541,-31.2,16.5,21.3
2017,CALX,NOC,Tech,0.626,0.368,0.436,0.030,5.8,-19.0,15.5
2017,CAPL,CIC,Ener,0.225,0.507,0.319,0.283,31.1,-9.8,20.5
2017,CAR,CIC,Indu,0.993,0.015,0.225,0.872,35.6,-1.8,21.4
2017,CARE,NOC,Fina,0.968,0.448,0.053,0.083,25.8,0.9,17.5
2017,CASY,CIC,Cons,0.300,0.343,0.426,0.958,11.6,-2.7,21.8
2017,CATY,NOC,Fina,0.604,0.301,0.744,0.774,40.0,17.5,30.8
2017,CBRL,CIC,Cons,0.148,0.013,0.358,0.895,8.7,8.3,22.7
2017,CBT,CIC,Basi,0.714,0.428,0.408,0.867,42.6,11.5,23.0
2017,CCJ,CIC,Ener,0.832,0.587,0.070,0.925,-12.2,-17.6,14.2
2017,CCNE,NOC,Fina,0.589,0.401,0.844,0.027,42.1,4.9,26.3
2017,CCOI,NOC,Comm,0.042,0.048,0.539,0.562,20.9,6.4,22.5
2017,CCS,CIC,Cons,0.070,0.938,0.849,0.097,66.4,24.3,23.7
2017,CCU,NOC,Cons,0.624,0.253,0.652,0.930,14.3,22.7,27.6
2017,CDE,CIC,Basi,0.925,0.324,0.707,0.621,380.8,-31.8,15.1
2017,CERS,NOC,Heal,0.892,0.536,0.002,0.068,-22.0,14.9,26.1
2017,CFFN,NOC,Fina,0.093,0.053,0.747,0.614,34.0,-16.0,22.2
2017,CHDN,CIC,Cons,0.869,0.769,0.464,0.689,14.9,70.5,38.8
2017,CHE,NOC,Heal,0.163,0.028,0.399,0.755,27.3,45.1,27.6
2017,CHEF,NOC,Cons,0.025,0.546,0.507,0.070,2.3,27.0,26.6
2017,CHH,CIC,Cons,0.466,0.268,0.559,0.824,16.7,39.2,30.1
2017,CIB,NOC,Fina,0.759,0.724,0.737,0.639,12.5,20.0,25.3
2017,CIEN,NOC,Tech,0.098,0.181,0.353,0.844,41.1,-2.5,21.5
2017,CIGI,NOC,Real,0.634,0.777,0.446,0.494,29.9,42.0,27.0
2017,CLDT,NOC,Real,0.720,0.744,0.404,0.231,0.6,3.8,23.3
2017,CLF,CIC,Basi,0.792,0.877,0.927,0.717,658.0,-26.6,18.1
2017,CLH,CIC,Indu,0.564,0.489,0.186,0.812,34.8,-11.2,19.9
2017,CLS,NOC,Tech,0.003,0.153,0.296,0.537,29.9,-13.2,22.5
2017,CMC,CIC,Basi,0.399,0.275,0.111,0.677,47.9,9.4,25.0
2017,CMCO,CIC,Indu,0.231,0.280,0.171,0.128,91.3,37.4,28.3
2017,CMP,CIC,Basi,0.651,0.775,0.912,0.727,12.6,-13.8,17.6
2017,CMRE,CIC,Indu,0.314,0.138,0.145,0.017,-12.9,6.4,26.9
2017,CNK,NOC,Comm,0.143,0.225,0.344,1.000,36.7,-7.9,19.5
2017,CNOB,NOC,Fina,0.978,0.930,0.151,0.233,58.9,8.9,27.7
2017,CNS,NOC,Fina,0.296,0.331,0.832,0.484,15.0,27.1,34.8
2017,CNX,CIC,Ener,0.917,0.577,0.158,0.902,113.4,-18.3,21.9
2017,CODI,CIC,Indu,0.471,0.745,0.797,0.290,13.9,-1.8,21.5
2017,CPA,CIC,Indu,0.656,0.488,0.569,0.917,84.2,33.1,29.0
2017,CPAC,CIC,Basi,0.551,0.291,0.384,0.243,43.1,27.4,24.3
2017,CPK,NOC,Util,0.699,0.659,0.845,0.353,6.6,-0.2,22.5
2017,CPS,CIC,Cons,0.183,0.151,0.316,0.579,55.1,6.8,22.0
2017,CRAI,CIC,Indu,0.353,0.195,0.396,0.003,116.9,16.7,22.4
2017,CRC,CIC,Ener,0.958,0.511,0.123,0.216,213.9,14.7,26.5
2017,CRI,CIC,Cons,0.233,0.037,0.541,0.927,-12.4,41.0,33.4
2017,CRL,NOC,Heal,0.211,0.466,0.812,0.928,23.5,14.7,21.9
2017,CROX,CIC,Cons,0.820,0.266,0.052,0.105,-29.5,103.9,44.7
2017,CRS,CIC,Basi,0.464,0.306,0.183,0.589,46.8,17.8,30.7
2017,CRTO,NOC,Comm,0.028,0.396,0.902,0.770,34.0,-47.7,9.6
2017,CRUS,NOC,Tech,0.276,0.845,0.937,0.922,128.8,-26.9,17.4
2017,CSIQ,NOC,Tech,0.677,0.867,0.035,0.200,-34.7,25.6,30.3
2017,CSW,CIC,Indu,0.652,0.541,0.341,0.138,24.2,20.1,24.1
2017,CTRE,NOC,Real,0.050,0.564,0.933,0.295,56.1,-4.9,24.6
2017,CUBE,NOC,Real,0.301,0.027,0.812,0.970,-10.3,1.1,20.8
2017,CUBI,NOC,Fina,0.770,0.805,0.770,0.343,48.2,-12.1,22.8
2017,CUZ,NOC,Real,0.512,0.483,0.324,0.835,49.9,-0.8,21.9
2017,CVCO,CIC,Cons,0.253,0.498,0.496,0.273,22.7,47.8,30.2
2017,CVLT,NOC,Tech,0.113,0.319,0.306,0.652,40.9,4.2,27.1
2017,CVSA,NOC,Cons,0.426,0.567,0.055,0.642,105.3,34.1,23.2
2017,CW,CIC,Indu,0.323,0.235,0.409,0.948,50.8,30.5,28.4
2017,CWEN,NOC,Util,0.780,0.810,0.023,0.511,33.1,-10.1,20.0
2017,CZR,CIC,Cons,0.255,0.960,0.451,0.519,60.9,83.4,37.8
2017,DAKT,NOC,Tech,0.617,0.426,0.110,0.060,23.1,-0.4,20.8
2017,DAR,NOC,Cons,0.073,0.394,0.379,0.631,42.3,34.5,31.9
2017,DBRG,NOC,Fina,0.491,0.990,0.281,0.671,31.4,-47.0,11.8
2017,DCH,CIC,Cons,0.243,0.135,0.250,0.489,42.4,-23.0,17.8
2017,DCO,CIC,Indu,0.612,0.243,0.160,0.013,103.8,-6.4,20.9
2017,DCOM,NOC,Fina,0.534,0.681,0.656,0.408,25.9,-3.6,25.5
2017,DDD,NOC,Tech,0.812,0.344,0.120,0.506,5.2,-20.9,19.2
2017,DDS,CIC,Cons,0.681,0.070,0.175,0.534,-26.1,32.5,31.1
2017,DEA,NOC,Real,0.298,0.918,0.792,0.230,18.5,-8.1,20.0
2017,DECK,CIC,Cons,0.676,0.424,0.201,0.536,13.9,54.3,40.2
2017,DHC,NOC,Real,0.146,0.278,0.710,0.993,41.4,-23.1,18.0
2017,DHT,CIC,Indu,0.907,0.998,0.493,0.113,-22.1,-26.7,15.4
2017,DIOD,NOC,Tech,0.541,0.404,0.336,0.371,29.9,13.3,23.6
2017,DKL,CIC,Ener,0.727,0.639,0.646,0.221,9.1,-2.1,22.0
2017,DLX,NOC,Comm,0.065,0.008,0.547,0.869,30.2,6.2,27.0
2017,DMC,NOC,Cons,0.627,0.082,0.168,0.807,57.9,-23.4,16.0
2017,DMLP,CIC,Ener,0.867,0.890,0.975,0.101,68.0,-6.7,21.1
2017,DRH,NOC,Real,0.707,0.288,0.236,0.649,33.7,-2.4,21.9
2017,DXPE,CIC,Indu,0.032,0.316,0.092,0.190,170.5,-14.9,17.7
2017,DY,CIC,Indu,0.657,0.276,0.679,0.799,62.2,18.0,25.9
2017,EBF,CIC,Indu,0.389,0.691,0.072,0.075,-10.3,19.9,19.8
2017,ECHO,NOC,Comm,0.295,0.165,0.278,0.932,31.9,6.4,22.3
2017,ECPG,NOC,Fina,0.902,0.619,0.552,0.280,70.3,17.5,25.1
2017,EEFT,NOC,Tech,0.486,0.088,0.522,0.903,5.6,18.1,23.8
2017,EFXT,CIC,Ener,0.581,0.750,0.483,0.386,63.7,-21.5,16.2
2017,EGO,CIC,Basi,0.899,0.544,0.045,0.700,15.0,-71.5,6.4
2017,ELF,NOC,Cons,0.779,0.433,0.729,0.388,-4.5,-15.7,19.6
2017,EMBJ,CIC,Indu,0.569,0.860,0.077,0.943,-8.5,9.3,24.7
2017,ENOV,NOC,Heal,0.058,0.130,0.138,0.759,64.2,-7.2,19.3
2017,ENR,CIC,Indu,0.517,0.429,0.727,0.817,41.4,1.8,26.1
2017,ENS,CIC,Indu,0.195,0.203,0.285,0.849,62.0,-15.1,18.7
2017,ENTG,NOC,Tech,0.416,0.697,0.654,0.744,66.2,58.9,33.0
2017,ENVA,NOC,Fina,0.882,0.694,0.676,0.088,155.5,28.3,33.4
2017,EPAC,CIC,Indu,0.156,0.163,0.215,0.493,15.5,-12.1,19.4
2017,EPAM,NOC,Tech,0.190,0.113,0.692,0.890,17.6,58.8,34.9
2017,EPC,NOC,Cons,0.864,0.764,0.358,0.945,-6.5,-31.1,15.0
2017,EQBK,NOC,Fina,0.644,0.471,0.596,0.012,55.4,19.9,27.6
2017,ESI,CIC,Basi,0.454,0.977,0.686,0.892,49.0,-19.9,19.0
2017,ESLT,CIC,Indu,0.027,0.025,0.444,0.998,19.2,17.1,25.5
2017,ETSY,CIC,Cons,0.230,0.752,0.621,0.421,64.0,74.3,41.3
2017,EVC,NOC,Comm,0.532,0.271,0.616,0.103,-28.5,13.5,27.1
2017,EVH,NOC,Heal,0.880,0.884,0.855,0.324,126.2,-26.4,17.4
2017,EVO,NOC,Heal,0.752,0.795,0.834,0.439,111.9,107.9,34.9
2017,EXK,CIC,Basi,0.889,0.464,0.042,0.050,57.1,-31.5,15.2
2017,EXLS,NOC,Tech,0.120,0.438,0.411,0.464,-8.0,37.3,32.5
2017,FAF,NOC,Fina,0.424,0.083,0.439,0.937,11.9,45.6,30.2
2017,FBP,NOC,Fina,0.937,0.572,0.501,0.396,96.0,8.3,25.0
2017,FCFS,NOC,Fina,0.136,0.905,0.992,0.599,42.8,69.4,44.1
2017,FCN,CIC,Indu,0.403,0.103,0.200,0.504,17.4,7.3,22.7
2017,FCPT,NOC,Real,1.000,0.800,0.978,0.406,27.9,1.6,21.2
2017,FET,CIC,Ener,0.754,0.597,0.037,0.637,170.9,-37.9,12.9
2017,FFBC,NOC,Fina,0.265,0.136,0.789,0.498,72.0,4.8,27.1
2017,FHN,NOC,Fina,0.047,0.414,0.684,0.980,65.8,-4.2,21.6
2017,FICO,NOC,Tech,0.459,0.156,0.586,0.907,49.7,32.1,34.4
2017,FISI,NOC,Fina,0.449,0.208,0.636,0.093,26.4,-8.1,25.1
2017,FIVE,CIC,Cons,0.734,0.045,0.754,0.606,-2.0,80.9,39.9
2017,FIVN,NOC,Tech,0.722,0.020,0.581,0.303,129.4,59.2,34.7
2017,FIX,CIC,Indu,0.388,0.173,0.300,0.384,21.4,24.2,26.2
2017,FMBH,NOC,Fina,0.215,0.454,0.905,0.057,32.8,3.4,21.2
2017,FN,NOC,Tech,0.008,0.599,0.880,0.483,67.8,-40.6,14.0
2017,FNB,NOC,Fina,0.273,0.516,0.877,0.819,32.9,-4.9,25.5
2017,FND,CIC,Cons,0.191,0.730,0.689,0.775,1.1,39.1,26.0
2017,FORM,NOC,Tech,0.784,0.870,0.892,0.266,80.8,9.7,24.2
2017,FOXF,CIC,Cons,0.331,0.353,0.626,0.326,81.8,48.1,33.9
2017,FRO,CIC,Indu,0.930,0.957,0.191,0.288,-39.1,-3.1,16.4
2017,FRPT,NOC,Cons,0.391,0.478,0.456,0.010,39.9,105.6,43.5
2017,FSM,CIC,Basi,0.835,0.830,0.955,0.198,16.7,3.5,19.7
2017,FSS,CIC,Indu,0.732,0.840,0.913,0.276,25.5,31.8,30.0
2017,FTAI,CIC,Indu,0.985,0.958,0.609,0.313,64.1,10.1,25.0
2017,FTK,CIC,Ener,0.311,0.376,0.181,0.156,77.3,-47.6,12.2
2017,FUL,CIC,Basi,0.334,0.035,0.424,0.704,54.2,8.8,29.2
2017,FULT,NOC,Fina,0.133,0.040,0.662,0.840,50.0,-6.5,20.6
2017,FUN,CIC,Cons,0.341,0.339,0.582,0.882,21.4,1.1,19.2
2017,FWRD,CIC,Indu,0.469,0.479,0.388,0.426,8.6,24.7,27.5
2017,GABC,NOC,Fina,0.223,0.486,0.910,0.203,53.4,11.6,30.1
2017,GBCI,NOC,Fina,0.033,0.236,0.730,0.734,54.2,9.4,27.8
2017,GBDC,NOC,Fina,0.592,0.072,0.938,0.338,25.1,-5.9,20.8
2017,GBX,CIC,Indu,0.369,0.820,0.087,0.454,85.3,13.0,27.1
2017,GDS,NOC,Tech,0.186,0.446,0.885,0.116,-23.5,261.2,89.8
2017,GEL,CIC,Ener,0.725,0.484,0.161,0.918,43.6,-39.9,12.4
2017,GEO,CIC,Indu,0.208,0.251,0.577,0.870,65.2,-36.4,11.6
2017,GGAL,NOC,Fina,0.804,0.456,0.486,0.953,27.6,73.8,28.2
2017,GIII,CIC,Cons,0.444,0.223,0.536,0.301,-55.8,90.5,41.2
2017,GKOS,NOC,Heal,0.544,0.399,0.900,0.507,171.4,-31.2,15.1
2017,GLOB,NOC,Tech,0.577,0.201,0.714,0.394,40.1,29.0,26.5
2017,GLP,CIC,Ener,0.072,0.656,0.235,0.186,46.6,-15.4,19.1
2017,GME,CIC,Cons,0.601,0.185,0.150,0.682,-20.9,-42.1,10.5
2017,GMED,NOC,Heal,0.151,0.246,0.651,0.740,20.5,68.6,35.6
2017,GNL,NOC,Real,0.554,0.982,0.318,0.428,4.5,-33.1,15.7
2017,GNRC,CIC,Indu,0.401,0.614,0.717,0.691,21.5,20.6,23.0
2017,GOLF,CIC,Cons,0.333,0.003,0.241,0.393,-4.1,28.5,27.5
2017,GPK,CIC,Cons,0.121,0.118,0.361,0.910,6.1,21.7,24.5
2017,GPRE,CIC,Basi,0.547,0.582,0.686,0.311,62.9,-31.3,15.2
2017,GPRK,CIC,Ener,0.932,0.829,0.542,0.025,131.1,50.9,34.3
2017,GRBK,CIC,Cons,0.524,0.885,0.872,0.082,44.0,16.5,28.0
2017,GRC,CIC,Indu,0.235,0.110,0.203,0.260,39.2,-17.1,15.0
2017,GRPN,NOC,Comm,0.597,0.043,0.230,0.712,107.1,12.1,21.3
2017,GSAT,NOC,Comm,0.616,0.128,0.015,0.632,3.0,-32.7,14.2
2017,GSBD,NOC,Fina,0.950,0.972,0.993,0.278,31.9,-15.4,17.9
2017,GSM,CIC,Basi,0.817,0.722,0.378,0.517,-0.6,51.8,32.7
2017,GTN,NOC,Comm,0.697,0.632,0.925,0.334,23.0,6.2,24.3
2017,HALO,NOC,Heal,0.830,0.928,0.005,0.496,57.7,44.6,30.6
2017,HAPN,NOC,Fina,0.696,0.932,0.085,0.709,-4.1,-40.2,13.2
2017,HASI,NOC,Fina,0.724,0.968,0.988,0.263,10.5,6.4,22.7
2017,HBM,CIC,Basi,0.790,0.965,0.371,0.574,219.2,-3.0,20.4
2017,HCI,NOC,Fina,0.948,0.662,0.441,0.067,27.8,-15.0,18.9
2017,HELE,NOC,Cons,0.338,0.328,0.389,0.679,2.6,7.4,27.2
2017,HESM,CIC,Ener,0.641,0.973,0.220,0.431,1.8,-17.2,16.4
2017,HFWA,NOC,Fina,0.017,0.862,0.709,0.205,36.7,27.5,28.5
2017,HGV,CIC,Cons,0.582,0.100,0.641,0.792,19.6,39.1,30.5
2017,HHH,NOC,Real,0.636,0.875,0.466,0.983,10.7,18.7,20.6
2017,HIFS,NOC,Fina,0.126,0.075,0.917,0.043,52.6,12.9,29.3
2017,HIMX,NOC,Tech,0.574,0.710,0.463,0.364,-16.5,22.6,22.9
2017,HL,CIC,Basi,0.905,0.859,0.870,0.669,152.9,-33.8,13.3
2017,HLI,NOC,Fina,0.519,0.406,0.799,0.604,34.0,62.7,43.3
2017,HLIO,CIC,Indu,0.479,0.383,0.532,0.328,28.9,47.6,33.1
2017,HLIT,NOC,Tech,0.632,0.704,0.438,0.063,62.7,-44.9,12.5
2017,HLX,CIC,Ener,0.827,0.586,0.025,0.318,187.2,-18.1,17.1
2017,HNI,CIC,Cons,0.258,0.361,0.288,0.612,48.7,-22.2,16.4
2017,HOMB,NOC,Fina,0.321,0.256,0.890,0.875,47.6,-4.6,24.7
2017,HOPE,NOC,Fina,0.458,0.844,0.983,0.705,33.4,-3.1,19.6
2017,HPP,NOC,Real,0.271,0.945,0.564,0.955,41.4,-17.1,17.0
2017,HQY,NOC,Heal,0.765,0.191,0.802,0.714,94.3,36.1,32.8
2017,HR,NOC,Real,0.967,0.012,0.704,0.947,7.8,-8.9,18.7
2017,HRTG,NOC,Fina,0.963,0.913,0.163,0.045,-28.6,21.0,26.2
2017,HTB,NOC,Fina,0.045,0.596,0.760,0.047,28.2,10.9,19.2
2017,HTGC,NOC,Fina,0.794,0.908,0.592,0.378,39.8,-16.8,17.6
2017,HTHT,CIC,Cons,0.807,0.374,0.403,0.908,95.1,175.0,67.6
2017,HTLD,CIC,Indu,0.263,0.018,0.143,0.509,16.6,0.8,19.7
2017,HUBG,CIC,Indu,0.176,0.150,0.374,0.444,46.5,5.1,22.9
2017,HUBS,NOC,Tech,0.461,0.168,0.589,0.586,97.7,68.5,32.2
2017,HURN,CIC,Indu,0.740,0.311,0.193,0.309,-10.7,-6.0,22.3
2017,HWC,NOC,Fina,0.890,0.175,0.677,0.855,104.7,25.3,31.5
2017,HWKN,CIC,Basi,0.496,0.557,0.694,0.110,35.8,-32.6,14.2
2017,IART,NOC,Heal,0.290,0.161,0.527,0.839,41.0,30.8,31.0
2017,IBOC,NOC,Fina,0.567,0.220,0.785,0.697,67.7,2.7,23.1
2017,ICFI,CIC,Indu,0.180,0.093,0.339,0.314,50.3,9.2,25.6
2017,ICUI,NOC,Heal,0.165,0.073,0.499,0.722,56.1,51.8,32.5
2017,IDCC,NOC,Tech,0.870,0.940,0.997,0.800,83.5,-12.8,18.4
2017,IESC,CIC,Indu,0.150,0.349,0.667,0.037,77.1,-10.0,18.0
2017,IIIN,CIC,Indu,0.762,0.388,0.303,0.183,49.5,-12.8,22.5
2017,IMAX,NOC,Comm,0.760,0.757,0.268,0.597,-3.1,-24.1,18.0
2017,INDB,NOC,Fina,0.250,0.241,0.820,0.522,57.2,11.5,26.4
2017,INN,NOC,Real,0.349,0.338,0.381,0.433,57.4,-12.2,18.7
2017,IOSP,CIC,Basi,0.584,0.616,0.334,0.512,46.3,-5.1,18.1
2017,IRT,NOC,Real,0.280,0.920,0.557,0.165,37.5,-6.1,20.3
2017,IRTC,NOC,Heal,0.814,0.561,0.829,0.143,38.2,64.1,31.2
2017,ITRI,NOC,Tech,0.594,0.261,0.271,0.684,77.3,9.4,24.9
2017,JBTM,CIC,Indu,0.160,0.389,0.740,0.710,55.9,28.9,22.4
2017,JLL,NOC,Real,0.631,0.095,0.572,0.982,-12.5,41.0,31.7
2017,JOE,NOC,Real,0.767,0.879,0.095,0.376,1.7,7.7,23.5
2017,JOYY,NOC,Comm,0.384,0.676,0.800,0.754,-18.8,185.4,59.7
2017,KAI,CIC,Indu,0.326,0.366,0.216,0.195,55.1,57.5,31.6
2017,KBH,CIC,Cons,0.185,0.459,0.584,0.478,65.2,106.0,50.2
2017,KDP,NOC,Cons,0.106,0.000,0.551,0.742,4.2,24.6,24.3
2017,KEN,NOC,Util,0.824,0.807,0.932,0.148,43.8,44.9,23.0
2017,KEX,CIC,Indu,0.406,0.351,0.206,0.854,26.7,16.3,29.8
2017,KFRC,CIC,Indu,0.090,0.077,0.226,0.133,11.0,14.1,23.0
2017,KFY,CIC,Indu,0.083,0.671,0.458,0.524,9.8,37.7,30.4
2017,KGC,CIC,Basi,0.747,0.624,0.561,0.997,53.7,-0.5,18.9
2017,KLIC,NOC,Tech,0.268,0.772,0.842,0.414,64.6,21.1,31.1
2017,KNSL,NOC,Fina,0.972,0.326,0.962,0.171,64.6,60.2,35.0
2017,KNX,CIC,Indu,0.088,0.441,0.349,0.567,44.4,41.8,37.1
2017,KOS,CIC,Ener,0.884,0.812,0.078,0.654,33.6,-4.8,21.4
2017,KRG,NOC,Real,0.110,0.894,0.488,0.577,-12.0,-29.6,18.3
2017,KRNT,CIC,Indu,0.504,0.512,0.614,0.126,56.5,-20.3,15.2
2017,KRNY,NOC,Fina,0.522,0.754,0.699,0.381,23.8,-5.9,25.1
2017,KRO,CIC,Basi,0.802,0.562,0.632,0.491,127.5,70.9,41.2
2017,KTOS,CIC,Indu,0.679,0.547,0.240,0.135,138.0,36.8,30.8
2017,KWR,CIC,Basi,0.095,0.087,0.416,0.521,77.6,14.9,26.1
2017,LAD,CIC,Cons,0.007,0.792,0.478,0.707,10.8,13.3,21.6
2017,LCII,CIC,Cons,0.494,0.131,0.661,0.747,97.9,-1.3,20.5
2017,LFUS,NOC,Tech,0.419,0.532,0.804,0.884,45.1,28.2,32.9
2017,LGIH,CIC,Cons,0.037,0.707,0.827,0.220,36.0,103.4,47.6
2017,LILA,NOC,Comm,0.825,0.983,0.995,0.767,-21.9,-14.2,16.4
2017,LIND,CIC,Cons,0.809,0.314,0.368,0.052,-12.5,1.4,22.8
2017,LITE,NOC,Tech,0.413,0.449,0.599,0.686,81.1,6.0,21.3
2017,LNN,CIC,Indu,0.339,0.348,0.328,0.293,22.6,1.8,16.0
2017,LNTH,NOC,Heal,0.248,0.123,0.502,0.015,358.3,111.8,47.5
2017,LOB,NOC,Fina,0.755,0.607,0.571,0.225,59.3,27.3,28.7
2017,LOPE,NOC,Cons,0.240,0.067,0.809,0.729,71.1,59.1,34.7
2017,LPLA,NOC,Fina,0.245,0.824,0.018,0.879,59.2,48.3,37.2
2017,LPX,CIC,Basi,0.837,0.519,0.631,0.794,52.4,35.4,27.6
2017,LRN,NOC,Cons,0.654,0.230,0.393,0.188,95.5,-1.1,25.2
2017,LSCC,NOC,Tech,0.606,0.514,0.433,0.256,47.7,-14.5,15.9
2017,LXP,NOC,Real,0.611,0.121,0.671,0.696,45.3,-23.4,17.5
2017,LZB,CIC,Cons,0.343,0.148,0.329,0.441,41.2,-1.2,20.7
2017,MATV,CIC,Basi,0.304,0.526,0.165,0.409,6.8,-7.6,20.1
2017,MATX,CIC,Indu,0.499,0.393,0.338,0.473,-9.3,-4.3,20.0
2017,MBWM,NOC,Fina,0.502,0.887,0.774,0.125,42.0,3.7,22.0
2017,MC,NOC,Fina,0.328,0.569,0.819,0.300,48.6,34.3,29.6
2017,MCRI,CIC,Cons,0.414,0.060,0.597,0.065,26.3,85.1,38.7
2017,MCS,NOC,Comm,0.526,0.627,0.141,0.271,64.0,-16.9,17.6
2017,MDXG,NOC,Heal,0.393,0.814,0.822,0.285,-4.4,58.6,26.2
2017,MEDP,NOC,Heal,0.356,0.228,0.567,0.446,30.9,4.5,23.5
2017,MEI,NOC,Tech,0.443,0.198,0.504,0.501,58.3,-11.0,19.4
2017,MEOH,CIC,Basi,0.992,0.699,0.639,0.920,87.0,32.7,34.0
2017,MGNI,NOC,Comm,0.672,0.907,0.027,0.040,-38.6,-80.7,4.6
2017,MGRC,CIC,Indu,0.378,0.141,0.519,0.286,42.2,28.9,30.6
2017,MHO,CIC,Cons,0.270,0.250,0.489,0.218,44.0,32.2,34.4
2017,MKSI,NOC,Tech,0.346,0.915,0.990,0.877,95.6,52.2,39.1
2017,MLAB,NOC,Heal,0.552,0.283,0.745,0.087,19.7,26.3,30.2
2017,MLI,CIC,Indu,0.308,0.183,0.251,0.672,66.7,-26.5,14.8
2017,MLKN,CIC,Cons,0.043,0.170,0.238,0.526,2.4,28.2,28.3
2017,MMI,NOC,Real,0.501,0.481,0.275,0.323,8.7,24.7,28.1
2017,MMYT,CIC,Cons,0.862,0.661,0.824,0.529,83.8,-6.7,20.7
2017,MOD,CIC,Indu,0.201,0.221,0.291,0.180,123.8,72.9,45.0
2017,MOH,NOC,Heal,0.324,0.529,0.476,0.837,17.1,31.0,22.5
2017,MORN,NOC,Fina,0.220,0.057,0.627,0.850,0.9,21.1,25.3
2017,MOV,CIC,Cons,0.423,0.206,0.156,0.140,-9.2,32.8,21.5
2017,MRCY,CIC,Indu,0.293,0.732,0.920,0.389,79.1,56.7,41.7
2017,MSBI,NOC,Fina,0.782,0.923,0.915,0.123,58.5,-2.4,24.8
2017,MSGS,NOC,Comm,0.913,0.749,0.517,0.607,16.8,24.2,31.3
2017,MTH,CIC,Cons,0.181,0.303,0.512,0.453,8.9,36.5,35.4
2017,MTRN,CIC,Basi,0.168,0.554,0.343,0.210,49.9,31.2,26.5
2017,MTX,CIC,Basi,0.246,0.842,0.293,0.752,99.9,-6.5,24.3
2017,MTZ,CIC,Indu,0.516,0.725,0.749,0.785,155.2,42.4,33.8
2017,MUSA,CIC,Cons,0.383,0.504,0.333,0.674,7.8,34.7,34.5
2017,MUX,CIC,Basi,0.877,0.943,0.032,0.333,81.8,-36.7,13.0
2017,MWA,CIC,Indu,0.829,0.549,0.068,0.634,72.4,-14.0,22.4
2017,MXL,NOC,Tech,0.852,0.978,0.211,0.546,97.8,-6.0,19.2
2017,MYE,CIC,Cons,0.371,0.391,0.131,0.038,12.3,46.3,32.3
2017,MYRG,CIC,Indu,0.068,0.423,0.669,0.146,59.3,-10.5,20.0
2017,NAT,CIC,Indu,0.857,0.950,0.030,0.268,-37.2,-77.3,4.4
2017,NAVI,NOC,Fina,0.777,0.469,0.148,0.990,71.5,-16.6,21.8
2017,NBHC,NOC,Fina,0.822,0.371,0.248,0.265,63.5,7.3,27.3
2017,NBR,CIC,Ener,0.561,0.636,0.185,0.923,145.1,-55.2,10.5
2017,NEOG,NOC,Heal,0.303,0.023,0.674,0.692,42.4,31.9,29.3
2017,NIC,NOC,Fina,0.629,0.864,0.972,0.073,53.7,12.4,24.8
2017,NICE,NOC,Tech,0.456,0.421,0.649,0.933,24.8,25.3,25.8
2017,NJR,NOC,Util,0.859,0.765,0.732,0.825,4.8,-3.4,20.3
2017,NNI,NOC,Fina,0.775,0.717,0.860,0.622,40.5,1.7,23.9
2017,NOAH,NOC,Fina,0.671,0.804,0.468,0.005,-1.8,65.0,36.8
2017,NOMD,NOC,Cons,0.887,0.779,0.213,0.616,29.3,39.3,28.8
2017,NOVT,NOC,Tech,0.175,0.334,0.511,0.258,91.4,121.1,49.4
2017,NPK,CIC,Indu,0.849,0.696,0.118,0.191,17.6,1.3,23.3
2017,NPO,CIC,Indu,0.166,0.200,0.125,0.449,36.2,20.5,22.4
2017,NRP,CIC,Ener,0.982,0.852,0.331,0.092,267.9,-27.6,15.8
2017,NTCT,NOC,Tech,0.839,0.962,0.314,0.797,50.7,-21.6,21.0
2017,NTNX,NOC,Tech,0.431,0.654,0.759,0.942,-15.9,17.1,25.5
2017,NTRA,NOC,Heal,0.900,0.770,0.003,0.108,3.9,-6.4,23.4
2017,NVGS,CIC,Indu,0.874,0.333,0.481,0.153,-29.3,0.9,21.0
2017,NVMI,NOC,Tech,0.920,0.784,0.815,0.077,62.0,61.9,30.9
2017,NX,CIC,Basi,0.429,0.762,0.136,0.163,-1.0,-8.1,19.5
2017,NXRT,NOC,Real,0.210,0.935,0.399,0.090,74.1,8.5,18.8
2017,NXST,NOC,Comm,0.488,0.537,0.857,0.629,62.2,7.0,25.4
2017,OCFC,NOC,Fina,0.053,0.799,0.960,0.241,68.2,-5.6,20.4
2017,OFG,NOC,Fina,0.955,0.576,0.579,0.155,76.2,-1.3,24.2
2017,OII,CIC,Ener,0.799,0.323,0.048,0.702,-5.7,-29.3,16.5
2017,OIS,CIC,Ener,0.787,0.381,0.040,0.584,64.0,-31.9,13.0
2017,OLED,NOC,Tech,0.980,0.642,0.903,0.809,35.8,130.7,48.7
2017,OLN,CIC,Basi,0.537,0.975,0.394,0.938,67.4,35.1,28.7
2017,OMAB,CIC,Indu,0.855,0.281,0.864,0.549,-0.8,16.9,23.1
2017,OMCL,NOC,Heal,0.669,0.684,0.679,0.429,37.5,28.7,30.5
2017,OMF,NOC,Fina,0.960,0.995,0.088,0.829,1.8,29.8,25.7
2017,ONB,NOC,Fina,0.158,0.476,0.807,0.667,52.1,3.4,27.0
2017,ONTO,NOC,Tech,0.260,0.552,0.461,0.168,80.3,-8.8,18.4
2017,OPI,NOC,Real,0.010,0.115,0.702,0.438,48.8,-21.8,17.5
2017,OPK,NOC,Heal,0.872,0.899,0.083,0.968,-10.0,-59.5,8.7
2017,OSBC,NOC,Fina,0.020,0.308,0.810,0.008,58.8,31.7,29.4
2017,OSIS,NOC,Tech,0.251,0.602,0.601,0.443,-3.4,-10.3,23.2
2017,OSPN,NOC,Tech,0.819,0.847,0.166,0.161,10.7,-10.9,19.8
2017,OUT,NOC,Real,0.468,0.356,0.398,0.885,32.0,-17.4,19.3
2017,OXM,CIC,Cons,0.587,0.300,0.281,0.275,-26.3,43.9,26.0
2017,P,CIC,Indu,0.729,0.922,0.705,0.644,-27.9,91.3,40.9
2017,PAGP,CIC,Ener,0.527,0.760,0.542,0.847,97.9,-39.9,12.1
2017,PAHC,NOC,Heal,0.060,0.068,0.354,0.354,-17.3,21.6,28.7
2017,PATK,CIC,Cons,0.057,0.329,0.739,0.246,97.6,19.4,24.5
2017,PAYC,NOC,Tech,0.394,0.346,0.830,0.719,101.2,85.8,37.2
2017,PBH,NOC,Heal,0.040,0.474,0.769,0.777,14.4,-25.7,19.3
2017,PCRX,NOC,Heal,0.922,0.644,0.195,0.552,-13.5,-37.0,13.8
2017,PCTY,NOC,Tech,0.539,0.434,0.529,0.461,-12.1,61.0,35.1
2017,PDM,NOC,Real,0.319,0.258,0.526,0.802,17.3,-15.0,18.8
2017,PEB,NOC,Real,0.709,0.559,0.453,0.587,5.4,21.0,25.6
2017,PEN,NOC,Heal,0.511,0.612,0.700,0.662,71.5,35.6,32.1
2017,PENN,CIC,Cons,0.140,0.166,0.443,0.403,3.8,105.5,44.8
2017,PFGC,NOC,Cons,0.005,0.108,0.243,0.647,-8.4,42.0,31.3
2017,PFIS,NOC,Fina,0.344,0.186,0.734,0.000,10.2,15.0,26.6
2017,PFS,NOC,Fina,0.038,0.155,0.742,0.514,36.1,3.1,26.1
2017,PFSI,NOC,Fina,0.977,0.677,0.967,0.404,49.3,27.7,27.7
2017,PGEN,NOC,Heal,0.737,0.992,0.017,0.699,-28.8,-40.3,12.8
2017,PI,NOC,Tech,0.313,0.649,0.834,0.211,96.8,-63.5,7.5
2017,PJT,NOC,Fina,0.965,0.889,0.952,0.150,44.5,35.1,29.4
2017,PKE,CIC,Indu,0.557,0.409,0.097,0.018,20.5,11.3,27.3
2017,PLNT,CIC,Cons,0.607,0.416,0.777,0.624,47.5,54.1,31.2
2017,PLUS,NOC,Tech,0.035,0.216,0.433,0.228,21.6,37.1,31.3
2017,PLXS,NOC,Tech,0.062,0.298,0.290,0.551,80.3,19.4,29.8
2017,PNFP,NOC,Fina,0.691,0.591,0.935,0.780,40.3,5.1,26.6
2017,PODD,NOC,Heal,0.842,0.621,0.178,0.715,56.9,68.1,35.5
2017,POOL,CIC,Indu,0.063,0.125,0.321,0.988,42.6,17.4,24.1
2017,POST,NOC,Cons,0.599,0.912,0.371,0.952,46.2,-9.9,23.5
2017,POWI,NOC,Tech,0.188,0.354,0.622,0.626,63.0,3.2,26.8
2017,POWL,CIC,Indu,0.614,0.609,0.057,0.078,51.6,-20.6,16.0
2017,PPC,NOC,Cons,0.744,0.336,0.218,0.975,-16.4,34.1,27.9
2017,PPLI,NOC,Comm,0.216,0.190,0.060,0.329,66.4,101.4,44.8
2017,PR,CIC,Ener,0.998,0.865,0.208,0.782,82.4,3.9,23.2
2017,PRDO,NOC,Cons,0.694,0.669,0.020,0.170,270.2,25.8,26.9
2017,PRIM,CIC,Indu,0.329,0.494,0.591,0.399,28.7,-3.0,22.0
2017,PRKS,CIC,Cons,0.945,0.196,0.093,0.468,-13.2,-18.8,14.1
2017,PRMB,NOC,Cons,0.474,0.646,0.612,0.561,34.6,-13.8,14.9
2017,QCRH,NOC,Fina,0.662,0.720,0.947,0.131,88.0,3.2,26.8
2017,QDEL,NOC,Heal,0.730,0.637,0.361,0.175,28.7,135.0,55.2
2017,QUAD,CIC,Indu,0.542,0.090,0.155,0.418,151.1,-17.9,17.3
2017,RBA,CIC,Indu,0.078,0.263,0.725,0.887,49.6,-6.8,20.9
2017,RBC,CIC,Indu,0.275,0.652,0.428,0.531,32.0,-3.2,19.4
2017,RDN,NOC,Fina,0.797,0.985,0.720,0.915,85.0,19.8,31.0
2017,RES,CIC,Ener,0.769,0.617,0.050,0.987,90.0,12.1,29.2
2017,REX,CIC,Basi,0.749,0.622,0.617,0.120,56.5,4.2,22.7
2017,RGEN,NOC,Heal,0.649,0.240,0.664,0.349,25.4,0.3,20.9
2017,RGLD,CIC,Basi,0.666,0.735,0.782,0.967,124.3,14.7,26.1
2017,RGR,CIC,Indu,0.514,0.679,0.587,0.304,-21.7,-3.9,20.2
2017,RHP,NOC,Real,0.546,0.032,0.524,0.827,34.8,6.6,22.5
2017,RLJ,NOC,Real,0.556,0.180,0.429,0.760,16.7,-10.4,21.0
2017,RMBS,NOC,Tech,0.717,0.491,0.755,0.481,24.8,1.4,27.4
2017,RMR,NOC,Real,0.918,0.917,0.908,0.215,115.2,21.7,25.3
2017,RNST,NOC,Fina,0.128,0.692,0.735,0.527,32.3,3.6,23.3
2017,ROG,NOC,Tech,0.285,0.231,0.554,0.479,90.2,86.0,43.6
2017,RPD,NOC,Tech,0.125,0.126,0.414,0.111,25.9,88.9,35.3
2017,RRX,CIC,Indu,0.376,0.403,0.301,0.832,33.6,5.1,24.8
2017,RUN,NOC,Tech,0.647,0.759,0.082,0.121,-26.7,37.4,30.4
2017,RUSHA,CIC,Cons,0.115,0.626,0.115,0.270,77.8,47.4,28.1
2017,RYAM,CIC,Basi,0.686,0.270,0.263,0.206,134.0,8.3,26.4
2017,RYN,NOC,Real,0.915,0.927,0.958,0.864,50.3,9.5,24.2
2017,SAH,CIC,Cons,0.030,0.042,0.265,0.366,44.9,-21.8,18.3
2017,SAM,NOC,Cons,0.481,0.318,0.459,0.611,-9.5,15.8,24.4
2017,SANM,NOC,Tech,0.013,0.245,0.418,0.757,114.3,-25.1,20.2
2017,SBCF,NOC,Fina,0.092,0.666,0.894,0.281,53.3,12.1,24.2
2017,SBGI,NOC,Comm,0.441,0.413,0.889,0.865,30.9,-6.5,21.0
2017,SBLK,CIC,Indu,0.903,0.895,0.038,0.118,209.4,28.9,30.2
2017,SBSI,NOC,Fina,0.682,0.581,0.795,0.298,55.3,-1.9,20.1
2017,SEDG,CIC,Ener,0.566,0.933,0.205,0.166,-47.3,149.1,48.6
2017,SENEA,NOC,Cons,0.621,0.839,0.106,0.042,43.4,-22.8,19.7
2017,SFM,NOC,Cons,0.145,0.211,0.311,0.739,-30.3,36.5,28.8
2017,SFNC,NOC,Fina,0.379,0.832,0.779,0.557,34.4,-0.2,26.0
2017,SGRY,NOC,Heal,0.446,0.988,0.750,0.316,52.1,-24.3,16.5
2017,SHAK,CIC,Cons,0.206,0.551,0.840,0.261,-14.5,9.8,21.1
2017,SHEN,NOC,Comm,0.358,0.854,0.953,0.416,23.4,18.4,27.5
2017,SHO,NOC,Real,0.622,0.364,0.313,0.822,22.1,4.2,17.1
2017,SHOO,CIC,Cons,0.288,0.120,0.323,0.596,6.4,18.4,28.0
2017,SID,CIC,Basi,0.602,0.872,0.930,0.852,23.8,2.0,13.9
2017,SIMO,NOC,Tech,0.256,0.702,0.918,0.463,45.2,12.6,24.8
2017,SKT,NOC,Real,0.291,0.033,0.780,0.815,11.8,-32.1,13.0
2017,SKY,CIC,Cons,0.473,0.631,0.298,0.141,247.6,50.0,36.5
2017,SLAB,NOC,Tech,0.221,0.248,0.574,0.769,64.1,39.4,35.8
2017,SLM,NOC,Fina,0.800,0.822,0.784,0.985,104.1,3.9,26.0
2017,SMCI,NOC,Tech,0.118,0.601,0.308,0.448,5.9,-26.9,14.2
2017,SMP,CIC,Cons,0.309,0.233,0.473,0.363,65.5,-3.0,21.0
2017,SMTC,NOC,Tech,0.576,0.584,0.637,0.646,77.4,1.9,24.3
2017,SNDA,NOC,Heal,0.131,0.005,0.293,0.098,6.0,-32.9,15.9
2017,SNX,NOC,Tech,0.015,0.265,0.369,0.666,46.3,14.8,28.2
2017,SPH,NOC,Util,0.710,0.657,0.682,0.556,33.6,-19.4,17.6
2017,SR,NOC,Util,0.854,0.789,0.787,0.764,-2.1,4.8,27.2
2017,SRCE,NOC,Fina,0.318,0.255,0.719,0.358,56.6,19.4,30.8
2017,SSD,CIC,Basi,0.418,0.080,0.514,0.592,38.4,33.6,31.9
2017,SSRM,CIC,Basi,0.897,0.963,0.887,0.401,96.8,-24.1,16.0
2017,SSYS,NOC,Tech,0.885,0.451,0.098,0.308,-25.9,20.1,26.7
2017,STAA,NOC,Heal,0.579,0.439,0.356,0.048,60.7,56.8,34.9
2017,STAG,NOC,Real,0.116,0.295,0.712,0.542,44.5,-4.4,19.7
2017,STN,CIC,Indu,0.719,0.857,0.948,0.787,20.5,8.7,23.0
2017,STRA,NOC,Cons,0.351,0.063,0.516,0.250,63.0,17.1,26.6
2017,SUN,CIC,Ener,0.850,1.000,0.221,0.720,-4.8,8.3,22.8
2017,SUPN,NOC,Heal,0.105,0.970,0.923,0.379,31.9,79.3,35.1
2017,SUPV,NOC,Fina,0.879,0.739,0.897,0.351,33.0,104.7,44.3
2017,SUZ,CIC,Basi,0.810,0.444,0.073,0.992,26.9,137.1,41.1
2017,SWBI,CIC,Indu,0.434,0.740,0.691,0.255,-23.7,-53.6,10.1
2017,SXC,CIC,Basi,0.750,0.111,0.260,0.176,182.1,20.4,30.8
2017,SXI,CIC,Indu,0.228,0.085,0.210,0.391,42.9,1.1,26.4
2017,SYNA,NOC,Tech,0.451,0.925,0.230,0.601,-12.2,-29.6,15.9
2017,TAC,NOC,Util,0.774,0.705,0.895,0.488,36.6,-0.9,21.5
2017,TAL,NOC,Cons,0.478,0.571,0.963,0.223,80.4,112.4,57.3
2017,TDAY,NOC,Comm,0.368,0.880,0.286,0.201,-6.0,7.3,24.1
2017,TDOC,NOC,Heal,0.667,0.499,0.646,0.368,66.7,71.7,39.3
2017,TDW,CIC,Ener,0.947,0.517,0.010,0.779,-55.3,-59.5,10.7
2017,TDY,NOC,Tech,0.130,0.030,0.226,0.963,59.3,48.3,38.6
2017,TEN,CIC,Ener,0.077,0.133,0.326,0.413,-23.7,-30.3,16.7
2017,TEO,NOC,Comm,0.428,0.556,0.419,0.935,48.9,48.8,33.1
2017,TEX,CIC,Indu,0.438,0.539,0.013,0.845,57.2,34.6,24.1
2017,TFII,CIC,Indu,0.409,0.790,0.865,0.687,89.2,-11.2,19.2
2017,TGLS,CIC,Basi,0.659,0.496,0.770,0.023,-14.7,-14.0,20.2
2017,THC,NOC,Heal,0.048,0.210,0.198,0.657,-11.1,-15.0,19.1
2017,THRM,CIC,Cons,0.196,0.065,0.537,0.424,-6.4,-17.8,17.2
2017,TK,CIC,Ener,0.805,0.687,0.128,0.251,23.8,-20.8,16.3
2017,TKR,CIC,Indu,0.549,0.408,0.113,0.859,58.1,9.8,23.9
2017,TNET,CIC,Indu,0.236,0.101,0.448,0.564,105.1,56.1,37.0
2017,TNK,CIC,Indu,0.943,0.942,0.063,0.032,-46.2,-54.4,9.6
2017,TOWN,NOC,Fina,0.153,0.574,0.850,0.594,75.4,-5.5,24.0
2017,TPC,CIC,Indu,0.283,0.290,0.280,0.419,105.5,-18.0,19.4
2017,TREX,CIC,Indu,0.844,0.273,0.607,0.609,78.6,57.0,33.1
2017,TRMK,NOC,Fina,0.178,0.022,0.642,0.641,62.2,0.7,26.3
2017,TRN,CIC,Indu,0.366,0.672,0.103,0.784,33.8,23.0,26.8
2017,TRST,NOC,Fina,0.075,0.007,0.775,0.235,56.9,10.2,28.5
2017,TSEM,NOC,Tech,0.687,0.727,0.837,0.656,65.0,48.8,33.2
2017,TTD,NOC,Tech,0.591,0.468,0.970,0.436,11.0,49.1,32.2
2017,TTEK,CIC,Indu,0.170,0.542,0.576,0.681,78.0,16.5,29.9
2017,TTI,CIC,Ener,0.845,0.802,0.033,0.072,-18.1,-16.5,18.3
2017,TTMI,NOC,Tech,0.408,0.850,0.419,0.471,191.6,-0.1,22.1
2017,TWLO,NOC,Tech,0.521,0.755,0.534,0.735,7.5,-16.7,17.1
2017,TX,CIC,Basi,0.764,0.313,0.423,0.965,87.3,54.8,32.4
2017,UAN,CIC,Basi,0.957,0.825,0.644,0.185,-10.7,-40.1,12.9
2017,UBSI,NOC,Fina,0.101,0.178,0.817,0.857,31.5,-19.5,21.5
2017,UCB,NOC,Fina,0.241,0.341,0.854,0.591,66.9,8.1,24.6
2017,UCTT,NOC,Tech,0.306,0.797,0.928,0.062,164.8,61.8,34.1
2017,UE,NOC,Real,0.895,0.010,0.805,0.730,15.0,-22.6,14.8
2017,UFPI,CIC,Basi,0.135,0.369,0.722,0.619,64.6,3.2,21.5
2017,ULH,CIC,Indu,0.692,0.017,0.133,0.033,-12.8,62.9,34.4
2017,UMC,NOC,Tech,0.700,0.521,0.484,0.940,-1.1,43.9,24.0
2017,UNFI,NOC,Cons,0.012,0.238,0.383,0.636,20.2,0.5,22.7
2017,UPBD,NOC,Tech,0.373,0.296,0.043,0.053,-39.9,19.7,26.4
2017,URBN,CIC,Cons,0.411,0.047,0.348,0.772,-9.8,42.6,31.7
2017,USAC,CIC,Ener,0.712,0.604,0.509,0.331,135.4,-6.9,16.7
2017,USLM,CIC,Basi,0.689,0.461,0.562,0.055,35.3,1.7,27.1
2017,UVE,NOC,Fina,0.935,0.682,0.546,0.296,38.9,11.3,23.3
2017,VAC,CIC,Cons,0.661,0.218,0.473,0.724,58.5,46.4,34.7
2017,VECO,NOC,Tech,0.484,0.837,0.088,0.336,41.2,-44.0,9.6
2017,VET,CIC,Ener,0.908,0.747,0.469,0.978,44.0,-15.8,18.5
2017,VIAV,NOC,Tech,0.785,0.737,0.121,0.602,77.9,-4.1,25.4
2017,VIRT,NOC,Fina,0.463,0.734,0.659,0.208,-15.1,9.0,23.7
2017,VLY,NOC,Fina,0.374,0.436,0.549,0.790,40.9,2.4,26.1
2017,VMI,CIC,Indu,0.489,0.358,0.406,0.814,30.0,9.3,23.0
2017,VNET,NOC,Tech,0.596,0.709,0.012,0.238,-64.7,17.3,28.7
2017,VNOM,CIC,Ener,0.910,0.689,0.968,0.476,28.7,33.7,25.0
2017,VRTS,NOC,Fina,0.715,0.286,0.303,0.248,42.8,3.1,26.1
2017,VSAT,NOC,Tech,0.261,0.145,0.349,0.874,17.3,7.2,22.2
2017,VSEC,CIC,Indu,0.386,0.641,0.869,0.080,38.5,18.1,26.0
2017,VSH,NOC,Tech,0.200,0.215,0.135,0.651,42.1,33.5,26.9
2017,W,CIC,Cons,0.018,0.647,0.624,0.830,-13.8,148.0,52.4
2017,WCC,CIC,Indu,0.002,0.050,0.190,0.880,94.9,-8.1,23.8
2017,WD,NOC,Fina,0.493,0.780,0.945,0.369,60.6,21.7,26.9
2017,WEN,CIC,Cons,0.739,0.418,0.116,0.862,41.0,17.6,25.6
2017,WEX,NOC,Tech,0.571,0.534,0.859,0.995,88.8,24.7,28.1
2017,WFG,CIC,Basi,0.705,0.524,0.629,0.805,36.5,65.0,31.5
2017,WGO,CIC,Cons,0.123,0.742,0.922,0.291,38.7,48.9,32.8
2017,WING,CIC,Cons,0.155,0.171,0.862,0.226,5.9,71.6,35.4
2017,WIX,NOC,Tech,0.205,0.188,0.794,0.725,244.5,6.6,20.3
2017,WLFC,CIC,Indu,0.684,0.589,0.270,0.095,30.8,10.7,27.1
2017,WLYB,NOC,Comm,0.203,0.116,0.471,0.789,8.1,18.7,23.3
2017,WNC,CIC,Indu,0.483,0.502,0.126,0.356,65.0,34.1,35.9
2017,WOR,CIC,Indu,0.509,0.443,0.376,0.581,40.0,-19.5,12.8
2017,WSBC,NOC,Fina,0.213,0.473,0.839,0.554,51.7,-0.9,25.9
2017,WSFS,NOC,Fina,0.642,0.293,0.825,0.451,61.1,3.4,25.8
2017,WT,NOC,Fina,0.875,0.903,0.105,0.373,-17.5,29.7,32.7
2017,WTFC,NOC,Fina,0.023,0.140,0.757,0.897,66.6,27.0,33.1
2017,WTI,CIC,Ener,0.975,0.715,0.634,0.020,-5.8,56.1,34.2
2017,WTM,NOC,Fina,0.995,0.952,0.007,0.912,23.4,-8.7,20.3
2017,WWW,CIC,Cons,0.396,0.146,0.176,0.676,50.6,21.7,25.6
2017,XHR,NOC,Real,0.498,0.363,0.171,0.559,16.8,12.8,26.7
2017,YELP,NOC,Comm,0.173,0.431,0.666,0.860,158.3,6.7,23.2
2017,ZBRA,NOC,Tech,0.080,0.993,0.256,0.977,50.4,33.9,28.3
2017,ZWS,CIC,Indu,0.278,0.160,0.245,0.348,43.0,28.2,32.9
2018,AAOI,NOC,Tech,0.836,0.897,0.198,0.176,-7.8,-57.7,1.8
2018,AAON,CIC,Indu,0.235,0.291,0.597,0.414,21.0,8.0,3.4
2018,AAT,NOC,Real,0.216,0.000,0.654,0.602,-24.0,34.1,6.9
2018,ABCB,NOC,Fina,0.501,0.568,0.755,0.594,27.0,-35.7,-3.1
2018,ABG,CIC,Cons,0.018,0.024,0.176,0.433,2.3,7.0,5.5
2018,ABR,NOC,Real,0.957,0.976,0.887,0.182,11.4,39.4,2.5
2018,ACAD,NOC,Heal,0.850,1.000,0.947,0.897,-18.2,-23.8,2.3
2018,ACHC,NOC,Heal,0.138,0.829,0.395,0.794,-16.2,-27.6,3.7
2018,ACLS,NOC,Tech,0.585,0.879,0.902,0.230,55.3,-11.4,4.5
2018,ADTN,NOC,Tech,0.369,0.531,0.037,0.279,-13.5,-39.6,-0.8
2018,AEIS,NOC,Tech,0.145,0.818,0.868,0.765,21.2,-28.2,-0.5
2018,AGI,CIC,Basi,0.779,0.907,0.626,0.510,-40.2,-2.8,4.2
2018,AGM,NOC,Fina,0.786,0.588,0.721,0.283,48.3,-19.0,1.1
2018,AGO,NOC,Fina,0.928,0.939,0.404,0.957,-10.3,11.2,5.6
2018,AGRO,NOC,Cons,0.923,0.765,0.126,0.997,-32.7,-18.9,2.5
2018,AGX,CIC,Indu,0.744,0.823,0.060,0.166,-33.3,17.2,15.4
2018,ALGT,CIC,Indu,0.816,0.111,0.417,0.691,-7.4,-21.5,-3.8
2018,ALNT,CIC,Indu,0.188,0.338,0.538,0.063,36.2,29.6,3.0
2018,ALRS,NOC,Fina,0.124,0.192,0.568,0.011,26.8,-17.4,11.1
2018,ALX,NOC,Real,0.296,0.132,0.733,0.549,-14.6,4.4,6.0
2018,AMBA,NOC,Tech,0.343,0.671,0.052,0.488,-22.5,-12.2,5.0
2018,AMC,NOC,Comm,0.995,0.787,0.858,0.947,-53.0,-6.0,4.9
2018,AMN,NOC,Heal,0.010,0.576,0.322,0.715,37.6,17.3,3.7
2018,AMRC,CIC,Indu,0.114,0.367,0.567,0.064,62.3,81.3,6.2
2018,ANDE,NOC,Cons,0.622,0.063,0.069,0.245,-17.5,9.3,5.3
2018,ANGO,NOC,Heal,0.462,0.101,0.110,0.130,-6.2,23.7,-8.7
2018,ANIP,NOC,Heal,0.916,0.876,0.692,0.177,14.9,1.2,3.2
2018,AORT,NOC,Heal,0.465,0.496,0.362,0.164,1.8,52.0,1.9
2018,AOSL,NOC,Tech,0.556,0.156,0.293,0.032,-26.8,-21.3,5.0
2018,APAM,NOC,Fina,0.535,0.470,0.831,0.533,28.7,-37.6,1.9
2018,APEI,NOC,Cons,0.364,0.085,0.341,0.045,4.8,29.5,4.8
2018,APLE,NOC,Real,0.486,0.438,0.184,0.916,-11.4,-6.3,4.4
2018,APPN,NOC,Tech,0.657,0.681,0.657,0.554,104.0,25.2,5.4
2018,ARCB,CIC,Indu,0.205,0.072,0.185,0.275,15.8,12.3,-5.4
2018,ARCO,CIC,Cons,0.470,0.469,0.464,0.593,27.0,-22.5,5.3
2018,ARES,NOC,Fina,0.987,0.945,0.356,0.604,5.2,-11.0,2.8
2018,ARI,NOC,Real,0.689,0.915,0.889,0.573,0.2,2.3,4.9
2018,ARLP,CIC,Ener,0.876,0.509,0.208,0.738,-13.7,-11.0,-2.7
2018,AROC,CIC,Ener,0.660,0.863,0.709,0.148,-34.5,6.5,4.4
2018,ARR,NOC,Real,0.594,0.799,0.879,0.293,5.9,-6.2,4.6
2018,ATI,CIC,Indu,0.678,0.644,0.490,0.849,33.6,-14.4,-2.2
2018,ATRO,CIC,Indu,0.562,0.378,0.193,0.296,25.0,-6.6,1.0
2018,AUB,NOC,Fina,0.586,0.235,0.604,0.520,9.8,-16.7,-2.2
2018,AVAV,CIC,Indu,0.953,0.810,0.430,0.372,93.2,52.3,5.1
2018,AVNT,CIC,Basi,0.200,0.097,0.203,0.863,26.4,-26.3,-3.5
2018,AX,NOC,Fina,0.432,0.604,0.828,0.609,17.6,-14.6,-2.9
2018,AXON,CIC,Indu,0.723,0.444,0.491,0.440,6.2,113.0,6.4
2018,AXTI,NOC,Tech,0.729,0.507,0.746,0.018,23.2,-48.5,2.2
2018,AZTA,NOC,Heal,0.366,0.483,0.469,0.585,61.5,10.0,1.0
2018,AZZ,CIC,Indu,0.494,0.448,0.081,0.309,-33.8,15.1,9.5
2018,BANC,NOC,Fina,0.829,0.775,0.031,0.720,38.7,-18.1,2.3
2018,BAND,NOC,Tech,0.272,0.013,0.320,0.024,20.5,97.1,7.0
2018,BBSI,CIC,Indu,0.820,0.037,0.345,0.114,18.9,2.1,3.1
2018,BCC,CIC,Basi,0.163,0.127,0.438,0.504,62.2,-31.4,1.2
2018,BCPC,CIC,Basi,0.147,0.227,0.589,0.668,-13.8,11.6,3.4
2018,BDC,NOC,Tech,0.340,0.016,0.214,0.802,-1.6,-24.9,1.9
2018,BDN,NOC,Real,0.119,0.259,0.433,0.799,11.2,-15.4,-3.6
2018,BEP,NOC,Util,0.758,0.783,0.742,0.961,5.7,-3.2,3.6
2018,BGC,NOC,Fina,0.615,0.797,0.614,0.894,14.7,-37.9,-1.3
2018,BJRI,CIC,Cons,0.446,0.142,0.150,0.219,8.6,32.4,5.7
2018,BKD,NOC,Heal,0.279,0.061,0.092,0.403,-51.6,11.3,4.0
2018,BKH,NOC,Util,0.290,0.586,0.539,0.781,-10.5,20.9,1.8
2018,BL,NOC,Tech,0.229,0.042,0.605,0.552,18.3,39.8,4.3
2018,BLBD,CIC,Cons,0.108,0.844,0.349,0.098,33.0,-9.5,5.7
2018,BLX,NOC,Fina,0.787,0.729,0.504,0.343,-0.6,-22.0,10.1
2018,BOOT,CIC,Cons,0.354,0.612,0.494,0.074,61.6,33.0,0.1
2018,BOX,NOC,Tech,0.356,0.113,0.129,0.812,31.8,1.1,3.8
2018,BSM,CIC,Ener,0.947,0.979,0.934,0.873,2.7,-0.2,1.4
2018,BTU,CIC,Ener,0.878,0.738,0.522,0.942,30.0,-11.1,5.6
2018,BUSE,NOC,Fina,0.467,0.654,0.892,0.472,0.8,-16.7,-2.9
2018,BVN,CIC,Basi,0.699,0.641,0.601,0.905,26.4,8.8,3.2
2018,BXMT,NOC,Real,0.135,0.812,0.810,0.810,-3.0,14.7,5.9
2018,BYD,CIC,Cons,0.081,0.198,0.443,0.948,82.0,-24.5,3.1
2018,BZH,CIC,Cons,0.039,0.386,0.261,0.119,32.5,-26.6,2.3
2018,CAC,NOC,Fina,0.427,0.713,0.715,0.163,3.7,-8.8,-3.1
2018,CACI,NOC,Tech,0.084,0.494,0.253,0.862,14.0,12.2,-5.4
2018,CAKE,CIC,Cons,0.089,0.213,0.114,0.617,-23.1,0.6,4.4
2018,CALX,NOC,Tech,0.826,0.306,0.089,0.016,-13.7,67.4,9.7
2018,CAPL,CIC,Ener,0.132,0.676,0.280,0.221,-9.1,-28.9,1.0
2018,CAR,CIC,Indu,0.998,0.082,0.317,0.808,-4.2,-24.1,3.3
2018,CARE,NOC,Fina,0.982,0.554,0.016,0.069,0.6,12.0,20.2
2018,CASH,NOC,Fina,0.438,0.807,0.821,0.301,2.7,-35.1,-1.4
2018,CASY,CIC,Cons,0.248,0.362,0.388,0.937,-1.4,14.8,1.5
2018,CATY,NOC,Fina,0.546,0.412,0.878,0.860,16.5,-11.9,2.9
2018,CBRL,CIC,Cons,0.150,0.005,0.264,0.900,0.9,4.7,5.0
2018,CBT,CIC,Basi,0.349,0.559,0.607,0.910,14.1,-25.2,2.3
2018,CCJ,CIC,Ener,0.865,0.481,0.064,0.829,-21.3,48.8,10.7
2018,CCNE,NOC,Fina,0.692,0.385,0.507,0.040,3.4,-7.3,0.3
2018,CCOI,NOC,Comm,0.011,0.003,0.514,0.568,2.0,16.0,5.0
2018,CCS,CIC,Cons,0.222,0.694,0.913,0.224,25.8,-19.2,5.1
2018,CDE,CIC,Basi,0.892,0.557,0.583,0.456,-34.5,-30.0,4.9
2018,CECO,CIC,Indu,0.481,0.700,0.021,0.077,69.7,16.7,2.5
2018,CERS,NOC,Heal,0.680,0.726,0.082,0.111,15.7,34.0,2.8
2018,CFFN,NOC,Fina,0.171,0.043,0.726,0.541,-16.8,4.0,-4.5
2018,CG,NOC,Fina,0.808,0.940,0.966,0.700,46.5,-15.4,5.4
2018,CGBD,NOC,Fina,0.792,0.477,0.955,0.338,-4.1,-13.4,2.6
2018,CHDN,CIC,Cons,0.879,0.573,0.019,0.915,71.8,13.5,4.2
2018,CHE,NOC,Heal,0.264,0.021,0.415,0.939,47.6,24.1,6.9
2018,CHEF,NOC,Cons,0.034,0.375,0.211,0.108,22.3,83.8,6.0
2018,CHH,CIC,Cons,0.448,0.325,0.680,0.969,35.2,4.9,3.6
2018,CIB,NOC,Fina,0.551,0.552,0.578,0.721,19.4,2.3,4.4
2018,CIEN,NOC,Tech,0.225,0.077,0.195,0.886,7.3,66.5,5.6
2018,CIGI,NOC,Real,0.393,0.699,0.691,0.710,58.5,0.8,4.8
2018,CLDT,NOC,Real,0.634,0.205,0.393,0.232,-4.9,10.8,1.6
2018,CLF,CIC,Basi,0.773,0.841,0.095,0.659,-30.6,38.2,-0.1
2018,CLH,CIC,Indu,0.425,0.530,0.266,0.758,-11.4,20.2,4.5
2018,CLMT,CIC,Basi,0.509,0.683,0.093,0.132,105.9,-63.7,0.8
2018,CLS,NOC,Tech,0.000,0.169,0.100,0.490,-13.6,-11.0,-1.5
2018,CMC,CIC,Basi,0.478,0.578,0.575,0.762,16.8,-29.9,-1.7
2018,CMCO,CIC,Indu,0.504,0.636,0.736,0.240,39.2,-6.9,1.9
2018,CMP,CIC,Basi,0.631,0.824,0.441,0.647,-14.2,-25.1,3.9
2018,CMRE,CIC,Indu,0.649,0.166,0.217,0.082,4.3,-21.9,-3.7
2018,CNK,NOC,Comm,0.023,0.296,0.406,0.995,-2.0,-12.7,1.8
2018,CNOB,NOC,Fina,0.990,0.504,0.710,0.269,11.8,-30.4,-2.7
2018,CNR,CIC,Ener,0.702,0.779,0.161,0.256,44.2,3.6,0.0
2018,CNS,NOC,Fina,0.424,0.290,0.823,0.599,27.7,-16.2,-3.4
2018,CNX,CIC,Ener,0.968,0.862,0.014,0.797,-19.2,-1.1,-1.8
2018,CODI,CIC,Indu,0.374,0.773,0.314,0.303,-0.6,-4.6,3.6
2018,CPAC,CIC,Basi,0.430,0.272,0.317,0.311,27.9,-18.0,4.2
2018,CPK,NOC,Util,0.725,0.565,0.699,0.348,-2.1,36.8,5.0
2018,CPS,CIC,Cons,0.082,0.026,0.333,0.618,8.1,-36.4,2.0
2018,CRAI,CIC,Indu,0.174,0.185,0.451,0.031,24.1,-3.8,4.4
2018,CRC,CIC,Ener,0.944,0.853,0.707,0.243,14.0,5.8,2.0
2018,CROX,CIC,Cons,0.710,0.242,0.076,0.235,77.4,133.0,8.6
2018,CRS,CIC,Basi,0.610,0.593,0.470,0.662,15.5,-10.1,-1.2
2018,CRTO,NOC,Comm,0.074,0.451,0.581,0.589,-32.4,-15.2,4.1
2018,CRUS,NOC,Tech,0.069,0.776,0.303,0.775,-29.8,-16.3,1.8
2018,CSIQ,NOC,Tech,0.765,0.866,0.903,0.306,34.6,42.3,10.0
2018,CSW,CIC,Indu,0.675,0.436,0.158,0.158,12.5,24.3,11.8
2018,CTRE,NOC,Real,0.014,0.465,0.815,0.337,-7.1,52.9,2.3
2018,CTRN,CIC,Cons,0.052,0.174,0.407,0.027,40.4,-22.7,2.5
2018,CUBE,NOC,Real,0.161,0.060,0.770,0.992,2.9,15.0,4.4
2018,CUBI,NOC,Fina,0.686,0.868,0.961,0.287,-12.7,-31.5,-2.6
2018,CUZ,NOC,Real,0.573,0.570,0.446,0.868,-0.6,5.8,6.7
2018,CVCO,CIC,Cons,0.380,0.311,0.425,0.411,52.5,9.2,3.4
2018,CVLT,NOC,Tech,0.058,0.032,0.248,0.680,7.0,12.3,-3.7
2018,CVSA,NOC,Cons,0.767,0.638,0.291,0.763,32.4,-1.3,13.3
2018,CWEN,NOC,Util,0.757,0.551,0.221,0.493,-5.7,-9.6,4.8
2018,CZR,CIC,Cons,0.668,0.884,0.957,0.686,81.1,47.6,7.6
2018,DAKT,NOC,Tech,0.530,0.348,0.235,0.039,-5.3,-6.7,3.8
2018,DAR,NOC,Cons,0.111,0.304,0.256,0.767,33.1,25.0,3.9
2018,DBRG,NOC,Fina,0.973,0.989,0.987,0.818,-59.1,-7.3,4.7
2018,DCH,CIC,Cons,0.166,0.887,0.929,0.535,-25.7,-3.4,3.5
2018,DCO,CIC,Indu,0.050,0.440,0.105,0.008,-7.5,49.4,5.5
2018,DCOM,NOC,Fina,0.291,0.712,0.942,0.401,-4.2,-19.0,-2.4
2018,DDD,NOC,Tech,0.752,0.196,0.159,0.409,-20.1,17.1,1.3
2018,DDS,CIC,Cons,0.671,0.119,0.288,0.657,54.8,-20.9,2.1
2018,DEA,NOC,Real,0.192,0.892,0.781,0.254,-6.2,-8.6,4.8
2018,DECK,CIC,Cons,0.707,0.459,0.599,0.742,57.0,45.7,-2.0
2018,DHC,NOC,Real,0.134,0.118,0.776,0.852,-27.6,-13.1,2.5
2018,DHT,CIC,Indu,0.981,0.692,0.262,0.076,-26.2,19.1,6.1
2018,DIOD,NOC,Tech,0.538,0.151,0.512,0.398,9.4,37.4,8.6
2018,DKL,CIC,Ener,0.488,0.792,0.668,0.205,-0.6,-3.6,0.9
2018,DKS,CIC,Cons,0.158,0.011,0.306,0.833,-31.6,18.3,2.1
2018,DLX,NOC,Comm,0.233,0.019,0.475,0.853,0.8,-41.1,-2.3
2018,DMC,NOC,Cons,0.670,0.047,0.130,0.634,-25.3,-22.4,3.0
2018,DMLP,CIC,Ener,0.871,0.902,0.973,0.085,-4.3,14.9,2.5
2018,DQ,CIC,Ener,0.823,0.926,0.979,0.113,105.3,-30.3,3.4
2018,DRH,NOC,Real,0.639,0.190,0.377,0.623,-4.3,1.2,1.5
2018,DXCM,NOC,Heal,0.541,0.523,0.644,0.994,-28.7,161.2,6.0
2018,DXPE,CIC,Indu,0.029,0.601,0.472,0.134,-13.5,-1.7,3.4
2018,DY,CIC,Indu,0.676,0.633,0.087,0.847,13.0,-43.2,2.1
2018,EBF,CIC,Indu,0.312,0.728,0.230,0.092,19.6,0.2,15.5
2018,ECHO,NOC,Comm,0.905,0.684,0.040,0.963,2.6,-24.4,3.3
2018,ECPG,NOC,Fina,0.921,0.820,0.673,0.330,17.1,-17.2,4.2
2018,EDN,NOC,Util,0.860,0.953,0.841,0.707,82.4,-58.9,2.1
2018,EEFT,NOC,Tech,0.506,0.134,0.486,0.968,19.8,34.6,6.5
2018,EFXT,CIC,Ener,0.641,0.908,0.862,0.285,-21.5,23.4,5.3
2018,EGO,CIC,Basi,0.853,0.536,0.023,0.225,-71.2,-16.4,2.6
2018,ELF,NOC,Cons,0.654,0.391,0.523,0.300,-19.6,-53.5,1.4
2018,EMBJ,CIC,Indu,0.206,0.852,0.006,0.974,6.1,-22.9,3.1
2018,ENOV,NOC,Heal,0.100,0.116,0.034,0.671,-15.5,-28.1,3.6
2018,ENR,CIC,Indu,0.581,0.219,0.533,0.865,11.7,-18.0,0.1
2018,ENS,CIC,Indu,0.159,0.233,0.560,0.744,-14.6,33.3,8.4
2018,ENTG,NOC,Tech,0.390,0.200,0.634,0.973,67.9,3.0,4.4
2018,ENVA,NOC,Fina,0.763,0.177,0.639,0.155,34.1,26.2,-1.7
2018,EPAC,CIC,Indu,0.143,0.280,0.232,0.417,-15.4,12.7,8.1
2018,EPC,NOC,Cons,0.596,0.655,0.164,0.734,-35.0,-19.7,8.0
2018,EQBK,NOC,Fina,0.172,0.800,0.923,0.129,20.3,-17.2,3.7
2018,ESI,CIC,Basi,0.187,0.721,0.206,0.791,-18.4,10.0,3.4
2018,ETSY,CIC,Cons,0.179,0.356,0.670,0.709,73.5,169.5,7.2
2018,EVC,NOC,Comm,0.965,0.208,0.237,0.127,13.5,-53.0,4.5
2018,EVH,NOC,Heal,0.721,0.842,0.300,0.319,-28.9,4.1,3.1
2018,EVO,NOC,Heal,0.713,0.808,0.945,0.750,94.6,34.2,15.6
2018,EXLS,NOC,Tech,0.031,0.087,0.467,0.580,31.7,4.6,3.2
2018,FBP,NOC,Fina,0.942,0.585,0.343,0.428,9.5,54.0,-7.5
2018,FCF,NOC,Fina,0.781,0.203,0.765,0.444,9.5,-10.4,-3.5
2018,FCFS,NOC,Fina,0.319,0.942,0.390,0.844,72.1,14.5,-1.6
2018,FCN,CIC,Indu,0.385,0.159,0.301,0.543,16.8,45.0,7.3
2018,FCPT,NOC,Real,0.048,0.752,0.254,0.404,-1.4,30.0,4.3
2018,FET,CIC,Ener,0.300,0.919,0.845,0.462,-42.8,-62.2,3.8
2018,FFBC,NOC,Fina,0.375,0.093,0.386,0.530,3.4,-6.5,-2.2
2018,FHB,NOC,Fina,0.362,0.324,0.789,0.945,-1.4,-19.5,-3.1
2018,FIBK,NOC,Fina,0.106,0.514,0.833,0.651,-0.2,-6.4,-4.1
2018,FINV,NOC,Fina,0.963,0.984,0.948,0.551,-37.2,-39.5,3.5
2018,FISI,NOC,Fina,0.564,0.232,0.647,0.079,-8.4,-11.3,-2.4
2018,FIVE,CIC,Cons,0.718,0.167,0.800,0.889,76.1,74.6,11.8
2018,FIVN,NOC,Tech,0.570,0.023,0.531,0.464,60.0,101.1,8.3
2018,FIX,CIC,Indu,0.190,0.229,0.473,0.486,27.9,23.0,5.3
2018,FMBH,NOC,Fina,0.435,0.430,0.667,0.060,3.4,0.9,4.9
2018,FN,NOC,Tech,0.035,0.696,0.151,0.266,-42.9,136.9,13.2
2018,FNB,NOC,Fina,0.314,0.327,0.874,0.976,-5.0,-21.2,-2.0
2018,FND,CIC,Cons,0.055,0.707,0.784,0.971,36.3,-16.8,3.8
2018,FOR,NOC,Real,0.849,0.718,0.005,0.316,85.0,-36.2,-1.6
2018,FORM,NOC,Tech,0.899,0.934,0.245,0.291,6.5,15.8,7.3
2018,FOXF,CIC,Cons,0.129,0.388,0.459,0.461,42.4,62.6,4.9
2018,FRO,CIC,Indu,0.976,0.966,0.000,0.159,-45.0,62.8,6.0
2018,FRPT,NOC,Cons,0.219,0.114,0.493,0.196,108.9,87.1,6.1
2018,FSK,NOC,Fina,0.974,0.889,0.971,0.536,-33.8,-8.7,4.9
2018,FSM,CIC,Basi,0.728,0.771,0.952,0.198,1.5,-22.5,1.8
2018,FSS,CIC,Indu,0.211,0.833,0.762,0.391,43.8,7.2,3.9
2018,FTAI,CIC,Indu,0.989,0.736,0.771,0.324,4.9,-0.4,3.7
2018,FTK,CIC,Ener,0.567,0.525,0.187,0.005,-47.0,-43.3,3.0
2018,FUL,CIC,Basi,0.345,0.251,0.481,0.760,9.2,-21.5,-3.5
2018,FULT,NOC,Fina,0.198,0.106,0.689,0.800,-6.5,-5.1,4.8
2018,FUN,CIC,Cons,0.293,0.522,0.564,0.895,2.1,-21.8,3.8
2018,FWRD,CIC,Indu,0.101,0.267,0.517,0.539,27.3,-0.3,6.0
2018,GABC,NOC,Fina,0.317,0.486,0.631,0.209,9.6,-11.8,-2.6
2018,GBCI,NOC,Fina,0.110,0.264,0.818,0.786,9.7,9.5,-4.2
2018,GBDC,NOC,Fina,0.383,0.084,0.905,0.341,-5.7,2.1,6.5
2018,GBX,CIC,Indu,0.522,0.556,0.216,0.507,8.4,-16.3,-1.3
2018,GDS,NOC,Tech,0.480,0.332,0.839,0.789,261.7,23.1,2.8
2018,GEL,CIC,Ener,0.576,0.836,0.900,0.704,-40.6,6.1,4.1
2018,GEO,CIC,Indu,0.068,0.343,0.272,0.678,-37.0,17.5,5.7
2018,GIII,CIC,Cons,0.185,0.320,0.163,0.499,67.6,6.5,10.1
2018,GILT,NOC,Tech,0.630,0.860,0.229,0.055,51.2,21.3,6.3
2018,GKOS,NOC,Heal,0.253,0.541,0.551,0.367,-31.6,112.4,7.9
2018,GLOB,NOC,Tech,0.591,0.201,0.700,0.523,31.1,45.1,4.5
2018,GLP,CIC,Ener,0.024,0.725,0.167,0.100,-15.9,17.5,2.5
2018,GME,CIC,Cons,0.575,0.354,0.277,0.454,-40.9,-26.8,10.0
2018,GMED,NOC,Heal,0.180,0.195,0.734,0.981,67.8,-0.8,4.3
2018,GNL,NOC,Real,0.377,0.425,0.863,0.322,-36.1,24.1,3.9
2018,GNRC,CIC,Indu,0.330,0.449,0.660,0.746,13.1,13.6,7.5
2018,GOLF,CIC,Cons,0.232,0.155,0.308,0.514,30.2,11.1,3.0
2018,GOOS,CIC,Cons,0.929,0.937,0.881,0.858,97.7,86.2,19.1
2018,GPK,CIC,Cons,0.298,0.010,0.304,0.989,21.1,-20.7,0.4
2018,GPRE,CIC,Basi,0.502,0.406,0.119,0.237,-29.9,-22.0,3.9
2018,GPRK,CIC,Ener,0.979,0.913,0.937,0.137,61.1,93.4,5.2
2018,GRBK,CIC,Cons,0.258,0.502,0.562,0.097,15.4,-12.8,0.2
2018,GRC,CIC,Indu,0.396,0.193,0.295,0.187,-13.0,19.5,8.6
2018,GRPN,NOC,Comm,0.636,0.222,0.113,0.726,1.5,-20.4,2.7
2018,GSAT,NOC,Comm,0.325,0.211,0.008,0.512,-34.7,-44.3,2.8
2018,GSBD,NOC,Fina,0.939,0.971,0.984,0.211,-15.8,0.8,5.1
2018,GSM,CIC,Basi,0.789,0.533,0.501,0.723,55.0,-86.5,0.2
2018,GTN,NOC,Comm,0.697,0.572,0.461,0.362,2.1,27.5,3.9
2018,HAFC,NOC,Fina,0.717,0.163,0.760,0.312,-8.2,-35.5,-4.1
2018,HAPN,NOC,Fina,0.837,0.878,0.050,0.527,-37.4,-13.8,3.3
2018,HASI,NOC,Fina,0.815,0.973,0.799,0.332,5.3,13.3,4.9
2018,HBM,CIC,Basi,0.852,0.865,0.842,0.607,-1.8,-26.6,3.0
2018,HCI,NOC,Fina,0.924,0.651,0.380,0.061,-14.9,21.6,3.5
2018,HELE,NOC,Cons,0.804,0.018,0.385,0.713,9.2,36.5,-3.9
2018,HESM,CIC,Ener,0.287,0.755,0.802,0.356,-20.6,0.5,2.2
2018,HFWA,NOC,Fina,0.040,0.121,0.738,0.264,26.7,7.6,3.0
2018,HGV,CIC,Cons,0.335,0.076,0.559,0.944,39.6,-24.9,2.8
2018,HIFS,NOC,Fina,0.520,0.105,0.850,0.066,12.5,-6.0,-2.0
2018,HIMX,NOC,Tech,0.519,0.678,0.077,0.432,21.3,-52.3,3.4
2018,HL,CIC,Basi,0.733,0.873,0.282,0.480,-35.6,-25.1,2.9
2018,HLI,NOC,Fina,0.047,0.510,0.530,0.828,61.9,-14.3,-3.7
2018,HLIO,CIC,Indu,0.652,0.903,0.907,0.478,50.1,-32.8,1.0
2018,HLNE,NOC,Fina,0.683,0.609,0.908,0.151,95.3,6.9,4.6
2018,HLX,CIC,Ener,0.828,0.826,0.612,0.277,-24.1,14.1,4.4
2018,HNI,CIC,Cons,0.283,0.055,0.179,0.473,-24.3,18.5,13.3
2018,HOMB,NOC,Fina,0.908,0.337,0.911,0.932,-7.8,-22.0,-1.7
2018,HOPE,NOC,Fina,0.333,0.894,0.618,0.683,-4.3,-23.5,-1.6
2018,HPP,NOC,Real,0.280,0.918,0.663,0.977,-14.9,9.7,3.4
2018,HQY,NOC,Heal,0.783,0.340,0.728,0.870,32.7,41.9,9.0
2018,HRTG,NOC,Fina,0.932,0.517,0.068,0.050,22.2,-13.7,2.1
2018,HTB,NOC,Fina,0.411,0.432,0.646,0.072,11.3,-3.6,13.0
2018,HTGC,NOC,Fina,0.950,0.950,0.958,0.317,-16.9,5.8,4.6
2018,HTLD,CIC,Indu,0.704,0.639,0.509,0.515,-1.7,-0.8,3.8
2018,HUBG,CIC,Indu,0.156,0.329,0.465,0.459,1.7,0.5,10.1
2018,HUBS,NOC,Tech,0.346,0.246,0.602,0.876,69.0,72.8,8.9
2018,HURN,CIC,Indu,0.589,0.295,0.072,0.251,-8.6,33.0,4.0
2018,HWC,NOC,Fina,0.839,0.435,0.791,0.979,27.4,-30.7,-1.5
2018,HWKN,CIC,Basi,0.419,0.618,0.219,0.023,-34.0,31.9,13.6
2018,IAG,CIC,Basi,0.662,0.562,0.401,0.729,32.9,-35.3,2.8
2018,IART,NOC,Heal,0.472,0.535,0.758,0.940,27.7,-3.3,2.2
2018,IBOC,NOC,Fina,0.588,0.130,0.750,0.696,-0.4,3.5,3.9
2018,ICFI,CIC,Indu,0.130,0.089,0.370,0.340,10.4,30.5,3.9
2018,ICUI,NOC,Heal,0.940,0.994,1.000,0.986,46.5,10.4,5.8
2018,IDCC,NOC,Tech,0.910,0.965,0.757,0.684,-19.9,3.4,4.5
2018,IESC,CIC,Indu,0.213,0.441,0.174,0.026,-8.3,-1.2,4.2
2018,IIIN,CIC,Indu,0.741,0.314,0.238,0.138,-7.5,-22.6,-1.7
2018,IMAX,NOC,Comm,0.791,0.739,0.671,0.467,-25.4,-10.6,2.7
2018,INDB,NOC,Fina,0.316,0.277,0.805,0.575,10.1,18.4,3.6
2018,INN,NOC,Real,0.303,0.346,0.630,0.438,-14.1,-16.0,4.2
2018,IOSP,CIC,Basi,0.691,0.855,0.849,0.506,-4.3,10.3,7.9
2018,IRS,NOC,Real,0.847,0.911,0.775,0.427,9.0,-51.3,4.4
2018,IRT,NOC,Real,0.066,0.850,0.686,0.185,-8.0,24.4,5.0
2018,IRTC,NOC,Heal,0.673,0.610,0.296,0.422,65.8,39.4,4.7
2018,IRWD,NOC,Heal,1.000,0.923,0.615,0.644,-9.5,-14.8,2.6
2018,ITIC,NOC,Fina,0.475,0.715,0.440,0.029,47.9,-10.1,4.3
2018,ITRI,NOC,Tech,0.245,0.258,0.420,0.736,8.2,-13.5,3.2
2018,JBTM,CIC,Indu,0.122,0.206,0.588,0.841,22.9,-15.0,11.4
2018,JOE,NOC,Real,0.771,0.709,0.190,0.361,6.1,-9.2,4.8
2018,KAI,CIC,Indu,0.414,0.704,0.852,0.353,57.9,-10.4,2.7
2018,KBH,CIC,Cons,0.266,0.243,0.556,0.836,106.9,-38.5,-1.0
2018,KDP,NOC,Cons,0.021,0.006,0.541,0.826,23.5,45.6,9.2
2018,KEX,CIC,Indu,0.560,0.802,0.834,0.958,16.2,-4.7,-2.1
2018,KFRC,CIC,Indu,0.116,0.027,0.243,0.153,13.1,38.2,7.1
2018,KFY,CIC,Indu,0.126,0.667,0.565,0.670,40.5,8.3,3.1
2018,KLIC,NOC,Tech,0.227,0.549,0.853,0.496,19.7,-6.3,-2.1
2018,KNSL,NOC,Fina,0.907,0.763,0.779,0.345,66.3,23.5,1.3
2018,KOS,CIC,Ener,0.886,0.992,0.369,0.654,1.3,-4.8,1.4
2018,KRG,NOC,Real,0.045,0.040,0.457,0.419,-31.2,2.6,2.4
2018,KRNT,CIC,Indu,0.607,0.589,0.079,0.071,-21.1,58.3,8.2
2018,KRNY,NOC,Fina,0.274,0.657,0.409,0.320,-5.9,-2.9,-4.3
2018,KRO,CIC,Basi,0.897,0.597,0.857,0.739,71.2,-38.7,-1.0
2018,KTOS,CIC,Indu,0.700,0.407,0.169,0.383,37.6,42.7,5.3
2018,KWR,CIC,Basi,0.242,0.172,0.396,0.560,8.2,47.3,5.4
2018,LAD,CIC,Cons,0.005,0.122,0.462,0.754,7.0,-22.6,3.7
2018,LCII,CIC,Cons,0.398,0.288,0.744,0.749,-2.2,-29.1,7.1
2018,LFUS,NOC,Tech,0.443,0.422,0.499,0.998,34.2,-15.2,-4.1
2018,LGIH,CIC,Cons,0.153,0.741,0.918,0.485,92.0,-2.4,2.9
2018,LILA,NOC,Comm,0.903,0.986,0.024,0.699,-10.6,-19.2,4.5
2018,LIND,CIC,Cons,0.807,0.300,0.213,0.043,1.7,47.7,5.4
2018,LITE,NOC,Tech,0.754,0.665,0.895,0.824,28.5,-3.9,4.1
2018,LIVN,NOC,Heal,0.749,0.997,0.090,0.950,77.8,8.4,4.1
2018,LNN,CIC,Indu,0.403,0.353,0.242,0.290,4.1,2.9,13.9
2018,LNTH,NOC,Heal,0.515,0.176,0.432,0.208,113.9,-7.3,0.8
2018,LOB,NOC,Fina,0.681,0.414,0.982,0.351,21.6,-42.1,-2.8
2018,LOPE,NOC,Cons,0.824,0.050,0.747,0.960,59.8,5.4,4.6
2018,LPX,CIC,Basi,0.805,0.269,0.813,0.952,45.0,-20.3,5.2
2018,LRN,NOC,Cons,0.320,0.164,0.171,0.171,-0.8,53.2,-2.9
2018,LSCC,NOC,Tech,0.552,0.512,0.047,0.195,-15.9,34.5,7.0
2018,LXP,NOC,Real,0.736,0.319,0.718,0.567,-25.7,17.7,3.7
2018,LZB,CIC,Cons,0.056,0.126,0.308,0.424,-1.9,8.7,4.2
2018,MAIN,NOC,Fina,0.778,0.936,0.968,0.601,-4.6,9.5,5.5
2018,MATV,CIC,Basi,0.308,0.364,0.570,0.388,-6.8,-16.0,3.6
2018,MATX,CIC,Indu,0.498,0.261,0.148,0.451,-5.7,4.1,4.2
2018,MBWM,NOC,Fina,0.309,0.129,0.717,0.126,4.1,-7.9,-1.4
2018,MC,NOC,Fina,0.006,0.649,0.182,0.528,34.8,-10.8,5.7
2018,MCFT,CIC,Cons,0.288,0.663,0.871,0.047,51.1,5.0,10.5
2018,MCRI,CIC,Cons,0.388,0.052,0.335,0.227,84.1,-1.5,4.0
2018,MCS,NOC,Comm,0.659,0.473,0.515,0.203,-16.4,55.2,6.7
2018,MCY,NOC,Fina,0.578,0.333,0.374,0.660,-29.5,24.5,7.7
2018,MDB,NOC,Tech,0.457,0.475,0.071,0.564,18.1,177.0,6.3
2018,MEDP,NOC,Heal,0.093,0.369,0.382,0.452,7.3,79.2,2.6
2018,MEI,NOC,Tech,0.208,0.309,0.623,0.430,-15.3,-25.4,3.9
2018,MFA,NOC,Real,0.882,0.519,0.977,0.771,-8.2,-1.0,3.8
2018,MGRC,CIC,Indu,0.399,0.179,0.681,0.369,27.4,11.0,3.3
2018,MHO,CIC,Cons,0.246,0.250,0.544,0.298,31.4,-19.8,0.7
2018,MLAB,NOC,Heal,0.415,0.515,0.018,0.122,24.0,51.1,8.4
2018,MLI,CIC,Indu,0.250,0.271,0.330,0.498,-32.3,-5.2,4.0
2018,MLKN,CIC,Cons,0.177,0.150,0.359,0.636,27.6,-3.8,6.5
2018,MMI,NOC,Real,0.523,0.282,0.436,0.399,26.7,18.8,1.7
2018,MMYT,CIC,Cons,0.911,0.670,0.271,0.813,-1.8,-25.6,4.0
2018,MOD,CIC,Indu,0.184,0.795,0.797,0.357,69.9,-37.5,-1.1
2018,MOH,NOC,Heal,0.493,0.374,0.180,0.987,30.9,74.6,10.0
2018,MORN,NOC,Fina,0.454,0.301,0.620,0.929,21.2,30.1,5.3
2018,MOV,CIC,Cons,0.499,0.380,0.478,0.246,53.6,-15.0,8.5
2018,MRCY,CIC,Indu,0.259,0.686,0.585,0.646,56.0,0.0,-3.9
2018,MSBI,NOC,Fina,0.738,0.567,0.267,0.179,-2.4,-31.0,-2.6
2018,MSGS,NOC,Comm,0.894,0.720,0.641,0.705,25.8,25.9,2.7
2018,MTH,CIC,Cons,0.103,0.398,0.356,0.591,44.4,-19.4,-3.2
2018,MTRN,CIC,Basi,0.097,0.596,0.662,0.314,44.8,-8.7,2.8
2018,MTX,CIC,Basi,0.105,0.279,0.456,0.725,-6.2,-23.8,-1.1
2018,MTZ,CIC,Indu,0.536,0.625,0.481,0.936,38.9,-16.7,2.5
2018,MUSA,CIC,Cons,0.164,0.498,0.287,0.776,35.0,-5.4,-4.6
2018,MUX,CIC,Basi,0.969,0.921,0.910,0.188,-38.4,-10.7,3.9
2018,MWA,CIC,Indu,0.845,0.634,0.391,0.557,-13.7,-15.3,-0.3
2018,MXL,NOC,Tech,0.936,0.948,0.543,0.525,-4.9,-22.7,4.5
2018,MYE,CIC,Cons,0.378,0.285,0.246,0.150,52.6,-15.8,2.4
2018,MYRG,CIC,Indu,0.359,0.564,0.283,0.124,-7.0,-5.6,3.0
2018,NAVI,NOC,Fina,0.762,0.409,0.248,0.850,-17.1,-18.8,-2.1
2018,NBHC,NOC,Fina,0.799,0.335,0.435,0.267,7.1,-3.7,-3.7
2018,NBR,CIC,Ener,0.694,0.845,0.829,0.562,-56.9,-53.3,1.4
2018,NEOG,NOC,Heal,0.151,0.014,0.594,0.787,19.5,0.0,-3.6
2018,NIC,NOC,Fina,0.428,0.847,0.865,0.116,12.6,4.0,1.5
2018,NMFC,NOC,Fina,0.955,0.990,0.976,0.333,-13.9,11.0,4.2
2018,NMM,CIC,Indu,0.884,0.602,0.794,0.003,2.0,-51.4,2.2
2018,NNI,NOC,Fina,0.795,0.746,0.045,0.605,1.7,4.3,3.3
2018,NOAH,NOC,Fina,0.507,0.341,0.665,0.103,70.4,21.2,4.3
2018,NOMD,NOC,Cons,0.240,0.710,0.549,0.741,37.0,18.6,7.4
2018,NOVT,NOC,Tech,0.304,0.702,0.858,0.572,127.0,39.8,5.2
2018,NPK,CIC,Indu,0.857,0.804,0.897,0.169,1.7,12.1,3.6
2018,NPO,CIC,Indu,0.148,0.478,0.638,0.548,19.9,-17.7,5.4
2018,NRP,CIC,Ener,0.709,0.643,0.886,0.034,-21.5,31.9,6.9
2018,NTCT,NOC,Tech,0.651,0.961,0.156,0.681,-15.0,-8.4,-4.0
2018,NTRA,NOC,Heal,0.868,0.614,0.010,0.089,-3.2,73.7,3.0
2018,NVGS,CIC,Indu,0.858,0.245,0.346,0.147,2.7,-2.7,6.4
2018,NVMI,NOC,Tech,0.958,0.758,0.652,0.193,60.7,-3.9,6.3
2018,NX,CIC,Basi,0.401,0.784,0.106,0.140,-5.7,-1.4,3.7
2018,NXRT,NOC,Real,0.256,0.395,0.329,0.087,7.9,57.6,11.2
2018,NXST,NOC,Comm,0.667,0.931,0.969,0.842,6.7,23.5,3.7
2018,OCFC,NOC,Fina,0.155,0.791,0.739,0.253,-7.5,-6.3,5.3
2018,OFG,NOC,Fina,0.902,0.467,0.327,0.135,-2.1,66.9,-0.3
2018,OII,CIC,Ener,0.633,0.399,0.097,0.559,-28.2,-19.7,2.9
2018,OIS,CIC,Ener,0.329,0.680,0.138,0.436,-29.4,-39.2,2.9
2018,OKTA,NOC,Tech,0.643,0.754,0.808,0.907,66.5,104.3,5.5
2018,OMAB,CIC,Indu,0.913,0.560,0.873,0.586,-15.0,6.6,2.4
2018,OMCL,NOC,Heal,0.417,0.747,0.477,0.570,28.3,33.2,2.0
2018,OMF,NOC,Fina,0.602,0.977,0.940,0.953,32.4,-7.0,3.3
2018,ONB,NOC,Fina,0.285,0.370,0.354,0.717,2.3,-7.7,-2.4
2018,ONTO,NOC,Tech,0.142,0.056,0.593,0.201,-6.9,31.3,5.6
2018,OPCH,NOC,Heal,0.665,0.240,0.048,0.013,41.3,34.2,5.2
2018,OPI,NOC,Real,0.016,0.691,0.866,0.449,-26.7,-49.5,0.9
2018,OPK,NOC,Heal,0.844,0.924,0.003,0.544,-62.0,-11.0,4.7
2018,OPY,NOC,Fina,0.512,0.424,0.702,0.035,65.7,-4.7,0.1
2018,OSBC,NOC,Fina,0.324,0.419,0.720,0.056,30.8,-4.0,2.9
2018,OSIS,NOC,Tech,0.406,0.499,0.444,0.386,-9.5,10.7,-4.0
2018,OSPN,NOC,Tech,0.568,0.620,0.351,0.110,-11.8,17.0,4.9
2018,OUT,NOC,Real,0.456,0.035,0.399,0.779,-19.9,0.0,3.0
2018,OXM,CIC,Cons,0.543,0.209,0.403,0.390,41.2,1.2,11.7
2018,P,CIC,Indu,0.043,0.744,0.741,0.984,92.2,-6.1,4.9
2018,PAAS,CIC,Basi,0.874,0.705,0.847,0.665,-18.8,-4.3,3.9
2018,PAGP,CIC,Ener,0.626,0.815,0.609,0.792,-38.2,11.8,4.8
2018,PAHC,NOC,Heal,0.042,0.053,0.411,0.396,15.0,1.6,7.7
2018,PATK,CIC,Cons,0.053,0.322,0.826,0.359,26.0,-37.4,1.9
2018,PBH,NOC,Heal,0.301,0.303,0.836,0.581,-33.3,-24.6,1.1
2018,PCRX,NOC,Heal,0.945,0.221,0.412,0.395,-36.8,29.8,4.8
2018,PCTY,NOC,Tech,0.628,0.454,0.525,0.688,53.5,69.7,17.4
2018,PDM,NOC,Real,0.176,0.274,0.056,0.712,-15.3,7.6,5.9
2018,PEB,NOC,Real,0.655,0.396,0.135,0.667,22.9,-2.5,4.6
2018,PEN,NOC,Heal,0.404,0.543,0.651,0.887,35.8,42.9,4.3
2018,PENN,CIC,Cons,0.085,0.124,0.251,0.673,89.2,-4.7,9.6
2018,PFGC,NOC,Cons,0.002,0.069,0.205,0.815,38.2,13.7,7.2
2018,PFIS,NOC,Fina,0.064,0.045,0.683,0.021,14.2,-1.3,2.8
2018,PFS,NOC,Fina,0.060,0.224,0.837,0.522,-1.1,-6.5,-1.5
2018,PFSI,NOC,Fina,0.997,0.770,0.725,0.517,25.3,-1.5,9.9
2018,PGEN,NOC,Heal,0.747,0.760,0.628,0.477,-40.8,-35.8,3.4
2018,PJT,NOC,Fina,0.750,0.837,0.528,0.258,43.4,-8.0,5.6
2018,PKE,CIC,Indu,0.531,0.433,0.140,0.042,14.9,-9.3,-3.2
2018,PLNT,CIC,Cons,0.696,0.214,0.763,0.755,50.1,73.0,8.7
2018,PLUS,NOC,Tech,0.118,0.253,0.227,0.325,37.1,4.6,6.6
2018,PLXS,NOC,Tech,0.061,0.138,0.258,0.614,20.5,-16.6,-1.8
2018,PODD,NOC,Heal,0.449,0.415,0.525,0.965,68.4,12.7,5.3
2018,POST,NOC,Cons,0.517,0.372,0.535,0.911,-7.5,18.7,-1.6
2018,POWI,NOC,Tech,0.087,0.237,0.428,0.638,4.6,-7.9,1.4
2018,POWL,CIC,Indu,0.720,0.316,0.035,0.019,-21.6,-3.7,4.1
2018,PPLI,NOC,Comm,0.572,0.366,0.554,0.649,101.4,43.1,7.2
2018,PRDO,NOC,Cons,0.831,0.485,0.121,0.222,27.7,16.5,5.1
2018,PRIM,CIC,Indu,0.311,0.631,0.127,0.382,-4.1,-7.9,1.7
2018,PRKS,CIC,Cons,0.977,0.382,0.337,0.374,-23.5,84.4,24.8
2018,PRMB,NOC,Cons,0.890,0.821,0.026,0.502,-13.3,31.4,17.7
2018,PSEC,NOC,Fina,0.992,0.890,0.919,0.630,-29.0,11.4,7.0
2018,QCRH,NOC,Fina,0.440,0.575,0.610,0.145,3.9,-22.5,3.8
2018,QDEL,NOC,Heal,0.812,0.905,0.963,0.491,136.4,30.9,4.7
2018,QNST,NOC,Comm,0.601,0.472,0.649,0.068,189.8,101.8,1.3
2018,QUAD,CIC,Indu,0.599,0.031,0.153,0.441,3.6,-47.8,2.2
2018,RBA,CIC,Indu,0.984,0.580,0.773,0.871,-3.8,12.0,2.1
2018,RBC,CIC,Indu,0.230,0.546,0.633,0.546,-0.9,5.0,4.5
2018,RDNT,NOC,Heal,0.483,0.182,0.285,0.093,101.8,26.4,5.1
2018,RES,CIC,Ener,0.926,0.987,0.953,0.990,-0.4,-49.0,-2.0
2018,REX,CIC,Basi,0.770,0.351,0.066,0.095,-3.1,1.1,9.5
2018,RGEN,NOC,Heal,0.688,0.622,0.884,0.475,8.2,68.7,7.3
2018,RGR,CIC,Indu,0.604,0.781,0.053,0.233,-6.0,24.8,5.4
2018,RHP,NOC,Real,0.469,0.108,0.398,0.882,11.3,17.4,3.6
2018,RIG,CIC,Ener,0.746,0.539,0.027,0.908,-36.5,-1.8,3.8
2018,RLJ,NOC,Real,0.565,0.778,0.916,0.845,-13.6,-7.5,2.8
2018,RMBS,NOC,Tech,0.742,0.488,0.422,0.481,1.6,-37.3,-1.9
2018,RMR,NOC,Real,0.961,0.881,0.992,0.259,22.5,19.2,11.9
2018,RNST,NOC,Fina,0.169,0.623,0.816,0.596,1.1,-9.0,3.4
2018,ROG,NOC,Tech,0.262,0.520,0.586,0.770,80.2,-13.4,2.0
2018,RPD,NOC,Tech,0.391,0.359,0.177,0.304,84.3,74.6,11.9
2018,RRX,CIC,Indu,0.243,0.298,0.366,0.807,-1.8,7.1,6.0
2018,RUN,NOC,Tech,0.712,0.834,0.058,0.217,41.8,109.8,6.1
2018,RUSHA,CIC,Cons,0.027,0.594,0.454,0.415,50.2,-22.4,3.7
2018,RYAM,CIC,Basi,0.739,0.717,0.804,0.375,22.4,-28.8,2.3
2018,RYN,NOC,Real,0.900,0.916,0.713,0.923,9.5,-2.4,6.2
2018,SAH,CIC,Cons,0.032,0.029,0.201,0.250,-22.7,-24.6,1.8
2018,SAM,NOC,Cons,0.544,0.225,0.137,0.641,15.8,39.2,6.0
2018,SANM,NOC,Tech,0.076,0.092,0.145,0.578,-24.3,-3.1,-2.9
2018,SBCF,NOC,Fina,0.295,0.411,0.932,0.378,11.2,8.1,-4.1
2018,SBGI,NOC,Comm,0.549,0.544,0.704,0.839,-12.3,-2.9,3.6
2018,SBLK,CIC,Indu,0.971,0.813,0.950,0.214,30.2,-37.6,0.1
2018,SBSI,NOC,Fina,0.559,0.501,0.754,0.335,-0.2,-3.3,3.4
2018,SD,CIC,Ener,0.887,0.757,0.039,0.106,-21.8,-49.4,2.8
2018,SE,CIC,Cons,0.934,0.583,0.002,0.866,-24.6,29.7,3.9
2018,SEDG,CIC,Ener,0.407,0.794,0.924,0.531,155.4,17.4,6.5
2018,SENEA,NOC,Cons,0.609,0.605,0.143,0.000,-23.6,-7.7,-0.1
2018,SFM,NOC,Cons,0.841,0.079,0.414,0.837,33.4,-5.4,4.1
2018,SFNC,NOC,Fina,0.539,0.762,0.931,0.702,0.3,-11.0,-1.5
2018,SGRY,NOC,Heal,0.386,0.599,0.876,0.190,-28.6,-16.4,5.3
2018,SHAK,CIC,Cons,0.269,0.216,0.675,0.346,14.1,28.3,5.3
2018,SHEN,NOC,Comm,0.459,0.874,0.225,0.519,20.5,35.1,1.6
2018,SHO,NOC,Real,0.554,0.068,0.277,0.857,3.9,-10.1,5.1
2018,SHOO,CIC,Cons,0.214,0.238,0.364,0.692,18.0,11.6,3.5
2018,SIG,CIC,Cons,0.768,0.137,0.332,0.697,-45.4,-27.7,4.4
2018,SIMO,NOC,Tech,0.382,0.849,0.166,0.538,12.7,-22.0,0.4
2018,SKT,NOC,Real,0.251,0.081,0.655,0.625,-31.5,-4.9,6.2
2018,SLAB,NOC,Tech,0.217,0.161,0.488,0.924,38.9,-6.9,-4.5
2018,SLRC,NOC,Fina,0.705,0.968,0.890,0.238,-7.8,2.0,4.4
2018,SMCI,NOC,Tech,0.221,0.647,0.688,0.216,-32.5,28.7,17.3
2018,SMP,CIC,Cons,0.182,0.283,0.269,0.370,2.9,0.9,3.4
2018,SMTC,NOC,Tech,0.372,0.266,0.290,0.643,1.7,56.5,3.6
2018,SNDA,NOC,Heal,0.209,0.058,0.209,0.010,-33.0,-50.8,1.5
2018,SNX,NOC,Tech,0.026,0.457,0.696,0.731,15.2,-39.4,-0.7
2018,SPB,NOC,Cons,0.452,0.734,0.259,0.820,-5.8,-43.1,4.8
2018,SPH,NOC,Util,0.684,0.652,0.625,0.457,-20.7,-6.1,9.4
2018,SPNT,NOC,Fina,0.821,0.957,0.723,0.446,14.4,-19.4,3.0
2018,SR,NOC,Util,0.862,0.733,0.617,0.784,-0.4,24.6,2.2
2018,SRCE,NOC,Fina,0.351,0.377,0.820,0.407,19.0,-14.7,-1.9
2018,SSD,CIC,Basi,0.348,0.095,0.546,0.718,29.1,8.5,6.1
2018,SSRM,CIC,Basi,0.889,0.871,0.155,0.295,-23.6,67.0,7.2
2018,SSYS,NOC,Tech,0.167,0.064,0.111,0.282,0.3,46.3,5.4
2018,STAA,NOC,Heal,0.433,0.171,0.200,0.156,54.3,133.7,6.8
2018,STAG,NOC,Real,0.121,0.148,0.729,0.631,-2.5,20.8,3.7
2018,STN,CIC,Indu,0.647,0.816,0.222,0.768,-3.4,-3.9,4.9
2018,STNG,CIC,Indu,0.966,0.805,0.676,0.172,-39.4,-25.7,3.6
2018,STRA,NOC,Cons,0.322,0.048,0.224,0.288,13.9,50.0,7.5
2018,STRL,CIC,Indu,0.327,0.628,0.824,0.014,30.3,19.6,4.5
2018,SUN,CIC,Ener,0.834,0.960,0.172,0.783,8.0,0.9,4.4
2018,SUPV,NOC,Fina,0.881,0.947,0.995,0.773,110.2,-76.6,1.1
2018,SWBI,CIC,Indu,0.784,0.882,0.032,0.037,-51.5,18.8,6.2
2018,SXC,CIC,Basi,0.620,0.464,0.448,0.184,12.1,-1.5,0.1
2018,SXI,CIC,Indu,0.090,0.456,0.580,0.393,2.7,-22.9,-3.4
2018,SYNA,NOC,Tech,0.612,0.688,0.063,0.425,-29.5,1.5,6.1
2018,TAC,NOC,Util,0.818,0.401,0.116,0.494,0.0,5.7,5.6
2018,TAL,NOC,Cons,0.337,0.548,0.899,0.612,150.1,-7.0,-3.6
2018,TBBK,NOC,Fina,0.734,0.958,0.986,0.143,107.8,-19.6,2.6
2018,TDAY,NOC,Comm,0.370,0.330,0.548,0.262,14.9,-20.9,3.0
2018,TDOC,NOC,Heal,0.605,0.750,0.894,0.620,66.1,80.7,5.6
2018,TEN,CIC,Ener,0.140,0.039,0.366,0.271,-24.1,-17.0,2.0
2018,TEX,CIC,Indu,0.441,0.668,0.296,0.881,33.7,-17.9,6.3
2018,TFII,CIC,Indu,0.412,0.749,0.510,0.615,-10.7,29.5,6.3
2018,TFSL,NOC,Fina,0.473,0.002,0.596,0.918,-19.1,15.1,-5.1
2018,TGLS,CIC,Basi,0.644,0.538,0.233,0.006,-16.2,-7.7,1.0
2018,THC,NOC,Heal,0.237,0.262,0.274,0.565,-15.9,26.7,1.8
2018,THRM,CIC,Cons,0.338,0.145,0.361,0.380,-13.4,28.6,5.2
2018,TK,CIC,Ener,0.755,0.607,0.043,0.167,-19.3,-49.7,4.2
2018,TKR,CIC,Indu,0.485,0.462,0.576,0.878,3.8,-5.4,5.7
2018,TNET,CIC,Indu,0.420,0.158,0.240,0.778,54.9,17.1,1.9
2018,TOWN,NOC,Fina,0.196,0.659,0.657,0.622,-5.7,-15.7,-3.2
2018,TPB,NOC,Cons,0.597,0.675,0.807,0.053,56.1,85.1,4.8
2018,TPC,CIC,Indu,0.127,0.143,0.132,0.349,-20.4,-19.1,2.5
2018,TREX,CIC,Indu,0.797,0.403,0.792,0.821,57.1,39.0,5.0
2018,TRMK,NOC,Fina,0.395,0.184,0.684,0.639,0.6,-9.7,-4.2
2018,TRN,CIC,Indu,0.079,0.217,0.108,0.902,24.7,1.0,4.4
2018,TROX,CIC,Basi,0.802,0.617,0.101,0.676,4.6,-43.2,3.0
2018,TRST,NOC,Fina,0.095,0.008,0.767,0.248,10.8,-15.8,-1.5
2018,TSEM,NOC,Tech,0.277,0.443,0.427,0.805,33.7,-46.4,2.2
2018,TSLX,NOC,Fina,0.638,0.974,0.855,0.364,-7.0,13.5,4.9
2018,TTD,NOC,Tech,0.461,0.630,0.882,0.610,44.9,210.1,13.4
2018,TTEK,CIC,Indu,0.077,0.349,0.424,0.752,16.8,-2.2,-4.7
2018,TTI,CIC,Ener,0.842,0.828,0.498,0.048,-19.0,-39.1,2.2
2018,TTMI,NOC,Tech,0.341,0.789,0.316,0.597,-0.6,-24.6,4.8
2018,TWLO,NOC,Tech,0.490,0.506,0.480,0.675,-14.6,337.8,22.6
2018,UBSI,NOC,Fina,0.113,0.689,0.921,0.899,-17.9,-4.8,-3.3
2018,UCB,NOC,Fina,0.238,0.312,0.768,0.655,7.0,-8.9,3.4
2018,UCTT,NOC,Tech,0.444,0.858,0.812,0.174,58.7,-35.6,2.8
2018,UE,NOC,Real,0.948,0.626,0.786,0.663,-22.6,-3.5,4.6
2018,UFPI,CIC,Basi,0.063,0.420,0.351,0.633,3.9,-10.3,3.9
2018,ULH,CIC,Indu,0.813,0.417,0.485,0.142,61.8,7.1,4.6
2018,UMBF,NOC,Fina,0.528,0.098,0.557,0.884,-2.2,-7.7,-3.6
2018,UNFI,NOC,Cons,0.013,0.090,0.275,0.628,0.3,-65.4,0.9
2018,UPBD,NOC,Tech,0.271,0.071,0.055,0.081,11.9,103.6,9.0
2018,URBN,CIC,Cons,0.491,0.034,0.308,0.921,45.5,-18.3,2.8
2018,USAC,CIC,Ener,0.533,0.393,0.348,0.354,-2.6,-16.4,6.4
2018,USLM,CIC,Basi,0.451,0.188,0.383,0.052,1.0,-7.5,-1.7
2018,UVE,NOC,Fina,0.873,0.662,0.712,0.308,9.9,34.8,6.4
2018,VAC,CIC,Cons,0.625,0.480,0.103,0.890,42.4,-29.6,2.2
2018,VECO,NOC,Tech,0.583,0.900,0.749,0.180,-44.0,-28.0,4.1
2018,VEON,NOC,Comm,0.072,0.427,0.196,0.892,-35.8,-9.1,0.7
2018,VET,CIC,Ener,0.931,0.731,0.752,0.903,-19.2,-18.9,4.3
2018,VIAV,NOC,Tech,0.267,0.646,0.147,0.576,-3.1,27.3,1.2
2018,VIRT,NOC,Fina,0.800,0.928,0.974,0.652,44.0,-2.9,9.7
2018,VLY,NOC,Fina,0.254,0.446,0.536,0.816,4.8,-16.4,-1.4
2018,VMI,CIC,Indu,0.261,0.345,0.325,0.855,8.9,-12.0,3.8
2018,VNET,NOC,Tech,0.496,0.140,0.074,0.274,17.4,3.1,0.2
2018,VNOM,CIC,Ener,0.960,0.944,0.989,0.728,31.9,34.6,5.7
2018,VRTS,NOC,Fina,0.623,0.831,0.915,0.280,3.4,-30.8,1.5
2018,VSAT,NOC,Tech,0.282,0.180,0.084,0.934,6.1,-7.1,9.3
2018,VSEC,CIC,Indu,0.464,0.660,0.098,0.090,14.8,-23.8,4.0
2018,VSH,NOC,Tech,0.332,0.287,0.573,0.747,23.1,0.9,4.3
2018,VVX,CIC,Indu,0.019,0.404,0.188,0.002,10.5,2.9,5.4
2018,WCC,CIC,Indu,0.008,0.187,0.338,0.795,-9.8,-18.8,-1.1
2018,WD,NOC,Fina,0.614,0.768,0.787,0.470,26.6,2.8,6.5
2018,WEN,CIC,Cons,0.833,0.390,0.452,0.919,18.5,8.9,4.7
2018,WGO,CIC,Cons,0.361,0.857,0.636,0.406,41.5,-30.4,4.5
2018,WING,CIC,Cons,0.918,0.135,0.778,0.420,75.5,41.5,7.3
2018,WIX,NOC,Tech,0.195,0.153,0.643,0.823,16.6,75.4,9.8
2018,WLFC,CIC,Indu,0.726,0.697,0.372,0.105,12.1,30.0,3.0
2018,WLYB,NOC,Comm,0.098,0.103,0.449,0.879,19.1,-26.7,5.9
2018,WMS,CIC,Indu,0.593,0.786,0.375,0.412,-1.4,7.9,10.8
2018,WNC,CIC,Indu,0.436,0.461,0.502,0.443,33.7,-37.0,-2.2
2018,WOR,CIC,Indu,0.422,0.493,0.506,0.501,-15.2,-13.3,9.2
2018,WSBC,NOC,Fina,0.137,0.361,0.704,0.556,-0.5,-5.5,-2.5
2018,WSC,CIC,Indu,0.510,0.998,0.998,0.329,37.5,-23.2,2.4
2018,WSFS,NOC,Fina,0.557,0.293,0.622,0.465,4.3,-8.5,4.8
2018,WT,NOC,Fina,0.919,0.742,0.591,0.448,20.1,-37.7,1.3
2018,WTFC,NOC,Fina,0.092,0.110,0.795,1.000,26.6,-14.9,-1.5
2018,WTI,CIC,Ener,0.994,0.839,0.678,0.101,48.5,26.0,4.7
2018,WWW,CIC,Cons,0.203,0.308,0.027,0.757,16.9,33.9,5.8
2018,XHR,NOC,Real,0.580,0.383,0.551,0.588,8.7,2.1,3.1
2018,XPO,CIC,Indu,0.915,0.963,0.377,0.931,86.1,-33.7,4.2
2018,YELP,NOC,Comm,0.071,0.275,0.928,0.913,8.3,-13.5,5.4
2018,ZWS,CIC,Indu,0.409,0.100,0.496,0.509,28.0,-11.6,-4.3
2019,AAON,CIC,Indu,0.772,0.240,0.523,0.621,7.5,27.8,25.3
2019,AAT,NOC,Real,0.331,0.095,0.604,0.748,32.1,5.9,27.9
2019,ABCB,NOC,Fina,0.657,0.518,0.905,0.515,-33.4,-11.5,18.2
2019,ABG,CIC,Cons,0.012,0.144,0.328,0.446,8.7,31.0,29.0
2019,ABR,NOC,Real,0.565,0.384,0.927,0.388,44.5,22.7,32.5
2019,ACAD,NOC,Heal,0.677,0.985,0.017,0.792,-24.4,72.6,33.4
2019,ACHC,NOC,Heal,0.109,0.192,0.394,0.657,-27.4,19.7,23.9
2019,ACLS,NOC,Tech,0.619,0.826,0.187,0.196,-8.3,13.3,28.4
2019,ADEA,NOC,Tech,0.950,0.890,0.967,0.000,10.8,-34.3,17.5
2019,ADTN,NOC,Tech,0.749,0.710,0.278,0.127,-37.1,-21.9,22.4
2019,AEIS,NOC,Tech,0.403,0.702,0.145,0.594,-27.3,46.3,40.6
2019,AGCO,CIC,Indu,0.047,0.307,0.292,1.000,-5.7,15.3,28.9
2019,AGM,NOC,Fina,0.789,0.311,0.808,0.205,-20.7,-0.4,22.4
2019,AGO,NOC,Fina,0.935,0.953,0.550,0.947,12.3,3.2,20.6
2019,AGRO,NOC,Cons,0.890,0.751,0.083,0.888,-19.6,-24.4,7.2
2019,AGX,CIC,Indu,0.817,0.941,0.029,0.207,17.9,-27.0,6.3
2019,ALGT,CIC,Indu,0.666,0.092,0.547,0.591,-21.0,35.8,34.2
2019,ALNT,CIC,Indu,0.097,0.547,0.435,0.125,30.5,-18.8,10.8
2019,ALX,NOC,Real,0.560,0.002,0.755,0.556,2.1,-12.5,24.7
2019,AMBA,NOC,Tech,0.332,0.609,0.027,0.400,-11.2,47.7,28.6
2019,AMC,NOC,Comm,0.986,0.810,0.270,0.816,-4.9,-57.7,8.5
2019,AMN,NOC,Heal,0.021,0.071,0.366,0.798,20.0,10.2,29.7
2019,AMRC,CIC,Indu,0.227,0.423,0.344,0.222,76.9,28.7,20.2
2019,AMRX,NOC,Heal,0.778,0.958,0.911,0.512,-31.1,-64.8,6.9
2019,ANDE,NOC,Cons,0.683,0.343,0.068,0.290,11.2,-31.4,18.0
2019,ANGO,NOC,Heal,0.710,0.091,0.201,0.218,37.0,-21.5,21.6
2019,ANIP,NOC,Heal,0.814,0.739,0.748,0.201,7.1,-8.3,18.2
2019,AORT,NOC,Heal,0.375,0.666,0.665,0.267,29.9,15.9,31.2
2019,APAM,NOC,Fina,0.446,0.328,0.556,0.363,-37.2,42.0,33.7
2019,APEI,NOC,Cons,0.296,0.089,0.369,0.100,29.1,-34.0,6.1
2019,APLE,NOC,Real,0.440,0.494,0.446,0.878,-7.5,-9.0,22.4
2019,APPN,NOC,Tech,0.441,0.550,0.139,0.684,26.6,60.2,44.2
2019,AR,CIC,Ener,0.799,0.855,0.832,0.754,-47.9,-81.3,4.9
2019,ARCB,CIC,Indu,0.290,0.039,0.378,0.322,15.5,-38.7,15.5
2019,ARCO,CIC,Cons,0.328,0.535,0.092,0.443,-28.8,-40.9,1.4
2019,ARES,NOC,Fina,0.973,0.923,0.063,0.650,-8.4,81.4,48.8
2019,ARI,NOC,Real,0.585,0.896,0.971,0.681,2.2,0.4,27.1
2019,ARLO,NOC,Tech,0.829,0.764,0.062,0.106,-65.7,-55.0,11.6
2019,ARLP,CIC,Ener,0.573,0.574,0.594,0.689,-8.0,-48.8,13.7
2019,AROC,CIC,Ener,0.319,0.414,0.820,0.394,10.5,-15.6,22.5
2019,ATEN,NOC,Tech,0.115,0.464,0.151,0.092,2.3,2.1,28.1
2019,ATI,CIC,Indu,0.289,0.024,0.506,0.875,-14.0,-33.2,18.2
2019,ATRO,CIC,Indu,0.408,0.656,0.597,0.282,-4.0,-35.9,13.0
2019,AUB,NOC,Fina,0.544,0.823,0.918,0.615,-16.7,13.2,31.1
2019,AVAV,CIC,Indu,0.927,0.813,0.610,0.547,51.9,-29.2,13.7
2019,AVNT,CIC,Basi,0.159,0.215,0.307,0.705,-25.2,3.7,26.9
2019,AX,NOC,Fina,0.728,0.266,0.773,0.536,-14.3,-1.8,26.6
2019,AXON,CIC,Indu,0.692,0.396,0.529,0.853,121.0,33.5,26.4
2019,AZTA,NOC,Heal,0.195,0.551,0.174,0.645,9.9,26.6,31.7
2019,AZZ,CIC,Indu,0.341,0.647,0.698,0.349,-9.3,3.8,27.5
2019,BALY,CIC,Cons,0.144,0.221,0.718,0.358,3.4,-14.1,17.7
2019,BANC,NOC,Fina,0.912,0.763,0.588,0.612,-17.3,-12.4,13.4
2019,BAND,NOC,Tech,0.488,0.441,0.427,0.240,101.5,56.6,43.6
2019,BBSI,CIC,Indu,0.828,0.154,0.222,0.110,2.0,7.9,23.3
2019,BC,CIC,Cons,0.308,0.199,0.479,0.944,-16.4,25.1,30.3
2019,BCC,CIC,Basi,0.198,0.355,0.095,0.329,-33.1,45.4,35.7
2019,BCPC,CIC,Basi,0.074,0.201,0.474,0.763,18.1,26.3,33.1
2019,BDC,NOC,Tech,0.128,0.116,0.476,0.698,-15.3,-21.8,17.6
2019,BDN,NOC,Real,0.343,0.062,0.544,0.733,-15.0,5.8,26.7
2019,BELFB,NOC,Tech,0.298,0.366,0.560,0.006,38.8,-35.7,17.7
2019,BEP,NOC,Util,0.591,0.243,0.724,0.770,-2.5,67.4,40.4
2019,BHF,NOC,Fina,0.965,0.964,0.989,0.923,-38.7,18.2,31.4
2019,BJRI,CIC,Cons,0.310,0.076,0.346,0.346,34.3,-17.1,22.9
2019,BKD,NOC,Heal,0.378,0.015,0.086,0.477,13.1,-14.7,23.1
2019,BKH,NOC,Util,0.429,0.369,0.668,0.903,23.7,23.7,32.5
2019,BL,NOC,Tech,0.187,0.356,0.317,0.724,42.1,28.8,34.7
2019,BLBD,CIC,Cons,0.180,0.891,0.136,0.094,-9.5,6.5,28.2
2019,BLFS,NOC,Heal,0.721,0.805,0.943,0.048,195.3,-25.4,10.0
2019,BLX,NOC,Fina,0.711,0.849,0.631,0.243,-17.3,-11.2,17.8
2019,BOOT,CIC,Cons,0.281,0.171,0.559,0.163,33.9,78.7,41.3
2019,BOX,NOC,Tech,0.196,0.113,0.252,0.850,3.4,-39.6,11.7
2019,BRSP,NOC,Real,0.997,0.998,0.995,0.630,-5.8,-26.7,14.7
2019,BSM,CIC,Ener,0.909,0.977,0.997,0.909,0.1,-44.4,13.7
2019,BTU,CIC,Ener,0.234,0.517,0.171,0.867,-20.5,-76.9,5.8
2019,BUSE,NOC,Fina,0.631,0.715,0.536,0.390,-17.0,3.4,26.8
2019,BXMT,NOC,Real,0.190,0.731,0.869,0.934,14.7,12.6,29.7
2019,BY,NOC,Fina,0.447,0.773,0.935,0.144,-23.0,18.2,32.0
2019,BYD,CIC,Cons,0.023,0.432,0.781,0.813,-24.8,20.5,33.2
2019,BZH,CIC,Cons,0.036,0.050,0.293,0.054,-25.8,27.4,30.0
2019,CAAP,CIC,Indu,0.588,0.488,0.314,0.364,-36.3,-77.5,-0.2
2019,CAC,NOC,Fina,0.498,0.133,0.733,0.136,-7.0,15.1,29.8
2019,CACI,NOC,Tech,0.215,0.088,0.429,0.912,13.0,69.6,42.7
2019,CAKE,CIC,Cons,0.094,0.068,0.242,0.610,0.3,-13.4,23.1
2019,CALM,NOC,Cons,0.903,0.831,0.243,0.609,6.8,-2.6,26.4
2019,CALX,NOC,Tech,0.834,0.556,0.065,0.119,64.8,-18.8,17.5
2019,CAMT,NOC,Tech,0.175,0.752,0.801,0.015,31.1,33.6,37.2
2019,CAPL,CIC,Ener,0.060,0.458,0.190,0.124,-28.9,11.1,24.0
2019,CAR,CIC,Indu,0.805,0.112,0.282,0.654,-24.5,40.5,37.4
2019,CARE,NOC,Fina,0.988,0.397,0.313,0.042,-8.7,29.6,32.6
2019,CARG,CIC,Cons,0.000,0.568,0.778,0.989,32.2,-19.4,21.0
2019,CASH,NOC,Fina,0.813,0.900,0.973,0.236,-34.3,64.1,43.2
2019,CASY,CIC,Cons,0.239,0.302,0.202,0.986,16.6,31.9,21.1
2019,CATY,NOC,Fina,0.530,0.391,0.917,0.793,-12.2,-15.1,12.9
2019,CBRL,CIC,Cons,0.148,0.048,0.347,0.894,1.3,1.2,21.8
2019,CBT,CIC,Basi,0.316,0.035,0.535,0.761,-25.1,-17.1,18.7
2019,CBZ,CIC,Indu,0.795,0.041,0.248,0.325,12.2,41.3,39.3
2019,CCJ,CIC,Ener,0.887,0.557,0.518,0.994,44.7,-29.9,18.8
2019,CCNE,NOC,Fina,0.583,0.263,0.727,0.027,-7.3,26.5,34.1
2019,CCOI,NOC,Comm,0.048,0.009,0.524,0.636,13.9,52.7,31.7
2019,CCS,CIC,Cons,0.192,0.804,0.631,0.181,-18.4,33.9,35.2
2019,CDE,CIC,Basi,0.908,0.637,0.183,0.337,-29.5,13.2,30.1
2019,CDNA,NOC,Heal,0.412,0.861,0.915,0.385,416.7,-20.1,15.8
2019,CECO,CIC,Indu,0.317,0.624,0.677,0.112,15.2,-60.1,7.3
2019,CERS,NOC,Heal,0.612,0.879,0.014,0.231,31.3,-17.3,22.1
2019,CFFN,NOC,Fina,0.302,0.686,0.758,0.545,2.1,0.9,27.4
2019,CG,NOC,Fina,0.832,0.929,0.012,0.607,-20.2,74.1,43.6
2019,CGBD,NOC,Fina,0.995,0.932,0.009,0.260,-14.0,-10.8,19.2
2019,CHDN,CIC,Cons,0.923,0.692,0.607,0.902,12.2,55.7,30.2
2019,CHEF,NOC,Cons,0.017,0.036,0.393,0.328,88.5,7.0,28.1
2019,CHH,CIC,Cons,0.737,0.281,0.553,0.959,3.1,29.8,34.7
2019,CIB,NOC,Fina,0.313,0.296,0.497,0.740,2.7,20.2,33.1
2019,CIGI,NOC,Real,0.388,0.260,0.657,0.736,3.2,20.2,31.6
2019,CLDT,NOC,Real,0.563,0.137,0.492,0.273,6.6,-23.5,14.9
2019,CLF,CIC,Basi,0.888,0.828,0.734,0.860,49.9,-35.8,18.5
2019,CLH,CIC,Indu,0.320,0.080,0.482,0.885,36.3,19.5,23.2
2019,CLS,NOC,Tech,0.009,0.225,0.352,0.429,-10.0,-10.1,21.6
2019,CMC,CIC,Basi,0.452,0.701,0.251,0.559,-33.7,37.8,36.1
2019,CMCO,CIC,Indu,0.515,0.582,0.272,0.230,-4.9,-2.7,23.7
2019,CMP,CIC,Basi,0.705,0.669,0.489,0.532,-24.0,11.9,29.7
2019,CMRE,CIC,Indu,0.708,0.254,0.736,0.036,-21.9,67.2,42.9
2019,CNK,NOC,Comm,0.153,0.319,0.411,0.949,-9.4,-14.7,22.5
2019,CNOB,NOC,Fina,0.953,0.648,0.721,0.147,-29.4,24.0,33.6
2019,CNR,CIC,Ener,0.597,0.538,0.612,0.263,7.5,-72.2,7.6
2019,CNS,NOC,Fina,0.347,0.267,0.616,0.527,-15.7,78.1,48.8
2019,CNX,CIC,Ener,0.979,0.906,0.947,0.683,-11.3,-45.1,13.3
2019,CODI,CIC,Indu,0.276,0.437,0.689,0.272,-4.4,23.4,23.9
2019,COLD,NOC,Real,0.038,0.921,0.403,0.938,53.2,28.7,35.5
2019,CPA,CIC,Indu,0.808,0.290,0.059,0.908,-28.5,12.9,29.7
2019,CPAC,CIC,Basi,0.381,0.308,0.512,0.234,-15.7,-8.4,24.1
2019,CPF,NOC,Fina,0.438,0.388,0.589,0.228,-3.4,-3.4,24.3
2019,CPK,NOC,Util,0.423,0.344,0.579,0.458,36.1,4.4,20.2
2019,CPS,CIC,Cons,0.486,0.147,0.082,0.405,-36.2,-72.3,7.1
2019,CRAI,CIC,Indu,0.349,0.094,0.471,0.050,8.8,-4.7,19.1
2019,CRC,CIC,Ener,0.961,0.748,0.921,0.320,8.5,-69.0,6.0
2019,CRI,CIC,Cons,0.156,0.118,0.511,0.964,-14.5,10.7,27.3
2019,CRK,CIC,Ener,0.952,0.863,0.991,0.180,-4.1,-13.6,17.6
2019,CROX,CIC,Cons,0.650,0.169,0.192,0.529,109.8,31.9,26.4
2019,CRS,CIC,Basi,0.166,0.264,0.545,0.651,-6.2,-7.4,22.4
2019,CRTO,NOC,Comm,0.160,0.603,0.289,0.553,-8.0,-46.1,14.2
2019,CRUS,NOC,Tech,0.073,0.746,0.071,0.660,-14.4,116.8,54.6
2019,CSIQ,NOC,Tech,0.853,0.926,0.131,0.370,16.1,-19.9,-0.1
2019,CSW,CIC,Indu,0.637,0.455,0.554,0.221,28.7,42.2,32.8
2019,CSWC,NOC,Fina,0.906,0.905,0.148,0.024,37.7,-1.6,22.3
2019,CTRE,NOC,Real,0.006,0.227,0.876,0.550,54.2,3.3,28.8
2019,CUBI,NOC,Fina,0.869,0.894,0.329,0.148,-31.4,7.2,28.9
2019,CUZ,NOC,Real,0.035,0.533,0.674,0.887,5.9,15.2,28.9
2019,CVCO,CIC,Cons,0.325,0.261,0.367,0.459,8.7,35.2,31.9
2019,CVI,CIC,Ener,0.550,0.687,0.502,0.841,35.1,-22.7,20.6
2019,CVLT,NOC,Tech,0.245,0.054,0.276,0.776,15.6,-29.7,19.0
2019,CVNA,CIC,Cons,0.199,0.443,0.961,0.498,123.5,148.9,48.3
2019,CVSA,NOC,Cons,0.755,0.817,0.189,0.749,0.0,-44.5,2.9
2019,CWEN,NOC,Util,0.811,0.218,0.447,0.491,-8.6,42.4,28.5
2019,CYD,CIC,Indu,0.024,0.586,0.144,0.166,-24.4,-24.1,14.6
2019,CYRX,CIC,Indu,0.576,0.480,0.660,0.005,7.7,68.3,36.1
2019,CZR,CIC,Cons,0.746,0.915,0.891,0.866,47.7,17.1,22.7
2019,DAKT,NOC,Tech,0.353,0.370,0.074,0.026,-8.0,-32.4,13.5
2019,DAR,NOC,Cons,0.121,0.406,0.109,0.863,25.6,27.0,27.4
2019,DBRG,NOC,Fina,0.745,0.994,0.128,0.696,-12.3,-23.2,11.7
2019,DCH,CIC,Cons,0.420,0.887,0.054,0.560,10.6,-39.3,16.1
2019,DCO,CIC,Indu,0.165,0.287,0.470,0.082,50.8,-1.7,26.5
2019,DCOM,NOC,Fina,0.699,0.663,0.627,0.298,-19.1,11.2,29.3
2019,DDD,NOC,Tech,0.693,0.124,0.142,0.489,16.2,-24.9,14.7
2019,DDS,CIC,Cons,0.651,0.107,0.204,0.524,-19.8,-13.1,18.8
2019,DEA,NOC,Real,0.116,0.160,0.811,0.332,-7.5,39.1,30.3
2019,DECK,CIC,Cons,0.686,0.353,0.704,0.876,47.2,37.5,33.3
2019,DHC,NOC,Real,0.243,0.008,0.856,0.745,-21.1,-46.5,8.2
2019,DHT,CIC,Indu,0.958,0.772,0.909,0.116,17.9,41.2,35.3
2019,DIOD,NOC,Tech,0.344,0.083,0.647,0.565,41.7,30.6,34.3
2019,DK,CIC,Ener,0.514,0.952,0.225,0.755,2.4,-23.5,17.0
2019,DKL,CIC,Ener,0.459,0.358,0.566,0.184,-2.0,-3.7,21.4
2019,DKS,CIC,Cons,0.162,0.246,0.157,0.820,5.3,-0.4,9.2
2019,DLX,NOC,Comm,0.269,0.085,0.526,0.592,-39.7,10.6,31.5
2019,DMLP,CIC,Ener,0.790,0.878,0.941,0.130,15.7,-17.4,16.5
2019,DQ,CIC,Ener,0.938,0.938,0.163,0.068,-31.5,68.8,22.4
2019,DRH,NOC,Real,0.639,0.180,0.488,0.634,-1.2,-4.5,25.6
2019,DXPE,CIC,Indu,0.018,0.470,0.538,0.122,-3.2,-13.1,16.5
2019,DY,CIC,Indu,0.532,0.434,0.376,0.412,-60.3,-1.4,19.1
2019,EBF,CIC,Indu,0.216,0.242,0.586,0.089,-2.4,-13.7,11.0
2019,ECHO,NOC,Comm,0.338,0.793,0.172,0.784,-32.0,24.5,34.3
2019,ECPG,NOC,Fina,0.369,0.737,0.764,0.301,-17.9,-5.9,18.3
2019,ECVT,CIC,Basi,0.382,0.216,0.503,0.639,17.2,-9.3,25.0
2019,EDN,NOC,Util,0.835,0.949,0.992,0.279,-61.7,-78.8,3.0
2019,EFXT,CIC,Ener,0.301,0.814,0.125,0.373,23.4,-42.7,15.8
2019,EGO,CIC,Basi,0.943,0.884,0.003,0.162,-17.3,76.1,48.6
2019,ELF,NOC,Cons,0.391,0.529,0.353,0.069,-53.4,80.7,42.7
2019,EMBJ,CIC,Indu,0.934,0.956,0.950,0.852,-23.6,-67.2,1.2
2019,ENOV,NOC,Heal,0.095,0.248,0.434,0.526,-23.6,40.1,38.0
2019,ENPH,CIC,Ener,0.852,0.571,0.503,0.255,190.0,407.9,131.9
2019,ENR,CIC,Indu,0.402,0.069,0.498,0.760,-19.0,6.8,26.5
2019,ENS,CIC,Indu,0.142,0.139,0.319,0.884,33.4,-12.8,21.8
2019,ENTG,NOC,Tech,0.263,0.045,0.662,0.974,2.1,57.2,36.3
2019,ENVA,NOC,Fina,0.776,0.459,0.749,0.216,23.3,4.9,25.2
2019,EPAC,CIC,Indu,0.222,0.162,0.228,0.456,6.0,-27.7,-2.4
2019,EPC,NOC,Cons,0.653,0.023,0.258,0.633,-15.7,-26.9,19.4
2019,EQBK,NOC,Fina,0.645,0.479,0.912,0.079,-21.6,-29.9,5.0
2019,EQT,CIC,Ener,0.636,0.631,0.039,0.965,-37.3,-72.8,5.7
2019,ERO,CIC,Basi,0.968,0.982,0.998,0.343,89.1,-36.3,6.1
2019,ESI,CIC,Basi,0.157,0.799,0.033,0.811,4.6,-5.2,18.6
2019,ESRT,NOC,Real,0.521,0.063,0.725,0.968,-12.3,-12.0,23.4
2019,ESTA,NOC,Heal,0.820,0.902,0.088,0.115,14.2,-50.7,3.2
2019,EVH,NOC,Heal,0.846,0.838,0.866,0.352,4.8,-23.0,16.6
2019,EVO,NOC,Heal,0.764,0.869,0.745,0.879,34.2,-7.8,2.0
2019,EXLS,NOC,Tech,0.050,0.103,0.438,0.616,4.4,17.9,23.6
2019,EXP,CIC,Basi,0.356,0.421,0.387,0.823,-36.7,30.9,35.8
2019,FBNC,NOC,Fina,0.387,0.569,0.789,0.314,-1.8,6.1,29.0
2019,FBP,NOC,Fina,0.970,0.503,0.656,0.640,60.7,-4.9,24.7
2019,FCF,NOC,Fina,0.566,0.381,0.710,0.415,-9.8,2.3,26.5
2019,FCFS,NOC,Fina,0.174,0.955,0.400,0.856,11.0,3.0,24.8
2019,FCN,CIC,Indu,0.360,0.314,0.423,0.766,59.7,57.3,33.9
2019,FCPT,NOC,Real,0.068,0.021,0.899,0.566,29.5,10.9,29.2
2019,FET,CIC,Ener,0.690,0.668,0.008,0.091,-65.5,-78.5,5.9
2019,FFBC,NOC,Fina,0.505,0.850,0.952,0.695,-6.6,-4.6,26.3
2019,FHB,NOC,Fina,0.574,0.257,0.690,0.840,-18.9,13.8,28.6
2019,FIBK,NOC,Fina,0.056,0.521,0.784,0.663,-6.7,-0.4,25.1
2019,FINV,NOC,Fina,0.678,0.991,0.051,0.482,-39.0,-73.9,0.0
2019,FISI,NOC,Fina,0.613,0.279,0.574,0.056,-12.5,12.2,27.1
2019,FIVN,NOC,Tech,0.213,0.060,0.728,0.835,101.4,41.7,37.7
2019,FIX,CIC,Indu,0.077,0.390,0.683,0.571,23.7,-11.2,18.0
2019,FLEX,NOC,Tech,0.044,0.066,0.221,0.983,-50.9,41.8,35.9
2019,FMBH,NOC,Fina,0.569,0.615,0.879,0.107,0.8,-21.7,13.7
2019,FN,NOC,Tech,0.026,0.677,0.600,0.613,137.0,10.6,25.0
2019,FNB,NOC,Fina,0.622,0.545,0.666,0.872,-21.1,11.4,30.7
2019,FND,CIC,Cons,0.008,0.320,0.431,0.890,-15.3,43.1,39.5
2019,FOR,NOC,Real,0.955,0.796,0.663,0.153,-35.5,40.2,39.0
2019,FORM,NOC,Tech,0.435,0.940,0.396,0.353,15.8,72.7,43.2
2019,FOXF,CIC,Cons,0.127,0.412,0.767,0.668,58.2,3.8,20.5
2019,FRO,CIC,Indu,0.902,0.678,0.805,0.323,65.9,14.0,22.8
2019,FRPT,NOC,Cons,0.140,0.178,0.644,0.438,86.7,91.9,41.3
2019,FSM,CIC,Basi,0.870,0.775,0.094,0.118,-21.9,-17.2,11.0
2019,FSS,CIC,Indu,0.145,0.559,0.563,0.453,14.9,25.2,25.0
2019,FTAI,CIC,Indu,0.640,0.811,0.980,0.360,-1.0,17.0,23.2
2019,FUL,CIC,Basi,0.202,0.589,0.521,0.637,-21.2,13.1,30.9
2019,FULT,NOC,Fina,0.751,0.026,0.701,0.782,-4.4,0.1,22.0
2019,FUN,CIC,Cons,0.248,0.461,0.571,0.769,-22.9,4.0,28.2
2019,FWRD,CIC,Indu,0.122,0.189,0.583,0.506,-1.0,13.9,29.9
2019,GABC,NOC,Fina,0.449,0.426,0.828,0.190,-12.1,16.4,31.2
2019,GBCI,NOC,Fina,0.136,0.530,0.873,0.864,10.1,2.4,27.8
2019,GBDC,NOC,Fina,0.680,0.109,0.893,0.331,1.2,0.2,25.6
2019,GBX,CIC,Indu,0.627,0.713,0.335,0.391,-22.8,-20.0,20.3
2019,GDS,NOC,Tech,0.551,0.755,0.906,0.941,22.1,58.3,26.9
2019,GEL,CIC,Ener,0.483,0.888,0.128,0.719,2.6,-18.6,21.7
2019,GEO,CIC,Indu,0.059,0.027,0.406,0.737,14.3,-24.1,19.9
2019,GGAL,NOC,Fina,0.856,0.650,0.823,0.882,-55.1,-46.0,14.6
2019,GIII,CIC,Cons,0.260,0.285,0.370,0.580,18.4,-88.5,-0.4
2019,GILT,NOC,Tech,0.695,0.477,0.122,0.076,9.6,14.5,31.1
2019,GKOS,NOC,Heal,0.193,0.639,0.672,0.721,116.8,-9.7,17.9
2019,GLOB,NOC,Tech,0.361,0.204,0.687,0.686,44.8,89.2,52.5
2019,GLP,CIC,Ener,0.062,0.730,0.730,0.140,18.3,-11.6,16.8
2019,GME,CIC,Cons,0.872,0.341,0.057,0.307,-28.5,-58.9,-0.1
2019,GMED,NOC,Heal,0.171,0.012,0.675,0.992,-0.6,18.6,32.7
2019,GNK,CIC,Indu,0.917,0.760,0.908,0.021,-36.2,-13.8,18.2
2019,GNL,NOC,Real,0.264,0.304,0.458,0.408,14.9,14.6,22.2
2019,GNRC,CIC,Indu,0.205,0.196,0.692,0.810,15.9,117.9,58.7
2019,GOLF,CIC,Cons,0.124,0.237,0.207,0.554,11.2,8.0,21.6
2019,GPK,CIC,Cons,0.063,0.645,0.761,0.869,-20.7,34.7,34.9
2019,GPRK,CIC,Ener,0.823,0.727,0.946,0.347,87.6,-5.5,16.2
2019,GRBK,CIC,Cons,0.112,0.539,0.793,0.073,-11.6,23.7,24.0
2019,GRC,CIC,Indu,0.287,0.269,0.461,0.233,17.0,15.1,30.8
2019,GRPN,NOC,Comm,0.600,0.020,0.160,0.678,-15.9,-28.5,19.4
2019,GSAT,NOC,Comm,0.432,0.127,0.030,0.275,-43.5,-6.4,18.7
2019,GSBD,NOC,Fina,0.994,0.986,0.011,0.225,0.4,7.3,28.9
2019,GSM,CIC,Basi,0.769,0.612,0.615,0.023,-86.0,-63.4,5.7
2019,GT,CIC,Cons,0.208,0.140,0.198,0.940,-39.2,-29.4,19.3
2019,GTN,NOC,Comm,0.847,0.508,0.929,0.569,48.5,-20.7,15.9
2019,HAFC,NOC,Fina,0.801,0.394,0.565,0.142,-35.3,-11.5,22.6
2019,HAPN,NOC,Fina,0.918,0.657,0.340,0.479,-12.6,-27.0,19.4
2019,HASI,NOC,Fina,0.946,0.908,0.949,0.393,13.9,60.1,44.2
2019,HBM,CIC,Basi,0.742,0.721,0.169,0.505,-22.1,-49.9,13.7
2019,HCC,CIC,Ener,0.894,0.997,0.944,0.468,19.4,-28.7,19.2
2019,HELE,NOC,Cons,0.766,0.065,0.301,0.790,19.0,57.6,41.0
2019,HESM,CIC,Ener,0.137,0.299,0.884,0.350,1.9,13.3,28.5
2019,HFWA,NOC,Fina,0.092,0.607,0.896,0.378,8.1,-27.2,11.1
2019,HGV,CIC,Cons,0.663,0.604,0.894,0.799,-25.0,-15.9,16.7
2019,HHH,NOC,Real,0.696,0.995,0.977,0.962,-19.8,-49.7,2.6
2019,HIFS,NOC,Fina,0.879,0.512,0.257,0.059,-6.7,6.4,27.3
2019,HIMX,NOC,Tech,0.163,0.536,0.279,0.175,-49.8,13.8,30.1
2019,HLI,NOC,Fina,0.385,0.565,0.707,0.752,-15.3,19.9,31.5
2019,HLIO,CIC,Indu,0.547,0.705,0.923,0.384,-32.9,8.2,26.7
2019,HLIT,NOC,Tech,0.671,0.562,0.465,0.077,78.5,30.3,29.5
2019,HLNE,NOC,Fina,0.760,0.665,0.770,0.311,17.2,59.1,36.7
2019,HLX,CIC,Ener,0.825,0.680,0.119,0.284,5.9,20.8,30.4
2019,HNI,CIC,Cons,0.189,0.106,0.341,0.548,18.8,-9.2,23.7
2019,HOMB,NOC,Fina,0.896,0.417,0.790,0.785,-26.7,9.5,28.1
2019,HOPE,NOC,Fina,0.785,0.876,0.591,0.533,-24.2,4.5,28.7
2019,HRTG,NOC,Fina,0.897,0.573,0.491,0.035,-13.9,-20.2,15.5
2019,HTB,NOC,Fina,0.668,0.233,0.772,0.071,-3.3,-40.5,3.1
2019,HTH,NOC,Fina,0.556,0.252,0.174,0.538,-27.2,24.4,32.9
2019,HTLD,CIC,Indu,0.669,0.671,0.295,0.500,-0.3,1.5,28.1
2019,HUBG,CIC,Indu,0.125,0.524,0.109,0.473,1.3,21.7,32.0
2019,HURN,CIC,Indu,0.523,0.210,0.485,0.361,28.1,22.9,26.5
2019,HWC,NOC,Fina,0.364,0.553,0.619,0.837,-27.6,11.9,29.4
2019,HWKN,CIC,Basi,0.390,0.301,0.381,0.065,29.2,-0.4,24.9
2019,IAG,CIC,Basi,0.754,0.495,0.098,0.520,-36.3,-17.2,22.1
2019,IART,NOC,Heal,0.497,0.563,0.355,0.985,3.5,5.8,28.5
2019,IBCP,NOC,Fina,0.467,0.402,0.834,0.097,-4.1,1.0,28.1
2019,IBOC,NOC,Fina,0.367,0.207,0.841,0.716,4.4,-8.0,18.2
2019,ICFI,CIC,Indu,0.261,0.228,0.573,0.432,28.1,10.8,21.9
2019,IDCC,NOC,Tech,0.962,0.914,0.024,0.669,-0.4,-15.9,23.2
2019,IESC,CIC,Indu,0.139,0.431,0.591,0.020,-1.5,50.7,34.8
2019,IIIN,CIC,Indu,0.607,0.591,0.325,0.053,-31.1,-0.6,25.5
2019,ILPT,NOC,Real,0.030,0.014,0.861,0.421,1.1,12.3,28.3
2019,IMAX,NOC,Comm,0.855,0.642,0.101,0.397,-10.4,-18.0,21.3
2019,INDB,NOC,Fina,0.168,0.166,0.813,0.665,19.0,-17.3,16.5
2019,INN,NOC,Real,0.964,0.375,0.338,0.369,-17.1,-6.6,20.1
2019,INSP,NOC,Heal,0.399,0.408,0.716,0.381,130.0,41.7,30.5
2019,IOSP,CIC,Basi,0.201,0.675,0.526,0.544,12.4,38.6,36.8
2019,IRT,NOC,Real,0.042,0.329,0.787,0.254,19.5,52.0,39.6
2019,IRTC,NOC,Heal,0.314,0.282,0.585,0.597,41.3,-3.9,20.2
2019,IRWD,NOC,Heal,0.716,0.749,0.766,0.653,-4.8,-15.5,22.8
2019,ITIC,NOC,Fina,0.704,0.707,0.073,0.009,-11.9,-5.9,25.7
2019,ITRI,NOC,Tech,0.424,0.486,0.331,0.677,-12.0,38.1,34.0
2019,IVT,NOC,Real,0.266,0.585,0.216,0.366,3.3,-19.4,21.8
2019,JBTM,CIC,Indu,0.246,0.305,0.361,0.778,-13.6,-17.0,4.3
2019,JOE,NOC,Real,0.976,0.882,0.045,0.264,-10.4,30.1,25.2
2019,JOYY,NOC,Comm,0.417,0.684,0.722,0.971,-46.8,-29.5,6.6
2019,KAI,CIC,Indu,0.421,0.698,0.568,0.287,-10.2,27.9,33.6
2019,KBH,CIC,Cons,0.251,0.429,0.230,0.627,-36.0,68.3,43.7
2019,KEX,CIC,Indu,0.154,0.789,0.156,0.950,0.0,13.2,27.4
2019,KFRC,CIC,Indu,0.054,0.005,0.323,0.257,46.5,5.6,26.4
2019,KFY,CIC,Indu,0.051,0.219,0.449,0.708,7.2,-36.7,7.2
2019,KGC,CIC,Basi,0.843,0.338,0.166,0.906,-24.8,55.5,40.9
2019,KLIC,NOC,Tech,0.207,0.781,0.079,0.470,-2.1,25.5,30.2
2019,KNSL,NOC,Fina,0.850,0.361,0.500,0.409,22.8,107.2,57.1
2019,KOS,CIC,Ener,0.921,0.974,0.902,0.730,4.4,-21.9,19.3
2019,KRG,NOC,Real,0.071,0.030,0.076,0.437,2.8,5.9,28.1
2019,KRNT,CIC,Indu,0.485,0.576,0.613,0.192,51.9,109.2,55.1
2019,KRNY,NOC,Fina,0.477,0.736,0.870,0.379,-2.6,-1.7,24.9
2019,KRO,CIC,Basi,0.761,0.683,0.097,0.521,-37.1,-45.7,7.8
2019,KTOS,CIC,Indu,0.258,0.600,0.089,0.542,42.7,17.8,29.2
2019,KWR,CIC,Basi,0.053,0.101,0.304,0.743,46.6,-24.6,12.0
2019,LAD,CIC,Cons,0.003,0.142,0.373,0.562,-26.1,69.9,44.7
2019,LBRT,CIC,Ener,0.804,0.967,0.360,0.551,-15.9,-49.9,12.4
2019,LCII,CIC,Cons,0.358,0.511,0.213,0.574,-29.9,48.9,40.9
2019,LFUS,NOC,Tech,0.502,0.577,0.779,0.935,-21.4,9.4,27.5
2019,LGIH,CIC,Cons,0.151,0.834,0.444,0.447,-6.8,59.1,34.3
2019,LILA,NOC,Comm,0.080,0.965,0.050,0.625,-18.3,-9.0,24.5
2019,LIND,CIC,Cons,0.734,0.453,0.254,0.133,47.6,1.5,22.1
2019,LITE,NOC,Tech,0.715,0.757,0.124,0.804,-8.5,63.4,37.7
2019,LIVN,NOC,Heal,0.437,0.326,0.015,0.943,1.3,-26.7,14.2
2019,LNN,CIC,Indu,0.394,0.350,0.104,0.261,-2.0,11.8,29.7
2019,LNTH,NOC,Heal,0.366,0.202,0.577,0.193,-4.2,-15.9,18.7
2019,LOB,NOC,Fina,0.873,0.660,0.113,0.139,-42.4,21.7,33.6
2019,LOPE,NOC,Cons,0.920,0.695,0.322,0.977,5.7,-11.6,23.5
2019,LPG,CIC,Ener,0.915,0.792,0.743,0.002,-29.9,132.1,59.1
2019,LPX,CIC,Basi,0.819,0.554,0.085,0.873,-12.6,19.8,31.5
2019,LRN,NOC,Cons,0.240,0.295,0.639,0.305,54.9,-23.8,20.8
2019,LSCC,NOC,Tech,0.606,0.483,0.150,0.313,38.4,132.3,61.2
2019,LXP,NOC,Real,0.586,0.444,0.509,0.631,16.1,22.5,32.8
2019,LZB,CIC,Cons,0.086,0.150,0.515,0.464,11.5,-0.4,26.5
2019,MAIN,NOC,Fina,0.926,0.934,0.038,0.666,9.3,2.8,20.6
2019,MAN,CIC,Indu,0.002,0.289,0.163,0.988,-35.5,18.9,29.1
2019,MAT,CIC,Cons,0.838,0.224,0.184,0.932,-19.3,17.4,33.1
2019,MATV,CIC,Basi,0.352,0.313,0.412,0.316,-16.4,-0.5,27.4
2019,MATX,CIC,Indu,0.489,0.082,0.372,0.471,2.8,5.0,23.6
2019,MBIN,NOC,Fina,0.707,0.899,0.897,0.121,-9.3,-20.9,5.8
2019,MBWM,NOC,Fina,0.292,0.121,0.636,0.113,-1.5,3.1,28.4
2019,MC,NOC,Fina,0.015,0.644,0.882,0.671,-11.2,-16.6,20.9
2019,MCB,NOC,Fina,0.971,0.766,0.742,0.003,-9.9,6.5,15.9
2019,MCBS,NOC,Fina,0.701,0.640,0.826,0.012,22.2,-30.0,9.5
2019,MCFT,CIC,Cons,0.456,0.785,0.881,0.062,5.3,-26.7,19.1
2019,MCRI,CIC,Cons,0.337,0.057,0.517,0.224,1.6,-28.0,11.3
2019,MCS,NOC,Comm,0.598,0.325,0.468,0.367,57.7,-24.1,20.9
2019,MEDP,NOC,Heal,0.770,0.832,0.931,0.713,80.7,41.1,34.8
2019,MEI,NOC,Tech,0.150,0.148,0.459,0.338,-20.7,-0.2,21.4
2019,MEOH,CIC,Basi,0.982,0.719,0.696,0.952,-8.5,-35.7,16.2
2019,MFA,NOC,Real,0.929,0.693,0.985,0.805,-1.4,8.5,29.9
2019,MGRC,CIC,Indu,0.363,0.130,0.699,0.402,11.2,47.3,31.7
2019,MGY,CIC,Ener,0.983,0.000,0.965,0.586,29.1,-26.7,19.1
2019,MHO,CIC,Cons,0.218,0.255,0.530,0.219,-8.5,50.0,37.2
2019,MKSI,NOC,Tech,0.119,0.918,0.316,0.927,-23.7,39.1,36.1
2019,MLAB,NOC,Heal,0.434,0.292,0.432,0.258,53.2,16.7,30.4
2019,MLI,CIC,Indu,0.210,0.073,0.384,0.523,7.7,-4.1,22.2
2019,MLKN,CIC,Cons,0.133,0.145,0.391,0.601,-6.1,-52.5,0.6
2019,MLR,CIC,Cons,0.088,0.405,0.464,0.033,34.0,-11.4,15.2
2019,MMI,NOC,Real,0.520,0.340,0.601,0.476,17.3,-5.9,25.7
2019,MMYT,CIC,Cons,0.864,0.911,0.026,0.758,-16.6,-11.5,26.2
2019,MOD,CIC,Indu,0.027,0.718,0.337,0.195,-36.0,-49.8,12.3
2019,MOV,CIC,Cons,0.396,0.560,0.754,0.266,4.3,-74.8,0.6
2019,MRCY,CIC,Indu,0.326,0.594,0.804,0.672,3.2,49.2,38.7
2019,MSBI,NOC,Fina,0.698,0.491,0.795,0.104,-31.4,19.1,32.3
2019,MSGS,NOC,Comm,0.875,0.597,0.637,0.825,26.4,6.8,29.1
2019,MTH,CIC,Cons,0.183,0.086,0.414,0.495,-18.4,73.2,43.6
2019,MTRN,CIC,Basi,0.299,0.505,0.178,0.340,7.2,5.0,28.3
2019,MTX,CIC,Basi,0.282,0.177,0.443,0.606,-22.3,-5.4,22.9
2019,MTZ,CIC,Indu,0.393,0.659,0.548,0.838,-16.1,23.4,24.7
2019,MUR,CIC,Ener,0.781,0.456,0.775,0.982,-14.8,-17.6,19.9
2019,MUSA,CIC,Cons,0.221,0.258,0.260,0.707,-5.6,41.1,35.5
2019,MUX,CIC,Basi,0.959,0.973,0.021,0.160,-7.4,-68.5,3.4
2019,MWA,CIC,Indu,0.594,0.628,0.417,0.485,-15.1,19.8,28.5
2019,MXL,NOC,Tech,0.882,0.704,0.042,0.424,-22.6,-3.6,23.9
2019,MYE,CIC,Cons,0.462,0.234,0.215,0.165,-7.4,-26.8,14.6
2019,MYRG,CIC,Indu,0.236,0.520,0.533,0.088,-10.2,-15.7,14.5
2019,NAVI,NOC,Fina,0.740,0.485,0.069,0.742,-19.3,27.7,35.1
2019,NBHC,NOC,Fina,0.628,0.728,0.890,0.295,-4.9,11.2,30.1
2019,NBR,CIC,Ener,0.311,0.497,0.713,0.319,-53.9,-26.1,19.7
2019,NEOG,NOC,Heal,0.134,0.115,0.424,0.767,-11.2,6.9,-5.4
2019,NIC,NOC,Fina,0.453,0.761,0.782,0.103,4.0,21.2,20.3
2019,NNI,NOC,Fina,0.757,0.870,0.557,0.618,2.8,5.5,20.9
2019,NOAH,NOC,Fina,0.624,0.249,0.681,0.145,22.0,-60.8,-1.2
2019,NOG,CIC,Ener,0.980,0.935,1.000,0.245,12.9,-59.7,4.0
2019,NOMD,NOC,Cons,0.254,0.420,0.705,0.846,26.5,-6.7,18.7
2019,NOVT,NOC,Tech,0.270,0.595,0.415,0.775,51.1,1.1,19.6
2019,NPK,CIC,Indu,0.542,0.801,0.107,0.198,11.2,-24.7,9.5
2019,NPO,CIC,Indu,0.409,0.482,0.311,0.431,-19.2,-13.6,19.7
2019,NRP,CIC,Ener,0.295,0.672,0.853,0.131,36.9,-62.8,7.7
2019,NTCT,NOC,Tech,0.384,0.452,0.103,0.576,-11.0,-2.5,24.7
2019,NTRA,NOC,Heal,0.616,0.625,0.066,0.302,74.5,110.1,38.7
2019,NVGS,CIC,Indu,0.524,0.175,0.350,0.134,-1.0,-61.0,0.1
2019,NVMI,NOC,Tech,0.355,0.689,0.680,0.168,-4.4,71.6,46.3
2019,NVT,CIC,Indu,0.147,0.003,0.486,0.956,-1.9,0.8,26.3
2019,NX,CIC,Basi,0.323,0.211,0.180,0.109,-2.4,3.2,20.7
2019,NXRT,NOC,Real,0.346,0.272,0.494,0.239,55.8,37.2,36.5
2019,NXST,NOC,Comm,0.580,0.947,0.837,0.955,28.9,20.1,23.2
2019,OCFC,NOC,Fina,0.225,0.740,0.956,0.376,-5.9,-2.4,19.4
2019,OFG,NOC,Fina,0.940,0.393,0.840,0.289,66.0,4.6,23.8
2019,OII,CIC,Ener,0.400,0.471,0.077,0.467,-18.6,-16.1,21.6
2019,OIS,CIC,Ener,0.557,0.875,0.799,0.299,-38.9,-38.1,16.8
2019,OLN,CIC,Basi,0.625,0.239,0.287,0.911,-33.1,-37.4,14.9
2019,OMAB,CIC,Indu,0.911,0.489,0.864,0.622,8.0,44.6,40.7
2019,OMCL,NOC,Heal,0.471,0.409,0.405,0.728,33.2,33.4,35.1
2019,OMF,NOC,Fina,0.405,0.837,0.850,0.915,-7.4,46.1,38.8
2019,ONB,NOC,Fina,0.461,0.322,0.785,0.718,-12.5,16.4,32.0
2019,ONTO,NOC,Tech,0.411,0.372,0.473,0.276,30.2,33.9,33.5
2019,OPCH,NOC,Heal,0.512,0.360,0.210,0.018,6.9,39.3,25.5
2019,OPI,NOC,Real,0.020,0.807,0.702,0.202,-48.6,10.6,29.8
2019,OPK,NOC,Heal,0.796,0.515,0.053,0.492,-12.6,-50.0,9.7
2019,OPY,NOC,Fina,0.443,0.378,0.375,0.029,-5.1,-2.7,24.1
2019,OR,CIC,Basi,0.998,1.000,0.005,0.494,8.4,-0.7,26.4
2019,OSBC,NOC,Fina,0.427,0.184,0.810,0.045,-4.9,-5.0,22.1
2019,OSIS,NOC,Tech,0.101,0.131,0.483,0.435,13.9,24.9,31.4
2019,OSPN,NOC,Tech,0.681,0.498,0.569,0.156,21.5,-0.2,20.4
2019,OSW,CIC,Cons,0.450,0.163,0.319,0.174,16.6,13.9,22.1
2019,OUT,NOC,Real,0.503,0.168,0.669,0.787,1.3,36.7,29.5
2019,OXM,CIC,Cons,0.508,0.134,0.299,0.406,3.7,-52.0,1.1
2019,OZK,NOC,Fina,0.866,0.779,0.825,0.847,-47.2,8.8,28.0
2019,P,CIC,Indu,0.089,0.293,0.462,0.997,-6.0,-22.6,15.5
2019,PAC,CIC,Indu,0.526,0.847,0.878,0.995,0.2,40.8,38.8
2019,PAGP,CIC,Ener,0.724,0.613,0.642,0.870,11.6,-28.2,16.6
2019,PAHC,NOC,Heal,0.041,0.038,0.437,0.423,4.5,-29.5,15.6
2019,PAM,NOC,Util,0.773,0.979,0.018,0.648,-51.7,-63.9,3.5
2019,PAR,NOC,Tech,0.615,0.588,0.048,0.038,132.8,-19.8,7.6
2019,PATK,CIC,Cons,0.110,0.583,0.467,0.171,-33.7,29.4,34.8
2019,PBH,NOC,Heal,0.231,0.541,0.508,0.434,-28.0,53.6,40.4
2019,PCRX,NOC,Heal,0.731,0.387,0.671,0.517,31.6,23.1,33.1
2019,PCTY,NOC,Tech,0.689,0.006,0.648,0.946,75.6,78.7,41.7
2019,PDM,NOC,Real,0.233,0.352,0.495,0.692,7.6,19.7,27.6
2019,PEB,NOC,Real,0.713,0.500,0.284,0.781,-4.7,-27.4,19.4
2019,PENN,CIC,Cons,0.066,0.616,0.858,0.772,-5.0,25.3,32.9
2019,PFGC,NOC,Cons,0.014,0.029,0.285,0.905,21.8,37.9,34.5
2019,PFIS,NOC,Fina,0.307,0.100,0.751,0.017,-0.1,-9.8,6.6
2019,PFS,NOC,Fina,0.775,0.346,0.684,0.511,-0.5,-10.4,22.2
2019,PFSI,NOC,Fina,0.989,0.636,0.245,0.399,-0.6,70.3,44.8
2019,PGEN,NOC,Heal,0.893,0.867,0.000,0.308,-38.2,-52.5,7.5
2019,PI,NOC,Tech,0.539,0.782,0.326,0.047,44.5,58.4,25.8
2019,PJT,NOC,Fina,0.779,0.843,0.234,0.509,-10.3,13.4,29.8
2019,PKE,CIC,Indu,0.634,0.802,0.044,0.044,0.7,-19.3,25.0
2019,PLNT,CIC,Cons,0.718,0.468,0.852,0.998,73.5,48.1,31.9
2019,PLUS,NOC,Tech,0.242,0.403,0.254,0.326,5.4,2.4,25.6
2019,PLXS,NOC,Tech,0.118,0.385,0.441,0.530,-14.8,43.1,39.1
2019,PNFP,NOC,Fina,0.739,0.903,0.814,0.914,-23.1,21.4,33.2
2019,POST,NOC,Cons,0.131,0.467,0.341,0.973,19.5,13.1,29.8
2019,POWI,NOC,Tech,0.237,0.446,0.121,0.589,-10.6,44.6,34.9
2019,POWL,CIC,Indu,0.494,0.841,0.452,0.011,-4.5,44.2,33.3
2019,PR,CIC,Ener,0.837,0.988,0.829,0.819,-34.0,-77.0,5.7
2019,PRDO,NOC,Cons,0.633,0.349,0.399,0.285,17.0,27.5,33.9
2019,PRIM,CIC,Indu,0.257,0.745,0.846,0.372,-1.9,-3.5,21.0
2019,PRMB,NOC,Cons,0.792,0.808,0.231,0.600,27.8,-40.2,3.1
2019,PUMP,CIC,Ener,0.807,0.950,0.822,0.497,10.2,-88.4,1.1
2019,QCRH,NOC,Fina,0.752,0.653,0.938,0.101,-21.9,-15.9,-0.5
2019,QDEL,NOC,Heal,0.793,0.962,0.711,0.711,31.7,27.9,33.6
2019,QNST,NOC,Comm,0.169,0.627,0.514,0.278,98.6,-30.0,18.2
2019,QUAD,CIC,Indu,0.278,0.119,0.267,0.178,-47.8,-65.8,9.1
2019,RBA,CIC,Indu,0.947,0.873,0.968,0.918,12.3,10.5,22.1
2019,RBC,CIC,Indu,0.085,0.157,0.388,0.595,11.4,-4.5,22.1
2019,RDN,NOC,Fina,0.736,0.331,0.843,0.929,-14.2,28.6,33.3
2019,RDNT,NOC,Heal,0.559,0.032,0.296,0.208,44.2,8.6,10.3
2019,RES,CIC,Ener,0.654,0.970,0.115,0.656,-52.1,-57.1,11.5
2019,RGEN,NOC,Heal,0.659,0.619,0.739,0.722,66.0,88.0,51.9
2019,RGR,CIC,Indu,0.511,0.592,0.418,0.310,25.9,-14.2,22.8
2019,RHP,NOC,Real,0.479,0.151,0.456,0.937,16.9,-0.1,21.5
2019,RLJ,NOC,Real,0.554,0.872,0.162,0.808,-8.0,-16.0,18.3
2019,RMBS,NOC,Tech,0.881,0.853,0.036,0.270,-37.9,69.4,45.3
2019,RMR,NOC,Real,0.949,0.864,0.914,0.317,17.4,-30.6,18.2
2019,RNST,NOC,Fina,0.415,0.376,0.849,0.642,-8.0,-24.7,14.9
2019,ROAD,CIC,Indu,0.370,0.476,0.266,0.128,-5.0,52.8,41.0
2019,ROG,NOC,Tech,0.455,0.424,0.453,0.693,-12.4,-18.3,22.3
2019,RPD,NOC,Tech,0.211,0.098,0.205,0.563,72.6,51.1,40.2
2019,RRC,CIC,Ener,0.748,0.912,0.888,0.727,-16.3,-74.6,5.1
2019,RRX,CIC,Indu,0.098,0.077,0.421,0.829,7.5,1.4,22.9
2019,RUN,NOC,Tech,0.924,0.651,0.860,0.518,108.7,34.8,27.0
2019,RUSHA,CIC,Cons,0.032,0.364,0.654,0.304,-20.4,13.7,29.9
2019,RYAM,CIC,Basi,0.548,0.976,0.834,0.204,-27.1,-82.0,4.1
2019,RYN,NOC,Real,0.831,0.742,0.060,0.891,-3.7,-1.3,24.7
2019,SAH,CIC,Cons,0.011,0.059,0.147,0.169,-20.5,93.9,51.6
2019,SAM,NOC,Cons,0.431,0.502,0.518,0.795,38.8,58.8,42.3
2019,SANM,NOC,Tech,0.045,0.334,0.621,0.577,-3.4,25.8,33.7
2019,SBCF,NOC,Fina,0.687,0.465,0.708,0.444,7.9,4.4,28.3
2019,SBGI,NOC,Comm,0.719,0.415,0.819,0.843,3.0,-21.1,15.3
2019,SBLK,CIC,Indu,0.885,0.846,0.962,0.183,-36.0,4.1,29.4
2019,SBSI,NOC,Fina,0.426,0.725,0.792,0.344,-4.8,11.2,27.6
2019,SEDG,CIC,Ener,0.509,0.829,0.807,0.583,12.5,161.2,69.5
2019,SFM,NOC,Cons,0.816,0.017,0.364,0.773,-8.7,-31.9,18.8
2019,SFNC,NOC,Fina,0.767,0.822,0.582,0.675,-12.0,-1.5,27.3
2019,SGRY,NOC,Heal,0.335,0.787,0.127,0.137,-12.8,17.3,22.2
2019,SHAK,CIC,Cons,0.230,0.195,0.651,0.474,26.8,43.2,35.3
2019,SHEN,NOC,Comm,0.675,0.734,0.532,0.628,30.5,4.2,20.4
2019,SHO,NOC,Real,0.444,0.018,0.634,0.801,-11.4,-3.5,26.2
2019,SHOO,CIC,Cons,0.103,0.097,0.455,0.734,15.7,2.6,20.3
2019,SID,CIC,Basi,0.662,0.690,0.760,0.926,21.2,-60.2,8.7
2019,SIG,CIC,Cons,0.743,0.190,0.100,0.441,-27.3,-73.6,-0.2
2019,SIMO,NOC,Tech,0.406,0.447,0.224,0.411,-23.7,29.8,37.9
2019,SKT,NOC,Real,0.184,0.079,0.678,0.603,-5.3,-30.1,16.2
2019,SKY,CIC,Cons,0.674,0.580,0.752,0.269,-17.6,113.2,46.0
2019,SLAB,NOC,Tech,0.100,0.053,0.402,0.832,-20.1,54.2,38.8
2019,SLM,NOC,Fina,0.867,0.438,0.924,0.921,-17.4,-7.1,25.5
2019,SLRC,NOC,Fina,0.878,0.820,0.133,0.246,3.7,-2.0,27.0
2019,SM,CIC,Ener,1.000,0.790,0.970,0.335,-7.5,-55.6,11.8
2019,SMCI,NOC,Tech,0.039,0.622,0.106,0.341,33.5,0.5,17.0
2019,SMG,CIC,Basi,0.956,0.610,0.246,0.897,-22.3,53.0,38.5
2019,SMP,CIC,Cons,0.057,0.382,0.332,0.334,-5.3,4.5,28.3
2019,SMPL,NOC,Cons,0.535,0.033,0.659,0.502,40.1,39.7,43.3
2019,SMTC,NOC,Tech,0.541,0.347,0.630,0.881,59.0,-33.9,8.8
2019,SNX,NOC,Tech,0.076,0.427,0.310,0.588,-38.3,46.2,37.6
2019,SONO,NOC,Tech,0.592,0.566,0.480,0.427,-37.9,18.0,29.5
2019,SPB,NOC,Cons,0.397,0.776,0.731,0.690,-53.1,30.5,31.5
2019,SPH,NOC,Util,0.647,0.363,0.382,0.420,-9.1,-0.6,26.1
2019,SR,NOC,Util,0.841,0.506,0.560,0.899,23.3,8.8,27.2
2019,SRCE,NOC,Fina,0.665,0.411,0.595,0.355,-14.2,12.6,30.5
2019,SSB,NOC,Fina,0.538,0.418,0.769,0.674,-26.3,28.6,34.4
2019,SSD,CIC,Basi,0.418,0.122,0.356,0.746,8.2,35.7,30.7
2019,SSRM,CIC,Basi,0.802,0.542,0.154,0.508,69.6,32.8,36.6
2019,SSYS,NOC,Tech,0.069,0.044,0.137,0.387,25.9,-20.4,16.2
2019,STAA,NOC,Heal,0.376,0.621,0.624,0.514,135.0,-17.5,16.8
2019,STAG,NOC,Real,0.079,0.110,0.746,0.796,19.9,17.5,30.9
2019,STNG,CIC,Indu,0.860,0.708,0.625,0.249,-19.2,16.9,31.6
2019,STRA,NOC,Cons,0.545,0.881,0.964,0.802,65.8,1.1,15.4
2019,STRL,CIC,Indu,0.340,0.716,0.219,0.039,20.9,-8.1,14.0
2019,SUPV,NOC,Fina,0.914,0.971,0.695,0.159,-77.3,-60.5,10.7
2019,SWBI,CIC,Indu,0.609,0.696,0.186,0.074,20.9,-4.8,20.4
2019,SXC,CIC,Basi,0.249,0.198,0.290,0.151,-8.9,-45.1,12.5
2019,SXI,CIC,Indu,0.178,0.474,0.210,0.293,-21.6,-8.7,22.3
2019,SYNA,NOC,Tech,0.571,0.544,0.225,0.440,-0.3,71.6,45.1
2019,TAC,NOC,Util,0.826,0.186,0.116,0.535,12.5,21.8,20.9
2019,TAL,NOC,Cons,0.553,0.532,0.802,0.579,-11.2,81.2,48.8
2019,TALO,CIC,Ener,0.931,0.946,0.988,0.382,-37.4,-62.1,5.0
2019,TBBK,NOC,Fina,0.595,0.944,0.550,0.083,-19.9,-14.2,-0.5
2019,TDAY,NOC,Comm,0.322,0.332,0.334,0.210,-24.0,-62.7,7.4
2019,TDOC,NOC,Heal,0.630,0.778,0.776,0.991,85.0,71.6,33.3
2019,TEN,CIC,Ener,0.113,0.769,0.920,0.396,-16.4,-33.9,-3.6
2019,TENB,NOC,Tech,0.480,0.047,0.358,0.725,-3.4,-3.5,22.3
2019,TEX,CIC,Indu,0.458,0.630,0.539,0.710,-16.4,-25.6,19.3
2019,TFII,CIC,Indu,0.610,0.527,0.159,0.731,30.9,6.7,25.9
2019,TFSL,NOC,Fina,0.787,0.681,0.450,0.970,14.8,18.5,30.0
2019,TGLS,CIC,Basi,0.577,0.449,0.645,0.014,-4.6,-16.0,14.0
2019,TH,CIC,Indu,0.876,0.931,0.976,0.215,3.0,-74.3,2.3
2019,THC,NOC,Heal,0.219,0.056,0.181,0.699,27.0,41.2,34.8
2019,THO,CIC,Cons,0.464,0.844,0.047,0.822,-49.5,13.4,18.8
2019,THRM,CIC,Cons,0.473,0.181,0.260,0.452,25.2,10.5,29.7
2019,TK,CIC,Ener,0.684,0.798,0.885,0.041,-47.8,-32.4,4.9
2019,TKR,CIC,Indu,0.252,0.278,0.618,0.814,-8.7,33.0,34.6
2019,TNDM,NOC,Heal,0.810,0.909,0.937,0.779,1357.5,78.1,43.8
2019,TNET,CIC,Indu,0.130,0.011,0.349,0.849,19.1,3.1,27.7
2019,TOWN,NOC,Fina,0.562,0.526,0.817,0.539,-20.0,10.4,29.9
2019,TPB,NOC,Cons,0.255,0.523,0.737,0.242,108.8,-49.4,9.6
2019,TPC,CIC,Indu,0.414,0.136,0.260,0.237,-19.8,-34.2,12.8
2019,TREX,CIC,Indu,0.470,0.399,0.719,0.967,40.1,35.7,34.8
2019,TRMD,CIC,Ener,0.941,0.335,0.208,0.063,-22.7,18.5,16.5
2019,TRMK,NOC,Fina,0.644,0.270,0.653,0.598,-9.1,8.9,27.9
2019,TRN,CIC,Indu,0.506,0.440,0.112,0.855,2.5,-15.2,22.6
2019,TROX,CIC,Basi,0.733,0.618,0.281,0.455,-41.0,-26.7,15.8
2019,TRST,NOC,Fina,0.284,0.104,0.757,0.187,-15.9,8.7,29.9
2019,TRTX,NOC,Real,0.991,0.492,0.958,0.414,7.2,3.1,26.9
2019,TSEM,NOC,Tech,0.372,0.435,0.236,0.568,-39.6,32.3,35.2
2019,TSLX,NOC,Fina,0.763,0.860,0.580,0.418,14.7,9.5,29.2
2019,TTEK,CIC,Indu,0.107,0.236,0.195,0.751,1.3,77.9,44.8
2019,TTMI,NOC,Tech,0.304,0.208,0.193,0.488,-21.9,24.0,31.0
2019,TWO,NOC,Real,0.858,0.968,0.002,0.861,2.2,4.4,26.1
2019,UBSI,NOC,Fina,0.589,0.770,0.628,0.858,-4.5,1.1,27.3
2019,UCB,NOC,Fina,0.474,0.298,0.847,0.624,-10.4,-6.9,14.7
2019,UCTT,NOC,Tech,0.279,0.840,0.273,0.080,-36.8,99.9,53.8
2019,UE,NOC,Real,0.985,0.674,0.606,0.662,-3.1,-8.8,24.0
2019,UFPI,CIC,Basi,0.033,0.337,0.264,0.582,-10.5,50.9,40.2
2019,ULH,CIC,Indu,0.186,0.159,0.603,0.157,7.1,-24.7,18.7
2019,UMBF,NOC,Fina,0.884,0.222,0.597,0.831,-7.9,-5.1,24.6
2019,UMC,NOC,Tech,0.518,0.174,0.134,0.953,-25.8,33.7,38.7
2019,UNFI,NOC,Cons,0.177,0.924,0.979,0.177,-65.7,-54.8,6.5
2019,UNIT,NOC,Real,0.172,0.251,0.934,0.541,-34.7,-11.2,7.0
2019,UPBD,NOC,Tech,0.104,0.165,0.240,0.281,101.3,38.5,34.1
2019,URBN,CIC,Cons,0.305,0.205,0.379,0.817,-17.9,-24.2,14.7
2019,USAC,CIC,Ener,0.568,0.961,0.986,0.461,-13.2,-2.9,25.8
2019,USLM,CIC,Basi,0.492,0.231,0.305,0.030,-8.6,36.9,33.1
2019,VAC,CIC,Cons,0.533,0.897,0.974,0.980,-29.7,5.8,20.7
2019,VCYT,NOC,Heal,0.491,0.514,0.477,0.211,236.6,20.9,26.1
2019,VECO,NOC,Tech,0.500,0.858,0.006,0.085,-27.2,44.0,40.5
2019,VEON,NOC,Comm,0.106,0.310,0.249,0.917,-7.9,-37.7,1.3
2019,VET,CIC,Ener,0.727,0.816,0.855,0.900,-19.1,-63.1,6.7
2019,VIAV,NOC,Tech,0.660,0.767,0.867,0.687,26.0,32.0,30.5
2019,VIRT,NOC,Fina,0.944,0.980,0.887,0.764,1.7,-37.7,17.1
2019,VISN,NOC,Tech,0.334,0.230,0.216,0.958,-39.7,-38.2,16.9
2019,VLY,NOC,Fina,0.672,0.662,0.831,0.834,-18.8,7.8,26.1
2019,VMI,CIC,Indu,0.272,0.245,0.199,0.789,-11.0,8.7,28.9
2019,VNET,NOC,Tech,0.621,0.379,0.576,0.292,8.3,70.0,28.5
2019,VNOM,CIC,Ener,0.656,0.856,0.940,0.486,29.4,-29.2,18.6
2019,VRTS,NOC,Fina,0.579,0.754,0.622,0.150,-30.6,40.4,34.8
2019,VSAT,NOC,Tech,0.725,0.601,0.796,0.896,-7.8,2.2,26.9
2019,VSEC,CIC,Indu,0.065,0.633,0.168,0.032,-25.0,-19.8,16.0
2019,VSH,NOC,Tech,0.293,0.128,0.640,0.807,11.1,-6.2,21.7
2019,VVX,CIC,Indu,0.029,0.509,0.397,0.008,2.2,90.8,37.7
2019,WAL,NOC,Fina,0.536,0.051,0.863,0.979,-24.3,28.1,34.7
2019,WCC,CIC,Indu,0.005,0.187,0.233,0.680,-21.6,0.4,24.3
2019,WD,NOC,Fina,0.604,0.733,0.686,0.503,9.9,31.7,33.0
2019,WEN,CIC,Cons,0.840,0.758,0.740,0.931,9.6,29.2,26.3
2019,WFG,CIC,Basi,0.861,0.699,0.041,0.893,-17.4,-23.9,20.1
2019,WGO,CIC,Cons,0.083,0.866,0.151,0.252,-30.6,-16.9,2.5
2019,WHD,CIC,Ener,0.844,0.920,0.875,0.417,35.2,-26.2,14.3
2019,WING,CIC,Cons,0.849,0.606,0.872,0.573,41.0,54.1,40.1
2019,WLDN,CIC,Indu,0.730,0.885,0.715,0.051,66.2,-17.7,17.7
2019,WLFC,CIC,Indu,0.798,0.835,0.955,0.189,45.3,-8.3,12.2
2019,WLYB,NOC,Comm,0.373,0.042,0.308,0.702,-29.8,-12.4,16.7
2019,WMS,CIC,Indu,0.601,0.153,0.267,0.449,4.3,71.1,45.0
2019,WNC,CIC,Indu,0.350,0.722,0.408,0.227,-36.3,-20.7,24.1
2019,WOR,CIC,Indu,0.476,0.213,0.239,0.403,-14.3,-38.4,0.9
2019,WSBC,NOC,Fina,0.275,0.548,0.903,0.619,-5.3,-10.9,23.8
2019,WSC,CIC,Indu,0.285,0.989,0.032,0.356,-21.8,63.2,23.1
2019,WSFS,NOC,Fina,0.224,0.276,0.816,0.426,-10.1,-20.4,12.6
2019,WT,NOC,Fina,0.905,0.450,0.609,0.251,-44.0,-30.9,17.1
2019,WTFC,NOC,Fina,0.603,0.125,0.798,0.924,-15.8,-6.3,25.8
2019,WTI,CIC,Ener,0.974,0.654,0.926,0.172,29.6,-50.2,8.5
2019,WWW,CIC,Cons,0.329,0.316,0.302,0.826,19.7,-15.9,18.7
2019,XHR,NOC,Real,0.517,0.462,0.440,0.647,5.1,-4.5,23.5
2019,XPO,CIC,Indu,0.082,0.284,0.275,0.739,-33.9,56.6,39.6
2019,YELP,NOC,Comm,0.228,0.193,0.426,0.828,-14.4,-8.1,24.8
2019,YETI,CIC,Cons,0.642,0.983,0.693,0.557,28.8,58.5,42.7
2019,ZWS,CIC,Indu,0.267,0.156,0.363,0.465,-8.6,24.2,29.8
2020,AAON,CIC,Indu,0.726,0.185,0.615,0.787,38.5,35.2,49.4
2020,AAT,NOC,Real,0.312,0.301,0.830,0.859,5.7,-36.5,19.3
2020,ABCB,NOC,Fina,0.512,0.787,0.976,0.540,-25.8,51.4,59.7
2020,ABG,CIC,Cons,0.012,0.017,0.364,0.563,34.8,52.5,47.3
2020,ABR,NOC,Real,0.300,0.323,0.887,0.526,20.2,4.0,30.6
2020,ACHC,NOC,Heal,0.050,0.038,0.492,0.739,19.6,73.2,63.3
2020,ACLS,NOC,Tech,0.309,0.746,0.428,0.249,16.2,47.6,46.6
2020,ADT,CIC,Indu,0.252,0.075,0.463,0.979,-17.4,63.5,56.8
2020,ADTN,NOC,Tech,0.592,0.688,0.061,0.083,-19.1,71.2,52.0
2020,AEIS,NOC,Tech,0.830,0.920,0.977,0.742,37.1,59.5,47.2
2020,AFYA,NOC,Cons,0.774,0.742,0.965,0.498,-22.5,10.2,46.4
2020,AG,CIC,Basi,0.867,0.705,0.102,0.564,34.7,86.9,54.3
2020,AGI,CIC,Basi,0.876,0.606,0.729,0.699,33.8,15.3,30.3
2020,AGM,NOC,Fina,0.729,0.414,0.778,0.200,-3.3,22.8,41.2
2020,AGO,NOC,Fina,0.891,0.807,0.934,0.914,-0.2,5.6,38.6
2020,AGRO,NOC,Cons,0.901,0.610,0.567,0.706,-32.7,94.6,83.6
2020,AGX,CIC,Indu,0.878,0.477,0.046,0.136,-27.1,45.4,55.0
2020,AHCO,NOC,Heal,0.321,0.765,0.751,0.106,59.4,91.5,58.1
2020,ALGT,CIC,Indu,0.713,0.031,0.679,0.709,29.8,15.0,37.2
2020,ALKS,NOC,Heal,0.566,0.578,0.641,0.743,-45.7,29.9,38.6
2020,ALNT,CIC,Indu,0.054,0.197,0.601,0.073,-23.8,50.0,56.1
2020,ALX,NOC,Real,0.500,0.023,0.852,0.479,-13.4,-15.1,25.7
2020,AMBA,NOC,Tech,0.287,0.630,0.115,0.566,43.3,104.4,72.1
2020,AMC,NOC,Comm,0.983,0.356,0.275,0.424,-56.6,72.4,58.7
2020,AMG,NOC,Fina,0.272,0.281,0.538,0.904,-25.3,40.1,46.1
2020,AMN,NOC,Heal,0.029,0.171,0.502,0.841,10.7,5.3,31.5
2020,AMRC,CIC,Indu,0.474,0.598,0.813,0.323,31.4,148.4,77.3
2020,AMRX,NOC,Heal,0.959,0.943,0.064,0.124,-71.5,27.0,39.1
2020,ANDE,NOC,Cons,0.677,0.986,0.983,0.234,-32.0,11.6,33.9
2020,ANGO,NOC,Heal,0.963,0.489,0.063,0.141,-28.6,5.3,31.5
2020,ANIP,NOC,Heal,0.800,0.515,0.066,0.135,-25.4,-37.1,19.8
2020,AORT,NOC,Heal,0.193,0.645,0.318,0.332,17.2,-18.4,24.2
2020,AOSL,NOC,Tech,0.508,0.113,0.219,0.003,3.3,167.0,80.3
2020,APAM,NOC,Fina,0.343,0.382,0.812,0.508,45.9,44.5,42.5
2020,APEI,NOC,Cons,0.228,0.024,0.327,0.014,-35.2,28.8,41.2
2020,APLE,NOC,Real,0.479,0.015,0.398,0.820,-12.7,2.6,32.2
2020,APPN,NOC,Tech,0.550,0.388,0.168,0.936,61.8,245.6,102.6
2020,APPS,NOC,Tech,0.716,0.737,0.657,0.144,195.0,887.0,288.3
2020,AR,CIC,Ener,0.910,0.774,0.050,0.119,-80.5,436.2,161.8
2020,ARCB,CIC,Indu,0.355,0.260,0.138,0.165,-37.6,86.2,57.7
2020,ARCO,CIC,Cons,0.266,0.346,0.323,0.179,-53.3,64.2,73.8
2020,ARES,NOC,Fina,0.960,0.959,0.946,0.994,83.5,23.2,36.6
2020,ARI,NOC,Real,0.063,0.670,0.694,0.757,1.5,-34.8,19.5
2020,ARKO,CIC,Cons,0.518,0.628,0.446,0.945,-1.1,0.4,40.1
2020,ARLP,CIC,Ener,0.654,0.524,0.153,0.355,-52.5,-45.4,16.7
2020,AROC,CIC,Ener,0.534,0.130,0.818,0.396,-14.8,18.4,33.7
2020,ATEC,NOC,Heal,0.419,0.650,0.099,0.028,154.1,178.7,88.0
2020,ATEN,NOC,Tech,0.118,0.436,0.196,0.138,3.0,55.9,47.5
2020,ATI,CIC,Indu,0.243,0.266,0.315,0.765,-22.7,-8.0,26.5
2020,ATRO,CIC,Indu,0.661,0.676,0.080,0.127,-39.4,-18.5,26.8
2020,AUB,NOC,Fina,0.489,0.726,0.865,0.754,9.5,1.9,32.5
2020,AVAL,NOC,Fina,0.373,0.751,0.072,0.924,-52.4,77.1,78.8
2020,AVAV,CIC,Indu,0.602,0.833,0.081,0.390,-30.2,91.3,57.7
2020,AVNT,CIC,Basi,0.185,0.471,0.093,0.735,9.3,18.3,39.8
2020,AX,NOC,Fina,0.304,0.387,0.838,0.492,-5.6,45.4,44.4
2020,AXON,CIC,Indu,0.659,0.453,0.781,0.974,28.1,109.4,76.5
2020,AZTA,NOC,Heal,0.049,0.584,0.604,0.775,29.2,96.9,56.3
2020,AZZ,CIC,Indu,0.284,0.560,0.696,0.370,7.9,5.0,32.9
2020,BAK,CIC,Basi,0.786,0.668,0.040,0.962,-61.5,64.2,46.5
2020,BALY,CIC,Cons,0.742,0.401,0.761,0.260,-13.3,128.5,57.1
2020,BANC,NOC,Fina,0.974,0.818,0.197,0.528,-10.4,14.5,38.0
2020,BAND,NOC,Tech,0.497,0.352,0.411,0.506,56.8,124.0,61.8
2020,BB,NOC,Tech,0.560,0.457,0.177,0.647,-59.1,122.8,88.5
2020,BBSI,CIC,Indu,0.852,0.061,0.326,0.145,5.1,-4.8,30.8
2020,BCC,CIC,Basi,0.197,0.529,0.281,0.466,42.8,28.9,42.7
2020,BCPC,CIC,Basi,0.176,0.229,0.466,0.835,16.3,11.8,34.4
2020,BDC,NOC,Tech,0.492,0.706,0.914,0.673,-17.3,0.9,32.1
2020,BDN,NOC,Real,0.365,0.002,0.647,0.751,5.7,-31.0,21.5
2020,BE,CIC,Indu,0.671,0.946,0.008,0.168,-50.3,687.6,387.8
2020,BFC,NOC,Fina,0.664,0.638,0.872,0.040,-8.7,43.0,55.2
2020,BFH,NOC,Fina,0.705,0.503,0.144,0.920,-33.9,-36.9,19.1
2020,BGC,NOC,Fina,0.442,0.804,0.544,0.427,-51.6,107.1,66.5
2020,BIPC,NOC,Util,0.902,0.255,0.846,0.584,35.4,63.2,54.4
2020,BJRI,CIC,Cons,0.346,0.028,0.350,0.239,-15.9,25.4,36.9
2020,BKD,NOC,Heal,0.451,0.096,0.109,0.399,-14.7,-28.7,19.2
2020,BL,NOC,Tech,0.231,0.050,0.561,0.875,32.0,127.7,67.6
2020,BLBD,CIC,Cons,0.214,0.563,0.216,0.128,5.7,9.1,32.5
2020,BLX,NOC,Fina,0.517,0.962,0.982,0.228,-9.3,-23.9,22.7
2020,BOOT,CIC,Cons,0.258,0.104,0.576,0.375,80.1,38.1,41.6
2020,BOX,NOC,Tech,0.274,0.069,0.182,0.636,-39.8,26.7,41.9
2020,BRSP,NOC,Real,0.943,0.982,0.442,0.460,-30.5,-29.5,25.4
2020,BSM,CIC,Ener,0.919,0.960,0.104,0.598,-45.2,-5.2,31.4
2020,BTU,CIC,Ener,0.618,0.430,0.052,0.271,-71.0,-53.3,14.1
2020,BUSE,NOC,Fina,0.486,0.703,0.853,0.436,2.9,-13.8,28.0
2020,BVN,CIC,Basi,0.946,0.716,0.121,0.807,-24.6,-6.3,25.8
2020,BWMX,CIC,Cons,0.249,0.636,0.823,0.008,-7.7,361.2,160.6
2020,BY,NOC,Fina,0.459,0.680,0.651,0.209,18.6,-28.5,21.2
2020,BYD,CIC,Cons,0.020,0.616,0.503,0.908,22.8,55.7,47.1
2020,BZH,CIC,Cons,0.067,0.254,0.269,0.110,32.0,7.6,32.6
2020,CAC,NOC,Fina,0.599,0.043,0.800,0.191,17.1,-20.4,25.9
2020,CAKE,CIC,Cons,0.011,0.187,0.515,0.512,-11.9,22.4,36.0
2020,CALM,NOC,Cons,0.888,0.856,0.095,0.544,-10.3,-4.8,28.9
2020,CALX,NOC,Tech,0.226,0.249,0.274,0.093,-19.7,311.8,134.3
2020,CAMT,NOC,Tech,0.261,0.624,0.425,0.078,32.3,137.7,70.4
2020,CAPL,CIC,Ener,0.040,0.625,0.176,0.159,10.3,-9.6,28.4
2020,CAR,CIC,Indu,0.787,0.078,0.391,0.813,46.8,3.5,30.6
2020,CARE,NOC,Fina,0.934,0.572,0.454,0.112,27.9,-48.4,15.8
2020,CARG,CIC,Cons,0.021,0.310,0.706,0.898,-20.2,4.4,31.0
2020,CASH,NOC,Fina,0.706,0.893,0.387,0.413,62.2,4.2,33.8
2020,CATY,NOC,Fina,0.714,0.428,0.803,0.687,-19.5,17.5,43.9
2020,CBRL,CIC,Cons,0.098,0.066,0.422,0.891,-2.5,-1.2,32.8
2020,CBT,CIC,Basi,0.410,0.476,0.193,0.648,-16.6,9.4,32.1
2020,CCJ,CIC,Ener,0.869,0.700,0.512,0.838,-30.6,76.7,55.3
2020,CCNE,NOC,Fina,0.454,0.080,0.769,0.081,25.7,-27.9,22.9
2020,CCOI,NOC,Comm,0.165,0.012,0.612,0.861,54.9,-18.2,29.9
2020,CCS,CIC,Cons,0.112,0.781,0.656,0.301,33.2,52.0,44.8
2020,CCU,NOC,Cons,0.543,0.391,0.265,0.774,-43.2,3.6,34.0
2020,CDE,CIC,Basi,0.905,0.679,0.832,0.442,12.4,43.8,42.2
2020,CDNA,NOC,Heal,0.720,0.693,0.734,0.278,-27.4,243.7,123.9
2020,CERS,NOC,Heal,0.728,0.803,0.029,0.205,-14.1,24.2,34.2
2020,CFFN,NOC,Fina,0.384,0.817,0.922,0.534,1.5,-4.4,29.0
2020,CG,NOC,Fina,0.771,0.916,0.896,0.893,69.8,3.2,31.0
2020,CHEF,NOC,Cons,0.014,0.000,0.402,0.369,8.0,-23.4,22.8
2020,CIB,NOC,Fina,0.586,0.037,0.347,0.817,18.1,-34.2,17.7
2020,CIGI,NOC,Real,0.323,0.393,0.453,0.843,24.6,14.3,33.8
2020,CLDT,NOC,Real,0.636,0.165,0.300,0.193,-25.9,-13.1,28.4
2020,CLF,CIC,Basi,0.850,0.763,0.142,0.569,-39.2,135.1,64.8
2020,CLH,CIC,Indu,0.356,0.148,0.310,0.950,14.3,11.4,36.4
2020,CLS,NOC,Tech,0.006,0.431,0.110,0.327,-10.9,-2.3,31.7
2020,CMC,CIC,Basi,0.446,0.472,0.488,0.719,37.4,2.0,33.1
2020,CMCO,CIC,Indu,0.046,0.312,0.255,0.258,2.6,9.5,31.5
2020,CMP,CIC,Basi,0.722,0.231,0.549,0.576,11.2,9.7,34.1
2020,CMRE,CIC,Indu,0.797,0.653,0.867,0.197,71.7,-3.3,28.6
2020,CNK,NOC,Comm,0.095,0.292,0.306,0.852,-23.9,-21.8,20.6
2020,CNOB,NOC,Fina,0.911,0.795,0.869,0.252,22.8,-21.0,23.5
2020,CNS,NOC,Fina,0.326,0.246,0.876,0.824,81.3,7.7,34.3
2020,CNX,CIC,Ener,0.925,0.832,0.069,0.401,-42.3,77.3,53.8
2020,CODI,CIC,Indu,0.203,0.743,0.148,0.343,20.8,18.8,38.8
2020,COLL,NOC,Heal,0.904,0.258,0.200,0.199,50.0,20.4,44.0
2020,CPA,CIC,Indu,0.679,0.243,0.295,0.966,13.2,-27.3,21.6
2020,CPAC,CIC,Basi,0.225,0.303,0.578,0.214,-8.6,-7.3,28.2
2020,CPF,NOC,Fina,0.563,0.459,0.804,0.216,-2.6,-30.7,22.5
2020,CPK,NOC,Util,0.809,0.697,0.118,0.462,4.7,9.5,35.8
2020,CPS,CIC,Cons,0.580,0.338,0.089,0.017,-73.3,88.0,64.0
2020,CRAI,CIC,Indu,0.396,0.064,0.462,0.026,-10.9,32.7,44.4
2020,CRI,CIC,Cons,0.109,0.055,0.469,0.937,-3.4,-2.0,28.6
2020,CRK,CIC,Ener,0.894,0.971,0.972,0.463,-19.0,-2.7,34.7
2020,CROX,CIC,Cons,0.651,0.235,0.593,0.575,10.8,192.2,105.9
2020,CRS,CIC,Basi,0.278,0.317,0.402,0.587,-10.5,-18.7,24.7
2020,CRTO,NOC,Comm,0.099,0.118,0.292,0.261,-49.6,75.3,53.4
2020,CRUS,NOC,Tech,0.281,0.569,0.713,0.995,112.3,14.8,33.9
2020,CSIQ,NOC,Tech,0.823,0.937,0.427,0.309,-9.6,137.7,96.0
2020,CSTL,NOC,Heal,0.937,0.983,0.902,0.118,37.2,135.0,79.6
2020,CSW,CIC,Indu,0.235,0.309,0.534,0.318,33.8,70.9,53.2
2020,CSWC,NOC,Fina,0.986,0.940,0.005,0.038,-1.7,-13.3,25.4
2020,CTOS,CIC,Indu,0.313,0.884,0.783,0.156,-74.7,212.3,127.7
2020,CUBB,NOC,Fina,0.789,0.644,0.841,0.217,0.0,2.6,31.9
2020,CUBI,NOC,Fina,0.772,0.835,0.836,0.194,9.7,-3.0,30.9
2020,CVCO,CIC,Cons,0.128,0.307,0.602,0.567,30.4,-13.4,26.3
2020,CVI,CIC,Ener,0.532,0.651,0.167,0.731,-20.5,-33.0,19.0
2020,CVLT,NOC,Tech,0.248,0.147,0.174,0.609,-28.2,33.2,43.3
2020,CVSA,NOC,Cons,0.358,0.714,0.535,0.434,-42.9,46.0,57.6
2020,CWEN,NOC,Util,0.827,0.213,0.272,0.653,41.8,29.2,44.6
2020,CYD,CIC,Indu,0.335,0.593,0.749,0.116,-22.6,19.2,44.8
2020,CYRX,CIC,Indu,0.434,0.460,0.847,0.150,63.9,242.2,111.7
2020,CZR,CIC,Cons,0.466,0.879,0.202,0.913,8.3,74.7,58.0
2020,DAO,NOC,Cons,0.864,0.800,0.735,0.659,69.0,43.0,46.4
2020,DAR,NOC,Cons,0.674,0.180,0.711,0.956,21.6,142.2,81.0
2020,DBRG,NOC,Fina,0.584,0.344,0.208,0.546,-24.7,54.3,56.3
2020,DCH,CIC,Cons,0.361,0.810,0.038,0.289,-47.9,20.4,36.0
2020,DCO,CIC,Indu,0.202,0.029,0.546,0.099,0.8,32.1,38.9
2020,DCOM,NOC,Fina,0.879,0.841,0.528,0.326,10.3,5.7,31.4
2020,DDD,NOC,Tech,0.420,0.321,0.119,0.350,-27.5,250.0,108.8
2020,DDS,CIC,Cons,0.665,0.060,0.226,0.417,-14.2,37.3,48.0
2020,DEA,NOC,Real,0.280,0.443,0.930,0.520,37.3,-9.8,29.8
2020,DHC,NOC,Real,0.739,0.206,0.725,0.472,-42.5,-32.0,22.2
2020,DHT,CIC,Indu,0.976,0.843,0.925,0.284,44.1,3.3,32.2
2020,DIOD,NOC,Tech,0.115,0.278,0.471,0.708,34.0,64.0,50.9
2020,DK,CIC,Ener,0.615,0.925,0.185,0.529,-28.0,1.8,33.8
2020,DKL,CIC,Ener,0.549,0.657,0.336,0.162,-11.8,54.2,51.2
2020,DKS,CIC,Cons,0.110,0.122,0.338,0.792,3.6,113.8,68.3
2020,DLX,NOC,Comm,0.156,0.018,0.399,0.589,9.7,-25.8,21.9
2020,DMLP,CIC,Ener,0.754,0.739,0.835,0.113,-15.9,-3.4,35.3
2020,DQ,CIC,Ener,0.936,0.813,0.924,0.232,71.3,524.3,218.0
2020,DRH,NOC,Real,0.758,0.234,0.619,0.612,-2.5,-6.5,25.2
2020,DXPE,CIC,Indu,0.037,0.396,0.194,0.058,-27.4,47.5,45.2
2020,DY,CIC,Indu,0.465,0.284,0.203,0.286,-30.2,156.2,82.0
2020,EBF,CIC,Indu,0.239,0.216,0.472,0.063,-16.7,22.6,45.6
2020,ECHO,NOC,Comm,0.485,0.361,0.209,0.902,25.9,-44.9,15.0
2020,ECPG,NOC,Fina,0.171,0.298,0.683,0.287,-6.9,7.8,35.2
2020,ECVT,CIC,Basi,0.404,0.240,0.249,0.599,-9.3,16.3,25.3
2020,EFXT,CIC,Ener,0.480,0.622,0.752,0.183,-42.7,-13.0,23.5
2020,EGO,CIC,Basi,0.954,0.948,0.986,0.378,74.9,64.9,45.5
2020,ELF,NOC,Cons,0.362,0.214,0.500,0.254,82.9,30.6,39.6
2020,EMBJ,CIC,Indu,0.933,0.953,0.021,0.385,-65.4,48.4,55.0
2020,ENOV,NOC,Heal,0.817,0.315,0.235,0.803,48.6,-1.5,30.6
2020,ENR,CIC,Indu,0.732,0.777,0.797,0.873,8.2,-7.1,28.9
2020,ENS,CIC,Indu,0.043,0.142,0.495,0.829,-12.8,22.4,38.6
2020,ENVA,NOC,Fina,0.792,0.416,0.760,0.248,9.9,-5.2,30.4
2020,EPAC,CIC,Indu,0.775,0.783,0.035,0.329,-23.3,36.3,60.0
2020,EPC,NOC,Cons,0.575,0.058,0.309,0.610,-6.8,-11.9,26.8
2020,EQBK,NOC,Fina,0.948,0.870,0.569,0.021,-27.4,6.0,39.5
2020,EQT,CIC,Ener,0.826,0.939,0.003,0.408,-70.4,232.0,128.5
2020,ERO,CIC,Basi,0.913,0.976,0.106,0.148,-44.5,188.8,128.2
2020,ESI,CIC,Basi,0.106,0.815,0.414,0.734,-3.6,64.8,53.8
2020,ESRT,NOC,Real,0.540,0.081,0.546,0.910,-13.8,-25.5,21.9
2020,EVH,NOC,Heal,0.815,0.537,0.017,0.240,-30.5,104.1,68.5
2020,EVO,NOC,Heal,0.683,0.882,0.401,0.853,-7.8,55.1,59.7
2020,EXLS,NOC,Tech,0.026,0.110,0.497,0.702,20.7,9.8,40.1
2020,EXP,CIC,Basi,0.469,0.190,0.635,0.876,24.3,22.9,35.4
2020,FBK,NOC,Fina,0.625,0.552,0.798,0.196,-31.5,62.4,66.4
2020,FBNC,NOC,Fina,0.538,0.619,0.806,0.321,4.9,-4.6,30.4
2020,FBP,NOC,Fina,0.638,0.485,0.723,0.607,-7.0,-0.3,31.0
2020,FCF,NOC,Fina,0.495,0.488,0.757,0.411,2.9,-9.4,29.5
2020,FCFS,NOC,Fina,0.069,0.041,0.509,0.878,3.8,-34.9,19.9
2020,FCN,CIC,Indu,0.424,0.099,0.628,0.934,46.6,-0.1,33.5
2020,FCPT,NOC,Real,0.031,0.083,0.933,0.625,10.0,-11.1,26.8
2020,FFBC,NOC,Fina,0.616,0.852,0.671,0.688,-4.1,-23.3,22.8
2020,FHB,NOC,Fina,0.359,0.102,0.829,0.884,14.9,-11.7,28.4
2020,FHN,NOC,Fina,0.711,0.867,0.792,0.931,-15.1,7.6,39.7
2020,FIBK,NOC,Fina,0.318,0.463,0.746,0.685,-2.4,5.2,32.1
2020,FINV,NOC,Fina,0.514,0.761,0.627,0.072,-70.9,249.0,149.6
2020,FISI,NOC,Fina,0.628,0.144,0.662,0.090,13.3,-25.5,22.6
2020,FIVE,CIC,Cons,0.697,0.089,0.714,0.780,-55.3,261.0,162.1
2020,FIX,CIC,Indu,0.173,0.109,0.644,0.494,-12.5,40.5,46.7
2020,FLGT,NOC,Heal,0.846,0.806,0.791,0.002,238.8,508.5,206.8
2020,FLNG,CIC,Ener,0.992,0.930,0.962,0.031,-46.1,36.8,48.5
2020,FMBH,NOC,Fina,0.639,0.654,0.775,0.075,-22.7,47.2,48.0
2020,FN,NOC,Tech,0.008,0.437,0.417,0.674,11.8,23.9,36.3
2020,FNB,NOC,Fina,0.531,0.385,0.667,0.919,7.9,-11.2,25.2
2020,FORM,NOC,Tech,0.191,0.451,0.772,0.595,72.6,68.7,51.2
2020,FOXF,CIC,Cons,0.107,0.225,0.688,0.662,-0.7,133.6,82.6
2020,FRHC,NOC,Fina,0.761,0.992,0.716,0.277,87.1,251.4,107.0
2020,FRO,CIC,Indu,0.969,0.665,0.948,0.394,18.7,-5.4,36.1
2020,FRPT,NOC,Cons,0.116,0.049,0.709,0.737,92.7,117.8,76.1
2020,FSLY,NOC,Tech,0.292,0.121,0.278,0.650,2.5,296.5,119.1
2020,FSM,CIC,Basi,0.833,0.531,0.645,0.055,-26.3,159.8,97.1
2020,FSS,CIC,Indu,0.101,0.445,0.573,0.517,23.0,26.0,46.1
2020,FTAI,CIC,Indu,0.780,0.869,0.687,0.405,12.5,48.2,54.2
2020,FUL,CIC,Basi,0.122,0.687,0.268,0.703,13.3,7.3,33.5
2020,FULT,NOC,Fina,0.743,0.272,0.303,0.752,-0.2,-15.9,23.9
2020,FUN,CIC,Cons,0.257,0.300,0.353,0.795,4.7,-15.9,24.2
2020,FWRD,CIC,Indu,0.034,0.275,0.459,0.554,15.0,25.3,38.6
2020,GABC,NOC,Fina,0.535,0.446,0.839,0.274,16.1,-1.6,32.5
2020,GAIN,NOC,Fina,0.567,0.985,0.919,0.066,20.9,-22.3,22.9
2020,GBCI,NOC,Fina,0.211,0.456,0.821,0.922,2.8,8.2,32.1
2020,GBDC,NOC,Fina,0.709,0.830,0.988,0.676,-1.0,-17.9,24.6
2020,GBX,CIC,Indu,0.622,0.557,0.682,0.272,-27.9,27.7,38.8
2020,GEL,CIC,Ener,0.524,0.899,0.214,0.547,-28.7,-54.2,13.3
2020,GEO,CIC,Indu,0.133,0.035,0.434,0.618,-22.5,-50.2,15.1
2020,GGAL,NOC,Fina,0.784,0.850,0.920,0.601,-45.3,-50.8,11.4
2020,GIII,CIC,Cons,0.324,0.057,0.280,0.037,-80.5,312.4,184.8
2020,GILT,NOC,Tech,0.494,0.362,0.575,0.121,14.8,116.2,63.9
2020,GKOS,NOC,Heal,0.680,0.492,0.073,0.716,-9.4,56.9,57.3
2020,GLNG,CIC,Ener,0.972,0.988,0.543,0.352,-44.9,-4.1,32.2
2020,GLOB,NOC,Tech,0.081,0.141,0.786,0.986,84.6,73.8,51.6
2020,GNL,NOC,Real,0.320,0.006,0.850,0.524,13.4,-8.9,29.8
2020,GOLF,CIC,Cons,0.093,0.222,0.451,0.557,2.6,72.0,62.9
2020,GOOS,CIC,Cons,0.755,0.907,0.794,0.869,-38.2,10.5,32.9
2020,GPK,CIC,Cons,0.217,0.639,0.365,0.972,30.4,0.3,31.4
2020,GPRK,CIC,Ener,0.298,0.919,0.586,0.310,-4.1,-2.7,29.2
2020,GRBK,CIC,Cons,0.066,0.339,0.699,0.130,22.1,77.5,57.0
2020,GRC,CIC,Indu,0.141,0.286,0.252,0.265,6.1,-9.3,27.8
2020,GRPN,NOC,Comm,0.610,0.205,0.101,0.538,-23.0,-36.8,17.4
2020,GSAT,NOC,Comm,0.546,0.364,0.026,0.266,-16.2,301.7,142.3
2020,GT,CIC,Cons,0.144,0.107,0.242,0.714,-38.1,10.1,33.5
2020,GTN,NOC,Comm,0.899,0.901,0.963,0.511,-17.7,10.3,40.3
2020,HAFC,NOC,Fina,0.855,0.662,0.754,0.139,-9.6,-34.1,21.4
2020,HAPN,NOC,Fina,0.890,0.265,0.298,0.353,-27.1,-15.3,20.9
2020,HASI,NOC,Fina,0.971,0.936,0.815,0.729,61.2,57.5,46.8
2020,HBM,CIC,Basi,0.887,0.734,0.162,0.237,-49.0,119.1,65.1
2020,HCC,CIC,Ener,0.950,0.862,0.058,0.295,-30.3,25.7,33.0
2020,HCI,NOC,Fina,0.777,0.592,0.697,0.054,0.4,56.3,49.9
2020,HCXY,NOC,Fina,0.873,0.928,0.928,0.763,10.9,-4.0,26.1
2020,HELE,NOC,Cons,0.295,0.139,0.622,0.976,57.9,24.8,36.7
2020,HESM,CIC,Ener,0.370,0.500,0.914,0.393,11.2,-6.7,30.3
2020,HFWA,NOC,Fina,0.182,0.613,0.680,0.242,-29.9,3.4,36.8
2020,HGV,CIC,Cons,0.702,0.728,0.173,0.671,-14.1,42.2,49.1
2020,HHH,NOC,Real,0.870,0.972,0.034,0.503,-54.1,88.3,74.2
2020,HIFS,NOC,Fina,0.795,0.769,0.971,0.070,4.4,11.0,31.9
2020,HIMX,NOC,Tech,0.379,0.407,0.136,0.235,18.4,129.1,64.9
2020,HLI,NOC,Fina,0.104,0.327,0.685,0.844,21.2,28.5,39.0
2020,HLIO,CIC,Indu,0.041,0.797,0.283,0.388,2.4,65.2,48.8
2020,HLIT,NOC,Tech,0.769,0.479,0.414,0.188,36.2,5.5,30.9
2020,HLNE,NOC,Fina,0.691,0.719,0.807,0.570,61.4,16.6,34.3
2020,HLX,CIC,Ener,0.856,0.694,0.381,0.330,10.1,-34.2,21.8
2020,HNI,CIC,Cons,0.223,0.101,0.420,0.482,-9.0,-6.6,22.9
2020,HOMB,NOC,Fina,0.433,0.442,0.833,0.836,16.6,4.4,32.7
2020,HOPE,NOC,Fina,0.737,0.072,0.592,0.523,5.0,-15.8,26.8
2020,HP,CIC,Ener,0.644,0.674,0.113,0.954,-24.3,-33.9,22.0
2020,HQY,NOC,Heal,0.835,0.942,0.991,0.801,-46.7,79.3,83.1
2020,HRTG,NOC,Fina,0.839,0.263,0.596,0.012,-23.5,-10.5,31.7
2020,HTGC,NOC,Fina,0.873,0.933,0.899,0.489,19.1,-0.5,27.1
2020,HTH,NOC,Fina,0.436,0.381,0.703,0.635,27.3,27.4,38.6
2020,HTLD,CIC,Indu,0.633,0.566,0.580,0.488,1.0,-6.6,26.1
2020,HUBG,CIC,Indu,0.254,0.480,0.150,0.518,21.8,0.0,29.5
2020,HUN,CIC,Basi,0.401,0.528,0.076,0.991,-6.3,31.2,39.5
2020,HURN,CIC,Indu,0.307,0.084,0.517,0.419,17.8,-4.9,31.6
2020,HUYA,NOC,Comm,0.216,0.778,0.882,0.839,-41.2,70.6,79.9
2020,HWC,NOC,Fina,0.462,0.294,0.817,0.896,11.0,-8.4,27.9
2020,HWKN,CIC,Basi,0.416,0.280,0.217,0.076,0.9,17.4,33.5
2020,IBCP,NOC,Fina,0.547,0.586,0.719,0.101,1.2,-16.4,24.8
2020,IBOC,NOC,Fina,0.439,0.177,0.758,0.642,-13.1,29.8,47.5
2020,ICFI,CIC,Indu,0.251,0.153,0.393,0.443,7.7,10.1,40.2
2020,ICUI,NOC,Heal,0.576,0.673,0.205,0.940,-18.5,9.6,40.1
2020,IDCC,NOC,Tech,0.861,0.827,0.885,0.573,-9.4,6.9,31.7
2020,IESC,CIC,Indu,0.058,0.291,0.491,0.107,46.3,99.1,61.9
2020,IIIN,CIC,Indu,0.781,0.523,0.164,0.080,11.6,7.5,33.7
2020,ILPT,NOC,Real,0.147,0.709,0.979,0.446,10.6,-3.5,32.8
2020,IMAX,NOC,Comm,0.719,0.535,0.705,0.307,-17.9,26.7,29.6
2020,INDB,NOC,Fina,0.430,0.615,0.907,0.680,-16.8,13.0,41.2
2020,INMD,NOC,Heal,0.437,0.711,0.957,0.495,199.6,69.1,50.1
2020,INN,NOC,Real,0.927,0.384,0.436,0.304,-12.3,-0.3,33.1
2020,INSP,NOC,Heal,0.448,0.424,0.636,0.541,39.5,184.8,94.6
2020,IOSP,CIC,Basi,0.157,0.268,0.358,0.700,37.4,-3.4,29.2
2020,IRT,NOC,Real,0.148,0.245,0.864,0.430,53.7,-9.6,26.9
2020,IRTC,NOC,Heal,0.294,0.194,0.301,0.619,-4.6,90.3,69.6
2020,ITIC,NOC,Fina,0.763,0.745,0.943,0.005,-3.6,-0.5,30.9
2020,ITRI,NOC,Tech,0.263,0.350,0.385,0.804,27.5,23.9,38.6
2020,IVT,NOC,Real,0.277,0.119,0.843,0.263,-19.4,-4.0,29.5
2020,JBTM,CIC,Indu,0.399,0.355,0.537,0.665,-20.5,79.9,70.9
2020,JOE,NOC,Real,0.953,0.963,0.994,0.356,27.4,159.5,84.8
2020,JOYY,NOC,Comm,0.573,0.627,0.870,0.849,-40.7,153.6,115.9
2020,KAI,CIC,Indu,0.234,0.564,0.566,0.398,28.5,30.9,39.5
2020,KBH,CIC,Cons,0.167,0.330,0.607,0.846,68.6,-9.0,27.6
2020,KEN,NOC,Util,0.804,0.182,0.355,0.349,15.8,61.3,48.8
2020,KEX,CIC,Indu,0.271,0.809,0.154,0.977,3.7,-34.3,19.9
2020,KFRC,CIC,Indu,0.028,0.157,0.220,0.223,-0.6,28.1,39.9
2020,KFY,CIC,Indu,0.072,0.203,0.439,0.497,-32.1,79.3,68.8
2020,KLIC,NOC,Tech,0.199,0.717,0.243,0.514,25.5,36.1,44.0
2020,KNSL,NOC,Fina,0.806,0.590,0.931,0.749,102.9,52.5,45.3
2020,KOS,CIC,Ener,0.962,0.839,0.940,0.480,-36.5,-32.2,22.5
2020,KRG,NOC,Real,0.092,0.173,0.618,0.448,6.3,-3.1,28.6
2020,KRNT,CIC,Indu,0.688,0.170,0.722,0.515,105.2,128.1,70.8
2020,KRNY,NOC,Fina,0.578,0.755,0.446,0.317,-0.8,-23.1,23.3
2020,KRO,CIC,Basi,0.859,0.483,0.382,0.268,-47.6,90.4,71.2
2020,KTOS,CIC,Indu,0.174,0.635,0.489,0.615,12.3,55.6,49.3
2020,KWR,CIC,Basi,0.265,0.829,0.942,0.740,-25.2,88.8,62.7
2020,LAD,CIC,Cons,0.005,0.252,0.424,0.791,56.1,162.0,74.7
2020,LCII,CIC,Cons,0.245,0.555,0.388,0.722,39.4,40.3,42.7
2020,LFUS,NOC,Tech,0.456,0.801,0.157,0.953,5.6,45.5,47.0
2020,LGIH,CIC,Cons,0.153,0.722,0.862,0.596,36.4,44.2,47.9
2020,LILA,NOC,Comm,0.102,0.093,0.523,0.602,-7.8,-37.1,15.4
2020,LIND,CIC,Cons,0.746,0.359,0.286,0.161,-3.1,48.1,41.7
2020,LIVN,NOC,Heal,0.554,0.232,0.028,0.786,-31.0,18.2,38.6
2020,LNN,CIC,Indu,0.631,0.509,0.341,0.335,21.4,31.1,37.8
2020,LNTH,NOC,Heal,0.161,0.145,0.486,0.171,-12.9,17.8,39.5
2020,LOB,NOC,Fina,0.853,0.864,0.945,0.225,27.8,136.5,74.8
2020,LOPE,NOC,Cons,0.898,0.748,0.875,0.930,-10.5,20.9,35.5
2020,LPG,CIC,Ener,0.982,0.954,0.959,0.182,128.0,-6.3,27.4
2020,LPL,NOC,Tech,0.699,0.156,0.086,0.960,-32.7,66.1,55.2
2020,LPX,CIC,Basi,0.896,0.580,0.078,0.887,24.3,31.6,40.8
2020,LRN,NOC,Cons,0.385,0.159,0.408,0.208,-24.3,29.4,43.4
2020,LSCC,NOC,Tech,0.653,0.162,0.526,0.732,142.7,144.0,75.8
2020,LXP,NOC,Real,0.667,0.517,0.659,0.771,25.3,-7.4,27.5
2020,LZB,CIC,Cons,0.187,0.124,0.407,0.450,0.9,25.5,38.0
2020,M,CIC,Cons,0.268,0.090,0.271,0.968,-40.9,4.7,34.8
2020,MAC,NOC,Real,0.690,0.011,0.558,0.867,-41.8,-47.6,16.1
2020,MAIN,NOC,Fina,0.920,0.924,0.910,0.682,-1.2,-4.2,35.0
2020,MATV,CIC,Basi,0.339,0.164,0.289,0.298,-3.3,30.3,38.7
2020,MATX,CIC,Indu,0.382,0.176,0.225,0.468,3.2,108.0,69.1
2020,MBIN,NOC,Fina,0.766,0.702,0.960,0.060,-26.1,100.3,94.1
2020,MBWM,NOC,Fina,0.604,0.151,0.774,0.131,1.7,-17.6,23.4
2020,MC,NOC,Fina,0.847,0.792,0.248,0.622,-13.7,39.0,43.9
2020,MCB,NOC,Fina,0.844,0.713,0.927,0.000,-2.6,38.3,51.6
2020,MCBS,NOC,Fina,0.596,0.358,0.898,0.006,-1.5,37.5,60.1
2020,MCFT,CIC,Cons,0.515,0.768,0.145,0.034,-15.5,46.4,46.2
2020,MCHB,NOC,Fina,0.523,0.904,0.139,0.153,-4.4,42.5,51.4
2020,MCRI,CIC,Cons,0.956,0.009,0.474,0.096,-41.0,132.6,91.3
2020,MCS,NOC,Comm,0.505,0.332,0.587,0.306,-18.9,-39.1,14.7
2020,MCY,NOC,Fina,0.735,0.491,0.570,0.772,8.1,4.2,32.4
2020,MDXG,NOC,Heal,0.450,0.601,0.084,0.067,-68.1,155.6,104.8
2020,MEDP,NOC,Heal,0.364,0.682,0.720,0.882,40.3,69.9,58.1
2020,MEI,NOC,Tech,0.139,0.248,0.665,0.339,1.9,33.1,42.0
2020,MEOH,CIC,Basi,0.966,0.824,0.583,0.748,-35.7,-8.6,29.7
2020,MGNI,NOC,Comm,0.924,0.836,0.505,0.167,112.7,377.5,156.0
2020,MGRC,CIC,Indu,0.286,0.154,0.732,0.532,42.6,5.8,35.2
2020,MGY,CIC,Ener,1.000,0.913,0.229,0.471,-26.0,9.1,31.0
2020,MHO,CIC,Cons,0.084,0.220,0.376,0.379,47.3,14.5,33.4
2020,MLAB,NOC,Heal,0.757,0.217,0.330,0.320,10.2,11.9,32.7
2020,MLI,CIC,Indu,0.297,0.304,0.277,0.531,8.6,4.7,30.8
2020,MLKN,CIC,Cons,0.055,0.008,0.460,0.255,-56.8,174.5,123.3
2020,MLR,CIC,Cons,0.064,0.379,0.531,0.023,-10.6,37.1,43.1
2020,MMI,NOC,Real,0.570,0.333,0.443,0.431,-6.0,3.8,30.8
2020,MMYT,CIC,Cons,0.818,0.740,0.245,0.797,7.2,0.5,27.5
2020,MOD,CIC,Indu,0.057,0.402,0.131,0.046,-46.5,72.2,52.2
2020,MOMO,NOC,Comm,0.587,0.583,0.884,0.988,-41.9,-31.4,29.5
2020,MRCY,CIC,Indu,0.387,0.514,0.690,0.942,54.1,-9.5,28.4
2020,MSBI,NOC,Fina,0.656,0.448,0.765,0.177,19.3,-33.5,19.8
2020,MSGS,NOC,Comm,0.752,0.511,0.213,0.858,5.1,16.9,35.1
2020,MTH,CIC,Cons,0.220,0.200,0.560,0.728,69.7,35.3,44.0
2020,MTRN,CIC,Basi,0.269,0.404,0.228,0.333,-1.1,25.0,37.4
2020,MTX,CIC,Basi,0.052,0.167,0.369,0.558,-5.8,16.4,37.0
2020,MTZ,CIC,Indu,0.336,0.526,0.187,0.905,21.3,70.2,62.2
2020,MUR,CIC,Ener,0.824,0.497,0.344,0.827,-22.4,-34.0,20.0
2020,MUSA,CIC,Cons,0.151,0.343,0.240,0.862,40.3,13.6,36.7
2020,MWA,CIC,Indu,0.369,0.138,0.520,0.552,22.0,0.9,30.9
2020,MXL,NOC,Tech,0.491,0.604,0.060,0.425,0.6,64.8,50.0
2020,MYE,CIC,Cons,0.330,0.237,0.141,0.089,-28.8,76.5,57.6
2020,MYRG,CIC,Indu,0.131,0.595,0.673,0.064,-15.0,134.6,73.8
2020,NAVI,NOC,Fina,0.979,0.596,0.777,0.794,27.7,-18.3,26.1
2020,NBHC,NOC,Fina,0.621,0.599,0.728,0.338,11.8,-0.7,30.4
2020,NBR,CIC,Ener,0.275,0.505,0.498,0.231,-24.1,-23.3,20.8
2020,NEOG,NOC,Heal,0.087,0.073,0.457,0.821,10.5,34.8,57.1
2020,NIC,NOC,Fina,0.119,0.405,0.855,0.190,17.2,12.2,38.4
2020,NMFC,NOC,Fina,0.965,0.846,0.873,0.428,-2.8,-10.7,29.2
2020,NNI,NOC,Fina,0.791,0.823,0.763,0.630,3.2,30.9,47.9
2020,NOG,CIC,Ener,0.980,0.950,0.055,0.035,-60.2,51.6,67.1
2020,NOMD,NOC,Cons,0.208,0.367,0.375,0.879,-8.6,36.5,49.9
2020,NOVT,NOC,Tech,0.060,0.512,0.367,0.826,9.0,43.8,44.7
2020,NPO,CIC,Indu,0.916,0.612,0.018,0.372,-10.6,31.6,43.7
2020,NTCT,NOC,Tech,0.391,0.369,0.523,0.580,6.9,12.4,34.1
2020,NTRA,NOC,Heal,0.749,0.274,0.096,0.726,108.7,224.5,107.8
2020,NVMI,NOC,Tech,0.471,0.546,0.589,0.362,71.2,100.4,60.0
2020,NVT,CIC,Indu,0.080,0.070,0.430,0.969,7.0,-9.9,28.5
2020,NWPX,CIC,Indu,0.807,0.905,0.787,0.011,34.7,6.1,34.0
2020,NX,CIC,Basi,0.341,0.026,0.239,0.125,-2.1,48.0,46.7
2020,NXRT,NOC,Real,0.283,0.502,0.621,0.387,31.7,-14.8,25.8
2020,NXST,NOC,Comm,0.717,0.532,0.888,0.992,12.8,20.1,39.5
2020,OCFC,NOC,Fina,0.349,0.731,0.552,0.376,-2.6,-25.7,23.6
2020,OCSL,NOC,Fina,0.765,0.969,0.557,0.202,8.3,8.2,31.9
2020,OFG,NOC,Fina,0.917,0.544,0.133,0.297,2.2,-3.9,30.6
2020,OIS,CIC,Ener,0.544,0.873,0.090,0.170,-36.6,-38.4,18.1
2020,OLN,CIC,Basi,0.650,0.520,0.087,0.694,-34.0,50.1,43.2
2020,OMAB,CIC,Indu,0.907,0.482,0.891,0.812,46.9,-26.9,22.3
2020,OMCL,NOC,Heal,0.255,0.174,0.610,0.885,34.0,34.9,36.2
2020,ONB,NOC,Fina,0.317,0.188,0.653,0.789,12.3,0.2,28.5
2020,ONTO,NOC,Tech,0.865,0.861,0.905,0.341,35.1,41.0,41.6
2020,OPCH,NOC,Heal,0.821,0.994,1.000,0.697,28.3,37.2,43.8
2020,OPI,NOC,Real,0.035,0.683,0.908,0.486,13.4,-27.8,21.5
2020,OPK,NOC,Heal,0.630,0.408,0.032,0.243,-50.4,303.6,142.0
2020,OPRA,NOC,Comm,0.862,0.931,0.989,0.246,-15.9,62.3,54.5
2020,OPY,NOC,Fina,0.240,0.335,0.795,0.041,2.8,11.3,35.4
2020,OR,CIC,Basi,0.977,0.995,0.002,0.454,1.1,4.6,27.5
2020,OSBC,NOC,Fina,0.422,0.242,0.739,0.049,-4.0,-21.7,25.0
2020,OSIS,NOC,Tech,0.096,0.125,0.384,0.509,27.0,-2.8,29.8
2020,OSPN,NOC,Tech,0.696,0.576,0.494,0.164,-2.4,54.5,54.1
2020,OSW,CIC,Cons,0.209,0.092,0.335,0.281,13.8,-9.6,28.9
2020,OUT,NOC,Real,0.555,0.136,0.638,0.928,31.9,-24.4,25.4
2020,OVV,CIC,Ener,0.931,0.934,0.049,0.943,-55.3,40.0,41.1
2020,OXM,CIC,Cons,0.457,0.032,0.297,0.180,-48.5,99.9,76.9
2020,OZK,NOC,Fina,0.768,0.494,0.768,0.911,11.6,12.4,35.2
2020,P,CIC,Indu,0.407,0.349,0.476,0.901,-26.5,69.8,61.2
2020,PAGP,CIC,Ener,0.708,0.656,0.313,0.783,-27.2,-43.7,17.9
2020,PAHC,NOC,Heal,0.086,0.191,0.307,0.283,-29.5,-11.3,28.5
2020,PATK,CIC,Cons,0.023,0.725,0.356,0.291,39.7,25.8,37.3
2020,PBH,NOC,Heal,0.150,0.179,0.674,0.644,66.5,-9.0,26.8
2020,PCRX,NOC,Heal,0.635,0.211,0.661,0.604,21.5,57.6,43.4
2020,PD,NOC,Tech,0.145,0.372,0.541,0.344,-61.0,174.6,123.3
2020,PDM,NOC,Real,0.076,0.228,0.858,0.784,22.1,-30.7,22.0
2020,PDS,CIC,Ener,0.606,0.664,0.130,0.047,-41.6,-11.4,26.4
2020,PEB,NOC,Real,0.740,0.927,0.904,0.815,-26.1,-8.2,25.0
2020,PENN,CIC,Cons,0.075,0.812,0.479,0.917,35.5,212.5,92.1
2020,PFS,NOC,Fina,0.760,0.320,0.648,0.437,-13.3,-17.9,26.1
2020,PFSI,NOC,Fina,0.991,0.849,0.980,0.761,68.6,75.8,51.8
2020,PGNY,NOC,Heal,0.142,0.150,0.974,0.505,72.1,87.0,63.9
2020,PHR,NOC,Heal,0.344,0.373,0.252,0.211,-12.2,131.0,76.7
2020,PI,NOC,Tech,0.044,0.677,0.246,0.151,46.2,125.6,79.2
2020,PJT,NOC,Fina,0.619,0.775,0.894,0.485,19.0,44.9,41.5
2020,PK,NOC,Real,0.350,0.261,0.726,0.983,-36.4,14.6,38.1
2020,PKE,CIC,Indu,0.670,0.865,0.789,0.018,-18.2,-16.8,24.0
2020,PLUS,NOC,Tech,0.113,0.427,0.664,0.324,3.6,4.3,31.7
2020,PLXS,NOC,Tech,0.047,0.098,0.468,0.670,45.2,3.7,30.3
2020,PNFP,NOC,Fina,0.668,0.826,0.801,0.985,18.9,12.8,32.0
2020,POWI,NOC,Tech,0.032,0.450,0.992,0.766,44.4,73.0,53.6
2020,POWL,CIC,Indu,0.488,0.567,0.593,0.086,43.4,-28.2,21.1
2020,PPLI,NOC,Comm,0.378,0.853,0.041,0.946,33.1,146.5,70.5
2020,PR,CIC,Ener,0.942,0.979,0.599,0.245,-79.0,40.1,43.9
2020,PRDO,NOC,Cons,0.375,0.223,0.650,0.404,31.9,-26.0,19.5
2020,PRIM,CIC,Indu,0.315,0.749,0.170,0.315,-9.1,50.6,52.6
2020,PRMB,NOC,Cons,0.783,0.575,0.124,0.373,-39.8,79.1,70.6
2020,PVH,CIC,Cons,0.168,0.202,0.291,0.664,-70.6,200.2,127.0
2020,QCRH,NOC,Fina,0.673,0.696,0.731,0.102,-7.6,25.1,51.9
2020,QDEL,NOC,Heal,0.598,0.966,0.746,0.847,30.8,172.3,81.3
2020,QFIN,NOC,Fina,0.820,0.957,0.951,0.433,-41.6,199.3,93.3
2020,QNST,NOC,Comm,0.402,0.589,0.437,0.173,-32.1,74.7,53.0
2020,RBA,CIC,Indu,0.745,0.875,0.450,0.959,7.9,41.9,54.5
2020,RBC,CIC,Indu,0.038,0.076,0.584,0.613,3.3,48.5,43.4
2020,RDNT,NOC,Heal,0.590,0.257,0.589,0.203,-4.4,24.7,53.1
2020,REAL,CIC,Cons,0.333,0.621,0.893,0.391,-48.2,88.5,65.9
2020,RES,CIC,Ener,0.731,0.786,0.031,0.300,-54.2,-21.0,25.7
2020,RGNX,NOC,Heal,0.914,1.000,0.000,0.502,-10.8,-13.9,26.8
2020,RGR,CIC,Indu,0.569,0.469,0.179,0.269,-12.8,33.3,39.2
2020,RHP,NOC,Real,0.521,0.413,0.771,0.925,-5.8,-4.3,29.8
2020,RIG,CIC,Ener,0.372,0.419,0.180,0.725,-49.5,-20.9,23.0
2020,RLJ,NOC,Real,0.468,0.859,0.413,0.691,-21.1,8.2,36.3
2020,RMBS,NOC,Tech,0.882,0.690,0.054,0.477,65.2,30.4,40.0
2020,RNST,NOC,Fina,0.453,0.411,0.613,0.483,-25.7,34.5,50.2
2020,ROAD,CIC,Indu,0.394,0.465,0.485,0.226,37.4,94.1,59.4
2020,ROG,NOC,Tech,0.089,0.324,0.165,0.593,-18.9,57.6,46.8
2020,RPD,NOC,Tech,0.159,0.239,0.521,0.800,56.1,42.4,43.4
2020,RRC,CIC,Ener,0.893,0.858,0.047,0.176,-75.0,274.6,135.7
2020,RRX,CIC,Indu,0.070,0.440,0.161,0.818,1.4,64.4,55.7
2020,RUN,NOC,Tech,0.798,0.671,0.092,0.696,30.7,208.6,112.8
2020,RUSHA,CIC,Cons,0.078,0.466,0.128,0.347,15.6,42.4,42.4
2020,RVLV,CIC,Cons,0.425,0.313,0.440,0.416,-43.2,92.1,63.4
2020,RYN,NOC,Real,0.813,0.667,0.554,0.907,1.0,4.1,31.6
2020,SAH,CIC,Cons,0.000,0.116,0.358,0.381,81.6,52.4,44.8
2020,SANM,NOC,Tech,0.015,0.534,0.112,0.661,19.9,-0.9,32.1
2020,SBCF,NOC,Fina,0.552,0.486,0.700,0.457,4.8,6.8,31.7
2020,SBGI,NOC,Comm,0.838,0.771,0.956,0.624,-32.9,55.3,50.7
2020,SBLK,CIC,Indu,0.922,0.894,0.743,0.229,7.1,67.1,49.1
2020,SBRA,NOC,Real,0.884,0.968,0.911,0.957,17.3,-20.0,26.5
2020,SBSI,NOC,Fina,0.427,0.732,0.312,0.359,8.0,-6.0,31.3
2020,SFM,NOC,Cons,0.073,0.021,0.378,0.550,-31.1,33.9,36.9
2020,SFNC,NOC,Fina,0.595,0.766,0.917,0.745,-1.8,2.9,32.5
2020,SGRY,NOC,Heal,0.381,0.758,0.508,0.142,-6.8,234.4,107.5
2020,SHAK,CIC,Cons,0.232,0.087,0.550,0.693,40.8,70.4,54.0
2020,SHEN,NOC,Comm,0.242,0.063,0.206,0.667,7.1,-4.5,31.7
2020,SHO,NOC,Real,0.624,0.005,0.572,0.777,-4.7,-16.4,24.6
2020,SHOO,CIC,Cons,0.177,0.067,0.361,0.705,-3.6,16.1,42.5
2020,SID,CIC,Basi,0.693,0.422,0.258,0.537,-55.3,369.6,154.9
2020,SIG,CIC,Cons,0.734,0.095,0.362,0.122,-65.8,523.4,251.8
2020,SIMO,NOC,Tech,0.306,0.642,0.784,0.500,31.4,7.6,32.0
2020,SITM,NOC,Tech,0.908,0.911,0.615,0.020,110.2,387.7,148.0
2020,SKT,NOC,Real,0.170,0.046,0.849,0.410,-33.3,-4.9,33.3
2020,SKY,CIC,Cons,0.498,0.573,0.260,0.590,114.8,-7.1,27.5
2020,SLAB,NOC,Tech,0.083,0.378,0.317,0.971,33.7,35.0,43.6
2020,SLM,NOC,Fina,0.794,0.549,0.745,0.894,-4.2,43.7,45.8
2020,SLRC,NOC,Fina,0.989,0.872,0.006,0.257,-0.8,-10.0,24.3
2020,SM,CIC,Ener,0.998,0.720,0.171,0.109,-52.9,200.4,88.3
2020,SMCI,NOC,Tech,0.291,0.723,0.183,0.439,105.1,11.3,31.8
2020,SMP,CIC,Cons,0.138,0.219,0.304,0.364,8.1,-18.9,21.5
2020,SMPL,NOC,Cons,0.526,0.341,0.780,0.654,24.7,22.6,36.5
2020,SMTC,NOC,Tech,0.612,0.521,0.156,0.639,-39.1,113.9,83.7
2020,SNX,NOC,Tech,0.310,0.287,0.540,0.832,48.4,34.7,42.2
2020,SONO,NOC,Tech,0.506,0.434,0.598,0.491,14.0,128.6,72.2
2020,SPB,NOC,Cons,0.414,0.760,0.159,0.760,27.9,33.5,43.5
2020,SPH,NOC,Util,0.928,0.794,0.294,0.414,0.2,-30.3,20.5
2020,SPT,NOC,Tech,0.503,0.128,0.020,0.050,6.6,296.6,130.3
2020,SR,NOC,Util,0.841,0.417,0.396,0.951,11.1,-28.1,21.6
2020,SRCE,NOC,Fina,0.352,0.474,0.670,0.384,11.0,-14.0,26.4
2020,SSB,NOC,Fina,0.541,0.641,0.677,0.723,19.8,-2.6,32.8
2020,SSD,CIC,Basi,0.428,0.161,0.529,0.881,37.1,19.9,39.4
2020,SSRM,CIC,Basi,0.858,0.820,0.950,0.656,32.2,-12.3,26.3
2020,SSYS,NOC,Tech,0.003,0.112,0.125,0.280,-24.0,97.8,61.5
2020,STAA,NOC,Heal,0.179,0.462,0.668,0.407,-22.1,286.3,126.2
2020,STAG,NOC,Real,0.205,0.040,0.810,0.963,18.9,-4.2,28.5
2020,STNG,CIC,Indu,0.945,0.454,0.881,0.402,20.3,-32.0,19.7
2020,STRA,NOC,Cons,0.589,0.922,0.564,0.823,1.9,-38.6,21.0
2020,STRL,CIC,Indu,0.121,0.647,0.755,0.043,-8.5,75.5,58.1
2020,SUN,CIC,Ener,0.196,0.902,0.321,0.690,1.4,4.9,30.8
2020,SWBI,CIC,Indu,0.482,0.433,0.352,0.069,-8.2,103.4,64.2
2020,SXC,CIC,Basi,0.303,0.086,0.390,0.084,-44.6,-1.3,31.6
2020,SXI,CIC,Indu,0.405,0.365,0.343,0.275,-5.8,13.8,36.3
2020,SYNA,NOC,Tech,0.645,0.306,0.231,0.677,71.6,50.0,44.2
2020,TAC,NOC,Util,0.849,0.297,0.324,0.633,26.2,12.2,35.3
2020,TAL,NOC,Cons,0.472,0.550,0.859,0.872,74.3,30.4,40.5
2020,TBBK,NOC,Fina,0.648,0.898,0.606,0.061,-14.7,120.9,87.9
2020,TDAY,NOC,Comm,0.206,0.685,0.809,0.057,-63.4,16.9,42.7
2020,TEN,CIC,Ener,0.127,0.888,0.188,0.185,-19.4,-21.9,32.9
2020,TENB,NOC,Tech,0.183,0.199,0.237,0.746,-2.0,77.3,52.2
2020,TEO,NOC,Comm,0.135,0.998,0.037,0.850,-47.4,-30.8,30.0
2020,TEX,CIC,Indu,0.130,0.648,0.067,0.549,-25.3,46.0,43.3
2020,TFII,CIC,Indu,0.647,0.336,0.642,0.755,6.7,116.8,65.0
2020,THC,NOC,Heal,0.017,0.106,0.419,0.864,35.0,60.0,53.8
2020,THO,CIC,Cons,0.502,0.780,0.878,0.758,-17.0,153.7,90.0
2020,THRM,CIC,Cons,0.219,0.269,0.234,0.474,17.2,44.6,35.5
2020,TKC,NOC,Comm,0.413,0.587,0.346,1.000,-18.3,2.3,30.1
2020,TKR,CIC,Indu,0.136,0.329,0.339,0.948,35.6,40.9,42.4
2020,TMDX,NOC,Heal,0.957,0.791,0.014,0.009,-33.1,142.1,80.2
2020,TNET,CIC,Indu,0.260,0.014,0.483,0.870,2.6,66.1,50.6
2020,TOWN,NOC,Fina,0.460,0.289,0.691,0.581,10.5,-15.4,25.1
2020,TPB,NOC,Cons,0.164,0.498,0.044,0.098,-43.3,123.7,78.5
2020,TRIP,CIC,Cons,0.024,0.127,0.261,0.939,-49.6,25.0,37.3
2020,TRMD,CIC,Ener,0.829,0.326,0.953,0.115,18.5,17.0,44.3
2020,TRMK,NOC,Fina,0.347,0.183,0.624,0.621,9.4,-8.3,29.8
2020,TRN,CIC,Indu,0.398,0.547,0.625,0.720,-15.1,45.9,38.3
2020,TROX,CIC,Basi,0.801,0.890,0.901,0.312,-37.0,150.1,89.6
2020,TRST,NOC,Fina,0.676,0.283,0.827,0.220,7.2,-12.1,27.3
2020,TRTX,NOC,Real,0.061,0.208,0.861,0.459,3.4,-46.7,14.4
2020,TSEM,NOC,Tech,0.477,0.054,0.199,0.657,19.8,52.2,45.7
2020,TSLX,NOC,Fina,0.751,0.789,0.968,0.445,9.3,-4.9,27.9
2020,TTEK,CIC,Indu,0.162,0.226,0.506,0.998,77.7,49.3,48.5
2020,TTMI,NOC,Tech,0.301,0.370,0.320,0.583,24.7,-8.7,27.7
2020,TWO,NOC,Real,0.872,0.991,0.998,0.965,5.9,-58.5,13.1
2020,TX,CIC,Basi,0.812,0.729,0.151,0.916,-34.7,53.9,41.9
2020,UBSI,NOC,Fina,0.641,0.543,0.740,0.855,-2.4,-5.8,28.8
2020,UCB,NOC,Fina,0.411,0.420,0.737,0.572,-10.5,37.4,47.0
2020,UCTT,NOC,Tech,0.327,0.699,0.410,0.303,108.0,95.7,57.5
2020,UFPI,CIC,Basi,0.222,0.394,0.287,0.798,53.3,20.5,31.7
2020,UFPT,NOC,Heal,0.237,0.554,0.402,0.044,57.0,2.4,30.1
2020,ULH,CIC,Indu,0.124,0.390,0.251,0.087,-24.7,24.4,36.7
2020,UMBF,NOC,Fina,0.832,0.271,0.511,0.810,-4.3,11.7,36.3
2020,UNIT,NOC,Real,0.509,0.209,0.740,0.382,-34.4,81.5,79.0
2020,UPBD,NOC,Tech,0.200,0.044,0.379,0.420,39.9,115.4,67.1
2020,URBN,CIC,Cons,0.388,0.193,0.349,0.641,-23.8,47.6,52.1
2020,USAC,CIC,Ener,0.564,0.965,0.639,0.453,1.7,-4.8,28.8
2020,USLM,CIC,Basi,0.995,0.353,0.580,0.104,32.5,35.8,41.7
2020,VAC,CIC,Cons,0.558,0.885,0.555,0.927,-1.2,71.2,55.9
2020,VCYT,NOC,Heal,0.682,0.375,0.116,0.346,19.6,217.2,113.6
2020,VECO,NOC,Tech,0.353,0.878,0.329,0.206,49.0,24.9,37.1
2020,VEON,NOC,Comm,0.188,0.020,0.463,0.713,-36.1,16.0,49.2
2020,VET,CIC,Ener,0.885,0.908,0.844,0.365,-69.7,-4.3,31.2
2020,VIAV,NOC,Tech,0.609,0.609,0.433,0.865,35.3,8.1,31.8
2020,VIRT,NOC,Fina,0.930,0.977,0.222,0.592,-35.5,67.1,50.6
2020,VISN,NOC,Tech,0.803,0.945,0.969,0.679,-46.3,23.9,37.5
2020,VIST,CIC,Ener,0.940,0.772,0.075,0.133,-34.2,-57.8,14.0
2020,VLY,NOC,Fina,0.593,0.659,0.630,0.890,5.9,-3.0,29.4
2020,VMI,CIC,Indu,0.229,0.115,0.284,0.830,10.7,47.1,43.2
2020,VNET,NOC,Tech,0.431,0.277,0.370,0.521,84.3,99.6,62.9
2020,VNOM,CIC,Ener,0.703,0.910,0.936,0.422,-30.2,-25.6,22.3
2020,VRTS,NOC,Fina,0.511,0.708,0.676,0.292,36.5,80.2,57.8
2020,VSAT,NOC,Tech,0.642,0.518,0.333,0.933,1.9,-28.2,21.2
2020,VSH,NOC,Tech,0.572,0.607,0.098,0.781,-4.2,17.3,37.3
2020,VVX,CIC,Indu,0.018,0.251,0.456,0.154,92.7,2.3,36.1
2020,WBS,NOC,Fina,0.289,0.295,0.693,0.856,-34.6,36.5,49.7
2020,WCC,CIC,Indu,0.009,0.135,0.332,0.627,-3.4,76.4,58.7
2020,WD,NOC,Fina,0.529,0.410,0.633,0.651,44.6,15.0,34.6
2020,WFG,CIC,Basi,0.939,0.844,0.824,0.778,-21.9,51.0,40.1
2020,WFRD,CIC,Ener,0.367,0.439,0.023,0.095,-70.4,55.2,76.9
2020,WGO,CIC,Cons,0.213,0.618,0.826,0.294,0.6,164.3,112.4
2020,WHD,CIC,Ener,0.440,0.838,0.609,0.555,-28.3,19.7,39.1
2020,WING,CIC,Cons,0.483,0.318,0.820,0.768,49.7,68.1,49.4
2020,WLDN,CIC,Indu,0.662,0.881,0.856,0.029,-18.9,56.9,50.1
2020,WLFC,CIC,Indu,0.748,0.887,0.083,0.157,-17.4,2.5,39.1
2020,WLYB,NOC,Comm,0.561,0.034,0.431,0.631,-12.5,30.3,41.2
2020,WMS,CIC,Indu,0.723,0.347,0.708,0.809,85.1,84.4,54.3
2020,WNC,CIC,Indu,0.125,0.602,0.232,0.174,-17.2,30.0,37.1
2020,WOR,CIC,Indu,0.390,0.538,0.147,0.251,-30.5,151.0,99.2
2020,WSBC,NOC,Fina,0.180,0.541,0.717,0.616,-11.7,-10.2,30.1
2020,WSC,CIC,Indu,0.246,0.914,0.514,0.535,59.3,61.2,53.6
2020,WSFS,NOC,Fina,0.443,0.752,0.937,0.543,-15.9,27.8,42.8
2020,WT,NOC,Fina,0.700,0.468,0.563,0.187,-30.1,30.2,41.4
2020,WTFC,NOC,Fina,0.687,0.425,0.518,0.899,-9.2,3.2,30.4
2020,WTI,CIC,Ener,0.985,0.633,0.480,0.015,-52.0,33.1,41.9
2020,WWW,CIC,Cons,0.332,0.133,0.263,0.645,-19.6,28.8,43.2
2020,XHR,NOC,Real,0.520,0.168,0.370,0.606,-7.8,8.0,31.9
2020,XPO,CIC,Indu,0.154,0.376,0.211,0.833,58.2,29.2,39.3
2020,XPRO,CIC,Ener,0.338,0.399,0.121,0.989,-45.6,-2.5,32.4
2020,YELP,NOC,Comm,0.002,0.047,0.477,0.717,-5.1,3.3,30.8
2020,YETI,CIC,Cons,0.601,0.398,0.631,0.769,56.1,128.1,67.7
2020,YPF,CIC,Ener,0.694,0.876,0.995,0.586,-59.0,-20.3,29.0
2020,ZWS,CIC,Indu,0.190,0.196,0.482,0.561,26.6,27.7,43.7
2021,AAON,CIC,Indu,0.491,0.189,0.517,0.894,33.1,-23.6,7.3
2021,AAT,NOC,Real,0.282,0.433,0.325,0.599,-36.5,20.2,7.3
2021,ABG,CIC,Cons,0.038,0.284,0.594,0.708,45.5,11.6,6.4
2021,ABR,NOC,Real,0.371,0.620,0.967,0.605,9.4,3.5,4.3
2021,ACEL,CIC,Cons,0.196,0.882,0.032,0.303,73.2,9.1,0.9
2021,ACHC,NOC,Heal,0.128,0.352,0.323,0.952,63.4,10.8,10.6
2021,ACLS,NOC,Tech,0.275,0.837,0.602,0.365,48.9,63.1,11.5
2021,ADTN,NOC,Tech,0.239,0.572,0.423,0.199,72.4,12.0,12.0
2021,AEIS,NOC,Tech,0.617,0.960,0.600,0.891,46.4,-20.6,5.8
2021,AFYA,NOC,Cons,0.697,0.920,0.793,0.544,12.8,-28.8,6.2
2021,AG,CIC,Basi,0.793,0.791,0.740,0.889,88.0,-27.1,0.6
2021,AGI,CIC,Basi,0.804,0.506,0.834,0.761,19.0,-7.2,3.8
2021,AGM,NOC,Fina,0.829,0.867,0.134,0.231,22.3,46.3,13.9
2021,AGO,NOC,Fina,0.776,0.804,0.889,0.813,5.1,29.4,6.5
2021,AGX,CIC,Indu,0.637,0.945,0.914,0.206,46.7,-26.4,0.6
2021,AHCO,NOC,Heal,0.448,0.796,0.972,0.559,95.2,-49.9,3.8
2021,ALGT,CIC,Indu,0.803,0.808,0.063,0.765,18.5,-6.5,10.0
2021,ALKS,NOC,Heal,0.415,0.527,0.085,0.776,13.4,16.4,7.0
2021,ALNT,CIC,Indu,0.076,0.318,0.441,0.161,49.4,-27.5,2.8
2021,ALRS,NOC,Fina,0.401,0.363,0.745,0.063,59.1,11.4,8.3
2021,ALSN,CIC,Cons,0.474,0.498,0.449,0.970,-6.8,-3.1,6.0
2021,ALX,NOC,Real,0.582,0.197,0.814,0.368,-16.9,-1.4,3.3
2021,AM,CIC,Ener,0.449,0.993,0.716,0.925,92.2,9.6,6.8
2021,AMBA,NOC,Tech,0.267,0.453,0.192,0.887,95.7,22.6,9.7
2021,AMC,NOC,Comm,0.988,0.894,0.000,0.622,61.7,91.5,19.8
2021,AMN,NOC,Heal,0.008,0.109,0.453,0.834,4.2,28.2,8.5
2021,AMRC,CIC,Indu,0.333,0.584,0.430,0.743,163.5,-3.6,6.2
2021,AMRX,NOC,Heal,0.753,0.741,0.680,0.189,40.0,-17.4,6.6
2021,AMSC,CIC,Indu,0.730,0.600,0.227,0.164,295.6,-68.2,3.4
2021,ANDE,NOC,Cons,0.129,0.978,0.708,0.227,10.4,46.0,5.0
2021,ANGO,NOC,Heal,0.924,0.519,0.269,0.172,20.8,49.4,26.9
2021,ANIP,NOC,Heal,0.726,0.375,0.546,0.030,-37.9,19.0,2.4
2021,AORT,NOC,Heal,0.015,0.259,0.300,0.250,-16.1,-30.1,4.2
2021,AOSL,NOC,Tech,0.502,0.403,0.753,0.242,181.8,33.1,10.3
2021,APAM,NOC,Fina,0.368,0.350,0.874,0.730,47.2,-15.1,8.3
2021,APEI,NOC,Cons,0.192,0.252,0.622,0.050,31.4,-27.2,6.3
2021,APG,CIC,Indu,0.277,0.032,0.197,0.779,81.8,14.1,11.5
2021,APLE,NOC,Real,0.783,0.774,0.041,0.808,3.5,16.7,6.9
2021,ARCB,CIC,Indu,0.171,0.199,0.522,0.352,85.1,86.5,18.2
2021,ARCO,CIC,Cons,0.438,0.612,0.182,0.305,66.1,39.8,2.7
2021,ARI,NOC,Real,0.269,0.755,0.174,0.471,-33.6,7.2,6.8
2021,ARIS,CIC,Basi,0.605,0.461,0.703,0.008,50.3,-19.6,-7.5
2021,ARKO,CIC,Cons,0.640,0.569,0.267,0.945,2.1,-26.1,5.9
2021,ARLO,NOC,Tech,0.667,0.509,0.166,0.091,101.8,38.9,10.1
2021,ARLP,CIC,Ener,0.580,0.589,0.235,0.166,-39.6,163.6,22.0
2021,AROC,CIC,Ener,0.430,0.312,0.599,0.423,20.1,-17.7,4.6
2021,ARRY,CIC,Ener,0.453,1.000,0.156,0.932,-3.9,-66.0,5.3
2021,ATEC,NOC,Heal,0.164,0.264,0.262,0.347,168.9,-30.8,8.5
2021,ATEN,NOC,Tech,0.061,0.242,0.498,0.234,60.9,26.5,10.3
2021,ATI,CIC,Indu,0.551,0.557,0.013,0.620,-7.7,3.1,12.5
2021,ATLC,NOC,Fina,0.970,0.949,0.297,0.133,197.4,50.3,-0.5
2021,ATRO,CIC,Indu,0.574,0.585,0.080,0.048,-25.8,-11.1,5.2
2021,AVAV,CIC,Indu,0.507,0.683,0.615,0.665,98.5,-31.6,7.0
2021,AVNT,CIC,Basi,0.108,0.750,0.836,0.876,19.3,14.5,7.0
2021,AX,NOC,Fina,0.655,0.408,0.872,0.637,48.6,31.0,8.8
2021,AXTI,NOC,Tech,0.600,0.700,0.809,0.081,197.8,-35.2,4.3
2021,AZZ,CIC,Indu,0.174,0.541,0.211,0.362,5.7,10.6,19.1
2021,BALY,CIC,Cons,0.711,0.803,0.143,0.469,97.2,-32.3,5.2
2021,BANC,NOC,Fina,0.968,0.766,0.620,0.561,12.5,17.5,9.0
2021,BAND,NOC,Tech,0.036,0.672,0.882,0.882,111.8,-68.5,2.4
2021,BBSI,CIC,Indu,0.685,0.055,0.284,0.108,-4.9,-21.3,7.5
2021,BCC,CIC,Basi,0.313,0.494,0.731,0.567,29.5,58.6,8.9
2021,BCPC,CIC,Basi,0.075,0.056,0.597,0.859,11.0,21.0,5.1
2021,BCSF,NOC,Fina,0.905,0.959,0.789,0.226,-26.7,13.9,4.7
2021,BDC,NOC,Tech,0.254,0.821,0.915,0.582,-8.8,19.5,8.8
2021,BDN,NOC,Real,0.111,0.196,0.574,0.521,-31.6,18.7,12.3
2021,BFC,NOC,Fina,0.643,0.597,0.892,0.114,44.2,-7.9,3.6
2021,BFH,NOC,Fina,0.653,0.430,0.292,0.695,-33.9,17.7,7.9
2021,BFST,NOC,Fina,0.599,0.688,0.955,0.061,39.0,33.8,9.5
2021,BGC,NOC,Fina,0.222,0.552,0.333,0.647,-24.9,2.7,6.9
2021,BHRB,NOC,Fina,0.847,0.320,0.619,0.036,0.6,17.7,15.4
2021,BIPC,NOC,Util,0.896,0.249,0.816,0.697,86.7,10.5,9.1
2021,BJRI,CIC,Cons,0.575,0.657,0.088,0.327,21.4,-35.0,3.9
2021,BKD,NOC,Heal,0.587,0.090,0.154,0.222,-29.1,11.6,7.4
2021,BKH,NOC,Util,0.405,0.066,0.633,0.874,-25.8,6.2,7.6
2021,BLBD,CIC,Cons,0.226,0.502,0.187,0.106,-0.9,-27.5,5.3
2021,BLFS,NOC,Heal,0.788,0.731,0.768,0.355,214.9,-38.3,4.8
2021,BLX,NOC,Fina,0.766,0.944,0.257,0.128,-23.9,0.0,1.5
2021,BOOT,CIC,Cons,0.391,0.332,0.551,0.479,41.6,60.5,7.7
2021,BOX,NOC,Tech,0.100,0.012,0.383,0.741,25.2,35.0,9.1
2021,BRSP,NOC,Real,0.572,0.745,0.350,0.320,-26.2,0.6,5.1
2021,BSM,CIC,Ener,0.837,0.826,0.380,0.551,-2.8,19.2,6.7
2021,BTU,CIC,Ener,0.735,0.348,0.075,0.035,-60.3,267.3,36.6
2021,BUSE,NOC,Fina,0.652,0.687,0.678,0.348,-15.2,24.4,8.7
2021,BVN,CIC,Basi,0.982,0.599,0.234,0.721,-9.9,-15.9,6.8
2021,BWMX,CIC,Cons,0.347,0.962,0.993,0.416,362.8,-49.6,4.7
2021,BXC,CIC,Indu,0.224,0.713,0.760,0.045,536.5,104.7,19.4
2021,BXMT,NOC,Real,0.050,0.231,0.920,0.904,-27.2,8.6,8.0
2021,BY,NOC,Fina,0.650,0.633,0.544,0.109,-27.2,83.8,12.4
2021,BZH,CIC,Cons,0.113,0.214,0.383,0.101,6.0,0.6,6.8
2021,CAC,NOC,Fina,0.725,0.065,0.862,0.104,-19.9,33.5,9.3
2021,CAKE,CIC,Cons,0.370,0.607,0.138,0.569,15.8,-12.3,5.5
2021,CALM,NOC,Cons,0.768,0.776,0.491,0.496,-4.7,-1.0,22.5
2021,CALX,NOC,Tech,0.489,0.549,0.821,0.610,293.6,23.9,9.2
2021,CAMT,NOC,Tech,0.249,0.526,0.857,0.312,126.3,41.2,12.8
2021,CAPL,CIC,Ener,0.390,0.400,0.413,0.156,-7.0,14.1,7.3
2021,CAR,CIC,Indu,0.701,0.716,0.108,0.783,5.8,296.6,13.2
2021,CARG,CIC,Cons,0.187,0.667,0.527,0.879,1.8,-10.7,-1.4
2021,CASH,NOC,Fina,0.758,0.781,0.736,0.338,1.6,54.6,11.5
2021,CATY,NOC,Fina,0.761,0.405,0.561,0.711,13.3,26.3,9.2
2021,CBRL,CIC,Cons,0.516,0.529,0.176,0.849,-5.0,-12.8,5.1
2021,CBT,CIC,Basi,0.506,0.431,0.532,0.672,15.1,20.5,10.1
2021,CCB,NOC,Fina,0.317,0.086,0.852,0.040,151.5,55.2,13.1
2021,CCNE,NOC,Fina,0.534,0.172,0.791,0.033,-29.3,20.0,7.9
2021,CCOI,NOC,Comm,0.081,0.000,0.567,0.698,-21.8,1.9,5.1
2021,CCS,CIC,Cons,0.186,0.240,0.710,0.449,53.7,34.7,13.0
2021,CCU,NOC,Cons,0.498,0.244,0.507,0.773,5.5,-1.7,4.8
2021,CDE,CIC,Basi,0.912,0.489,0.829,0.579,43.3,-41.3,3.7
2021,CDNA,NOC,Heal,0.340,0.481,0.839,0.871,252.1,-55.0,0.7
2021,CECO,CIC,Indu,0.305,0.163,0.299,0.000,19.3,-36.6,3.0
2021,CELH,NOC,Cons,0.461,0.738,0.788,0.833,823.4,34.9,11.2
2021,CERS,NOC,Heal,0.272,0.209,0.181,0.292,19.2,-17.4,6.9
2021,CFFN,NOC,Fina,0.839,0.793,0.202,0.466,-7.4,-12.0,5.1
2021,CGBD,NOC,Fina,0.915,0.373,0.919,0.151,-6.8,15.0,6.8
2021,CHEF,NOC,Cons,0.297,0.710,0.071,0.282,-25.5,6.0,7.8
2021,CHRD,CIC,Ener,0.967,0.836,0.101,0.323,91.2,106.7,23.3
2021,CIB,NOC,Fina,0.872,0.119,0.171,0.577,-34.0,-4.8,4.9
2021,CIGI,NOC,Real,0.367,0.365,0.386,0.992,29.1,40.8,12.4
2021,CLDT,NOC,Real,0.871,0.801,0.083,0.139,-9.2,1.0,1.6
2021,CLH,CIC,Indu,0.335,0.247,0.290,0.998,14.6,4.5,4.3
2021,CLS,NOC,Tech,0.040,0.093,0.249,0.317,-1.0,24.9,6.0
2021,CLSK,NOC,Fina,0.882,0.992,0.018,0.167,106.8,-73.4,1.7
2021,CMC,CIC,Basi,0.352,0.544,0.398,0.680,-2.1,64.4,28.3
2021,CMCO,CIC,Indu,0.126,0.322,0.207,0.257,11.3,9.1,7.4
2021,CMP,CIC,Basi,0.486,0.323,0.260,0.617,15.2,-17.8,4.5
2021,CMRE,CIC,Indu,0.488,0.504,0.640,0.177,2.0,75.8,0.5
2021,CNK,NOC,Comm,0.441,0.876,0.005,0.677,-23.0,-20.9,6.1
2021,CNOB,NOC,Fina,0.750,0.771,0.884,0.207,-14.0,61.5,10.9
2021,CNX,CIC,Ener,0.867,0.507,0.272,0.720,80.3,14.7,7.8
2021,CODI,CIC,Indu,0.053,0.474,0.652,0.411,20.9,0.5,1.6
2021,COLL,NOC,Heal,0.902,0.050,0.577,0.232,20.1,-13.6,4.4
2021,CPAC,CIC,Basi,0.307,0.726,0.711,0.179,-4.7,-24.3,2.5
2021,CPF,NOC,Fina,0.723,0.224,0.713,0.088,-33.8,59.1,11.8
2021,CPK,NOC,Util,0.683,0.536,0.653,0.507,11.0,24.1,5.1
2021,CPS,CIC,Cons,0.400,0.478,0.264,0.124,85.1,-56.5,2.7
2021,CRAI,CIC,Indu,0.255,0.046,0.580,0.078,43.3,42.2,17.7
2021,CRC,CIC,Ener,0.861,0.637,0.149,0.589,318.0,53.4,5.3
2021,CRI,CIC,Cons,0.512,0.307,0.342,0.851,-13.6,5.2,8.1
2021,CRK,CIC,Ener,0.932,0.964,0.682,0.420,1.3,32.2,4.6
2021,CRTO,NOC,Comm,0.292,0.085,0.448,0.493,106.3,27.1,9.3
2021,CSIQ,NOC,Tech,0.597,0.877,0.466,0.673,146.0,-22.6,6.4
2021,CSTL,NOC,Heal,0.426,0.980,0.169,0.378,125.1,-32.4,9.0
2021,CSW,CIC,Indu,0.101,0.139,0.451,0.489,65.5,-5.6,9.5
2021,CTOS,CIC,Indu,0.592,0.186,0.446,0.556,218.1,-1.1,6.9
2021,CTRN,CIC,Cons,0.612,0.577,0.647,0.224,474.6,-64.4,-0.3
2021,CUBB,NOC,Fina,0.856,0.370,0.851,0.201,3.7,-0.7,6.4
2021,CUBI,NOC,Fina,0.876,0.765,0.925,0.154,-6.5,192.2,26.8
2021,CVCO,CIC,Cons,0.085,0.128,0.468,0.459,-13.6,51.1,19.4
2021,CVLT,NOC,Tech,0.235,0.071,0.400,0.725,31.5,12.7,10.8
2021,CVSA,NOC,Cons,0.378,0.262,0.265,0.564,47.6,-23.5,10.0
2021,CW,CIC,Indu,0.229,0.091,0.464,1.000,-8.3,13.4,4.7
2021,CWEN,NOC,Util,0.620,0.267,0.648,0.803,35.6,14.3,7.3
2021,CYD,CIC,Indu,0.231,0.818,0.962,0.123,22.5,-18.3,2.6
2021,DAC,CIC,Indu,0.211,0.063,0.804,0.247,584.5,141.1,15.1
2021,DAO,NOC,Cons,0.836,0.849,0.902,0.844,50.2,-64.4,1.8
2021,DBRG,NOC,Fina,0.796,0.746,0.076,0.705,47.7,14.5,5.8
2021,DCH,CIC,Cons,0.250,0.624,0.395,0.308,12.0,-14.9,5.2
2021,DCO,CIC,Indu,0.032,0.468,0.219,0.158,31.2,-17.2,0.9
2021,DDD,NOC,Tech,0.595,0.201,0.360,0.968,278.8,-55.0,2.9
2021,DDS,CIC,Cons,0.736,0.501,0.212,0.481,41.8,201.4,16.8
2021,DEA,NOC,Real,0.106,0.484,0.866,0.516,-7.7,-9.6,5.7
2021,DHC,NOC,Real,0.934,0.806,0.877,0.313,-28.7,-35.7,2.7
2021,DHT,CIC,Indu,0.964,0.917,0.100,0.269,6.4,-19.0,5.5
2021,DIOD,NOC,Tech,0.154,0.202,0.632,0.897,63.2,14.5,7.5
2021,DKL,CIC,Ener,0.794,0.282,0.687,0.501,57.9,1.0,5.0
2021,DLX,NOC,Comm,0.080,0.126,0.245,0.426,-23.4,-18.2,8.5
2021,DMLP,CIC,Ener,0.909,0.798,0.471,0.083,-3.6,45.8,7.3
2021,DNUT,CIC,Cons,0.998,0.929,0.629,0.763,-9.0,-36.1,-12.3
2021,DOLE,NOC,Cons,0.270,0.169,0.542,0.381,5.4,-41.2,-9.4
2021,DTB,NOC,Util,0.408,0.121,0.420,0.980,-2.6,-4.9,9.3
2021,DXPE,CIC,Indu,0.025,0.476,0.148,0.129,40.6,-3.4,12.9
2021,DY,CIC,Indu,0.383,0.154,0.315,0.701,188.0,-3.5,9.1
2021,EBF,CIC,Indu,0.114,0.454,0.244,0.090,21.6,-11.4,-3.0
2021,ECHO,NOC,Comm,0.322,0.133,0.345,0.607,-42.7,13.9,5.6
2021,ECPG,NOC,Fina,0.760,0.317,0.748,0.300,11.1,107.2,8.6
2021,EFXT,CIC,Ener,0.380,0.814,0.186,0.118,-13.0,-13.5,3.6
2021,EGO,CIC,Basi,0.960,0.932,0.113,0.552,54.0,-4.0,4.8
2021,ELF,NOC,Cons,0.260,0.035,0.506,0.332,32.3,29.8,13.9
2021,EMBJ,CIC,Indu,0.791,0.769,0.685,0.537,58.5,15.5,3.7
2021,ENOV,NOC,Heal,0.431,0.398,0.302,0.791,4.0,2.2,2.7
2021,ENR,CIC,Indu,0.303,0.690,0.670,0.831,-4.5,-29.9,4.8
2021,ENS,CIC,Indu,0.020,0.299,0.368,0.892,21.5,-21.5,5.8
2021,ENVA,NOC,Fina,0.978,0.625,0.570,0.229,1.1,52.3,15.8
2021,EOLS,NOC,Heal,0.864,0.997,0.002,0.103,90.2,-43.3,5.8
2021,EPAC,CIC,Indu,0.360,0.466,0.247,0.386,27.2,-14.5,10.8
2021,EPC,NOC,Cons,0.280,0.098,0.410,0.522,-11.7,24.9,7.6
2021,EPR,NOC,Real,0.624,0.715,0.086,0.837,-27.7,-2.6,5.0
2021,EQBK,NOC,Fina,0.940,0.479,0.504,0.020,4.3,48.2,7.3
2021,ERO,CIC,Basi,0.851,0.934,0.881,0.498,183.2,-22.4,1.0
2021,ESI,CIC,Basi,0.070,0.705,0.683,0.944,68.1,29.9,6.6
2021,ESRT,NOC,Real,0.299,0.327,0.216,0.703,-26.1,-5.2,5.9
2021,ESTA,NOC,Heal,0.665,0.813,0.172,0.401,393.2,-4.2,9.9
2021,EVC,NOC,Comm,0.662,0.925,0.980,0.005,101.6,79.4,15.1
2021,EVH,NOC,Heal,0.801,0.287,0.481,0.453,92.6,16.7,8.7
2021,EXLS,NOC,Tech,0.444,0.207,0.456,0.723,12.9,36.6,6.9
2021,EXP,CIC,Basi,0.471,0.129,0.735,0.965,27.3,27.2,8.6
2021,FBK,NOC,Fina,0.877,0.788,0.950,0.484,61.6,26.2,17.2
2021,FBNC,NOC,Fina,0.713,0.048,0.721,0.254,-8.0,33.4,9.9
2021,FBP,NOC,Fina,0.914,0.464,0.841,0.542,-5.7,66.9,14.8
2021,FCF,NOC,Fina,0.826,0.114,0.698,0.335,-10.4,33.2,9.3
2021,FCFS,NOC,Fina,0.143,0.310,0.222,0.645,-31.4,19.4,11.4
2021,FCN,CIC,Indu,0.398,0.113,0.489,0.900,6.0,17.8,5.9
2021,FCPT,NOC,Real,0.091,0.022,0.930,0.541,-9.7,-6.3,5.8
2021,FFBC,NOC,Fina,0.630,0.590,0.755,0.526,-22.3,31.9,8.9
2021,FHB,NOC,Fina,0.844,0.030,0.771,0.794,-12.8,15.4,11.6
2021,FIBK,NOC,Fina,0.648,0.357,0.726,0.650,5.4,-0.6,6.7
2021,FINV,NOC,Fina,0.564,0.570,0.934,0.715,573.8,-68.5,0.6
2021,FISI,NOC,Fina,0.798,0.136,0.786,0.038,-22.3,35.6,11.7
2021,FIX,CIC,Indu,0.131,0.290,0.343,0.614,37.8,37.1,10.2
2021,FLNG,CIC,Ener,0.920,0.919,0.917,0.085,39.0,113.0,13.3
2021,FMBH,NOC,Fina,0.566,0.582,0.758,0.169,54.7,-1.3,12.8
2021,FN,NOC,Tech,0.000,0.106,0.474,0.756,26.8,35.4,11.3
2021,FNB,NOC,Fina,0.614,0.007,0.662,0.839,-10.2,24.6,18.2
2021,FOR,NOC,Real,0.756,0.975,0.692,0.302,1.8,-19.7,4.3
2021,FORM,NOC,Tech,0.169,0.222,0.557,0.811,61.4,0.8,10.8
2021,FRHC,NOC,Fina,0.638,0.970,0.992,0.778,237.3,17.5,8.4
2021,FRO,CIC,Indu,0.962,0.887,0.081,0.391,-3.1,4.3,7.3
2021,FSM,CIC,Basi,0.849,0.748,0.905,0.350,158.3,-39.9,7.8
2021,FSS,CIC,Indu,0.030,0.330,0.355,0.594,20.9,-1.2,9.7
2021,FUL,CIC,Basi,0.058,0.036,0.483,0.687,3.2,49.8,17.2
2021,FULT,NOC,Fina,0.715,0.277,0.700,0.640,-14.3,27.6,21.4
2021,FUN,CIC,Cons,0.779,0.914,0.003,0.678,-14.5,32.5,9.3
2021,FWRD,CIC,Indu,0.199,0.254,0.274,0.604,26.7,24.2,8.5
2021,GABC,NOC,Fina,0.562,0.265,0.818,0.216,-4.4,17.2,7.9
2021,GAIN,NOC,Fina,0.814,0.854,0.952,0.025,-20.5,50.5,11.6
2021,GBDC,NOC,Fina,0.866,0.833,0.909,0.655,-17.5,6.4,7.6
2021,GBX,CIC,Indu,0.337,0.761,0.078,0.330,29.4,30.2,25.9
2021,GDYN,NOC,Tech,0.567,0.632,0.179,0.176,23.3,-22.6,9.6
2021,GEL,CIC,Ener,0.625,0.216,0.119,0.204,-55.2,64.5,10.9
2021,GGAL,NOC,Fina,0.642,0.816,0.146,0.265,-50.4,25.2,12.9
2021,GIII,CIC,Cons,0.537,0.638,0.141,0.434,326.3,-18.9,6.7
2021,GILT,NOC,Tech,0.743,0.605,0.954,0.279,93.6,-58.0,1.4
2021,GKOS,NOC,Heal,0.983,0.718,0.250,0.905,49.8,-45.7,4.6
2021,GLNG,CIC,Ener,0.846,0.819,0.614,0.360,-0.2,36.2,6.9
2021,GLP,CIC,Ener,0.577,0.682,0.114,0.146,33.7,26.5,13.6
2021,GNK,CIC,Indu,0.657,0.380,0.045,0.058,44.8,91.4,3.1
2021,GNL,NOC,Real,0.095,0.015,0.746,0.464,-6.7,-26.5,1.2
2021,GOLF,CIC,Cons,0.139,0.491,0.556,0.796,70.9,0.2,9.8
2021,GOOS,CIC,Cons,0.950,0.824,0.741,0.975,34.7,-20.0,8.0
2021,GPK,CIC,Cons,0.177,0.013,0.539,0.930,2.1,16.6,9.3
2021,GPRK,CIC,Ener,0.900,0.740,0.023,0.274,-1.8,-15.7,3.3
2021,GRBK,CIC,Cons,0.202,0.191,0.589,0.259,78.2,14.9,15.5
2021,GRC,CIC,Indu,0.056,0.088,0.282,0.202,-8.0,22.2,7.7
2021,GRPN,NOC,Comm,0.728,0.368,0.093,0.295,-39.4,-37.8,5.9
2021,GSAT,NOC,Comm,0.468,0.159,0.095,0.869,268.5,-38.1,3.8
2021,GSM,CIC,Basi,0.771,0.217,0.096,0.153,374.3,84.9,9.7
2021,GT,CIC,Cons,0.343,0.376,0.362,0.784,16.7,61.2,11.2
2021,GTN,NOC,Comm,0.808,0.909,0.912,0.478,3.2,8.8,8.8
2021,HAFC,NOC,Fina,0.886,0.693,0.458,0.032,-35.6,110.8,14.8
2021,HAPN,NOC,Fina,0.769,0.831,0.033,0.249,-9.0,80.0,17.9
2021,HASI,NOC,Fina,0.763,0.662,0.833,0.972,47.3,-26.1,4.9
2021,HBM,CIC,Basi,0.481,0.423,0.317,0.532,129.0,5.1,1.7
2021,HCI,NOC,Fina,0.710,0.441,0.488,0.100,69.4,-21.0,1.7
2021,HCXY,NOC,Fina,0.693,0.842,0.929,0.748,-3.5,-1.4,5.8
2021,HESM,CIC,Ener,0.287,0.675,0.859,0.043,-9.1,38.4,10.3
2021,HGV,CIC,Cons,0.765,0.789,0.058,0.828,50.6,24.0,8.3
2021,HIFS,NOC,Fina,0.925,0.841,0.964,0.080,11.9,61.5,22.1
2021,HIMS,NOC,Heal,0.852,0.486,0.823,0.353,64.0,-72.5,2.4
2021,HIMX,NOC,Tech,0.529,0.701,0.886,0.524,122.5,12.9,8.2
2021,HL,CIC,Basi,0.806,0.703,0.270,0.753,65.0,-9.9,2.4
2021,HLI,NOC,Fina,0.123,0.647,0.932,0.964,29.2,55.3,14.8
2021,HLIO,CIC,Indu,0.194,0.643,0.625,0.585,70.7,13.3,7.3
2021,HLIT,NOC,Tech,0.645,0.358,0.554,0.187,7.1,31.1,11.0
2021,HLNE,NOC,Fina,0.484,0.421,0.894,0.690,16.5,16.6,11.4
2021,HLX,CIC,Ener,0.688,0.076,0.240,0.191,-29.1,-24.0,4.2
2021,HNI,CIC,Cons,0.088,0.192,0.275,0.446,-1.2,9.7,7.0
2021,HOMB,NOC,Fina,0.957,0.116,0.856,0.823,3.3,17.9,12.9
2021,HOPE,NOC,Fina,0.559,0.448,0.617,0.405,-16.9,28.6,8.5
2021,HPP,NOC,Real,0.889,0.174,0.376,0.852,-36.4,3.3,6.4
2021,HTGC,NOC,Fina,0.693,0.950,0.995,0.488,-0.4,14.8,6.7
2021,HTH,NOC,Fina,0.541,0.645,0.808,0.688,26.1,13.0,7.6
2021,HTLD,CIC,Indu,0.436,0.333,0.405,0.425,-5.0,-17.8,11.2
2021,HUBG,CIC,Indu,0.151,0.177,0.413,0.531,2.5,30.6,9.2
2021,HURN,CIC,Indu,0.403,0.393,0.131,0.358,-5.8,-21.3,1.9
2021,HWC,NOC,Fina,0.992,0.058,0.672,0.816,-9.8,39.2,20.6
2021,HWKN,CIC,Basi,0.342,0.156,0.612,0.098,20.5,45.9,17.6
2021,IAG,CIC,Basi,0.716,0.443,0.738,0.433,6.0,-7.5,1.1
2021,IBCP,NOC,Fina,0.718,0.516,0.809,0.055,-13.6,32.4,8.9
2021,IBOC,NOC,Fina,0.443,0.164,0.673,0.718,27.0,-6.8,4.7
2021,ICFI,CIC,Indu,0.376,0.103,0.484,0.430,8.8,3.3,5.2
2021,ICUI,NOC,Heal,0.348,0.070,0.425,0.967,8.9,-0.8,5.0
2021,IDCC,NOC,Tech,0.680,0.614,0.221,0.536,1.0,7.5,7.1
2021,IESC,CIC,Indu,0.232,0.100,0.537,0.260,99.8,0.7,9.4
2021,IGIC,NOC,Fina,0.809,0.730,0.426,0.017,13.7,0.0,8.4
2021,IIIN,CIC,Indu,0.585,0.325,0.675,0.086,11.4,44.2,15.8
2021,ILPT,NOC,Real,0.046,0.652,0.896,0.393,-3.9,-3.0,3.8
2021,IMAX,NOC,Comm,0.977,0.839,0.040,0.343,21.1,-4.6,9.6
2021,INMD,NOC,Heal,0.166,0.728,0.959,0.731,71.2,53.8,14.3
2021,INN,NOC,Real,0.930,0.794,0.020,0.277,0.9,-1.4,4.9
2021,INSM,NOC,Heal,0.526,0.968,0.008,0.864,41.1,-35.4,7.8
2021,IOSP,CIC,Basi,0.357,0.459,0.204,0.635,-5.9,-5.6,3.2
2021,IRT,NOC,Real,0.158,0.008,0.837,0.383,-7.5,62.9,10.7
2021,IRTC,NOC,Heal,0.312,0.537,0.562,0.910,83.7,-24.6,5.6
2021,ITIC,NOC,Fina,0.831,0.763,0.891,0.002,-0.6,18.8,4.0
2021,ITRI,NOC,Tech,0.244,0.295,0.206,0.960,46.8,-52.6,3.0
2021,IVT,NOC,Real,0.285,0.143,0.750,0.209,-4.0,117.9,21.2
2021,JBTM,CIC,Indu,0.027,0.269,0.313,0.914,79.5,-11.6,11.6
2021,JOE,NOC,Real,0.700,0.930,0.934,0.755,160.6,-9.4,3.7
2021,KAI,CIC,Indu,0.134,0.338,0.358,0.463,30.5,45.1,9.0
2021,KBH,CIC,Cons,0.124,0.517,0.194,0.789,-7.9,23.4,23.0
2021,KEN,NOC,Util,0.670,0.257,0.638,0.499,53.7,95.2,15.0
2021,KEX,CIC,Indu,0.133,0.313,0.161,0.771,-32.7,18.5,8.0
2021,KFRC,CIC,Indu,0.035,0.045,0.454,0.267,34.1,44.5,9.9
2021,KLIC,NOC,Tech,0.217,0.891,0.957,0.629,31.8,45.9,15.6
2021,KNSL,NOC,Fina,0.821,0.522,0.910,0.924,51.6,3.1,6.8
2021,KOS,CIC,Ener,0.942,0.954,0.461,0.318,-30.2,59.6,10.8
2021,KRG,NOC,Real,0.167,0.040,0.287,0.398,-2.8,23.8,4.5
2021,KRNT,CIC,Indu,0.705,0.695,0.847,0.955,126.7,0.8,3.5
2021,KRNY,NOC,Fina,0.733,0.534,0.864,0.211,-22.3,29.3,8.7
2021,KRO,CIC,Basi,0.315,0.235,0.496,0.491,98.2,-12.2,3.4
2021,KRP,CIC,Ener,0.833,0.947,0.007,0.041,-7.2,54.8,7.8
2021,KRT,CIC,Cons,0.433,0.383,0.658,0.022,-2.4,-15.2,3.6
2021,KTOS,CIC,Indu,0.068,0.227,0.494,0.847,47.6,-42.3,4.8
2021,LCII,CIC,Cons,0.214,0.627,0.778,0.866,40.3,-16.8,7.5
2021,LGIH,CIC,Cons,0.148,0.619,0.867,0.733,45.1,4.9,7.9
2021,LGND,NOC,Heal,0.556,0.965,0.983,0.509,91.9,-31.0,5.8
2021,LILA,NOC,Comm,0.675,0.171,0.572,0.388,-28.7,-10.3,3.8
2021,LIVN,NOC,Heal,0.658,0.300,0.030,0.846,18.7,-3.2,4.0
2021,LNN,CIC,Indu,0.570,0.493,0.371,0.410,32.2,8.5,19.6
2021,LNTH,NOC,Heal,0.629,0.221,0.353,0.357,14.7,50.7,7.6
2021,LOB,NOC,Fina,0.738,0.809,0.391,0.486,109.2,57.1,15.1
2021,LOPE,NOC,Cons,0.499,0.579,0.806,0.985,18.9,-22.5,4.8
2021,LPG,CIC,Ener,0.919,0.957,0.799,0.144,2.8,-7.5,10.3
2021,LPX,CIC,Basi,0.869,0.753,0.942,0.973,32.5,57.7,2.8
2021,LQDT,CIC,Cons,0.511,0.303,0.559,0.141,281.3,-3.5,10.0
2021,LRN,NOC,Cons,0.245,0.559,0.824,0.284,32.7,6.0,7.4
2021,LXP,NOC,Real,0.952,0.308,0.660,0.760,-8.0,37.4,-1.3
2021,LZB,CIC,Cons,0.096,0.418,0.373,0.514,22.9,-11.2,3.1
2021,MAC,NOC,Real,0.451,0.204,0.209,0.527,-48.8,26.5,11.1
2021,MAIN,NOC,Fina,0.819,0.983,1.000,0.632,-7.4,17.5,5.9
2021,MATV,CIC,Basi,0.086,0.138,0.609,0.375,30.5,-31.0,1.1
2021,MATX,CIC,Indu,0.590,0.347,0.761,0.788,101.5,20.6,11.7
2021,MAX,NOC,Comm,0.138,0.360,0.763,0.557,92.0,-82.4,0.6
2021,MBIN,NOC,Fina,0.881,0.879,0.944,0.219,105.4,41.1,12.2
2021,MBWM,NOC,Fina,0.579,0.187,0.813,0.068,-18.7,32.6,22.2
2021,MC,NOC,Fina,0.927,0.828,0.968,0.824,43.8,2.9,7.6
2021,MCB,NOC,Fina,0.784,0.677,0.766,0.056,38.9,110.1,38.1
2021,MCBS,NOC,Fina,0.483,0.604,0.723,0.053,34.3,54.9,14.5
2021,MCFT,CIC,Cons,0.519,0.779,0.688,0.095,44.9,-8.7,8.9
2021,MCHB,NOC,Fina,0.823,0.725,0.861,0.192,41.7,41.2,9.5
2021,MCRI,CIC,Cons,0.904,0.721,0.335,0.337,140.1,10.1,10.7
2021,MCS,NOC,Comm,0.879,0.922,0.010,0.131,-39.2,-12.6,10.9
2021,MCY,NOC,Fina,0.789,0.514,0.635,0.751,2.1,-4.5,3.3
2021,MDXG,NOC,Heal,0.439,0.655,0.109,0.294,139.6,-50.1,6.6
2021,MEC,CIC,Indu,0.179,0.886,0.239,0.003,117.1,-32.7,5.5
2021,MEI,NOC,Tech,0.227,0.531,0.486,0.421,34.0,11.5,13.9
2021,MEOH,CIC,Basi,0.944,0.551,0.128,0.667,-7.6,31.2,9.8
2021,MGRC,CIC,Indu,0.191,0.212,0.645,0.529,3.3,-7.1,4.6
2021,MGY,CIC,Ener,0.824,0.823,0.237,0.474,11.0,95.4,18.5
2021,MHO,CIC,Cons,0.197,0.166,0.690,0.403,16.0,5.0,10.9
2021,MLAB,NOC,Heal,0.740,0.292,0.400,0.390,11.3,-0.9,11.3
2021,MLI,CIC,Indu,0.201,0.395,0.693,0.554,6.7,45.5,14.2
2021,MLKN,CIC,Cons,0.237,0.378,0.279,0.652,174.8,-24.7,8.9
2021,MLR,CIC,Cons,0.156,0.648,0.252,0.075,39.6,-30.4,3.1
2021,MMI,NOC,Real,0.395,0.564,0.511,0.415,3.9,24.2,4.7
2021,MMYT,CIC,Cons,0.862,0.874,0.048,0.793,3.8,-17.3,7.5
2021,MNKD,NOC,Heal,0.828,0.995,0.022,0.363,315.6,-34.8,3.3
2021,MOD,CIC,Indu,0.149,0.294,0.163,0.171,75.1,-31.4,6.6
2021,MOMO,NOC,Comm,0.257,0.587,0.310,0.768,-34.1,-46.2,6.2
2021,MOV,CIC,Cons,0.459,0.668,0.396,0.116,129.0,35.6,15.6
2021,MRCY,CIC,Indu,0.274,0.355,0.516,0.907,-3.9,-24.1,7.4
2021,MSBI,NOC,Fina,0.509,0.426,0.443,0.051,-33.4,48.7,10.0
2021,MSGS,NOC,Comm,0.692,0.881,0.012,0.899,17.3,-2.7,11.1
2021,MTH,CIC,Cons,0.330,0.328,0.725,0.842,34.4,12.0,8.3
2021,MTRN,CIC,Basi,0.464,0.237,0.584,0.376,21.2,29.6,8.6
2021,MTX,CIC,Basi,0.023,0.167,0.444,0.609,19.4,6.5,11.1
2021,MUR,CIC,Ener,0.922,0.733,0.043,0.539,-39.1,138.0,16.1
2021,MUSA,CIC,Cons,0.522,0.413,0.191,0.841,13.9,53.5,16.4
2021,MWA,CIC,Indu,0.116,0.219,0.585,0.534,1.4,4.4,11.9
2021,MXL,NOC,Tech,0.456,0.955,0.982,0.615,55.1,95.3,20.9
2021,MYE,CIC,Cons,0.353,0.289,0.564,0.174,48.2,-18.5,4.1
2021,MYRG,CIC,Indu,0.163,0.456,0.438,0.275,136.2,40.9,12.1
2021,NAVI,NOC,Fina,0.975,0.630,0.592,0.600,-14.4,55.0,10.8
2021,NBHC,NOC,Fina,0.609,0.078,0.819,0.297,-3.2,28.2,14.0
2021,NBR,CIC,Ener,0.216,0.562,0.189,0.126,-24.4,30.5,12.4
2021,NEOG,NOC,Heal,0.048,0.068,0.668,0.950,39.4,-21.1,7.8
2021,NIC,NOC,Fina,0.425,0.182,0.826,0.182,11.4,26.2,9.8
2021,NNI,NOC,Fina,0.939,0.554,0.949,0.692,27.7,16.1,11.1
2021,NOAH,NOC,Fina,0.381,0.449,0.854,0.111,102.3,-53.4,0.8
2021,NOG,CIC,Ener,0.854,0.892,0.017,0.134,49.5,62.7,6.9
2021,NOMD,NOC,Cons,0.043,0.101,0.642,0.978,33.0,1.0,5.1
2021,NOVT,NOC,Tech,0.247,0.060,0.330,0.990,48.0,0.3,6.7
2021,NPK,CIC,Indu,0.476,0.420,0.637,0.181,42.7,-26.7,2.2
2021,NPO,CIC,Indu,0.818,0.415,0.303,0.454,34.6,37.1,8.0
2021,NTCT,NOC,Tech,0.290,0.061,0.320,0.602,12.1,-2.8,6.6
2021,NVGS,CIC,Indu,0.386,0.141,0.624,0.096,137.9,16.4,8.0
2021,NVMI,NOC,Tech,0.279,0.542,0.730,0.642,101.6,30.0,-1.2
2021,NVT,CIC,Indu,0.144,0.073,0.378,0.884,-12.5,47.0,9.0
2021,NWPX,CIC,Indu,0.594,0.910,0.363,0.013,4.3,-18.1,2.3
2021,NX,CIC,Basi,0.310,0.232,0.575,0.194,47.0,-6.4,11.6
2021,NXRT,NOC,Real,0.473,0.206,0.436,0.299,-11.6,78.1,6.1
2021,OCFC,NOC,Fina,0.897,0.488,0.907,0.310,-23.3,20.2,8.1
2021,OCSL,NOC,Fina,0.799,0.990,0.998,0.197,6.6,30.1,13.5
2021,OFG,NOC,Fina,0.884,0.594,0.828,0.239,-8.5,65.8,19.0
2021,OII,CIC,Ener,0.262,0.444,0.144,0.290,-8.6,34.2,2.2
2021,OLN,CIC,Basi,0.396,0.353,0.595,0.881,57.2,98.5,13.4
2021,OMAB,CIC,Indu,0.959,0.778,0.328,0.627,-27.2,24.2,2.2
2021,ONTO,NOC,Tech,0.741,0.939,0.718,0.735,45.0,50.4,10.5
2021,OPCH,NOC,Heal,0.569,0.998,0.509,0.856,45.2,11.9,6.6
2021,OPEN,NOC,Real,0.493,0.846,0.027,0.920,125.7,-62.2,2.9
2021,OPI,NOC,Real,0.007,0.829,0.434,0.325,-29.1,1.3,6.7
2021,OPK,NOC,Heal,0.527,0.912,0.965,0.818,288.4,-44.4,-0.5
2021,OPRA,NOC,Comm,0.874,0.972,0.060,0.406,81.6,-41.9,7.1
2021,OPY,NOC,Fina,0.539,0.469,0.899,0.065,25.8,18.8,9.2
2021,OR,CIC,Basi,0.954,0.847,0.849,0.517,5.9,10.0,1.8
2021,OSIS,NOC,Tech,0.090,0.245,0.322,0.451,-5.7,-7.9,6.2
2021,OSPN,NOC,Tech,0.413,0.720,0.126,0.255,50.8,-35.1,3.8
2021,OUT,NOC,Real,0.607,0.706,0.167,0.740,-28.6,20.3,9.0
2021,OXM,CIC,Cons,0.323,0.567,0.111,0.373,104.8,3.6,13.2
2021,OZK,NOC,Fina,0.937,0.297,0.844,0.934,10.6,43.1,15.7
2021,PAGP,CIC,Ener,0.463,0.653,0.106,0.512,-44.5,33.6,9.5
2021,PAHC,NOC,Heal,0.066,0.027,0.370,0.217,-7.5,-13.9,7.9
2021,PAR,NOC,Tech,0.411,0.471,0.212,0.441,384.9,-43.8,4.5
2021,PATK,CIC,Cons,0.022,0.602,0.783,0.342,25.7,-11.3,7.8
2021,PBH,NOC,Heal,0.018,0.028,0.655,0.575,-7.2,40.0,14.5
2021,PCRX,NOC,Heal,0.421,0.512,0.541,0.801,48.8,-15.9,4.2
2021,PD,NOC,Tech,0.071,0.260,0.277,0.806,173.8,-39.3,1.2
2021,PDM,NOC,Real,0.093,0.017,0.794,0.572,-30.4,6.0,7.5
2021,PFIS,NOC,Fina,0.660,0.043,0.705,0.012,26.9,7.8,9.6
2021,PFSI,NOC,Fina,0.955,0.952,0.990,0.993,79.6,-7.0,9.7
2021,PGEN,NOC,Heal,0.859,0.760,0.677,0.396,109.7,-72.6,1.8
2021,PHR,NOC,Heal,0.209,0.144,0.393,0.625,137.0,-42.6,8.8
2021,PI,NOC,Tech,0.153,0.756,0.073,0.400,124.8,31.5,9.7
2021,PJT,NOC,Fina,0.552,0.640,0.846,0.504,46.6,-7.2,9.0
2021,PLUS,NOC,Tech,0.181,0.280,0.381,0.328,6.6,4.5,11.9
2021,PLXS,NOC,Tech,0.033,0.081,0.337,0.653,5.8,-5.9,5.8
2021,POST,NOC,Cons,0.083,0.131,0.439,0.912,-9.5,11.0,11.5
2021,POWL,CIC,Indu,0.146,0.575,0.158,0.015,-28.1,-1.6,7.6
2021,PR,CIC,Ener,0.781,0.735,0.050,0.287,44.9,99.0,9.8
2021,PRCH,NOC,Fina,0.446,0.302,0.035,0.371,81.0,-51.7,4.5
2021,PRDO,NOC,Cons,0.003,0.003,0.650,0.252,-24.6,-27.3,1.2
2021,PRIM,CIC,Indu,0.338,0.390,0.536,0.436,57.6,-22.8,5.2
2021,PRMB,NOC,Cons,0.302,0.270,0.403,0.670,79.5,-12.2,11.5
2021,PUMP,CIC,Ener,0.561,0.902,0.028,0.264,314.0,17.8,6.9
2021,QCRH,NOC,Fina,0.703,0.337,0.700,0.119,20.0,54.7,14.8
2021,QFIN,NOC,Fina,0.687,0.872,0.939,0.947,198.4,-37.8,3.0
2021,QNST,NOC,Comm,0.240,0.108,0.473,0.333,73.1,-27.4,5.9
2021,RBC,CIC,Indu,0.098,0.274,0.307,0.769,47.9,42.6,20.3
2021,RDN,NOC,Fina,0.993,0.436,0.756,0.902,-16.6,9.6,5.6
2021,RDNT,NOC,Heal,0.542,0.521,0.418,0.315,45.5,11.8,15.1
2021,REAL,CIC,Cons,0.189,0.862,0.055,0.658,91.1,-72.1,1.3
2021,RES,CIC,Ener,0.677,0.539,0.068,0.244,-8.0,33.5,9.9
2021,RGNX,NOC,Heal,0.857,0.988,0.015,0.428,-10.5,-38.3,4.1
2021,RGR,CIC,Indu,0.690,0.799,0.924,0.340,31.9,-6.1,1.2
2021,RIG,CIC,Ener,0.385,0.305,0.177,0.587,-20.2,-4.8,5.3
2021,RMBS,NOC,Tech,0.668,0.371,0.217,0.595,34.0,27.2,12.6
2021,RNST,NOC,Fina,0.672,0.272,0.547,0.584,34.5,0.5,7.0
2021,ROAD,CIC,Indu,0.345,0.416,0.476,0.408,84.6,-13.0,5.5
2021,ROG,NOC,Tech,0.320,0.401,0.531,0.781,53.9,60.0,4.2
2021,RPD,NOC,Tech,0.073,0.038,0.357,0.962,44.7,8.8,7.8
2021,RUSHA,CIC,Cons,0.063,0.546,0.305,0.439,39.1,20.2,7.9
2021,RVLV,CIC,Cons,0.406,0.367,0.388,0.682,90.1,43.2,5.9
2021,RYN,NOC,Real,0.633,0.615,0.610,0.957,7.4,10.3,11.8
2021,SAH,CIC,Cons,0.010,0.194,0.367,0.511,42.5,22.4,7.6
2021,SANM,NOC,Tech,0.017,0.496,0.294,0.592,0.5,11.2,7.6
2021,SB,CIC,Indu,0.524,0.051,0.569,0.007,149.6,42.6,-5.4
2021,SBCF,NOC,Fina,0.892,0.161,0.798,0.483,7.9,17.9,8.0
2021,SBGI,NOC,Comm,0.910,0.869,0.695,0.675,49.5,-23.0,3.2
2021,SBLK,CIC,Indu,0.887,0.660,0.280,0.380,66.2,91.4,11.9
2021,SBRA,NOC,Real,0.647,0.547,0.887,0.867,-17.5,-26.6,4.1
2021,SBS,NOC,Util,0.731,0.680,0.869,0.995,-7.7,29.9,13.2
2021,SEZL,NOC,Fina,0.973,0.915,0.977,0.060,251.0,-86.5,1.8
2021,SFM,NOC,Cons,0.264,0.033,0.582,0.648,27.9,39.8,7.0
2021,SFNC,NOC,Fina,0.501,0.708,0.363,0.713,-0.2,13.9,5.3
2021,SGRY,NOC,Heal,0.514,0.148,0.589,0.562,246.3,23.7,12.5
2021,SHAK,CIC,Cons,0.536,0.711,0.255,0.937,61.6,-33.8,8.0
2021,SHEN,NOC,Comm,0.176,0.768,0.056,0.597,-6.7,-49.6,4.8
2021,SHOO,CIC,Cons,0.103,0.723,0.199,0.738,15.3,8.1,5.5
2021,SIG,CIC,Cons,0.698,0.532,0.478,0.862,544.4,26.7,10.5
2021,SII,NOC,Fina,0.985,0.924,0.987,0.212,51.3,11.4,8.6
2021,SIMO,NOC,Tech,0.206,0.743,0.242,0.494,7.2,59.2,8.6
2021,SITM,NOC,Tech,0.682,0.904,0.781,0.663,388.3,77.0,19.0
2021,SKT,NOC,Real,0.554,0.425,0.153,0.367,-3.5,20.8,7.5
2021,SKY,CIC,Cons,0.041,0.410,0.524,0.546,-3.1,94.3,22.9
2021,SM,CIC,Ener,0.987,0.658,0.038,0.443,203.0,144.3,-3.3
2021,SMCI,NOC,Tech,0.159,0.151,0.295,0.461,12.4,27.4,12.4
2021,SMP,CIC,Cons,0.355,0.335,0.657,0.237,-21.8,17.2,6.9
2021,SMPL,NOC,Cons,0.221,0.650,0.879,0.745,21.0,40.9,31.6
2021,SMTC,NOC,Tech,0.051,0.396,0.663,0.988,116.4,-13.5,1.6
2021,SNX,NOC,Tech,0.454,0.239,0.517,0.939,35.9,25.2,21.7
2021,SONO,NOC,Tech,0.365,0.381,0.706,0.896,123.4,-15.6,6.2
2021,SPB,NOC,Cons,0.234,0.406,0.201,0.829,36.8,7.1,6.7
2021,SPFI,NOC,Fina,0.721,0.678,0.796,0.023,23.5,51.2,11.0
2021,SPH,NOC,Util,0.751,0.967,0.428,0.240,-31.6,-0.2,10.4
2021,SPNT,NOC,Fina,0.947,0.844,0.927,0.235,4.6,-19.8,1.9
2021,SPT,NOC,Tech,0.328,0.020,0.511,0.836,282.2,-22.1,4.6
2021,SR,NOC,Util,0.773,0.124,0.499,0.798,-26.1,3.6,10.0
2021,SRCE,NOC,Fina,0.557,0.158,0.765,0.272,-16.3,23.9,13.6
2021,SSD,CIC,Basi,0.300,0.053,0.607,0.942,23.9,5.2,7.2
2021,SSRM,CIC,Basi,0.746,0.859,0.970,0.750,-18.4,18.9,1.5
2021,SSYS,NOC,Tech,0.589,0.211,0.196,0.547,108.0,-32.0,2.9
2021,STAG,NOC,Real,0.109,0.025,0.776,0.977,-5.2,25.7,8.3
2021,STEP,NOC,Fina,0.363,0.987,0.997,0.345,49.1,-8.3,5.6
2021,STN,CIC,Indu,0.479,0.041,0.352,0.919,31.4,33.6,5.5
2021,STRA,NOC,Cons,0.350,0.907,0.332,0.590,-38.3,-45.0,4.3
2021,STRL,CIC,Indu,0.332,0.610,0.375,0.149,70.6,25.2,9.9
2021,SUN,CIC,Ener,0.494,0.609,0.118,0.685,5.0,31.8,8.2
2021,SWBI,CIC,Indu,0.544,0.889,0.922,0.214,96.9,14.5,14.2
2021,SXC,CIC,Basi,0.118,0.473,0.159,0.070,-0.2,22.5,11.1
2021,SXI,CIC,Indu,0.327,0.315,0.226,0.280,14.9,14.0,11.8
2021,SYNA,NOC,Tech,0.604,0.149,0.406,0.872,52.5,106.9,21.5
2021,TAC,NOC,Util,0.816,0.229,0.129,0.612,5.3,22.9,7.6
2021,TDAY,NOC,Comm,0.265,0.927,0.625,0.136,0.4,10.2,5.6
2021,TEN,CIC,Ener,0.504,0.897,0.514,0.066,-22.5,-22.6,6.0
2021,TEO,NOC,Comm,0.172,0.751,0.098,0.668,-27.2,-12.4,3.4
2021,TEX,CIC,Indu,0.294,0.385,0.231,0.693,43.6,14.6,10.1
2021,TGLS,CIC,Basi,0.521,0.566,0.529,0.028,26.2,175.6,22.9
2021,THRM,CIC,Cons,0.546,0.574,0.728,0.660,56.6,18.6,10.8
2021,TIGO,NOC,Comm,0.842,0.181,0.338,0.959,-18.8,-24.7,5.0
2021,TK,CIC,Ener,0.786,0.561,0.124,0.018,21.4,-6.5,4.7
2021,TMDX,NOC,Heal,0.622,0.896,0.070,0.289,165.3,-66.5,2.0
2021,TOWN,NOC,Fina,0.619,0.439,0.831,0.468,-14.7,35.5,9.1
2021,TPB,NOC,Cons,0.284,0.434,0.803,0.285,116.2,-37.7,1.6
2021,TPC,CIC,Indu,0.012,0.362,0.549,0.245,54.1,-39.9,1.0
2021,TRMD,CIC,Ener,0.755,0.692,0.053,0.113,12.3,-5.1,5.0
2021,TRN,CIC,Indu,0.458,0.635,0.091,0.819,39.2,1.8,9.1
2021,TROX,CIC,Basi,0.517,0.871,0.604,0.706,148.3,25.2,7.8
2021,TRST,NOC,Fina,0.469,0.184,0.566,0.163,-13.9,-6.1,6.8
2021,TSEM,NOC,Tech,0.119,0.096,0.579,0.826,49.7,44.7,9.0
2021,TSLX,NOC,Fina,0.627,0.884,0.973,0.456,-4.1,8.5,6.7
2021,TTI,CIC,Ener,0.531,0.758,0.046,0.010,87.8,12.6,7.1
2021,TTMI,NOC,Tech,0.045,0.279,0.151,0.418,-9.6,3.6,9.5
2021,UBSI,NOC,Fina,0.720,0.736,0.945,0.922,-1.8,8.3,7.3
2021,UCB,NOC,Fina,0.745,0.250,0.871,0.726,33.5,9.8,8.5
2021,UCTT,NOC,Tech,0.184,0.592,0.715,0.574,93.3,-7.8,1.1
2021,UFPI,CIC,Basi,0.078,0.483,0.774,0.861,21.1,29.6,11.7
2021,UFPT,NOC,Heal,0.212,0.226,0.308,0.046,3.8,23.2,7.9
2021,UGP,CIC,Ener,0.013,0.458,0.139,0.929,-27.6,-24.1,3.1
2021,ULH,CIC,Indu,0.388,0.388,0.411,0.121,29.0,-26.7,7.3
2021,UNFI,NOC,Cons,0.065,0.940,0.469,0.580,434.2,10.0,4.2
2021,UNIT,NOC,Real,0.416,0.018,0.904,0.710,83.0,-6.8,4.6
2021,UPBD,NOC,Tech,0.141,0.023,0.479,0.758,116.7,-30.8,2.9
2021,URBN,CIC,Cons,0.358,0.343,0.254,0.804,46.0,-18.5,6.7
2021,USAC,CIC,Ener,0.972,0.864,0.408,0.395,-5.1,7.8,3.7
2021,USLM,CIC,Basi,0.980,0.179,0.643,0.159,32.4,4.6,11.1
2021,UZD,NOC,Comm,0.375,0.002,0.327,0.624,2.3,-5.6,6.3
2021,VALN,NOC,Heal,0.935,0.783,0.025,0.370,11.7,28.4,6.4
2021,VCYT,NOC,Heal,0.532,0.670,0.229,0.915,214.4,-63.6,1.2
2021,VECO,NOC,Tech,0.478,0.642,0.667,0.262,31.6,32.9,8.0
2021,VEON,NOC,Comm,0.136,0.111,0.340,0.766,16.7,-56.0,1.7
2021,VET,CIC,Ener,0.841,0.900,0.605,0.322,-7.8,175.9,30.6
2021,VIAV,NOC,Tech,0.161,0.255,0.416,0.857,8.7,1.7,11.3
2021,VIRT,NOC,Fina,0.708,0.973,0.978,0.821,59.7,15.6,6.7
2021,VISN,NOC,Tech,0.584,0.935,0.285,0.786,25.7,-39.7,3.5
2021,VLY,NOC,Fina,0.635,0.629,0.900,0.909,-3.3,40.0,9.4
2021,VMI,CIC,Indu,0.104,0.083,0.587,0.983,46.1,-0.7,6.2
2021,VNET,NOC,Tech,0.318,0.386,0.665,0.949,106.3,-78.7,3.1
2021,VNOM,CIC,Ener,0.949,0.698,0.065,0.307,-22.9,58.5,8.8
2021,VRRM,NOC,Tech,0.907,0.673,0.289,0.630,-1.5,3.3,5.3
2021,VRTS,NOC,Fina,0.308,0.134,0.779,0.519,90.2,7.0,7.8
2021,VSAT,NOC,Tech,0.219,0.342,0.318,0.809,-26.3,-14.9,8.8
2021,VSEC,CIC,Indu,0.028,0.428,0.184,0.071,53.2,22.0,7.3
2021,VSH,NOC,Tech,0.295,0.345,0.534,0.814,13.9,-12.8,5.3
2021,VVX,CIC,Indu,0.055,0.095,0.312,0.143,3.1,-16.7,4.7
2021,WBS,NOC,Fina,0.778,0.446,0.459,0.935,29.3,25.1,13.7
2021,WCC,CIC,Indu,0.002,0.866,0.947,0.877,51.3,61.2,6.5
2021,WD,NOC,Fina,0.423,0.511,0.940,0.746,28.5,35.6,14.1
2021,WEN,CIC,Cons,0.466,0.075,0.630,0.954,-8.1,13.0,12.3
2021,WFG,CIC,Basi,0.917,0.852,0.842,0.940,48.6,50.1,13.6
2021,WFRD,CIC,Ener,0.663,0.411,0.136,0.186,50.3,212.8,19.5
2021,WGO,CIC,Cons,0.496,0.685,0.771,0.638,144.7,-12.7,11.0
2021,WHD,CIC,Ener,0.615,0.834,0.103,0.662,32.9,44.8,9.1
2021,WING,CIC,Cons,0.289,0.104,0.697,0.917,45.9,9.5,6.8
2021,WLDN,CIC,Indu,0.434,0.856,0.121,0.093,46.9,-26.5,3.7
2021,WLFC,CIC,Indu,0.549,0.851,0.090,0.148,7.2,-11.3,1.5
2021,WLYB,NOC,Comm,0.121,0.010,0.433,0.728,32.0,-2.6,4.4
2021,WNC,CIC,Indu,0.207,0.617,0.133,0.221,32.6,17.6,12.6
2021,WOR,CIC,Indu,0.252,0.234,0.390,0.566,149.0,-3.4,10.5
2021,WSBC,NOC,Fina,0.894,0.340,0.801,0.570,-11.8,18.3,8.3
2021,WSFS,NOC,Fina,0.965,0.784,0.751,0.619,26.7,12.1,7.5
2021,WT,NOC,Fina,0.393,0.118,0.501,0.184,26.8,6.7,8.3
2021,WTFC,NOC,Fina,0.811,0.275,0.733,0.886,2.8,48.4,18.7
2021,WTI,CIC,Ener,0.990,0.665,0.104,0.073,41.3,81.9,8.8
2021,WWW,CIC,Cons,0.182,0.438,0.061,0.716,20.2,-26.2,5.5
2021,XPEL,CIC,Cons,0.242,0.463,0.718,0.476,526.3,10.9,8.9
2021,XPO,CIC,Indu,0.060,0.176,0.526,0.927,30.1,-10.8,5.6
2021,YALA,NOC,Tech,0.945,0.861,0.975,0.854,236.4,-81.4,0.3
2021,YELP,NOC,Comm,0.005,0.451,0.232,0.736,5.5,-7.7,8.4
2021,YPF,CIC,Ener,0.632,0.663,0.116,0.458,-19.2,10.1,12.2
2021,ZIM,CIC,Indu,0.834,0.982,0.937,0.774,132.9,164.0,3.9
2021,ZWS,CIC,Indu,0.325,0.080,0.222,0.683,38.7,40.6,10.7
2022,AAON,CIC,Indu,0.509,0.195,0.357,0.761,-23.6,39.1,-26.2
2022,AAT,NOC,Real,0.265,0.279,0.651,0.656,20.0,-19.4,-14.7
2022,ABG,CIC,Cons,0.176,0.557,0.443,0.856,21.5,32.0,-24.2
2022,ABR,NOC,Real,0.255,0.380,0.814,0.696,7.2,-14.1,-10.8
2022,ACEL,CIC,Cons,0.003,0.900,0.953,0.313,11.1,-30.8,-9.7
2022,ACLS,NOC,Tech,0.237,0.478,0.842,0.554,64.0,87.8,-27.4
2022,ACVA,CIC,Cons,0.829,0.452,0.383,0.433,-64.4,-5.4,-20.0
2022,ADEA,NOC,Tech,0.813,0.929,0.031,0.039,-25.9,135.7,-28.4
2022,ADPT,NOC,Heal,0.698,0.617,0.010,0.528,-74.8,-40.8,-10.0
2022,ADTN,NOC,Tech,0.527,0.237,0.263,0.226,10.6,-10.3,-20.1
2022,AEIS,NOC,Tech,0.271,0.858,0.300,0.779,-18.7,14.0,-20.9
2022,AFYA,NOC,Cons,0.485,0.286,0.693,0.336,-31.6,-24.4,-12.7
2022,AG,CIC,Basi,0.779,0.664,0.834,0.814,-21.8,-49.2,-6.4
2022,AGI,CIC,Basi,0.701,0.507,0.267,0.706,-5.4,38.5,-16.7
2022,AGM,NOC,Fina,0.856,0.651,0.604,0.334,45.9,9.6,-18.5
2022,AGX,CIC,Indu,0.601,0.714,0.191,0.120,-26.6,-2.1,-9.5
2022,AHCO,NOC,Heal,0.373,0.612,0.892,0.527,-51.1,46.1,-24.4
2022,AI,NOC,Tech,0.194,0.215,0.055,0.606,-81.3,-8.5,-17.6
2022,ALHC,NOC,Heal,0.632,0.011,0.189,0.381,-56.3,15.8,-19.0
2022,ALKS,NOC,Heal,0.110,0.318,0.292,0.914,33.8,0.8,-15.3
2022,ALNT,CIC,Indu,0.078,0.084,0.223,0.071,-26.2,21.1,-14.1
2022,ALSN,CIC,Cons,0.325,0.585,0.641,0.901,-3.0,12.7,-18.1
2022,ALX,NOC,Real,0.449,0.213,0.574,0.321,-2.9,-10.9,-14.2
2022,AM,CIC,Ener,0.089,0.079,0.721,0.973,9.3,8.9,-17.5
2022,AMN,NOC,Heal,0.060,0.645,0.929,0.940,24.4,3.3,-12.2
2022,AMPL,NOC,Tech,0.029,0.163,0.601,0.939,-24.1,-62.1,-6.1
2022,AMRC,CIC,Indu,0.134,0.254,0.564,0.800,6.0,-21.8,-14.7
2022,AMRX,NOC,Heal,0.616,0.204,0.204,0.115,-25.4,-48.0,-10.0
2022,ANGO,NOC,Heal,0.349,0.412,0.124,0.237,31.7,-44.4,-24.8
2022,ANIP,NOC,Heal,0.679,0.124,0.048,0.034,-3.2,48.7,-15.1
2022,AORT,NOC,Heal,0.032,0.363,0.184,0.145,-31.1,-23.5,-9.0
2022,AOSL,NOC,Tech,0.638,0.359,0.530,0.328,35.3,-20.9,-12.7
2022,APAM,NOC,Fina,0.367,0.305,0.738,0.653,-14.9,-17.0,-21.5
2022,APEI,NOC,Cons,0.404,0.501,0.837,0.024,-24.8,-56.0,-8.6
2022,APG,CIC,Indu,0.297,0.220,0.483,0.952,8.8,13.9,-18.4
2022,APLE,NOC,Real,0.787,0.942,0.868,0.876,14.4,-0.8,-12.2
2022,APPN,NOC,Tech,0.294,0.141,0.168,0.816,-77.3,-10.3,-10.6
2022,ARCB,CIC,Indu,0.186,0.459,0.669,0.619,97.4,-3.7,-16.6
2022,ARCO,CIC,Cons,0.546,0.767,0.551,0.399,42.5,7.4,-15.5
2022,ARI,NOC,Real,0.570,0.851,0.992,0.459,7.0,-7.2,-14.8
2022,ARIS,CIC,Basi,0.478,0.375,0.037,0.057,-30.0,-34.5,-12.6
2022,ARLO,NOC,Tech,0.800,0.418,0.331,0.160,29.9,-58.3,-5.8
2022,ARLP,CIC,Ener,0.850,0.591,0.590,0.430,142.0,53.6,-34.6
2022,AROC,CIC,Ener,0.291,0.116,0.543,0.315,-19.8,15.8,-14.2
2022,ARRY,CIC,Ener,0.691,0.963,0.183,0.397,-69.8,63.0,-29.4
2022,ATEC,NOC,Heal,0.554,0.572,0.296,0.273,-30.5,34.2,-21.7
2022,ATEN,NOC,Tech,0.113,0.026,0.468,0.296,27.3,5.6,-21.6
2022,ATHM,NOC,Comm,0.283,0.357,0.068,0.808,-77.2,34.4,-13.7
2022,ATI,CIC,Indu,0.467,0.454,0.407,0.682,20.7,66.9,-37.5
2022,ATLC,NOC,Fina,0.966,0.577,0.838,0.254,59.3,-48.1,-6.7
2022,ATRO,CIC,Indu,0.473,0.347,0.111,0.021,-10.9,7.0,-20.6
2022,AVAV,CIC,Indu,0.750,0.328,0.139,0.454,-31.4,22.3,-17.4
2022,AVNT,CIC,Basi,0.231,0.701,0.430,0.960,19.6,-24.1,-13.0
2022,AX,NOC,Fina,0.756,0.236,0.682,0.730,25.2,-17.0,-15.4
2022,AXTI,NOC,Tech,0.444,0.446,0.640,0.008,-34.4,-21.3,-12.0
2022,AZZ,CIC,Indu,0.414,0.309,0.309,0.326,7.4,-21.2,-32.7
2022,BANC,NOC,Fina,0.905,0.447,0.192,0.580,10.1,-12.8,-21.1
2022,BAND,NOC,Tech,0.141,0.431,0.212,0.288,-71.2,-48.7,-6.1
2022,BB,NOC,Tech,0.591,0.160,0.756,0.968,-20.1,-46.7,-8.5
2022,BBSI,CIC,Indu,0.628,0.132,0.278,0.047,-17.9,56.9,-28.7
2022,BCC,CIC,Basi,0.459,0.564,0.512,0.780,57.1,-8.6,-11.2
2022,BCPC,CIC,Basi,0.068,0.023,0.512,0.945,20.5,-3.7,-14.5
2022,BCSF,NOC,Fina,0.809,0.417,0.827,0.258,13.6,-17.8,-9.9
2022,BDC,NOC,Tech,0.121,0.578,0.312,0.659,21.9,41.5,-26.0
2022,BDN,NOC,Real,0.048,0.058,0.302,0.583,20.4,-50.5,-12.4
2022,BE,CIC,Indu,0.696,0.706,0.507,0.664,-62.6,54.2,-27.4
2022,BFH,NOC,Fina,0.784,0.533,0.018,0.787,17.0,-35.3,-12.0
2022,BFST,NOC,Fina,0.719,0.637,0.464,0.092,32.2,-24.2,-14.9
2022,BIPC,NOC,Util,0.606,0.271,0.798,0.992,10.3,-2.1,-22.0
2022,BJRI,CIC,Cons,0.363,0.803,0.614,0.168,-38.3,3.5,-12.2
2022,BKD,NOC,Heal,0.677,0.071,0.057,0.247,9.8,-43.0,-8.8
2022,BKH,NOC,Util,0.541,0.561,0.027,0.910,7.1,6.7,-22.2
2022,BLBD,CIC,Cons,0.278,0.410,0.134,0.040,-24.2,-15.5,-15.5
2022,BLFS,NOC,Heal,0.950,0.859,0.906,0.242,-39.1,-8.6,-14.6
2022,BLX,NOC,Fina,0.742,0.499,0.305,0.110,-0.9,7.6,-17.1
2022,BOOT,CIC,Cons,0.577,0.704,0.803,0.703,58.7,-22.7,-14.1
2022,BOX,NOC,Tech,0.036,0.006,0.297,0.859,38.7,28.3,-23.5
2022,BROS,CIC,Cons,0.643,0.292,0.653,0.564,29.6,-21.4,-12.7
2022,BRZE,NOC,Tech,0.425,0.170,0.166,0.892,-53.3,-27.6,-12.6
2022,BSM,CIC,Ener,0.887,0.880,0.966,0.643,19.8,33.4,-16.4
2022,BTU,CIC,Ener,0.866,0.656,0.895,0.498,303.8,76.3,-31.2
2022,BVN,CIC,Basi,0.971,0.830,0.102,0.620,-13.3,-23.8,-13.4
2022,BVS,NOC,Heal,0.394,0.614,0.475,0.173,-14.0,-91.4,-0.4
2022,BWMX,CIC,Cons,0.260,0.961,0.131,0.181,-49.3,-57.6,-9.3
2022,BXC,CIC,Indu,0.351,0.556,0.396,0.200,99.8,8.2,-13.3
2022,BXMT,NOC,Real,0.011,0.396,0.940,0.964,12.1,-24.2,-13.9
2022,BXSL,NOC,Fina,0.998,0.901,0.220,0.984,4.6,-12.5,-16.5
2022,BZH,CIC,Cons,0.247,0.158,0.275,0.089,-0.4,-8.8,-12.2
2022,CAC,NOC,Fina,0.796,0.129,0.491,0.166,36.1,-18.7,-15.4
2022,CAKE,CIC,Cons,0.375,0.834,0.565,0.532,-13.6,-2.7,-20.5
2022,CALM,NOC,Cons,0.725,0.470,0.580,0.632,30.0,6.4,-21.5
2022,CALX,NOC,Tech,0.420,0.349,0.249,0.683,19.3,42.0,-27.7
2022,CAMT,NOC,Tech,0.368,0.628,0.800,0.431,37.6,-28.3,-11.4
2022,CAPL,CIC,Ener,0.352,0.774,0.859,0.163,14.3,7.0,-20.2
2022,CARE,NOC,Fina,0.821,0.242,0.378,0.027,46.4,6.3,-19.7
2022,CARG,CIC,Cons,0.903,0.813,0.935,0.845,-7.1,-47.1,-8.4
2022,CATY,NOC,Fina,0.868,0.263,0.759,0.784,22.3,0.0,-18.3
2022,CBRL,CIC,Cons,0.493,0.674,0.494,0.743,-13.1,-18.4,-12.3
2022,CBT,CIC,Basi,0.522,0.632,0.586,0.750,19.1,33.2,-25.7
2022,CCB,NOC,Fina,0.774,0.422,0.914,0.116,52.7,-11.4,-14.4
2022,CCNE,NOC,Fina,0.777,0.171,0.554,0.042,22.6,-12.0,-23.9
2022,CCOI,NOC,Comm,0.013,0.000,0.431,0.688,1.7,8.6,-17.1
2022,CCS,CIC,Cons,0.460,0.288,0.561,0.591,36.9,-8.7,-22.9
2022,CCU,NOC,Cons,0.401,0.567,0.459,0.759,0.3,-9.0,-11.0
2022,CDE,CIC,Basi,0.766,0.291,0.216,0.341,-40.3,-41.0,-12.4
2022,CDNA,NOC,Heal,0.162,0.320,0.281,0.541,-49.4,-63.8,-6.0
2022,CELH,NOC,Cons,0.465,0.732,0.976,0.982,32.6,44.6,-23.6
2022,CERS,NOC,Heal,0.305,0.246,0.401,0.221,-18.6,-45.7,-8.2
2022,CFFN,NOC,Fina,0.895,0.525,0.625,0.394,-10.3,-25.5,-16.4
2022,CGBD,NOC,Fina,0.625,0.473,0.927,0.186,15.6,13.4,-18.0
2022,CGNT,NOC,Tech,0.405,0.081,0.174,0.081,-69.7,-57.5,-5.8
2022,CHEF,NOC,Cons,0.079,0.863,0.874,0.370,18.6,7.8,-21.1
2022,CHRD,CIC,Ener,0.835,0.885,0.921,0.646,109.5,4.0,-12.5
2022,CIB,NOC,Fina,0.955,0.111,0.523,0.520,-4.7,-26.5,-3.9
2022,CLDT,NOC,Real,0.922,0.940,0.808,0.144,0.6,-6.1,-14.8
2022,CLS,NOC,Tech,0.031,0.045,0.252,0.338,25.2,20.3,-23.5
2022,CMC,CIC,Basi,0.168,0.480,0.688,0.921,65.4,41.3,-58.5
2022,CMCO,CIC,Indu,0.120,0.595,0.538,0.304,3.6,-16.1,-13.2
2022,CMP,CIC,Basi,0.538,0.365,0.084,0.483,-15.7,-19.9,-14.7
2022,CMRE,CIC,Indu,0.669,0.782,0.979,0.346,79.4,-31.0,-5.6
2022,CNOB,NOC,Fina,0.913,0.522,0.766,0.360,57.8,-28.1,-13.3
2022,CNS,NOC,Fina,0.477,0.399,0.824,0.889,19.2,-10.0,-17.5
2022,CNX,CIC,Ener,0.977,0.914,0.990,0.772,15.8,7.7,-20.0
2022,CODI,CIC,Indu,0.330,0.415,0.153,0.396,2.2,-8.7,-14.6
2022,COMP,NOC,Real,0.454,0.806,0.346,0.798,-57.8,-57.9,-8.9
2022,CPAC,CIC,Basi,0.276,0.932,0.347,0.090,-26.0,-17.8,-11.6
2022,CPK,NOC,Util,0.195,0.404,0.562,0.588,23.3,-5.5,-11.4
2022,CRAI,CIC,Indu,0.163,0.078,0.200,0.129,36.7,43.5,-25.2
2022,CRC,CIC,Ener,0.858,0.816,0.882,0.754,45.1,3.8,-15.3
2022,CRCT,NOC,Tech,0.722,0.919,0.843,0.738,-21.7,-40.1,-4.7
2022,CRGY,CIC,Ener,1.000,0.939,0.961,0.449,0.8,-28.8,-7.4
2022,CRI,CIC,Cons,0.603,0.436,0.344,0.885,16.1,-23.9,-12.6
2022,CRK,CIC,Ener,0.992,0.869,0.968,0.507,29.7,68.6,-28.6
2022,CRTO,NOC,Comm,0.197,0.208,0.215,0.569,18.7,-2.3,-17.9
2022,CSIQ,NOC,Tech,0.582,0.669,0.661,0.604,-20.8,5.7,-13.3
2022,CSTL,NOC,Heal,0.284,0.622,0.081,0.271,-34.5,-42.8,-10.3
2022,CSW,CIC,Indu,0.470,0.559,0.717,0.444,-5.0,21.0,-21.2
2022,CSWC,NOC,Fina,0.958,0.842,0.575,0.105,35.3,-23.2,-17.3
2022,CUBB,NOC,Fina,0.908,0.234,0.822,0.212,-0.5,-15.1,-15.3
2022,CUBI,NOC,Fina,0.926,0.583,0.876,0.551,192.9,-49.2,-11.4
2022,CVCO,CIC,Cons,0.336,0.386,0.730,0.638,52.7,-0.7,-17.4
2022,CVLT,NOC,Tech,0.034,0.069,0.262,0.774,13.7,-7.9,-17.4
2022,CVSA,NOC,Cons,0.561,0.596,0.761,0.386,-24.9,25.6,-18.7
2022,CWEN,NOC,Util,0.706,0.110,0.493,0.874,15.9,-4.1,-17.1
2022,CYD,CIC,Indu,0.246,0.643,0.585,0.063,-23.5,-24.8,-11.8
2022,CYRX,CIC,Indu,0.690,0.276,0.152,0.414,-46.5,-41.1,-9.3
2022,DAC,CIC,Indu,0.654,0.570,0.932,0.496,147.0,-38.8,-10.2
2022,DAO,NOC,Cons,0.528,0.695,0.170,0.351,-63.9,-32.3,-10.6
2022,DBRG,NOC,Fina,0.753,0.960,0.029,0.835,20.0,-51.0,-7.2
2022,DCH,CIC,Cons,0.288,0.832,0.100,0.229,-19.2,26.7,-18.3
2022,DCO,CIC,Indu,0.021,0.173,0.246,0.102,-15.3,22.3,-8.0
2022,DDD,NOC,Tech,0.544,0.430,0.082,0.578,-54.1,-43.4,-10.2
2022,DDS,CIC,Cons,0.824,0.729,0.667,0.942,188.1,74.6,-21.4
2022,DEA,NOC,Real,0.105,0.013,0.764,0.451,-8.6,-27.8,-13.0
2022,DFH,CIC,Cons,0.100,0.483,0.848,0.536,-12.3,-44.7,-9.3
2022,DHC,NOC,Real,0.475,0.649,0.163,0.149,-38.0,-67.2,-4.0
2022,DINO,CIC,Ener,0.711,0.855,0.847,0.998,-20.7,74.9,-19.2
2022,DIOD,NOC,Tech,0.300,0.527,0.683,0.931,18.4,-2.7,-19.2
2022,DKL,CIC,Ener,0.721,0.451,0.727,0.457,0.3,13.6,-13.7
2022,DLX,NOC,Comm,0.347,0.299,0.504,0.339,-16.1,-35.2,-11.3
2022,DMLP,CIC,Ener,0.921,0.950,0.989,0.178,51.0,33.0,-20.9
2022,DNUT,CIC,Cons,0.952,0.751,0.315,0.627,-29.1,-17.8,-8.4
2022,DQ,CIC,Ener,0.964,0.822,0.910,0.830,-45.5,-6.2,-16.9
2022,DTB,NOC,Util,0.586,0.486,0.712,0.937,-7.1,-15.1,-18.5
2022,DTG,NOC,Util,0.586,0.486,0.712,0.955,-4.5,-16.6,-18.2
2022,DUOL,NOC,Tech,0.061,0.504,0.451,0.670,-48.7,24.7,-20.5
2022,DV,NOC,Tech,0.157,0.024,0.649,0.879,-34.0,11.2,-11.3
2022,DXPE,CIC,Indu,0.073,0.477,0.456,0.084,-11.5,-7.7,-14.4
2022,DY,CIC,Indu,0.359,0.036,0.153,0.675,4.0,-7.1,-17.0
2022,EBF,CIC,Indu,0.111,0.273,0.365,0.048,-12.6,12.5,-4.6
2022,ECHO,NOC,Comm,0.225,0.095,0.221,0.557,6.6,-27.0,-8.8
2022,ECO,CIC,Indu,0.939,0.759,0.053,0.023,36.9,66.0,12.4
2022,ECPG,NOC,Fina,0.771,0.352,0.446,0.546,105.3,-18.5,-9.8
2022,EDU,NOC,Cons,0.830,0.496,0.006,0.630,-91.1,184.3,-57.8
2022,EFXT,CIC,Ener,0.446,0.467,0.438,0.076,-12.1,11.1,-13.6
2022,EGO,CIC,Basi,0.897,0.780,0.023,0.486,-7.2,-21.5,-12.3
2022,ELF,NOC,Cons,0.136,0.221,0.341,0.405,28.9,94.6,-48.8
2022,EMBJ,CIC,Indu,0.743,0.784,0.745,0.614,24.2,4.3,-15.1
2022,ENOV,NOC,Heal,0.712,0.540,0.462,0.950,3.6,-14.6,-12.7
2022,ENR,CIC,Indu,0.187,0.057,0.257,0.601,-28.3,6.6,-17.1
2022,ENS,CIC,Indu,0.144,0.126,0.318,0.763,-20.6,16.6,-21.4
2022,ENVA,NOC,Fina,0.968,0.607,0.716,0.365,51.4,17.8,-23.6
2022,EOLS,NOC,Heal,0.716,0.945,0.289,0.068,-45.4,1.7,-15.8
2022,EPAC,CIC,Indu,0.360,0.548,0.321,0.318,-10.4,29.7,-19.4
2022,EPC,NOC,Cons,0.304,0.176,0.228,0.512,8.4,13.3,-18.0
2022,EPR,NOC,Real,0.596,0.821,0.926,0.803,-5.2,-8.9,-13.7
2022,ERO,CIC,Basi,0.767,0.625,0.872,0.357,-21.5,17.2,-9.1
2022,ESRT,NOC,Real,0.313,0.241,0.326,0.651,-3.1,-17.5,-13.3
2022,ESTA,NOC,Heal,0.611,0.887,0.178,0.388,-1.1,7.1,-18.2
2022,EVC,NOC,Comm,0.847,0.982,0.582,0.095,74.0,2.8,-15.3
2022,EVCM,NOC,Tech,0.233,0.063,0.598,0.607,-30.6,-26.5,-5.1
2022,EVH,NOC,Heal,0.627,0.325,0.089,0.485,13.1,44.1,-17.3
2022,EVO,NOC,Heal,0.556,0.144,0.294,0.858,-46.6,-5.8,9.9
2022,EXK,CIC,Basi,0.709,0.798,0.097,0.233,-5.5,-45.9,-7.5
2022,EXLS,NOC,Tech,0.491,0.186,0.488,0.884,40.3,44.9,-22.8
2022,FA,CIC,Indu,0.877,0.733,0.779,0.698,-4.1,-28.5,-14.1
2022,FBNC,NOC,Fina,0.785,0.060,0.489,0.415,31.4,-12.6,-16.8
2022,FBRT,NOC,Real,0.814,0.565,0.971,0.281,-23.9,6.1,-12.8
2022,FCFS,NOC,Fina,0.548,0.284,0.533,0.821,25.5,24.6,-24.1
2022,FCPT,NOC,Real,0.302,0.052,0.855,0.506,-5.6,7.1,-17.2
2022,FIGS,CIC,Cons,0.296,0.864,0.719,0.680,-53.2,-35.8,-6.4
2022,FINV,NOC,Fina,0.519,0.313,0.698,0.207,-69.9,53.4,-14.5
2022,FIX,CIC,Indu,0.115,0.207,0.449,0.733,34.8,46.5,-17.6
2022,FLGT,NOC,Heal,0.874,0.824,0.617,0.467,-29.7,-45.7,-6.6
2022,FLNG,CIC,Ener,0.842,0.771,0.937,0.297,138.0,47.3,-24.9
2022,FMBH,NOC,Fina,0.780,0.223,0.643,0.162,-3.7,-23.5,-12.4
2022,FN,NOC,Tech,0.002,0.142,0.515,0.908,40.1,17.6,-21.9
2022,FNB,NOC,Fina,0.822,0.008,0.499,0.916,21.3,-3.9,-28.5
2022,FOR,NOC,Real,0.396,0.693,0.619,0.216,-21.0,-7.1,-16.8
2022,FORM,NOC,Tech,0.150,0.082,0.338,0.795,0.7,-31.4,-13.0
2022,FRHC,NOC,Fina,0.666,0.724,0.918,0.871,20.2,-2.9,-19.8
2022,FRO,CIC,Indu,0.985,0.811,0.486,0.420,11.5,125.4,-39.5
2022,FROG,NOC,Tech,0.128,0.218,0.147,0.645,-59.3,-8.6,-14.3
2022,FRPT,NOC,Cons,0.480,0.018,0.480,0.900,-36.2,-35.9,-12.1
2022,FSLY,NOC,Tech,0.464,0.300,0.039,0.805,-69.5,-53.6,-7.5
2022,FSM,CIC,Basi,0.855,0.882,0.893,0.299,-39.3,-15.4,-15.5
2022,FSS,CIC,Indu,0.137,0.183,0.250,0.530,-8.0,56.8,-25.6
2022,FTAI,CIC,Indu,0.863,0.769,0.905,0.543,-3.5,11.4,-17.5
2022,FUL,CIC,Basi,0.126,0.189,0.399,0.905,49.4,-3.8,-29.0
2022,FWRD,CIC,Indu,0.381,0.444,0.596,0.721,29.0,4.5,-19.2
2022,GAIN,NOC,Fina,0.892,0.969,0.701,0.074,50.3,-14.5,-18.7
2022,GBDC,NOC,Fina,0.724,0.609,0.850,0.669,6.5,-11.9,-16.2
2022,GBX,CIC,Indu,0.511,0.549,0.540,0.384,22.6,-21.9,-35.3
2022,GCT,NOC,Tech,0.646,0.646,0.414,0.477,206.0,-88.2,0.4
2022,GDYN,NOC,Tech,0.549,0.829,0.916,0.142,-30.0,14.6,-18.7
2022,GEO,CIC,Indu,0.307,0.002,0.231,0.179,-24.1,83.0,-24.6
2022,GGAL,NOC,Fina,0.637,0.675,0.884,0.333,27.5,40.0,-26.4
2022,GIII,CIC,Cons,0.533,0.691,0.662,0.383,-7.3,-48.5,-7.8
2022,GILT,NOC,Tech,0.704,0.682,0.750,0.060,-54.4,-35.2,-11.0
2022,GKOS,NOC,Heal,0.953,0.775,0.058,0.586,-46.7,2.3,-15.3
2022,GLNG,CIC,Ener,0.680,0.257,0.588,0.438,37.6,39.8,-22.1
2022,GNK,CIC,Indu,0.937,0.717,0.943,0.183,83.9,-3.3,-15.3
2022,GNL,NOC,Real,0.139,0.066,0.638,0.376,-25.2,-2.2,-15.4
2022,GOLF,CIC,Cons,0.244,0.687,0.116,0.775,-0.4,10.9,-18.1
2022,GOOS,CIC,Cons,0.935,0.817,0.708,0.737,-33.0,-14.2,-16.4
2022,GPRE,CIC,Basi,0.263,0.785,0.763,0.402,33.0,13.3,-13.6
2022,GPRK,CIC,Ener,0.871,0.913,0.924,0.225,-14.3,-12.6,-11.4
2022,GRBK,CIC,Cons,0.181,0.460,0.853,0.294,15.3,29.3,-22.0
2022,GRC,CIC,Indu,0.042,0.199,0.384,0.236,12.7,-17.4,-12.3
2022,GRPN,NOC,Comm,0.942,0.039,0.047,0.157,-41.2,-76.5,-3.8
2022,GSAT,NOC,Comm,0.409,0.099,0.036,0.771,-23.9,8.5,-17.4
2022,GSBD,NOC,Fina,0.838,0.918,0.173,0.519,11.6,-22.5,-12.2
2022,GSL,CIC,Indu,0.834,0.604,0.948,0.252,102.7,-29.5,-12.9
2022,GSM,CIC,Basi,0.801,0.740,0.826,0.349,86.4,-41.4,-10.6
2022,GT,CIC,Cons,0.339,0.661,0.609,0.948,16.9,-27.0,-8.8
2022,GTLB,NOC,Tech,0.076,0.032,0.291,0.976,-68.1,34.0,-13.8
2022,GTN,NOC,Comm,0.788,0.278,0.187,0.538,19.1,-42.6,-9.5
2022,HALO,NOC,Heal,0.645,0.937,0.559,0.963,-30.5,52.6,-18.7
2022,HASI,NOC,Fina,0.898,0.262,0.771,0.819,-29.1,-9.4,-10.7
2022,HCC,CIC,Ener,0.929,0.743,0.939,0.417,22.2,25.8,-12.9
2022,HCI,NOC,Fina,0.769,0.517,0.729,0.107,-19.1,-8.5,-7.8
2022,HCXY,NOC,Fina,0.746,0.616,0.186,0.729,-1.2,-5.6,-8.9
2022,HEPS,CIC,Cons,0.567,0.530,0.026,0.137,-84.7,-60.5,-6.3
2022,HESM,CIC,Ener,0.019,0.485,0.805,0.241,35.8,9.9,-21.4
2022,HHH,NOC,Real,0.727,0.989,0.995,0.687,-36.9,21.4,33.7
2022,HIFS,NOC,Fina,0.916,0.879,0.777,0.184,61.8,-24.1,-22.9
2022,HIMS,NOC,Heal,0.435,0.226,0.801,0.195,-73.8,132.6,-36.9
2022,HIMX,NOC,Tech,0.890,0.551,0.879,0.478,1.2,-24.8,-10.1
2022,HL,CIC,Basi,0.772,0.468,0.229,0.722,-2.5,2.4,-10.5
2022,HLIO,CIC,Indu,0.254,0.690,0.704,0.633,16.1,-15.8,-15.9
2022,HLIT,NOC,Tech,0.357,0.511,0.447,0.292,36.5,37.1,-30.9
2022,HLNE,NOC,Fina,0.569,0.136,0.677,0.985,17.3,-13.6,-17.6
2022,HNI,CIC,Cons,0.275,0.249,0.233,0.441,8.0,-22.7,-13.8
2022,HOMB,NOC,Fina,0.981,0.073,0.672,0.882,14.0,-6.3,-28.3
2022,HOPE,NOC,Fina,0.882,0.339,0.691,0.470,29.1,-17.1,-20.7
2022,HPP,NOC,Real,0.107,0.103,0.785,0.869,5.5,-57.4,-6.4
2022,HQY,NOC,Heal,0.383,0.748,0.207,0.989,-27.0,-3.2,-16.1
2022,HRMY,NOC,Heal,0.040,0.953,0.845,0.609,34.3,23.3,-18.7
2022,HTGC,NOC,Fina,0.746,0.903,0.021,0.548,16.6,-17.3,-7.8
2022,HTLD,CIC,Indu,0.160,0.150,0.255,0.310,-18.1,12.0,-18.0
2022,HUBG,CIC,Indu,0.268,0.283,0.578,0.641,33.4,16.7,-22.6
2022,HURN,CIC,Indu,0.152,0.312,0.519,0.250,-20.5,51.2,-24.0
2022,HWKN,CIC,Basi,0.229,0.202,0.553,0.176,44.4,5.2,-26.4
2022,IBOC,NOC,Fina,0.630,0.265,0.670,0.635,-9.0,13.1,-17.8
2022,ICFI,CIC,Indu,0.384,0.087,0.113,0.428,4.3,14.9,-18.2
2022,ICUI,NOC,Heal,0.116,0.021,0.258,0.961,-0.7,-18.3,-13.6
2022,IDCC,NOC,Tech,0.730,0.506,0.622,0.535,4.8,8.7,-13.7
2022,IESC,CIC,Indu,0.170,0.346,0.700,0.234,-7.8,-9.9,-16.4
2022,IGIC,NOC,Fina,0.764,0.464,0.284,0.006,-2.1,12.6,-19.7
2022,IIIN,CIC,Indu,0.604,0.275,0.748,0.174,45.6,-21.4,-23.7
2022,ILPT,NOC,Real,0.008,0.355,0.775,0.359,-2.6,-80.0,-3.4
2022,IMAX,NOC,Comm,0.960,0.861,0.913,0.286,-5.9,-13.8,-10.4
2022,INMD,NOC,Heal,0.006,0.790,0.856,0.927,47.4,-33.8,-11.7
2022,INN,NOC,Real,0.861,0.977,0.919,0.257,-4.4,-18.9,-10.4
2022,INSM,NOC,Heal,0.124,0.493,0.008,0.677,-36.7,-11.2,-15.5
2022,IOSP,CIC,Basi,0.321,0.588,0.583,0.598,-3.6,22.8,-22.4
2022,IQ,NOC,Comm,0.223,0.027,0.099,0.887,-79.9,43.9,-23.2
2022,IRS,NOC,Real,0.869,0.750,1.000,0.018,-3.2,41.8,-19.9
2022,IRT,NOC,Real,0.212,0.197,0.863,0.725,64.2,-19.5,-12.9
2022,IRTC,NOC,Heal,0.583,0.383,0.044,0.764,-27.2,0.2,-12.0
2022,ITIC,NOC,Fina,0.816,0.725,0.606,0.019,21.8,-19.2,-11.4
2022,ITRI,NOC,Tech,0.333,0.044,0.052,0.556,-58.6,14.6,-21.6
2022,IVT,NOC,Real,0.084,0.233,0.078,0.447,117.3,-6.9,-16.5
2022,JBI,CIC,Basi,0.234,0.310,0.772,0.255,-13.4,7.1,-10.5
2022,JBTM,CIC,Indu,0.095,0.252,0.330,0.848,-11.2,-8.9,-13.5
2022,JOE,NOC,Real,0.662,0.680,0.866,0.666,-10.7,-3.8,-11.6
2022,KAI,CIC,Indu,0.047,0.370,0.603,0.617,43.0,-3.7,-15.5
2022,KBH,CIC,Cons,0.216,0.575,0.674,0.855,24.1,-17.8,-34.5
2022,KEN,NOC,Util,0.683,0.321,0.556,0.829,100.8,-57.2,-6.8
2022,KEX,CIC,Indu,0.279,0.409,0.422,0.863,22.3,1.4,-17.8
2022,KFRC,CIC,Indu,0.039,0.042,0.375,0.372,44.4,-14.3,-13.7
2022,KLIC,NOC,Tech,0.273,0.838,0.880,0.809,46.1,-6.2,-23.5
2022,KNSL,NOC,Fina,0.851,0.384,0.742,0.932,1.7,55.4,-18.3
2022,KOS,CIC,Ener,0.919,0.926,0.960,0.572,72.3,55.6,-29.3
2022,KRG,NOC,Real,0.097,0.763,0.840,0.533,22.1,2.4,-16.3
2022,KRNT,CIC,Indu,0.703,0.819,0.355,0.956,-2.6,-72.1,-4.5
2022,KRNY,NOC,Fina,0.879,0.134,0.607,0.231,27.4,-20.5,-14.8
2022,KRO,CIC,Basi,0.292,0.244,0.477,0.425,-7.7,-24.6,-9.8
2022,KRP,CIC,Ener,0.974,0.848,0.952,0.249,52.9,-7.8,-14.5
2022,KRT,CIC,Cons,0.342,0.121,0.544,0.000,-13.6,-9.5,-16.0
2022,KTOS,CIC,Indu,0.199,0.123,0.195,0.514,-42.8,-30.2,-10.4
2022,KWR,CIC,Basi,0.355,0.514,0.380,0.811,-34.6,0.6,-15.8
2022,LCII,CIC,Cons,0.166,0.620,0.737,0.769,-17.6,-7.0,-16.5
2022,LEU,CIC,Ener,0.889,0.895,0.342,0.139,79.3,-10.8,-8.9
2022,LGIH,CIC,Cons,0.153,0.538,0.197,0.767,11.9,-11.8,-16.1
2022,LGND,NOC,Heal,0.745,0.779,0.362,0.289,-36.8,1.3,-17.7
2022,LILA,NOC,Comm,0.179,0.372,0.086,0.426,-12.9,-21.1,-9.5
2022,LIVN,NOC,Heal,0.659,0.426,0.210,0.872,-1.6,-25.5,-9.0
2022,LMND,NOC,Fina,0.876,0.853,0.024,0.355,-82.7,-30.8,-8.3
2022,LNN,CIC,Indu,0.595,0.338,0.725,0.393,0.0,12.8,-50.2
2022,LNTH,NOC,Heal,0.326,0.449,0.236,0.667,109.7,45.1,-22.8
2022,LOB,NOC,Fina,0.893,0.737,0.782,0.679,49.3,-50.1,-9.8
2022,LOPE,NOC,Cons,0.543,0.016,0.627,0.756,-23.5,46.7,-22.3
2022,LPG,CIC,Ener,0.880,0.856,0.237,0.058,-7.3,62.8,-32.6
2022,LQDT,CIC,Cons,0.481,0.393,0.425,0.100,-11.5,-9.3,-15.9
2022,LRN,NOC,Cons,0.267,0.435,0.381,0.283,3.9,20.5,-23.4
2022,LSPD,NOC,Tech,0.672,0.840,0.898,0.969,-55.8,-41.7,-13.1
2022,LTH,CIC,Cons,0.574,0.796,0.042,0.603,-28.3,46.9,-17.3
2022,LXP,NOC,Real,0.989,0.029,0.790,0.935,41.2,-25.6,-7.6
2022,LZ,NOC,Tech,0.649,0.911,0.092,0.595,-68.7,-30.0,-8.8
2022,LZB,CIC,Cons,0.320,0.627,0.454,0.407,-8.8,-20.9,-14.5
2022,MAC,NOC,Real,0.412,0.341,0.522,0.834,29.6,-16.8,-15.0
2022,MAIN,NOC,Fina,0.798,0.952,0.887,0.709,16.7,-4.5,-15.0
2022,MATV,CIC,Basi,0.506,0.381,0.595,0.213,-34.7,-10.5,-10.8
2022,MATX,CIC,Indu,0.826,0.601,0.908,0.826,18.9,-19.8,-11.8
2022,MAX,NOC,Comm,0.090,0.441,0.079,0.045,-81.3,26.1,-19.8
2022,MBIN,NOC,Fina,0.795,0.754,0.732,0.317,41.9,-11.1,-20.1
2022,MC,NOC,Fina,0.901,0.801,0.536,0.897,6.7,-18.5,-15.0
2022,MCB,NOC,Fina,0.717,0.225,0.835,0.270,95.4,-40.1,-18.8
2022,MCBS,NOC,Fina,0.557,0.658,0.901,0.141,61.0,-21.1,-19.7
2022,MCFT,CIC,Cons,0.501,0.905,0.658,0.065,-8.1,18.5,-16.7
2022,MCRI,CIC,Cons,0.441,0.805,0.897,0.354,14.0,9.5,-22.4
2022,MCY,NOC,Fina,0.811,0.373,0.149,0.708,-3.7,-30.6,-11.8
2022,MDXG,NOC,Heal,0.082,0.420,0.165,0.097,-49.1,-6.5,-16.8
2022,MEI,NOC,Tech,0.205,0.536,0.218,0.422,7.6,9.0,-16.3
2022,MEOH,CIC,Basi,0.927,0.764,0.785,0.793,28.5,7.4,-11.3
2022,MFIC,NOC,Fina,0.990,0.966,0.473,0.191,0.8,-5.7,-16.4
2022,MGNI,NOC,Comm,0.782,0.766,0.871,0.404,-80.1,19.6,-14.4
2022,MGRC,CIC,Indu,0.200,0.113,0.593,0.439,-9.0,48.1,-17.8
2022,MGY,CIC,Ener,0.872,0.947,0.964,0.832,97.3,13.7,-19.2
2022,MHO,CIC,Cons,0.191,0.181,0.465,0.401,5.2,13.2,-28.4
2022,MLAB,NOC,Heal,0.670,0.297,0.687,0.352,-4.1,-26.9,-11.3
2022,MLCO,CIC,Cons,0.536,0.968,0.050,0.924,-55.7,37.7,-22.5
2022,MLI,CIC,Indu,0.418,0.659,0.711,0.753,54.1,26.5,-25.8
2022,MLKN,CIC,Cons,0.309,0.554,0.740,0.712,-3.4,-53.7,-21.8
2022,MLR,CIC,Cons,0.281,0.462,0.279,0.011,-28.6,-10.0,-11.7
2022,MMI,NOC,Real,0.397,0.866,0.903,0.491,28.1,-27.7,-9.1
2022,MMYT,CIC,Cons,0.793,0.974,0.861,0.654,-19.4,17.6,-22.2
2022,MNKD,NOC,Heal,0.956,0.528,0.003,0.158,-48.1,78.4,-28.0
2022,MNSO,CIC,Cons,0.331,0.709,0.506,0.732,-63.4,70.5,-28.0
2022,MOD,CIC,Indu,0.178,0.423,0.336,0.053,-32.6,158.6,-64.8
2022,MOMO,NOC,Comm,0.388,0.089,0.011,0.362,-48.2,16.3,-23.6
2022,MOV,CIC,Cons,0.553,0.787,0.517,0.210,47.6,-12.3,-15.3
2022,MRCY,CIC,Indu,0.289,0.065,0.176,0.751,-24.9,-13.1,-22.5
2022,MRVI,NOC,Heal,0.884,0.509,0.977,0.898,-3.5,-58.6,-5.0
2022,MSBI,NOC,Fina,0.837,0.191,0.502,0.108,43.7,0.1,-18.6
2022,MTH,CIC,Cons,0.494,0.068,0.435,0.851,7.7,7.2,-18.2
2022,MTRN,CIC,Basi,0.145,0.367,0.360,0.462,34.0,-0.8,-11.7
2022,MTUS,CIC,Basi,0.580,0.498,0.194,0.275,81.2,-20.3,-3.1
2022,MTX,CIC,Basi,0.094,0.307,0.372,0.596,5.8,1.9,-17.8
2022,MUR,CIC,Ener,0.979,0.892,0.900,0.987,141.9,37.1,-25.4
2022,MWA,CIC,Indu,0.226,0.229,0.409,0.504,2.8,3.3,-18.1
2022,MXL,NOC,Tech,0.733,0.955,0.557,1.000,98.1,-32.5,-16.9
2022,MYE,CIC,Cons,0.520,0.541,0.656,0.124,-14.2,49.5,-19.2
2022,MYRG,CIC,Indu,0.015,0.092,0.242,0.375,38.1,13.1,-13.6
2022,NAVI,NOC,Fina,0.948,0.889,0.141,0.690,56.0,-4.5,-18.6
2022,NBR,CIC,Ener,0.118,0.502,0.633,0.220,28.2,50.9,-27.6
2022,NCNO,NOC,Tech,0.317,0.194,0.110,0.895,-38.6,-45.5,-9.5
2022,NEOG,NOC,Heal,0.052,0.053,0.273,0.792,-27.4,-40.4,-8.9
2022,NIC,NOC,Fina,0.593,0.162,0.722,0.312,28.8,-21.8,-12.9
2022,NJR,NOC,Util,0.641,0.586,0.733,0.868,11.6,23.8,-21.7
2022,NMM,CIC,Indu,0.729,0.992,0.998,0.189,31.3,-7.7,-13.6
2022,NNI,NOC,Fina,0.918,0.391,0.830,0.735,14.9,16.1,-20.9
2022,NOG,CIC,Ener,0.984,0.997,0.997,0.473,64.8,31.4,-20.7
2022,NOMD,NOC,Cons,0.257,0.034,0.199,0.913,-0.8,-27.9,-11.3
2022,NOVT,NOC,Tech,0.065,0.270,0.630,0.958,-4.3,20.4,-19.7
2022,NPK,CIC,Indu,0.564,0.184,0.137,0.086,-26.6,-5.7,-6.6
2022,NPO,CIC,Indu,0.378,0.360,0.171,0.593,38.2,6.8,-13.1
2022,NRDS,NOC,Comm,0.431,0.727,0.746,0.136,-61.1,28.3,-15.2
2022,NRP,CIC,Ener,0.651,0.809,0.981,0.055,102.9,45.6,-18.5
2022,NTCT,NOC,Tech,0.344,0.090,0.525,0.599,4.1,0.8,-18.7
2022,NUTX,NOC,Heal,0.947,0.998,0.128,0.843,113.3,-79.5,-5.0
2022,NVGS,CIC,Indu,0.468,0.231,0.357,0.218,21.1,3.1,-8.7
2022,NVMI,NOC,Tech,0.066,0.397,0.817,0.801,34.6,-19.0,-8.9
2022,NX,CIC,Basi,0.249,0.378,0.363,0.171,-5.8,8.4,-16.2
2022,NXRT,NOC,Real,0.346,0.120,0.877,0.522,85.0,-40.4,-10.9
2022,OCFC,NOC,Fina,0.932,0.425,0.265,0.323,17.5,-5.3,-21.6
2022,OCSL,NOC,Fina,0.714,0.987,0.569,0.342,30.0,-11.0,-14.6
2022,OFG,NOC,Fina,0.864,0.456,0.546,0.367,58.5,-5.5,-25.9
2022,OII,CIC,Ener,0.438,0.247,0.202,0.380,35.5,25.3,-19.7
2022,OMAB,CIC,Indu,0.900,0.985,0.885,0.700,24.6,28.2,-12.0
2022,ONTO,NOC,Tech,0.498,0.685,0.758,0.953,54.8,-11.6,-15.9
2022,OPCH,NOC,Heal,0.000,0.990,0.368,0.943,17.9,18.2,-14.1
2022,OPI,NOC,Real,0.087,0.061,0.485,0.302,3.6,-35.0,-10.5
2022,OPK,NOC,Heal,0.640,0.837,0.045,0.544,-39.7,-67.2,-5.2
2022,OPY,NOC,Fina,0.693,0.475,0.373,0.099,19.4,15.9,-23.1
2022,OR,CIC,Basi,0.827,0.677,0.015,0.523,8.9,2.5,-16.1
2022,OSIS,NOC,Tech,0.027,0.157,0.241,0.378,-9.9,9.1,-20.2
2022,OSPN,NOC,Tech,0.612,0.331,0.150,0.118,-36.2,-16.5,-12.6
2022,OUST,NOC,Tech,0.417,0.876,0.005,0.078,-71.3,-73.0,-4.4
2022,OUT,NOC,Real,0.761,0.666,0.724,0.903,17.5,-22.5,-9.3
2022,OXM,CIC,Cons,0.507,0.735,0.624,0.347,0.0,42.1,-21.2
2022,PAGP,CIC,Ener,0.486,0.924,0.922,0.628,32.2,6.8,-19.6
2022,PAHC,NOC,Heal,0.103,0.107,0.376,0.165,-15.0,-14.0,-15.8
2022,PAM,NOC,Util,0.620,0.827,0.577,0.330,72.6,37.2,-15.4
2022,PAR,NOC,Tech,0.447,0.354,0.325,0.278,-44.5,-17.5,-13.5
2022,PATK,CIC,Cons,0.057,0.746,0.695,0.267,-13.1,6.6,-18.9
2022,PAX,NOC,Fina,0.738,0.433,0.869,0.637,4.1,-16.8,-14.1
2022,PAY,NOC,Tech,0.488,0.792,0.299,0.853,5.9,-73.6,-5.6
2022,PBH,NOC,Heal,0.044,0.115,0.612,0.748,47.0,7.9,-18.9
2022,PCRX,NOC,Heal,0.184,0.553,0.428,0.691,-14.0,-36.0,-10.1
2022,PD,NOC,Tech,0.221,0.015,0.136,0.590,-34.3,3.7,-15.0
2022,PDM,NOC,Real,0.071,0.019,0.709,0.565,6.0,-41.0,-8.6
2022,PECO,NOC,Real,0.220,0.118,0.767,0.785,82.8,4.9,-18.6
2022,PFIS,NOC,Fina,0.740,0.010,0.780,0.015,11.0,0.5,-26.3
2022,PFSI,NOC,Fina,0.914,0.927,0.328,0.824,-8.5,17.5,-20.5
2022,PGNY,NOC,Heal,0.252,0.532,0.433,0.880,-26.2,-22.3,-14.6
2022,PGY,NOC,Tech,0.735,0.981,0.751,0.511,-0.6,-90.6,0.5
2022,PHR,NOC,Heal,0.213,0.200,0.034,0.391,-43.7,22.0,-22.3
2022,PI,NOC,Tech,0.451,0.696,0.472,0.567,40.7,43.7,-26.4
2022,PJT,NOC,Fina,0.241,0.590,0.397,0.662,-14.7,24.3,-25.3
2022,PLUS,NOC,Tech,0.286,0.108,0.389,0.300,3.2,15.4,-19.0
2022,PLXS,NOC,Tech,0.024,0.097,0.158,0.582,-6.1,44.8,-28.2
2022,POST,NOC,Cons,0.483,0.139,0.307,0.919,10.5,35.4,-23.7
2022,POWI,NOC,Tech,0.236,0.465,0.567,0.979,-11.0,13.1,-17.5
2022,POWL,CIC,Indu,0.362,0.296,0.121,0.010,-1.8,31.8,-31.3
2022,PR,CIC,Ener,0.969,0.910,0.955,0.624,103.6,18.3,-14.2
2022,PRCH,NOC,Fina,0.653,0.934,0.931,0.155,-56.6,-74.7,-4.4
2022,PRDO,NOC,Cons,0.010,0.047,0.276,0.150,-27.3,37.7,-21.6
2022,PRGO,NOC,Heal,0.242,0.210,0.103,0.995,-12.7,-1.8,-16.7
2022,PRIM,CIC,Indu,0.354,0.086,0.162,0.363,-21.3,-0.6,-18.7
2022,PRM,CIC,Basi,0.853,0.683,0.002,0.475,0.9,-30.0,-16.4
2022,PRMB,NOC,Cons,0.108,0.535,0.271,0.585,-12.4,4.7,-15.5
2022,PRVA,NOC,Heal,0.123,0.187,0.370,0.658,-31.2,8.1,-23.2
2022,PSEC,NOC,Fina,0.994,0.964,0.528,0.813,25.1,-10.3,-14.3
2022,PUBM,NOC,Tech,0.565,0.688,0.769,0.435,-33.7,-50.4,-8.9
2022,PWP,NOC,Fina,0.439,0.761,0.181,0.263,-2.9,-8.2,-12.4
2022,QDEL,NOC,Heal,0.790,0.958,0.549,0.840,-57.9,-3.0,-12.2
2022,QFIN,NOC,Fina,0.674,0.389,0.792,0.640,-45.2,22.7,-13.8
2022,QNST,NOC,Comm,0.208,0.178,0.090,0.197,-28.5,-3.8,-15.3
2022,RDNT,NOC,Heal,0.578,0.562,0.226,0.307,3.8,-8.1,-14.9
2022,RDW,CIC,Indu,0.504,0.979,0.260,0.016,-21.1,-68.8,-5.6
2022,REAL,CIC,Cons,0.380,0.641,0.532,0.134,-75.1,-81.2,-2.3
2022,RELY,NOC,Tech,0.402,0.922,0.696,0.443,-77.5,6.1,-19.2
2022,RERE,CIC,Cons,0.063,0.654,0.635,0.205,-79.4,-18.4,-12.1
2022,RES,CIC,Ener,0.664,0.890,0.829,0.331,38.1,37.9,-26.9
2022,RGR,CIC,Indu,0.517,0.438,0.418,0.284,-4.9,-13.8,-10.4
2022,RIG,CIC,Ener,0.407,0.255,0.073,0.559,-5.7,111.1,-25.9
2022,RLX,NOC,Cons,0.648,0.984,0.645,0.509,-83.7,47.0,-15.9
2022,RMBS,NOC,Tech,0.572,0.405,0.735,0.701,28.9,73.4,-27.7
2022,RNST,NOC,Fina,0.819,0.149,0.320,0.561,0.9,-7.0,-18.1
2022,ROAD,CIC,Indu,0.415,0.336,0.666,0.344,-9.2,4.7,-18.4
2022,RSI,CIC,Cons,0.622,0.948,0.157,0.113,-38.6,-58.8,-7.5
2022,RSKD,NOC,Tech,0.607,0.250,0.071,0.246,-76.8,-0.8,-11.9
2022,RUN,NOC,Tech,0.661,0.742,0.094,0.974,-60.1,3.3,-18.1
2022,RUSHA,CIC,Cons,0.228,0.394,0.234,0.499,22.0,10.8,-17.8
2022,RVLV,CIC,Cons,0.391,0.598,0.816,0.838,36.7,-49.2,-6.1
2022,SAH,CIC,Cons,0.050,0.457,0.323,0.574,29.8,14.5,-18.4
2022,SANM,NOC,Tech,0.005,0.152,0.179,0.625,15.2,48.8,-33.6
2022,SB,CIC,Indu,0.931,0.630,0.934,0.094,50.0,-29.7,-7.0
2022,SBGI,NOC,Comm,0.963,0.716,0.213,0.488,-26.2,-26.4,-8.9
2022,SBLK,CIC,Indu,0.976,0.843,0.973,0.674,89.7,-16.3,-12.7
2022,SBRA,NOC,Real,0.617,0.174,0.784,0.711,-28.4,-1.4,-12.1
2022,SD,CIC,Ener,0.934,0.872,0.945,0.087,187.1,-10.9,-11.3
2022,SEI,CIC,Ener,0.885,0.893,0.808,0.037,-18.3,-28.1,14.9
2022,SFM,NOC,Cons,0.018,0.166,0.126,0.742,35.5,10.8,-18.8
2022,SFNC,NOC,Fina,0.687,0.428,0.457,0.782,11.2,-19.4,-14.5
2022,SGRY,NOC,Heal,0.462,0.294,0.478,0.926,24.3,-36.0,-11.6
2022,SHAK,CIC,Cons,0.423,0.703,0.415,0.714,-36.8,-21.9,-9.2
2022,SHEN,NOC,Comm,0.310,0.633,0.118,0.279,-49.7,-15.6,-15.2
2022,SHLS,NOC,Tech,0.515,0.205,0.470,0.423,-58.8,55.1,-19.7
2022,SHOO,CIC,Cons,0.258,0.898,0.796,0.806,12.2,-20.8,-12.5
2022,SII,NOC,Fina,0.624,0.758,0.420,0.239,10.1,-4.6,-15.7
2022,SIMO,NOC,Tech,0.174,0.619,0.890,0.724,64.4,-23.5,-10.3
2022,SKT,NOC,Real,0.535,0.543,0.436,0.446,19.4,7.9,-15.9
2022,SKY,CIC,Cons,0.472,0.662,0.706,0.864,92.4,-8.1,-18.7
2022,SLRC,NOC,Fina,0.982,0.921,0.066,0.170,-6.2,-17.3,-13.4
2022,SM,CIC,Ener,0.910,0.973,0.985,0.911,147.4,-15.1,-13.4
2022,SMCI,NOC,Tech,0.210,0.317,0.620,0.577,31.1,72.9,-44.8
2022,SMP,CIC,Cons,0.338,0.304,0.317,0.260,12.9,-13.7,-12.9
2022,SMPL,NOC,Cons,0.204,0.520,0.591,0.847,29.4,-1.8,-43.8
2022,SMTC,NOC,Tech,0.202,0.153,0.548,0.918,-8.8,-53.3,-5.0
2022,SMWB,NOC,Tech,0.312,0.100,0.063,0.265,-35.5,-53.2,-7.9
2022,SONO,NOC,Tech,0.365,0.611,0.384,0.850,-15.4,-30.3,-12.8
2022,SPB,NOC,Cons,0.328,0.315,0.142,0.827,7.3,-27.7,-13.5
2022,SPFI,NOC,Fina,0.817,0.472,0.405,0.073,49.2,-2.1,-18.2
2022,SPH,NOC,Util,0.758,0.884,0.498,0.228,-2.3,7.4,-18.8
2022,SPT,NOC,Tech,0.055,0.074,0.402,0.693,-21.6,15.0,-14.1
2022,SR,NOC,Util,0.559,0.402,0.412,0.788,0.2,12.5,-28.2
2022,SRAD,NOC,Tech,0.973,0.330,0.533,0.997,-33.4,-29.5,-16.5
2022,SRTA,NOC,Heal,0.430,0.638,0.950,0.050,-41.8,-46.8,-10.9
2022,SSD,CIC,Basi,0.334,0.179,0.743,0.966,5.7,1.6,-16.2
2022,SSRM,CIC,Basi,0.575,0.777,0.541,0.934,30.2,-30.7,-8.3
2022,SSYS,NOC,Tech,0.389,0.401,0.207,0.373,-37.7,-41.6,-7.7
2022,STAA,NOC,Heal,0.456,0.512,0.570,0.746,-45.2,11.5,-10.5
2022,STEP,NOC,Fina,0.598,0.916,0.851,0.540,-7.8,-11.2,-16.0
2022,STNE,NOC,Tech,0.737,0.756,0.956,0.719,-87.4,-10.6,-16.5
2022,STRA,NOC,Cons,0.386,0.050,0.247,0.368,-33.2,55.0,-27.3
2022,STRL,CIC,Indu,0.069,0.333,0.352,0.208,27.4,28.8,-24.3
2022,SUN,CIC,Ener,0.433,0.835,0.864,0.817,33.2,11.2,-17.9
2022,SUPN,NOC,Heal,0.452,0.368,0.268,0.436,8.5,18.8,-21.4
2022,SWBI,CIC,Indu,0.514,0.738,0.108,0.194,13.3,-40.9,-8.8
2022,SWIM,CIC,Indu,0.695,0.906,0.286,0.452,-41.7,-79.1,-2.2
2022,SXC,CIC,Basi,0.173,0.326,0.410,0.103,23.8,30.5,-28.0
2022,SXI,CIC,Indu,0.189,0.439,0.481,0.291,12.1,22.6,-21.4
2022,TAC,NOC,Util,0.775,0.606,0.288,0.672,20.9,-12.4,-13.8
2022,TASK,NOC,Tech,0.426,0.048,0.774,0.766,-7.6,-27.9,-13.6
2022,TDAY,NOC,Comm,0.262,0.826,0.132,0.126,2.7,-47.9,-8.2
2022,TEO,NOC,Comm,0.183,0.795,0.087,0.465,-10.2,-15.3,-8.2
2022,TEX,CIC,Indu,0.315,0.603,0.496,0.740,13.9,17.3,-20.8
2022,TFPM,CIC,Basi,0.961,0.772,0.637,0.489,41.2,8.6,-13.3
2022,TFSL,NOC,Fina,0.685,0.281,0.160,0.971,-7.5,-14.3,-15.9
2022,TGLS,CIC,Basi,0.370,0.519,0.679,0.262,185.5,65.4,-29.0
2022,TH,CIC,Indu,0.805,0.745,0.788,0.052,120.9,224.3,-42.8
2022,THO,CIC,Cons,0.250,0.670,0.664,0.990,-34.1,6.1,-12.4
2022,THRM,CIC,Cons,0.525,0.672,0.115,0.727,18.3,-22.6,-13.5
2022,TIGO,NOC,Comm,0.843,0.094,0.452,0.947,-24.2,-32.4,-10.2
2022,TIPT,NOC,Fina,0.763,0.711,0.439,0.036,122.0,26.1,-16.4
2022,TKC,NOC,Comm,0.142,0.128,0.129,0.695,-45.0,30.9,-20.9
2022,TLRY,NOC,Heal,0.832,0.679,0.313,0.790,-76.9,-59.5,-16.8
2022,TMDX,NOC,Heal,0.635,0.793,0.016,0.013,-68.3,414.6,-61.9
2022,TPB,NOC,Cons,0.215,0.147,0.304,0.152,-41.6,-32.4,-9.4
2022,TPC,CIC,Indu,0.045,0.362,0.069,0.111,-38.5,-34.2,-9.6
2022,TRIN,NOC,Fina,0.759,0.814,0.963,0.082,20.9,-26.4,-12.9
2022,TRIP,CIC,Cons,0.443,0.994,0.858,0.890,-24.0,-16.5,-14.2
2022,TRMD,CIC,Ener,0.806,0.719,0.806,0.131,2.5,288.6,-62.8
2022,TRN,CIC,Indu,0.656,0.491,0.460,0.704,-3.9,-3.8,-14.1
2022,TROX,CIC,Basi,0.323,0.624,0.444,0.837,23.1,-30.1,-11.2
2022,TRTX,NOC,Real,0.102,0.351,0.911,0.244,2.0,-33.0,-8.2
2022,TSLX,NOC,Fina,0.540,0.871,0.685,0.472,8.6,-20.0,-9.4
2022,TTI,CIC,Ener,0.585,0.640,0.659,0.032,22.6,20.9,-22.8
2022,TTMI,NOC,Tech,0.026,0.289,0.339,0.389,5.1,11.9,-20.5
2022,TUYA,NOC,Tech,0.708,0.877,0.032,0.309,-91.2,-6.4,9.7
2022,TWST,NOC,Heal,0.751,0.494,0.019,0.717,-69.9,-48.1,-7.7
2022,UCTT,NOC,Tech,0.016,0.228,0.793,0.517,-11.9,-25.3,-9.0
2022,UFPI,CIC,Basi,0.147,0.648,0.680,0.994,31.0,9.3,-19.9
2022,UFPT,NOC,Heal,0.155,0.258,0.501,0.061,20.7,66.7,-13.0
2022,ULH,CIC,Indu,0.318,0.523,0.423,0.044,-26.9,154.0,-45.1
2022,UNFI,NOC,Cons,0.023,0.031,0.225,0.570,3.8,9.4,-14.3
2022,UNIT,NOC,Real,0.436,0.003,0.811,0.796,6.2,-54.9,-7.4
2022,UPBD,NOC,Tech,0.667,0.582,0.753,0.575,-36.2,-22.0,-9.3
2022,URBN,CIC,Cons,0.523,0.569,0.426,0.661,-19.8,-0.8,-16.1
2022,USAC,CIC,Ener,0.149,0.040,0.394,0.412,10.0,27.1,-21.6
2022,USLM,CIC,Basi,0.428,0.165,0.509,0.153,4.5,19.5,-19.7
2022,UZD,NOC,Comm,0.393,0.005,0.144,0.553,-5.7,-25.9,-8.7
2022,VALN,NOC,Heal,0.997,0.897,0.982,0.480,29.3,-70.8,-5.1
2022,VBNK,NOC,Fina,0.530,0.344,0.646,0.002,-1.0,-36.2,-11.0
2022,VCYT,NOC,Heal,0.376,0.850,0.795,0.494,-62.4,-18.3,-14.7
2022,VECO,NOC,Tech,0.129,0.302,0.367,0.410,35.7,-30.0,-11.3
2022,VEL,NOC,Fina,0.732,0.808,0.947,0.026,33.0,-22.2,-8.7
2022,VEON,NOC,Comm,0.053,0.137,0.388,0.202,-71.4,15.4,-18.5
2022,VET,CIC,Ener,0.906,0.712,0.942,0.822,209.2,-37.5,-6.0
2022,VIAV,NOC,Tech,0.270,0.155,0.354,0.842,-2.7,-26.9,-12.8
2022,VINP,NOC,Fina,0.682,0.653,0.675,0.147,-21.1,-11.4,-10.5
2022,VIRT,NOC,Fina,0.599,0.935,0.628,0.866,24.0,-40.5,-14.8
2022,VISN,NOC,Tech,0.092,0.593,0.205,0.493,-40.2,-20.3,-16.8
2022,VIST,CIC,Ener,0.943,0.956,0.969,0.132,156.1,148.4,-37.0
2022,VMI,CIC,Indu,0.131,0.168,0.417,0.977,-0.4,42.4,-30.0
2022,VNET,NOC,Tech,0.086,0.076,0.393,0.268,-79.1,-56.9,-8.6
2022,VNOM,CIC,Ener,0.945,0.943,0.974,0.515,56.0,16.4,-14.3
2022,VRRM,NOC,Tech,0.845,0.698,0.832,0.622,5.0,11.8,-15.5
2022,VRTS,NOC,Fina,0.609,0.580,0.821,0.549,15.2,-14.4,-12.7
2022,VSAT,NOC,Tech,0.239,0.131,0.351,0.777,-10.2,-19.3,-13.3
2022,VSEC,CIC,Indu,0.158,0.407,0.616,0.121,25.0,16.9,-15.2
2022,VSH,NOC,Tech,0.341,0.414,0.572,0.716,-14.0,18.5,-18.8
2022,VVX,CIC,Indu,0.081,0.267,0.349,0.066,-25.3,15.5,-13.4
2022,WD,NOC,Fina,0.512,0.376,0.599,0.922,43.4,-33.0,-11.6
2022,WFRD,CIC,Ener,0.619,0.443,0.310,0.616,218.2,60.3,-27.7
2022,WGO,CIC,Cons,0.502,0.708,0.654,0.460,-22.9,5.8,-14.2
2022,WHD,CIC,Ener,0.532,0.868,0.889,0.861,49.4,-4.7,-17.1
2022,WING,CIC,Cons,0.192,0.145,0.511,0.981,12.9,2.2,-21.6
2022,WLDN,CIC,Indu,0.489,0.216,0.123,0.031,-29.7,-45.5,-6.1
2022,WLFC,CIC,Indu,0.551,0.388,0.467,0.123,-10.8,78.4,-12.2
2022,WLYB,NOC,Comm,0.074,0.037,0.283,0.685,-2.6,-13.9,-10.7
2022,WNC,CIC,Indu,0.132,0.599,0.270,0.187,2.3,55.1,-34.8
2022,WOR,CIC,Indu,0.496,0.721,0.813,0.481,-2.4,-12.3,-13.2
2022,WRBY,CIC,Cons,0.171,0.323,0.074,0.745,-49.2,-52.8,-8.1
2022,WT,NOC,Fina,0.457,0.260,0.632,0.215,4.9,5.5,-13.6
2022,WTI,CIC,Ener,0.940,0.874,0.987,0.199,72.8,1.5,-7.9
2022,WTM,NOC,Fina,0.987,0.976,0.061,0.758,-3.6,40.2,-25.6
2022,WULF,NOC,Tech,0.792,0.730,0.000,0.192,68.7,-90.7,-1.5
2022,WWW,CIC,Cons,0.099,0.635,0.391,0.502,-28.9,-38.1,-7.5
2022,XERS,NOC,Heal,0.924,0.995,0.065,0.003,-43.2,-41.6,-6.9
2022,XPEL,CIC,Cons,0.165,0.544,0.690,0.501,14.3,6.4,-19.1
2022,XPO,CIC,Indu,0.037,0.481,0.060,0.929,-9.8,15.4,-18.3
2022,YALA,NOC,Tech,0.911,0.847,0.754,0.128,-84.3,4.1,-10.7
2022,YELP,NOC,Comm,0.058,0.515,0.404,0.649,-10.4,-7.8,-16.4
2022,YOU,NOC,Tech,0.803,0.574,0.254,0.464,-36.5,21.0,-24.0
2022,ZETA,NOC,Tech,0.590,0.105,0.095,0.305,13.9,-9.2,-10.9
2022,ZWS,CIC,Indu,0.499,0.546,0.040,0.893,47.1,-30.2,-14.2
2023,AAON,CIC,Indu,0.539,0.644,0.938,0.944,39.2,58.0,51.9
2023,AAT,NOC,Real,0.140,0.197,0.586,0.571,-19.4,-23.4,21.2
2023,ABCL,NOC,Heal,0.459,0.994,0.872,0.694,5.2,-39.9,19.1
2023,ABR,NOC,Real,0.215,0.461,0.882,0.798,-10.3,-15.6,25.9
2023,ACEL,CIC,Cons,0.156,0.751,0.781,0.183,-30.7,14.8,37.8
2023,ACLS,NOC,Tech,0.131,0.424,0.764,0.884,85.9,10.4,31.8
2023,ACVA,CIC,Cons,0.272,0.657,0.090,0.486,-2.3,29.3,40.3
2023,ADEA,NOC,Tech,0.809,0.754,0.133,0.283,141.0,16.4,36.9
2023,ADPT,NOC,Heal,0.586,0.583,0.108,0.330,-40.9,-54.8,13.3
2023,ADTN,NOC,Tech,0.664,0.826,0.954,0.349,-12.7,-63.0,12.1
2023,AEIS,NOC,Tech,0.162,0.358,0.636,0.856,13.5,8.1,31.3
2023,AFRM,NOC,Fina,0.804,0.451,0.031,0.966,-72.7,178.5,82.3
2023,AFYA,NOC,Cons,0.495,0.327,0.742,0.247,-25.5,94.6,59.3
2023,AG,CIC,Basi,0.837,0.635,0.060,0.498,-50.4,-34.6,19.8
2023,AGI,CIC,Basi,0.756,0.490,0.692,0.885,36.6,17.2,36.5
2023,AGM,NOC,Fina,0.903,0.586,0.689,0.421,14.1,32.3,44.2
2023,AGRO,NOC,Cons,0.947,0.318,0.573,0.916,-29.2,34.5,45.1
2023,AGX,CIC,Indu,0.194,0.716,0.280,0.090,-1.7,27.0,36.3
2023,AI,NOC,Tech,0.595,0.345,0.019,0.633,-6.0,41.3,46.5
2023,ALGT,CIC,Indu,0.705,0.940,0.657,0.414,-52.1,-6.3,28.0
2023,ALHC,NOC,Heal,0.457,0.019,0.318,0.504,19.8,-37.5,20.5
2023,ALKS,NOC,Heal,0.277,0.228,0.159,0.959,5.2,-0.7,29.8
2023,ALNT,CIC,Indu,0.168,0.236,0.735,0.146,23.2,-30.5,22.3
2023,ALSN,CIC,Cons,0.081,0.408,0.670,0.925,12.8,37.9,40.0
2023,ALX,NOC,Real,0.094,0.149,0.801,0.311,-10.1,-3.1,29.4
2023,AMBA,NOC,Tech,0.110,0.560,0.075,0.854,-32.5,-39.8,19.7
2023,AMN,NOC,Heal,0.071,0.664,0.199,0.926,4.5,-20.0,24.0
2023,AMPL,NOC,Tech,0.032,0.496,0.197,0.518,-59.8,-15.8,23.8
2023,AMR,CIC,Ener,0.879,0.960,0.543,0.677,37.3,143.4,78.0
2023,AMRC,CIC,Indu,0.393,0.728,0.155,0.701,-19.4,-60.7,12.9
2023,AMRX,NOC,Heal,0.426,0.056,0.485,0.004,-50.5,177.4,91.9
2023,ANGO,NOC,Heal,0.112,0.128,0.247,0.122,-36.7,-49.9,17.0
2023,ANIP,NOC,Heal,0.767,0.535,0.795,0.147,48.8,39.6,45.8
2023,AORT,NOC,Heal,0.143,0.222,0.299,0.093,-24.6,33.0,39.9
2023,AOSL,NOC,Tech,0.402,0.406,0.275,0.278,-23.3,-27.7,21.1
2023,APAM,NOC,Fina,0.499,0.594,0.283,0.616,-15.0,15.9,36.1
2023,APLE,NOC,Real,0.707,0.884,0.539,0.870,-2.8,-2.8,30.0
2023,APP,NOC,Tech,0.739,0.825,0.146,0.976,-81.5,261.4,104.7
2023,APPN,NOC,Tech,0.227,0.065,0.162,0.800,-9.0,-25.6,22.3
2023,APPS,NOC,Tech,0.480,0.997,0.053,0.474,-64.7,-67.4,9.4
2023,ARCB,CIC,Indu,0.161,0.370,0.359,0.594,-7.4,47.7,42.2
2023,ARCO,CIC,Cons,0.490,0.591,0.672,0.471,4.7,52.6,49.8
2023,ARHS,CIC,Cons,0.211,0.115,0.845,0.390,17.7,25.2,41.7
2023,ARI,NOC,Real,0.568,0.904,0.025,0.482,-9.0,-8.9,26.4
2023,ARLO,NOC,Tech,0.482,0.464,0.074,0.007,-58.9,179.0,89.1
2023,ARLP,CIC,Ener,0.894,0.492,0.891,0.723,67.2,-3.4,30.4
2023,AROC,CIC,Ener,0.364,0.196,0.744,0.384,11.8,88.2,59.7
2023,ARRY,CIC,Ener,0.652,0.872,0.913,0.716,77.1,-28.4,20.7
2023,ASAN,NOC,Tech,0.007,0.290,0.085,0.869,-63.5,6.6,34.3
2023,ATAT,CIC,Cons,0.842,0.750,0.166,0.756,83.2,-19.5,23.4
2023,ATEC,NOC,Heal,0.514,0.483,0.371,0.437,33.8,1.9,33.4
2023,ATEN,NOC,Tech,0.135,0.027,0.599,0.315,5.7,-17.9,22.7
2023,ATHM,NOC,Comm,0.334,0.367,0.601,0.940,32.0,-32.9,19.6
2023,ATLC,NOC,Fina,0.636,0.853,0.972,0.060,-46.1,26.8,42.2
2023,ATRO,CIC,Indu,0.306,0.427,0.629,0.032,10.6,23.2,40.5
2023,AVAL,NOC,Fina,0.859,0.546,0.065,0.714,-54.8,8.0,35.4
2023,AVAV,CIC,Indu,0.766,0.392,0.772,0.585,20.0,47.0,48.0
2023,AVNT,CIC,Basi,0.461,0.739,0.081,0.876,-16.7,-15.0,23.7
2023,AX,NOC,Fina,0.773,0.209,0.848,0.661,-16.3,35.2,42.6
2023,AZTA,NOC,Heal,0.436,0.694,0.398,0.901,-36.7,18.7,34.2
2023,AZZ,CIC,Indu,0.454,0.636,0.876,0.275,-20.9,35.2,44.9
2023,BALY,CIC,Cons,0.704,0.869,0.032,0.277,-46.3,-45.8,16.6
2023,BANC,NOC,Fina,0.713,0.152,0.694,0.539,-13.5,-21.5,27.8
2023,BAND,NOC,Tech,0.303,0.467,0.487,0.085,-62.6,-30.2,22.5
2023,BB,NOC,Tech,0.246,0.131,0.003,0.622,-46.4,-30.0,19.9
2023,BBSI,CIC,Indu,0.601,0.037,0.378,0.144,58.2,19.8,40.1
2023,BCC,CIC,Basi,0.468,0.624,0.267,0.705,-16.3,104.5,64.9
2023,BCPC,CIC,Basi,0.103,0.059,0.524,0.932,-4.5,11.1,36.5
2023,BCSF,NOC,Fina,0.825,0.495,0.912,0.196,-18.3,19.5,39.2
2023,BDC,NOC,Tech,0.197,0.169,0.430,0.878,52.0,-16.4,24.7
2023,BDN,NOC,Real,0.050,0.109,0.542,0.295,-51.1,-22.7,22.6
2023,BE,CIC,Indu,0.639,0.300,0.552,0.975,52.6,-50.5,15.0
2023,BELFB,NOC,Tech,0.437,0.063,0.548,0.062,217.4,84.2,57.4
2023,BFC,NOC,Fina,0.325,0.119,0.810,0.165,19.5,-4.8,29.8
2023,BFST,NOC,Fina,0.695,0.613,0.798,0.080,-24.7,13.6,36.1
2023,BGC,NOC,Fina,0.599,0.049,0.287,0.623,2.4,54.2,48.4
2023,BHC,NOC,Heal,0.019,0.155,0.177,0.845,-57.0,-12.0,26.6
2023,BJRI,CIC,Cons,0.380,0.695,0.480,0.189,5.7,0.4,30.1
2023,BKD,NOC,Heal,0.287,0.218,0.386,0.118,-44.0,104.3,64.8
2023,BKH,NOC,Util,0.667,0.623,0.594,0.960,6.1,-29.7,19.4
2023,BLFS,NOC,Heal,0.918,0.923,0.218,0.205,-15.0,-14.4,25.3
2023,BLX,NOC,Fina,0.944,0.729,0.940,0.119,8.1,44.1,44.6
2023,BOOT,CIC,Cons,0.127,0.611,0.489,0.602,-21.6,-0.6,32.2
2023,BROS,CIC,Cons,0.689,0.457,0.728,0.568,-20.1,-28.6,22.3
2023,BRSP,NOC,Real,0.688,0.633,0.785,0.221,-19.3,-6.2,29.3
2023,BRZE,NOC,Tech,0.346,0.163,0.284,0.748,-27.5,56.4,45.0
2023,BSM,CIC,Ener,0.738,0.680,0.947,0.826,33.1,-1.6,31.2
2023,BTE,CIC,Ener,0.730,0.891,0.655,0.619,7.9,-17.1,26.7
2023,BTU,CIC,Ener,0.940,0.711,0.825,0.984,99.8,-13.1,25.2
2023,BVN,CIC,Basi,0.937,0.816,0.278,0.526,-22.2,98.2,64.5
2023,BWMN,CIC,Indu,0.080,0.558,0.894,0.021,101.1,13.4,37.8
2023,BWMX,CIC,Cons,0.782,0.956,0.873,0.015,-56.7,54.1,46.6
2023,BXC,CIC,Indu,0.323,0.602,0.199,0.161,-0.5,42.8,45.3
2023,BXMT,NOC,Real,0.174,0.386,0.803,0.887,-27.4,-21.5,22.8
2023,BZH,CIC,Cons,0.386,0.343,0.295,0.088,-4.7,83.3,46.3
2023,CAAP,CIC,Indu,0.728,0.832,0.878,0.401,63.7,63.3,49.3
2023,CAKE,CIC,Cons,0.209,0.778,0.399,0.541,-0.5,-14.6,26.6
2023,CALM,NOC,Cons,0.928,0.775,0.969,0.689,4.4,7.9,33.4
2023,CALX,NOC,Tech,0.184,0.377,0.711,0.898,41.2,-25.9,23.8
2023,CAMT,NOC,Tech,0.116,0.595,0.639,0.356,-25.9,216.9,93.7
2023,CAPL,CIC,Ener,0.043,0.627,0.314,0.177,4.9,3.3,33.8
2023,CARE,NOC,Fina,0.445,0.333,0.888,0.029,7.3,-11.9,27.4
2023,CARG,CIC,Cons,0.981,0.848,0.211,0.554,-47.1,39.8,45.8
2023,CATY,NOC,Fina,0.691,0.230,0.853,0.779,0.6,1.6,32.6
2023,CBNK,NOC,Fina,0.660,0.434,0.452,0.009,-9.7,2.6,32.6
2023,CBRL,CIC,Cons,0.284,0.482,0.393,0.642,-17.5,-33.6,21.7
2023,CBT,CIC,Basi,0.340,0.452,0.377,0.904,32.2,-0.2,29.6
2023,CCB,NOC,Fina,0.965,0.756,0.976,0.116,-7.9,-3.5,29.7
2023,CCNE,NOC,Fina,0.551,0.134,0.723,0.071,-12.3,-8.0,32.0
2023,CCOI,NOC,Comm,0.003,0.000,0.502,0.735,2.5,30.2,41.4
2023,CCS,CIC,Cons,0.474,0.448,0.325,0.552,-5.6,40.1,41.0
2023,CCU,NOC,Cons,0.477,0.507,0.336,0.710,-11.4,-24.2,24.8
2023,CDE,CIC,Basi,0.870,0.365,0.383,0.214,-41.6,-16.0,26.2
2023,CDNA,NOC,Heal,0.177,0.570,0.125,0.174,-63.2,-35.5,21.2
2023,CECO,CIC,Indu,0.295,0.330,0.608,0.075,174.7,57.4,51.0
2023,CERS,NOC,Heal,0.280,0.384,0.163,0.077,-45.5,-25.9,25.1
2023,CFFN,NOC,Fina,0.876,0.348,0.498,0.287,-27.8,-25.6,23.9
2023,CGBD,NOC,Fina,0.959,0.479,0.769,0.231,12.8,-1.0,32.4
2023,CHEF,NOC,Cons,0.059,0.722,0.725,0.393,8.5,-11.5,24.7
2023,CLDT,NOC,Real,0.895,0.866,0.591,0.130,-7.2,-21.0,25.3
2023,CLS,NOC,Tech,0.001,0.349,0.654,0.446,19.9,143.3,78.1
2023,CMCO,CIC,Indu,0.163,0.439,0.434,0.289,-10.6,0.8,29.5
2023,CMP,CIC,Basi,0.546,0.280,0.414,0.505,-19.6,-50.9,13.5
2023,CMRE,CIC,Indu,0.527,0.773,0.884,0.227,-32.7,2.4,29.5
2023,CNK,NOC,Comm,0.501,0.962,0.122,0.439,-25.1,24.7,41.0
2023,CNOB,NOC,Fina,0.829,0.203,0.748,0.212,-34.1,5.7,32.9
2023,CNR,CIC,Ener,0.614,0.834,0.979,0.604,163.0,30.6,35.9
2023,CNS,NOC,Fina,0.645,0.515,0.455,0.837,-12.1,-4.1,30.7
2023,CNX,CIC,Ener,0.922,0.850,0.782,0.814,10.8,23.8,38.5
2023,CODI,CIC,Indu,0.181,0.312,0.589,0.417,-9.8,5.5,35.3
2023,COMP,NOC,Real,0.090,0.875,0.057,0.434,-57.5,-8.0,30.1
2023,CPA,CIC,Indu,0.813,0.984,0.892,0.867,8.2,4.2,28.9
2023,CPAC,CIC,Basi,0.237,0.925,0.510,0.044,-18.7,-3.6,27.4
2023,CPK,NOC,Util,0.368,0.062,0.685,0.592,-4.9,-15.0,26.5
2023,CRAI,CIC,Indu,0.066,0.102,0.457,0.180,25.4,7.9,35.1
2023,CRC,CIC,Ener,0.611,0.596,0.761,0.784,11.9,26.5,41.9
2023,CRCT,NOC,Tech,0.772,0.860,0.110,0.538,-35.4,-46.4,17.8
2023,CRDO,NOC,Tech,0.554,0.732,0.834,0.468,-34.5,110.9,70.2
2023,CRGY,CIC,Ener,0.925,0.888,0.820,0.535,-30.8,-3.2,32.4
2023,CRI,CIC,Cons,0.270,0.389,0.230,0.703,-23.8,10.4,36.6
2023,CRK,CIC,Ener,0.848,0.820,0.928,0.816,69.0,-37.5,18.5
2023,CRTO,NOC,Comm,0.533,0.237,0.214,0.573,1.0,-24.6,21.7
2023,CSIQ,NOC,Tech,0.362,0.552,0.642,0.730,21.5,-52.6,14.0
2023,CSTL,NOC,Heal,0.580,0.376,0.205,0.140,-41.8,-0.4,32.8
2023,CSW,CIC,Indu,0.361,0.380,0.675,0.608,30.0,44.0,36.3
2023,CSWC,NOC,Fina,0.826,0.698,0.187,0.110,-24.0,32.1,41.6
2023,CTOS,CIC,Indu,0.700,0.405,0.753,0.442,-21.9,-3.5,31.1
2023,CUBB,NOC,Fina,0.946,0.437,0.641,0.153,-14.2,-10.0,28.0
2023,CUBI,NOC,Fina,0.954,0.700,0.103,0.274,-48.8,66.7,54.1
2023,CUZ,NOC,Real,0.013,0.003,0.837,0.879,-32.9,-15.3,25.0
2023,CVCO,CIC,Cons,0.247,0.459,0.595,0.651,0.3,19.4,30.1
2023,CVLT,NOC,Tech,0.166,0.046,0.239,0.708,-8.6,31.0,40.9
2023,CVSA,NOC,Cons,0.557,0.573,0.408,0.493,30.0,33.1,36.9
2023,CWEN,NOC,Util,0.878,0.177,0.172,0.851,-6.7,-24.0,23.0
2023,CYD,CIC,Indu,0.309,0.539,0.128,0.027,-23.6,-2.4,31.2
2023,CYRX,CIC,Indu,0.271,0.082,0.171,0.255,-38.4,-20.5,25.6
2023,DAC,CIC,Indu,0.686,0.529,0.918,0.323,-39.1,28.4,37.9
2023,DAO,NOC,Cons,0.654,0.763,0.596,0.253,-30.1,-42.5,18.3
2023,DBRG,NOC,Fina,0.881,0.959,0.084,0.529,-56.5,64.8,53.1
2023,DCH,CIC,Cons,0.228,0.788,0.452,0.272,16.6,-7.6,28.4
2023,DCO,CIC,Indu,0.105,0.090,0.479,0.143,14.8,-6.9,27.9
2023,DDD,NOC,Tech,0.311,0.436,0.082,0.337,-45.1,-46.6,17.6
2023,DEA,NOC,Real,0.138,0.024,0.800,0.373,-27.5,-24.8,24.6
2023,DFH,CIC,Cons,0.205,0.620,0.683,0.376,-44.8,176.9,90.1
2023,DIOD,NOC,Tech,0.448,0.418,0.514,0.922,-5.3,-26.4,21.5
2023,DKL,CIC,Ener,0.573,0.412,0.828,0.588,18.8,-10.1,29.4
2023,DLO,NOC,Tech,0.616,0.738,0.904,0.999,-27.3,5.1,27.8
2023,DLX,NOC,Comm,0.331,0.231,0.317,0.224,-32.1,-10.9,22.5
2023,DMC,NOC,Cons,0.159,0.004,0.297,0.405,23.7,-24.1,24.8
2023,DMLP,CIC,Ener,0.716,0.865,0.932,0.306,36.8,1.3,30.7
2023,DNUT,CIC,Cons,0.069,0.183,0.374,0.583,-12.2,5.8,30.7
2023,DOLE,NOC,Cons,0.434,0.779,0.308,0.293,-13.3,-6.0,30.0
2023,DQ,CIC,Ener,0.890,0.881,0.985,0.859,-7.9,-55.9,14.5
2023,DRH,NOC,Real,0.785,0.976,0.747,0.517,-14.0,5.0,32.5
2023,DRVN,CIC,Cons,0.261,0.592,0.758,0.957,-10.7,-47.6,16.2
2023,DTB,NOC,Util,0.561,0.432,0.311,0.894,-14.1,5.0,32.9
2023,DTG,NOC,Util,0.561,0.432,0.311,0.894,-15.9,8.4,33.9
2023,DUOL,NOC,Tech,0.009,0.368,0.536,0.853,27.2,114.3,70.5
2023,DV,NOC,Tech,0.035,0.060,0.741,0.941,10.1,59.8,53.5
2023,DXPE,CIC,Indu,0.041,0.373,0.719,0.091,-4.3,27.8,37.9
2023,DY,CIC,Indu,0.342,0.239,0.538,0.728,7.1,26.4,42.3
2023,EBF,CIC,Indu,0.234,0.018,0.474,0.084,13.5,-3.1,23.1
2023,ECHO,NOC,Comm,0.408,0.015,0.376,0.399,-27.5,-2.0,32.5
2023,ECO,CIC,Indu,0.932,0.990,0.999,0.138,70.3,67.8,47.4
2023,ECPG,NOC,Fina,0.835,0.514,0.078,0.358,-19.0,-6.6,29.1
2023,ECVT,CIC,Basi,0.443,0.786,0.482,0.342,-3.5,-2.6,32.1
2023,EE,CIC,Ener,0.973,0.991,0.756,0.081,-26.6,-28.1,21.2
2023,EFXT,CIC,Ener,0.570,0.847,0.937,0.178,13.1,-19.4,26.7
2023,EGO,CIC,Basi,0.941,0.130,0.349,0.418,-22.1,34.7,43.4
2023,EGY,CIC,Ener,0.916,0.837,0.965,0.052,-32.0,-6.7,27.5
2023,ELF,NOC,Cons,0.264,0.277,0.832,0.803,97.9,190.1,86.4
2023,EMBJ,CIC,Indu,0.577,0.797,0.813,0.682,8.7,87.8,64.7
2023,ENLT,NOC,Util,0.605,0.772,0.219,0.511,-9.2,-2.8,29.4
2023,ENOV,NOC,Heal,0.745,0.742,0.040,0.770,-20.1,4.6,31.7
2023,ENR,CIC,Indu,0.233,0.096,0.289,0.663,1.4,-12.3,25.6
2023,ENS,CIC,Indu,0.125,0.012,0.465,0.841,15.6,12.9,32.5
2023,ENVA,NOC,Fina,0.912,0.561,0.791,0.404,18.1,28.8,38.3
2023,EOLS,NOC,Heal,0.630,0.916,0.271,0.069,-1.8,59.3,51.2
2023,EPAC,CIC,Indu,0.356,0.242,0.406,0.449,31.3,25.2,36.6
2023,EPC,NOC,Cons,0.476,0.072,0.334,0.607,17.2,-14.2,24.7
2023,EPR,NOC,Real,0.267,0.719,0.773,0.776,-8.8,-0.4,32.6
2023,ERO,CIC,Basi,0.943,0.705,0.443,0.445,10.9,3.4,33.6
2023,ESI,CIC,Basi,0.414,0.381,0.242,0.968,-16.9,22.4,38.8
2023,ESRT,NOC,Real,0.418,0.208,0.632,0.567,-17.5,27.5,36.0
2023,ESTA,NOC,Heal,0.190,0.851,0.208,0.461,7.4,-40.8,19.4
2023,EVC,NOC,Comm,0.200,0.971,0.577,0.100,-0.5,-42.7,19.5
2023,EVCM,NOC,Tech,0.193,0.191,0.458,0.487,-26.7,6.1,34.1
2023,EVH,NOC,Heal,0.576,0.598,0.779,0.778,42.2,-5.2,29.3
2023,EVO,NOC,Heal,0.726,0.200,0.661,0.850,-56.7,-26.3,20.9
2023,EXK,CIC,Basi,0.784,0.813,0.907,0.103,-46.8,-35.5,21.4
2023,FA,CIC,Indu,0.040,0.498,0.402,0.579,-23.2,16.1,37.8
2023,FCFS,NOC,Fina,0.725,0.599,0.819,0.923,23.7,26.1,31.8
2023,FCPT,NOC,Real,0.121,0.028,0.901,0.638,8.1,-19.4,22.5
2023,FET,CIC,Ener,0.427,0.487,0.588,0.010,65.9,-38.9,19.8
2023,FIGS,CIC,Cons,0.218,0.806,0.426,0.470,-34.4,-35.3,21.3
2023,FINV,NOC,Fina,0.208,0.342,0.644,0.352,52.7,12.5,35.4
2023,FIX,CIC,Indu,0.027,0.359,0.658,0.946,46.8,95.2,60.3
2023,FLGT,NOC,Heal,0.991,0.879,0.012,0.268,-45.5,-22.3,25.6
2023,FLNG,CIC,Ener,0.723,0.876,0.739,0.514,55.4,-18.6,23.0
2023,FMBH,NOC,Fina,0.798,0.178,0.809,0.135,-22.9,-3.9,30.1
2023,FN,NOC,Tech,0.004,0.025,0.574,0.988,16.7,69.4,49.5
2023,FNB,NOC,Fina,0.658,0.240,0.870,0.963,-2.5,-1.1,28.7
2023,FOR,NOC,Real,0.405,0.707,0.080,0.162,-15.0,127.7,72.0
2023,FORM,NOC,Tech,0.753,0.206,0.100,0.601,-32.5,31.9,38.0
2023,FRHC,NOC,Fina,0.857,0.835,0.909,0.866,-3.4,29.9,38.7
2023,FRO,CIC,Indu,0.953,0.910,0.987,0.919,129.4,20.4,39.2
2023,FROG,NOC,Tech,0.212,0.091,0.224,0.644,-10.6,49.0,43.2
2023,FRPT,NOC,Cons,0.624,0.038,0.700,0.744,-34.8,48.2,48.5
2023,FRSH,NOC,Tech,0.180,0.211,0.124,0.969,-27.0,32.2,36.6
2023,FSLY,NOC,Tech,0.517,0.057,0.131,0.483,-52.1,65.1,46.0
2023,FSM,CIC,Basi,0.885,0.870,0.013,0.252,-18.2,-11.7,27.8
2023,FSS,CIC,Indu,0.037,0.172,0.698,0.839,72.2,41.7,47.2
2023,FTAI,CIC,Indu,0.882,0.733,0.946,0.639,12.5,122.8,67.4
2023,FUL,CIC,Basi,0.096,0.041,0.445,0.890,-5.2,9.2,35.1
2023,FUN,CIC,Cons,0.682,0.931,0.467,0.635,-23.0,-8.0,28.0
2023,FWRD,CIC,Indu,0.535,0.262,0.462,0.757,3.4,-64.8,10.7
2023,FWRG,CIC,Cons,0.374,0.686,0.429,0.234,24.6,60.7,53.5
2023,GAIN,NOC,Fina,0.975,0.987,0.975,0.047,-13.7,2.2,30.4
2023,GBDC,NOC,Fina,0.887,0.414,0.948,0.636,-13.0,9.9,31.9
2023,GBTG,CIC,Cons,0.853,0.810,0.887,0.725,-31.0,-17.0,28.3
2023,GBX,CIC,Indu,0.585,0.841,0.697,0.230,-35.9,54.7,49.8
2023,GDS,NOC,Tech,0.137,0.401,0.328,0.736,-59.5,-47.5,17.2
2023,GDYN,NOC,Tech,0.317,0.703,0.411,0.218,16.9,11.4,33.7
2023,GEL,CIC,Ener,0.649,0.265,0.638,0.386,2.2,-6.7,29.9
2023,GEO,CIC,Indu,0.202,0.077,0.576,0.328,53.3,11.0,32.4
2023,GH,NOC,Heal,0.321,0.122,0.024,0.686,-56.6,-12.4,26.5
2023,GIII,CIC,Cons,0.398,0.353,0.501,0.150,-49.2,98.6,60.2
2023,GILT,NOC,Tech,0.582,0.474,0.448,0.013,-32.0,6.9,31.8
2023,GKOS,NOC,Heal,0.186,0.776,0.056,0.641,2.8,82.7,56.9
2023,GLBE,CIC,Cons,0.371,0.533,0.713,0.972,-20.1,36.6,42.6
2023,GLNG,CIC,Ener,0.736,0.493,0.105,0.649,41.1,-7.1,30.2
2023,GLP,CIC,Ener,0.022,0.689,0.367,0.297,33.0,29.5,42.5
2023,GNK,CIC,Indu,0.875,0.744,0.203,0.175,-1.7,-3.0,30.2
2023,GNL,NOC,Real,0.130,0.227,0.405,0.402,0.8,-49.3,16.2
2023,GOLF,CIC,Cons,0.250,0.648,0.356,0.857,21.0,31.4,43.5
2023,GOOS,CIC,Cons,0.744,0.736,0.566,0.542,-34.5,-36.3,16.1
2023,GPRK,CIC,Ener,0.281,0.829,0.754,0.163,-12.7,-36.0,20.3
2023,GRBK,CIC,Cons,0.465,0.567,0.380,0.389,31.4,86.6,60.6
2023,GRC,CIC,Indu,0.119,0.423,0.823,0.159,-20.4,16.8,32.0
2023,GRNT,CIC,Ener,0.978,0.973,1.000,0.152,-44.0,9.8,32.5
2023,GSAT,NOC,Comm,0.811,0.243,0.227,0.785,0.0,47.5,49.3
2023,GSBD,NOC,Fina,0.976,0.809,0.043,0.455,-21.5,-1.2,31.8
2023,GSL,CIC,Indu,0.779,0.661,0.860,0.156,-25.2,0.3,34.8
2023,GSM,CIC,Basi,0.906,0.697,0.147,0.186,-42.3,18.7,37.0
2023,GT,CIC,Cons,0.315,0.520,0.362,0.773,-29.6,21.2,36.8
2023,GTN,NOC,Comm,0.613,0.549,0.897,0.299,-44.9,-34.8,21.8
2023,HAPN,NOC,Fina,0.732,0.972,0.321,0.284,-54.0,-13.0,28.6
2023,HBM,CIC,Basi,0.633,0.626,0.134,0.334,-37.4,11.4,35.9
2023,HCC,CIC,Ener,0.979,0.859,0.459,0.566,29.3,47.2,41.0
2023,HCI,NOC,Fina,0.720,0.782,0.306,0.040,-11.6,86.3,62.1
2023,HCXY,NOC,Fina,0.950,0.296,0.929,0.804,-4.6,-0.3,28.0
2023,HELE,NOC,Cons,0.278,0.261,0.286,0.692,-52.9,4.5,35.6
2023,HESM,CIC,Ener,0.006,0.071,0.816,0.367,6.5,10.7,35.8
2023,HHH,NOC,Real,0.741,0.988,0.973,0.888,-13.4,-9.3,29.6
2023,HIFS,NOC,Fina,0.934,0.909,0.496,0.131,-22.7,-35.5,21.5
2023,HIMS,NOC,Heal,0.373,0.214,0.910,0.543,129.8,-1.4,32.3
2023,HIMX,NOC,Tech,0.789,0.800,0.087,0.371,-28.2,-28.5,21.2
2023,HL,CIC,Basi,0.834,0.523,0.303,0.719,-7.2,-34.2,18.4
2023,HLIO,CIC,Indu,0.230,0.666,0.259,0.582,-14.4,-34.7,21.4
2023,HLIT,NOC,Tech,0.318,0.283,0.437,0.473,32.0,-20.8,25.0
2023,HLNE,NOC,Fina,0.800,0.526,0.906,0.915,-14.9,53.7,42.5
2023,HMY,CIC,Basi,0.666,0.807,0.331,0.536,-17.7,192.9,95.8
2023,HNI,CIC,Cons,0.244,0.153,0.244,0.362,-21.4,34.0,40.6
2023,HOMB,NOC,Fina,0.823,0.536,0.922,0.951,-7.4,3.7,33.6
2023,HPK,CIC,Ener,0.891,0.878,0.991,0.807,20.3,-42.5,17.9
2023,HPP,NOC,Real,0.920,0.034,0.557,0.412,-57.8,-28.4,21.7
2023,HQY,NOC,Heal,0.430,0.085,0.517,0.994,-0.5,42.4,41.4
2023,HRMY,NOC,Heal,0.172,0.912,0.890,0.695,9.6,-24.7,23.3
2023,HTGC,NOC,Fina,0.950,0.968,0.997,0.545,-17.3,16.3,34.9
2023,HTLD,CIC,Indu,0.330,0.798,0.968,0.346,3.5,-18.9,22.7
2023,HUBG,CIC,Indu,0.555,0.264,0.373,0.747,21.4,-1.5,24.9
2023,HURN,CIC,Indu,0.252,0.302,0.604,0.380,50.9,52.5,49.9
2023,HWKN,CIC,Basi,0.265,0.074,0.527,0.194,7.8,71.5,50.2
2023,IAG,CIC,Basi,0.760,0.548,0.044,0.317,-21.3,-2.0,29.4
2023,IART,NOC,Heal,0.091,0.356,0.433,0.962,-13.3,-21.0,25.9
2023,IBOC,NOC,Fina,0.274,0.527,0.944,0.729,14.4,11.8,35.8
2023,ICFI,CIC,Indu,0.150,0.141,0.568,0.521,12.1,54.6,50.6
2023,ICUI,NOC,Heal,0.543,0.652,0.854,0.931,-18.0,-40.6,19.4
2023,IESC,CIC,Indu,0.404,0.268,0.533,0.193,-9.7,108.9,57.3
2023,IGIC,NOC,Fina,0.807,0.409,0.733,0.024,13.4,49.0,49.0
2023,IIIN,CIC,Indu,0.675,0.393,0.253,0.087,-31.9,34.2,43.5
2023,IMAX,NOC,Comm,0.697,0.616,0.231,0.239,-12.5,-8.1,30.0
2023,INDI,NOC,Tech,0.701,0.720,0.156,0.312,22.2,-24.6,21.7
2023,INMD,NOC,Heal,0.044,0.789,0.835,0.792,-26.8,-29.5,20.8
2023,INN,NOC,Real,0.797,0.920,0.831,0.197,-18.4,-18.6,26.7
2023,INSM,NOC,Heal,0.240,0.361,0.007,0.697,-13.4,38.6,42.0
2023,IOSP,CIC,Basi,0.063,0.351,0.614,0.711,19.9,7.3,34.8
2023,IRT,NOC,Real,0.122,0.903,0.978,0.934,-19.3,-25.8,20.7
2023,IRTC,NOC,Heal,0.353,0.328,0.477,0.794,0.1,3.9,31.5
2023,ITIC,NOC,Fina,0.520,0.791,0.152,0.000,-20.0,4.7,30.9
2023,ITRI,NOC,Tech,0.333,0.021,0.237,0.630,8.5,44.8,47.4
2023,IVT,NOC,Real,0.296,0.116,0.495,0.459,-7.1,5.5,31.2
2023,JBI,CIC,Basi,0.308,0.270,0.686,0.430,13.9,41.6,42.3
2023,JBTM,CIC,Indu,0.328,0.336,0.186,0.831,-7.7,-4.0,26.6
2023,JOE,NOC,Real,0.722,0.795,0.113,0.672,-3.1,21.4,37.8
2023,JOYY,NOC,Comm,0.401,0.010,0.174,0.523,6.5,19.2,37.1
2023,KAI,CIC,Indu,0.024,0.168,0.520,0.627,-4.7,52.1,42.4
2023,KBH,CIC,Cons,0.302,0.355,0.592,0.767,-15.2,74.0,55.0
2023,KEN,NOC,Util,0.776,0.144,0.252,0.433,-57.3,-12.7,25.3
2023,KEX,CIC,Indu,0.153,0.331,0.605,0.928,10.6,11.1,32.6
2023,KFRC,CIC,Indu,0.049,0.040,0.330,0.314,-15.6,19.1,34.8
2023,KLIC,NOC,Tech,0.451,0.957,0.047,0.764,-1.6,-1.7,28.7
2023,KNSA,NOC,Heal,0.907,0.255,0.996,0.225,21.1,62.4,53.5
2023,KNTK,CIC,Ener,0.708,0.915,0.760,0.345,-7.1,14.5,37.6
2023,KOS,CIC,Ener,0.892,0.969,0.633,0.882,75.9,-30.3,22.8
2023,KRG,NOC,Real,0.099,0.938,0.664,0.987,3.6,-2.1,29.4
2023,KRNT,CIC,Indu,0.757,0.873,0.050,0.321,-74.7,-28.8,19.9
2023,KRNY,NOC,Fina,0.935,0.138,0.529,0.113,-29.7,-15.2,26.3
2023,KRO,CIC,Basi,0.655,0.395,0.072,0.333,-24.3,-20.1,25.3
2023,KRP,CIC,Ener,0.511,0.658,0.903,0.292,0.6,-3.4,29.5
2023,KRUS,CIC,Cons,0.714,0.979,0.554,0.056,-30.9,52.3,52.3
2023,KTOS,CIC,Indu,0.327,0.106,0.483,0.398,-29.7,60.2,51.0
2023,KWR,CIC,Basi,0.337,0.267,0.228,0.823,0.1,1.6,32.3
2023,LCII,CIC,Cons,0.523,0.691,0.099,0.732,-6.7,0.6,29.7
2023,LEU,CIC,Ener,0.968,0.892,0.841,0.128,-11.4,10.6,35.5
2023,LFST,NOC,Heal,0.268,0.717,0.261,0.546,-36.3,19.6,38.2
2023,LGIH,CIC,Cons,0.486,0.679,0.088,0.648,-19.2,21.3,38.5
2023,LGND,NOC,Heal,0.990,0.760,0.420,0.325,3.0,3.2,33.6
2023,LILA,NOC,Comm,0.029,0.346,0.256,0.303,-18.4,-26.9,24.0
2023,LIND,CIC,Cons,0.832,0.985,0.842,0.046,-48.9,12.0,36.9
2023,LITE,NOC,Tech,0.694,0.094,0.355,0.909,-30.2,-2.5,29.4
2023,LIVN,NOC,Heal,0.464,0.314,0.315,0.676,-33.6,8.2,33.7
2023,LMND,NOC,Fina,0.909,0.761,0.673,0.280,-28.5,22.1,39.8
2023,LNN,CIC,Indu,0.549,0.249,0.489,0.496,16.6,-24.1,26.0
2023,LNTH,NOC,Heal,0.850,0.792,0.660,0.982,74.3,-19.0,24.5
2023,LOB,NOC,Fina,0.913,0.804,0.184,0.368,-50.5,38.4,44.4
2023,LOPE,NOC,Cons,0.672,0.007,0.663,0.834,44.6,15.3,35.0
2023,LPG,CIC,Ener,0.845,0.513,0.941,0.215,81.5,69.3,47.1
2023,LPX,CIC,Basi,0.931,0.831,0.119,0.907,-16.6,21.1,38.0
2023,LQDA,NOC,Heal,0.610,0.726,0.049,0.049,8.8,90.7,58.8
2023,LQDT,CIC,Cons,0.152,0.259,0.427,0.065,-10.7,16.0,32.3
2023,LRN,NOC,Cons,0.399,0.390,0.567,0.365,18.5,94.0,61.4
2023,LSPD,NOC,Tech,0.502,0.898,0.001,0.688,-45.3,11.5,31.1
2023,LTH,CIC,Cons,0.429,0.638,0.691,0.819,37.4,-29.0,22.7
2023,LU,NOC,Fina,0.985,0.607,0.046,0.598,-65.8,-56.1,15.1
2023,LUMN,NOC,Comm,0.873,0.050,0.021,0.990,-61.1,-74.2,7.2
2023,LXP,NOC,Real,0.994,0.103,0.811,0.763,-26.6,-21.3,23.6
2023,LXU,CIC,Basi,0.960,0.670,0.797,0.265,-0.7,-43.3,19.1
2023,LYTS,CIC,Indu,0.221,0.411,0.518,0.037,111.9,-8.2,28.6
2023,LZ,NOC,Tech,0.199,0.186,0.318,0.448,-30.6,18.7,35.9
2023,LZB,CIC,Cons,0.191,0.530,0.324,0.318,-24.6,38.4,43.9
2023,MAC,NOC,Real,0.449,0.225,0.505,0.722,-19.4,24.8,34.4
2023,MAIN,NOC,Fina,0.763,0.842,0.900,0.775,-3.6,11.7,33.8
2023,MAN,CIC,Indu,0.062,0.308,0.193,0.953,-20.1,-12.2,27.4
2023,MATV,CIC,Basi,0.510,0.476,0.873,0.377,-10.1,-53.0,14.6
2023,MATX,CIC,Indu,0.817,0.675,0.109,0.645,-25.2,79.0,56.8
2023,MAX,NOC,Comm,0.021,0.571,0.102,0.127,26.5,11.2,34.5
2023,MBIN,NOC,Fina,0.926,0.632,0.701,0.300,-9.6,65.0,52.0
2023,MBWM,NOC,Fina,0.324,0.194,0.857,0.108,-5.3,3.4,32.3
2023,MC,NOC,Fina,0.657,0.901,0.071,0.809,-19.5,16.3,33.5
2023,MCB,NOC,Fina,0.602,0.184,0.564,0.134,-42.1,-16.1,25.7
2023,MCBS,NOC,Fina,0.844,0.555,0.630,0.094,-20.8,18.2,37.2
2023,MCFT,CIC,Cons,0.118,0.854,0.451,0.121,29.7,-41.1,17.0
2023,MCRI,CIC,Cons,0.155,0.601,0.610,0.443,11.3,-15.0,24.2
2023,MCS,NOC,Comm,0.596,0.948,0.209,0.054,-14.6,-3.5,31.4
2023,MDXG,NOC,Heal,0.146,0.162,0.384,0.102,-4.8,74.6,57.5
2023,MEC,CIC,Indu,0.283,0.542,0.442,0.012,64.2,-22.5,26.3
2023,MEI,NOC,Tech,0.293,0.462,0.302,0.454,0.0,-51.8,16.0
2023,MEOH,CIC,Basi,0.851,0.730,0.143,0.828,14.4,-9.6,25.3
2023,METC,CIC,Ener,0.869,0.894,0.847,0.038,-27.0,92.8,61.9
2023,MFIC,NOC,Fina,0.984,0.767,0.966,0.169,-7.9,16.6,38.1
2023,MGNI,NOC,Comm,0.816,0.817,0.196,0.499,19.5,-15.0,27.9
2023,MGRC,CIC,Indu,0.496,0.133,0.750,0.664,46.6,22.7,38.2
2023,MGY,CIC,Ener,0.627,0.862,0.814,0.938,14.0,-12.1,25.0
2023,MHO,CIC,Cons,0.224,0.253,0.582,0.477,15.3,121.8,64.9
2023,MLAB,NOC,Heal,0.591,0.521,0.300,0.249,-33.5,-47.8,15.3
2023,MLI,CIC,Indu,0.566,0.641,0.401,0.929,38.4,30.3,36.2
2023,MLKN,CIC,Cons,0.074,0.582,0.258,0.436,-37.4,45.3,45.0
2023,MLR,CIC,Cons,0.243,0.284,0.464,0.006,-10.6,64.3,52.1
2023,MMI,NOC,Real,0.498,0.867,0.059,0.383,-26.6,7.6,32.8
2023,MMYT,CIC,Cons,0.828,0.932,0.775,0.791,18.1,72.6,52.0
2023,MNKD,NOC,Heal,0.988,0.890,0.971,0.370,79.4,-31.4,22.0
2023,MOD,CIC,Indu,0.113,0.219,0.471,0.343,161.0,173.7,81.3
2023,MOMO,NOC,Comm,0.158,0.187,0.202,0.432,6.8,-0.5,30.2
2023,MOV,CIC,Cons,0.171,0.688,0.327,0.133,-25.0,-6.0,28.5
2023,MQ,NOC,Tech,0.483,0.161,0.296,0.781,-45.8,22.8,40.4
2023,MRCY,CIC,Indu,0.423,0.118,0.265,0.713,-11.2,-39.4,18.9
2023,MRVI,NOC,Heal,0.524,0.919,0.703,0.502,-59.1,-62.0,11.7
2023,MSBI,NOC,Fina,0.747,0.193,0.784,0.115,0.5,1.0,31.4
2023,MSGE,NOC,Comm,0.863,0.819,0.264,0.758,-22.9,-41.9,17.1
2023,MSGS,NOC,Comm,0.957,0.814,0.647,0.937,10.4,0.4,27.8
2023,MTH,CIC,Cons,0.377,0.124,0.757,0.892,9.0,53.7,45.0
2023,MTRN,CIC,Basi,0.108,0.158,0.470,0.610,23.1,13.1,33.9
2023,MTX,CIC,Basi,0.290,0.088,0.432,0.632,4.3,-10.1,22.7
2023,MWA,CIC,Indu,0.412,0.137,0.558,0.561,4.1,4.8,29.2
2023,MXL,NOC,Tech,0.421,0.947,0.616,0.844,-29.1,-50.3,14.6
2023,MYE,CIC,Cons,0.343,0.374,0.423,0.187,26.6,-11.2,30.6
2023,MYRG,CIC,Indu,0.072,0.221,0.666,0.467,14.0,70.7,55.9
2023,NAVI,NOC,Fina,0.948,0.897,0.106,0.620,-6.2,3.3,33.3
2023,NBR,CIC,Ener,0.219,0.510,0.859,0.451,56.0,-56.5,12.0
2023,NCNO,NOC,Tech,0.124,0.174,0.530,0.654,-45.4,36.1,42.1
2023,NEOG,NOC,Heal,0.128,0.468,0.869,0.842,-63.5,22.9,43.5
2023,NIC,NOC,Fina,0.717,0.383,0.920,0.320,4.9,-1.8,30.7
2023,NMFC,NOC,Fina,0.969,0.660,0.951,0.423,-4.6,-1.3,32.3
2023,NMM,CIC,Indu,0.617,0.978,0.884,0.168,-17.4,16.0,37.7
2023,NNI,NOC,Fina,0.910,0.486,0.150,0.829,16.5,-6.0,30.8
2023,NOG,CIC,Ener,0.758,0.951,0.865,0.670,36.7,9.7,33.2
2023,NOMD,NOC,Cons,0.286,0.031,0.368,0.739,-30.4,9.1,34.7
2023,NPK,CIC,Indu,0.626,0.317,0.412,0.099,-3.7,2.0,30.7
2023,NPO,CIC,Indu,0.297,0.127,0.135,0.605,-3.6,53.2,48.6
2023,NRDS,NOC,Comm,0.149,0.617,0.745,0.286,29.6,9.7,31.2
2023,NRP,CIC,Ener,0.733,0.801,0.895,0.324,55.8,53.2,50.7
2023,NTCT,NOC,Tech,0.376,0.112,0.560,0.680,14.8,-39.9,18.7
2023,NTRA,NOC,Heal,0.607,0.320,0.066,0.979,-25.6,56.9,51.6
2023,NVGS,CIC,Indu,0.680,0.440,0.390,0.261,10.8,18.1,36.7
2023,NVMI,NOC,Tech,0.031,0.289,0.751,0.742,-17.7,70.1,48.7
2023,NWPX,CIC,Indu,0.548,0.499,0.038,0.018,27.1,-18.0,27.0
2023,NX,CIC,Basi,0.085,0.271,0.249,0.190,7.3,40.0,46.6
2023,NXRT,NOC,Real,0.620,0.125,0.789,0.351,-39.0,-37.5,19.8
2023,NYAX,NOC,Tech,0.651,0.568,0.620,0.124,-33.4,50.2,50.2
2023,OCFC,NOC,Fina,0.588,0.465,0.925,0.327,-6.3,-20.5,25.8
2023,OCSL,NOC,Fina,0.966,0.934,0.094,0.331,-9.9,3.3,26.5
2023,OFG,NOC,Fina,0.396,0.216,0.776,0.355,-4.2,29.8,39.9
2023,OII,CIC,Ener,0.387,0.202,0.513,0.532,29.6,14.5,34.7
2023,OMAB,CIC,Indu,0.710,0.950,0.916,0.865,28.7,-7.5,26.6
2023,OMCL,NOC,Heal,0.440,0.250,0.137,0.647,-63.1,-40.4,19.1
2023,ONTO,NOC,Tech,0.087,0.287,0.645,0.903,-11.1,91.6,57.8
2023,OPI,NOC,Real,0.349,0.047,0.337,0.181,-34.7,-77.0,6.6
2023,OPK,NOC,Heal,0.751,0.885,0.029,0.202,-65.3,-11.0,28.5
2023,OPRA,NOC,Comm,0.719,0.415,0.730,0.203,36.1,30.2,42.3
2023,OPY,NOC,Fina,0.764,0.580,0.358,0.106,14.1,-15.5,25.8
2023,OR,CIC,Basi,0.742,0.563,0.867,0.614,2.2,13.0,35.1
2023,OSIS,NOC,Tech,0.216,0.099,0.436,0.458,16.9,34.5,41.9
2023,OSPN,NOC,Tech,0.545,0.084,0.169,0.096,-14.0,-30.0,22.9
2023,OUT,NOC,Real,0.775,0.538,0.570,0.788,-23.2,-33.1,20.9
2023,OXM,CIC,Cons,0.256,0.421,0.667,0.513,41.0,-3.4,29.3
2023,PAAS,CIC,Basi,0.761,0.574,0.054,0.810,-35.3,-17.8,25.6
2023,PAGS,CIC,Indu,0.560,0.541,0.826,0.704,-54.5,62.8,53.6
2023,PAHC,NOC,Heal,0.082,0.054,0.380,0.137,-14.8,-32.9,19.8
2023,PAM,NOC,Util,0.598,0.839,0.959,0.489,32.4,29.7,42.7
2023,PAR,NOC,Tech,0.392,0.364,0.349,0.237,-16.4,31.3,43.7
2023,PATK,CIC,Cons,0.109,0.735,0.181,0.308,7.0,40.5,42.4
2023,PAY,NOC,Tech,0.018,0.097,0.523,0.259,-73.4,96.3,65.5
2023,PBH,NOC,Heal,0.183,0.113,0.611,0.754,-1.6,4.2,29.0
2023,PCRX,NOC,Heal,0.592,0.470,0.274,0.533,-33.5,-29.7,22.9
2023,PD,NOC,Tech,0.134,0.001,0.277,0.658,3.7,-16.0,27.0
2023,PDM,NOC,Real,0.016,0.043,0.817,0.348,-41.2,-38.4,17.8
2023,PEB,NOC,Real,0.754,0.975,0.541,0.520,-37.5,11.4,34.8
2023,PECO,NOC,Real,0.084,0.029,0.850,0.860,3.1,6.8,32.2
2023,PFIS,NOC,Fina,0.452,0.016,0.647,0.019,0.5,-22.9,25.6
2023,PFSI,NOC,Fina,0.962,0.543,0.096,0.875,23.6,20.2,30.4
2023,PGNY,NOC,Heal,0.249,0.501,0.851,0.769,-21.0,28.2,41.9
2023,PGY,NOC,Tech,0.792,0.982,0.342,0.233,-86.4,-3.7,26.6
2023,PHR,NOC,Heal,0.255,0.069,0.121,0.492,14.3,-30.5,21.2
2023,PI,NOC,Tech,0.351,0.532,0.726,0.797,39.4,-14.4,25.3
2023,PJT,NOC,Fina,0.093,0.234,0.415,0.549,16.1,33.1,36.8
2023,PK,NOC,Real,0.673,0.999,0.804,0.761,-31.1,14.7,37.4
2023,PL,CIC,Indu,0.791,0.299,0.068,0.240,-30.3,-28.0,21.4
2023,PLUS,NOC,Tech,0.359,0.166,0.623,0.374,14.5,47.9,40.9
2023,PLXS,NOC,Tech,0.015,0.339,0.676,0.782,43.1,-12.1,28.2
2023,POWL,CIC,Indu,0.383,0.286,0.486,0.059,36.7,101.1,62.7
2023,PPLI,NOC,Comm,0.642,0.445,0.270,0.745,-55.3,8.5,35.9
2023,PR,CIC,Ener,0.839,0.747,0.982,0.753,16.2,65.9,54.1
2023,PRCT,NOC,Heal,0.571,0.781,0.582,0.476,49.9,30.4,42.7
2023,PRDO,NOC,Cons,0.078,0.052,0.521,0.236,36.1,25.1,38.2
2023,PRGO,NOC,Heal,0.239,0.274,0.323,0.991,-1.5,-11.5,28.9
2023,PRIM,CIC,Indu,0.339,0.443,0.788,0.381,-1.6,53.7,50.3
2023,PRKS,CIC,Cons,0.999,0.965,0.605,0.918,-7.7,-24.4,24.9
2023,PRM,CIC,Basi,0.898,0.663,0.015,0.364,-29.3,-34.0,20.5
2023,PRMB,NOC,Cons,0.314,0.545,0.091,0.666,-9.2,-5.1,28.7
2023,PRVA,NOC,Heal,0.047,0.297,0.619,0.825,11.8,-28.4,23.5
2023,PSEC,NOC,Fina,0.770,0.629,0.898,0.738,-11.8,-21.3,23.4
2023,PTCT,NOC,Heal,0.025,0.473,0.016,0.795,16.3,-36.9,20.5
2023,PUBM,NOC,Tech,0.538,0.649,0.493,0.208,-50.4,7.8,35.3
2023,PUMP,CIC,Ener,0.786,0.757,0.732,0.267,-24.2,-9.3,28.3
2023,PVH,CIC,Cons,0.169,0.471,0.421,0.965,-16.8,91.0,58.2
2023,PWP,NOC,Fina,0.583,0.822,0.130,0.250,-3.1,7.9,32.6
2023,QCRH,NOC,Fina,0.795,0.399,0.792,0.200,-17.4,16.8,37.0
2023,QFIN,NOC,Fina,0.619,0.458,0.404,0.733,12.8,-15.6,27.9
2023,QNST,NOC,Comm,0.381,0.246,0.255,0.171,-6.2,-12.1,25.3
2023,RARE,NOC,Heal,0.320,0.845,0.018,0.766,-38.0,3.1,30.9
2023,RDNT,NOC,Heal,0.493,0.480,0.499,0.361,2.9,59.1,51.8
2023,RELY,NOC,Tech,0.345,0.645,0.585,0.551,6.9,54.5,48.1
2023,RERE,CIC,Cons,0.300,0.704,0.034,0.155,-15.3,-60.3,13.3
2023,RES,CIC,Ener,0.692,0.714,0.935,0.564,54.1,-28.1,23.3
2023,REX,CIC,Basi,0.644,0.654,0.234,0.068,-17.7,55.2,47.1
2023,RGNX,NOC,Heal,0.971,0.784,0.006,0.244,-15.9,-17.6,27.0
2023,RGR,CIC,Indu,0.676,0.588,0.272,0.258,-13.8,-22.6,24.1
2023,RIG,CIC,Ener,0.258,0.224,0.161,0.997,106.0,-28.5,22.7
2023,RIOT,NOC,Tech,0.996,1.000,0.004,0.246,-62.3,144.3,75.8
2023,RLJ,NOC,Real,0.794,0.918,0.763,0.507,-18.0,3.1,33.7
2023,RLX,NOC,Cons,0.663,0.996,0.009,0.806,69.1,-22.6,26.5
2023,RMBS,NOC,Tech,0.433,0.199,0.766,0.981,71.4,59.7,46.7
2023,RNST,NOC,Fina,0.629,0.292,0.720,0.555,-6.7,-8.9,28.8
2023,ROAD,CIC,Indu,0.236,0.281,0.492,0.378,2.6,85.4,56.2
2023,ROG,NOC,Tech,0.455,0.108,0.626,0.707,-45.9,-19.0,25.3
2023,RPD,NOC,Tech,0.088,0.035,0.418,0.760,-48.7,11.1,32.0
2023,RSKD,NOC,Tech,0.632,0.324,0.194,0.242,-7.0,-18.5,27.0
2023,RUSHA,CIC,Cons,0.077,0.402,0.767,0.801,11.9,24.4,36.1
2023,RVLV,CIC,Cons,0.189,0.518,0.389,0.508,-50.7,-31.4,22.0
2023,RXO,CIC,Indu,0.206,0.352,0.140,0.629,-3.7,11.1,31.4
2023,RYAM,CIC,Basi,0.262,0.477,0.652,0.043,30.5,-34.8,21.3
2023,S,NOC,Tech,0.685,0.585,0.396,0.906,-53.2,93.2,63.7
2023,SAH,CIC,Cons,0.046,0.311,0.352,0.611,13.2,-5.3,26.4
2023,SAM,NOC,Cons,0.750,0.566,0.535,0.985,-3.7,-8.5,26.7
2023,SANM,NOC,Tech,0.000,0.337,0.688,0.811,46.9,-9.4,28.6
2023,SB,CIC,Indu,0.801,0.619,0.708,0.028,-30.1,27.5,38.0
2023,SBGI,NOC,Comm,0.923,0.517,0.191,0.336,-30.8,-19.3,26.4
2023,SBLK,CIC,Indu,0.854,0.856,0.240,0.617,-16.4,1.9,30.9
2023,SBRA,NOC,Real,0.915,0.165,0.794,0.741,-3.9,9.8,35.8
2023,SD,CIC,Ener,0.748,0.723,0.866,0.063,-14.0,-0.9,31.2
2023,SEI,CIC,Ener,0.956,0.882,0.704,0.003,-35.9,-18.2,26.7
2023,SFM,NOC,Cons,0.010,0.053,0.365,0.862,25.2,51.2,46.9
2023,SG,CIC,Cons,0.384,0.900,0.115,0.271,-56.5,33.5,42.5
2023,SGRY,NOC,Heal,0.292,0.181,0.580,0.822,-35.0,-2.8,32.4
2023,SHAK,CIC,Cons,0.102,0.576,0.424,0.599,-24.6,37.8,41.3
2023,SHBI,NOC,Fina,0.504,0.604,0.943,0.016,-4.6,-21.3,24.4
2023,SHEN,NOC,Comm,0.312,0.608,0.333,0.256,-11.0,-2.4,30.4
2023,SHLS,NOC,Tech,0.513,0.551,0.953,0.910,56.9,-37.3,20.6
2023,SHO,NOC,Real,0.838,0.981,0.844,0.589,-6.3,5.8,34.7
2023,SHOO,CIC,Cons,0.133,0.838,0.180,0.698,-15.7,22.3,39.3
2023,SID,CIC,Basi,0.867,0.863,0.863,0.956,-36.5,-4.8,30.6
2023,SIG,CIC,Cons,0.348,0.710,0.348,0.913,-9.2,35.7,40.8
2023,SII,NOC,Fina,0.683,0.639,0.222,0.219,-10.8,10.2,35.0
2023,SIMO,NOC,Tech,0.458,0.701,0.168,0.591,-23.1,-3.0,26.8
2023,SITM,NOC,Tech,0.661,0.725,0.097,0.683,-47.9,2.7,31.7
2023,SKT,NOC,Real,0.594,0.429,0.669,0.515,3.9,50.9,48.5
2023,SKY,CIC,Cons,0.622,0.449,0.563,0.820,-11.0,18.4,34.5
2023,SLG,NOC,Real,0.806,0.244,0.710,0.667,-48.2,21.5,38.9
2023,SLM,NOC,Fina,0.997,0.564,0.093,0.935,3.9,7.9,31.2
2023,SLRC,NOC,Fina,0.938,0.922,0.988,0.184,-18.0,0.1,32.8
2023,SM,CIC,Ener,0.904,0.941,0.571,0.847,-16.6,33.8,41.7
2023,SMCI,NOC,Tech,0.367,0.426,0.837,0.900,73.4,555.9,199.9
2023,SMG,CIC,Basi,0.810,0.442,0.144,0.943,-45.1,-31.5,20.3
2023,SMP,CIC,Cons,0.060,0.205,0.339,0.216,-11.8,-1.6,30.4
2023,SMPL,NOC,Cons,0.352,0.175,0.532,0.832,-10.4,13.6,39.0
2023,SMTC,NOC,Tech,0.289,0.309,0.250,0.558,-51.8,-13.2,25.8
2023,SMWB,NOC,Tech,0.521,0.212,0.246,0.082,-51.7,2.4,30.2
2023,SONO,NOC,Tech,0.508,0.622,0.409,0.626,-33.0,-11.4,25.7
2023,SOUN,NOC,Tech,0.822,0.946,0.010,0.141,-55.6,90.4,60.8
2023,SPB,NOC,Cons,0.411,0.315,0.190,0.679,-27.8,24.8,38.2
2023,SPFI,NOC,Fina,0.648,0.105,0.468,0.066,-2.3,2.7,32.0
2023,SPH,NOC,Util,0.814,0.135,0.507,0.262,6.3,26.3,35.2
2023,SPNT,NOC,Fina,0.982,0.966,0.649,0.296,-10.3,72.6,53.6
2023,SPT,NOC,Tech,0.068,0.044,0.387,0.789,10.5,10.3,35.0
2023,SR,NOC,Util,0.579,0.508,0.829,0.881,15.7,-23.5,21.3
2023,SRAD,NOC,Tech,0.336,0.387,0.551,0.772,-37.1,-3.9,30.6
2023,SSD,CIC,Basi,0.415,0.252,0.598,0.948,-3.1,76.4,51.6
2023,SSRM,CIC,Basi,0.735,0.811,0.165,0.751,-31.0,-65.8,11.1
2023,SSYS,NOC,Tech,0.147,0.190,0.221,0.228,-38.9,-16.0,27.8
2023,STAA,NOC,Heal,0.075,0.417,0.370,0.813,7.2,-54.6,14.9
2023,STNE,NOC,Tech,0.647,0.794,0.919,0.720,-5.4,90.3,59.9
2023,STRA,NOC,Cons,0.365,0.143,0.364,0.586,51.5,3.3,33.5
2023,STRL,CIC,Indu,0.507,0.146,0.561,0.309,29.8,134.6,76.6
2023,SUPN,NOC,Heal,0.358,0.215,0.543,0.624,17.7,-21.5,25.7
2023,SWBI,CIC,Indu,0.703,0.605,0.118,0.057,-41.9,26.8,42.2
2023,SWIM,CIC,Indu,0.711,0.857,0.063,0.035,-75.9,-15.0,27.4
2023,SXC,CIC,Basi,0.526,0.334,0.722,0.166,30.9,13.1,28.6
2023,SXI,CIC,Indu,0.034,0.121,0.440,0.395,24.4,22.2,30.8
2023,SYM,CIC,Indu,0.589,0.906,0.960,0.172,36.7,272.9,120.6
2023,TAC,NOC,Util,0.769,0.589,0.651,0.613,-15.0,-18.7,26.2
2023,TAL,NOC,Cons,0.442,0.844,0.028,0.097,129.8,45.1,51.3
2023,TALO,CIC,Ener,0.841,0.913,0.392,0.408,35.1,-25.8,24.4
2023,TASK,NOC,Tech,0.389,0.455,0.449,0.570,-27.8,-39.2,20.0
2023,TBBK,NOC,Fina,0.820,0.180,0.856,0.465,9.0,41.3,44.0
2023,TDAY,NOC,Comm,0.505,0.075,0.212,0.041,-35.6,-30.7,21.0
2023,TDOC,NOC,Heal,0.100,0.766,0.000,0.978,-54.9,-28.5,22.6
2023,TEN,CIC,Ener,0.929,0.954,0.950,0.105,48.2,46.1,48.4
2023,TENB,NOC,Tech,0.299,0.006,0.446,0.993,-16.4,8.2,29.9
2023,TEX,CIC,Indu,0.231,0.295,0.617,0.835,17.3,24.4,37.5
2023,TFPM,CIC,Basi,0.203,0.748,0.778,0.574,7.4,-10.8,27.8
2023,TFSL,NOC,Fina,0.604,0.303,0.695,0.897,-15.3,-3.0,30.5
2023,TGLS,CIC,Basi,0.679,0.278,0.926,0.524,81.7,16.5,37.9
2023,TH,CIC,Indu,0.860,0.683,0.957,0.480,242.8,-48.7,17.9
2023,THO,CIC,Cons,0.225,0.741,0.069,0.973,2.1,42.1,45.5
2023,THRM,CIC,Cons,0.532,0.647,0.680,0.576,-27.9,-24.6,23.5
2023,TIGO,NOC,Comm,0.847,0.430,0.555,0.786,-32.3,-15.8,26.4
2023,TIMB,NOC,Comm,0.253,0.258,0.716,0.996,-21.2,79.2,54.1
2023,TIPT,NOC,Fina,0.515,0.667,0.511,0.109,27.2,13.5,36.3
2023,TKC,NOC,Comm,0.370,0.275,0.679,0.873,33.9,9.5,36.7
2023,TLRY,NOC,Heal,0.862,0.803,0.062,0.429,-62.1,-15.2,28.1
2023,TMDX,NOC,Heal,0.467,0.953,0.990,0.563,413.0,28.8,42.0
2023,TNDM,NOC,Heal,0.144,0.371,0.225,0.669,-62.3,-41.2,18.3
2023,TNET,CIC,Indu,0.432,0.078,0.292,1.000,-4.8,40.8,40.3
2023,TPB,NOC,Cons,0.097,0.189,0.439,0.031,-25.0,-4.3,31.9
2023,TRIN,NOC,Fina,1.000,0.993,0.027,0.050,-26.1,7.5,35.1
2023,TRIP,CIC,Cons,0.038,0.963,0.707,0.838,-14.0,1.3,28.8
2023,TRMD,CIC,Ener,0.900,0.935,0.984,0.726,322.2,-2.1,29.4
2023,TRN,CIC,Indu,0.698,0.446,0.717,0.577,-11.6,1.7,31.5
2023,TROX,CIC,Basi,0.542,0.511,0.116,0.655,-30.0,-20.3,22.8
2023,TRTX,NOC,Real,0.479,0.524,0.839,0.112,-36.1,-26.4,23.3
2023,TSEM,NOC,Tech,0.574,0.110,0.473,0.950,-12.6,-30.1,20.4
2023,TSLX,NOC,Fina,0.608,0.505,0.923,0.424,-19.8,12.7,33.8
2023,TTI,CIC,Ener,0.541,0.769,0.624,0.074,23.1,-2.0,32.0
2023,TTMI,NOC,Tech,0.222,0.066,0.474,0.464,10.3,-8.4,26.4
2023,TUYA,NOC,Tech,0.473,0.929,0.022,0.302,-5.5,0.5,22.9
2023,TWST,NOC,Heal,0.536,0.340,0.052,0.392,-57.5,31.4,36.0
2023,UAN,CIC,Basi,0.872,0.944,0.806,0.270,-6.3,-25.4,23.7
2023,UCTT,NOC,Tech,0.028,0.579,0.112,0.426,-24.3,23.6,38.5
2023,UE,NOC,Real,0.819,0.485,0.345,0.530,-14.6,9.9,31.2
2023,UFPT,NOC,Heal,0.141,0.610,0.879,0.211,77.2,68.8,51.7
2023,ULH,CIC,Indu,0.529,0.398,0.346,0.281,147.6,-22.9,23.4
2023,UNFI,NOC,Cons,0.012,0.022,0.305,0.495,-21.3,-49.5,16.0
2023,UNIT,NOC,Real,0.056,0.009,0.807,0.420,-56.1,2.5,33.8
2023,UPBD,NOC,Tech,0.052,0.669,0.175,0.415,-22.9,19.7,36.2
2023,URBN,CIC,Cons,0.518,0.420,0.308,0.660,-0.4,70.4,55.8
2023,USAC,CIC,Ener,0.196,0.156,0.705,0.560,27.1,13.7,33.6
2023,USLM,CIC,Basi,0.439,0.093,0.736,0.209,20.8,64.5,45.1
2023,UVE,NOC,Fina,0.558,0.068,0.515,0.025,-1.3,38.3,41.9
2023,UWMC,NOC,Fina,0.919,0.895,0.037,0.034,-0.4,45.9,48.8
2023,UZD,NOC,Comm,0.409,0.013,0.216,0.427,-26.8,15.6,34.9
2023,VCYT,NOC,Heal,0.115,0.785,0.395,0.485,-14.0,2.7,31.7
2023,VECO,NOC,Tech,0.057,0.293,0.361,0.359,-30.1,67.1,46.6
2023,VEL,NOC,Fina,0.788,0.828,0.077,0.001,-23.6,81.7,60.5
2023,VEON,NOC,Comm,0.729,0.557,0.268,0.290,23.1,48.4,45.8
2023,VET,CIC,Ener,0.781,0.655,0.956,0.596,-39.0,-13.5,27.4
2023,VIAV,NOC,Tech,0.106,0.147,0.236,0.675,-26.5,-14.5,21.6
2023,VINP,NOC,Fina,0.669,0.630,0.915,0.125,-8.4,-4.7,26.9
2023,VIRT,NOC,Fina,0.677,0.404,0.206,0.527,-44.1,-0.3,31.0
2023,VISN,NOC,Tech,0.462,0.100,0.233,0.406,-22.2,-74.9,8.2
2023,VIST,CIC,Ener,0.866,0.823,0.934,0.490,158.5,87.4,58.2
2023,VNET,NOC,Tech,0.420,0.305,0.243,0.072,-52.7,-51.6,14.5
2023,VNO,NOC,Real,0.175,0.159,0.504,0.947,-42.3,12.6,34.2
2023,VNOM,CIC,Ener,0.635,0.887,0.931,0.580,14.4,20.0,38.0
2023,VRRM,NOC,Tech,0.901,0.651,0.613,0.673,9.4,27.9,42.3
2023,VRTS,NOC,Fina,0.567,0.685,0.183,0.501,-9.1,-2.4,26.8
2023,VSAT,NOC,Tech,0.417,0.171,0.149,0.691,-21.1,-37.0,17.4
2023,VSH,NOC,Tech,0.242,0.233,0.461,0.750,4.0,2.3,29.5
2023,VVX,CIC,Indu,0.165,0.753,0.962,0.340,19.4,-22.1,26.4
2023,W,CIC,Cons,0.054,0.454,0.141,0.912,-69.8,27.3,38.5
2023,WB,NOC,Comm,0.424,0.577,0.340,0.954,-29.9,-49.3,17.2
2023,WD,NOC,Fina,0.471,0.504,0.153,0.717,-37.2,8.5,34.9
2023,WEN,CIC,Cons,0.831,0.081,0.579,0.971,-2.2,-13.2,28.5
2023,WEST,NOC,Cons,0.378,0.032,0.549,0.206,18.7,-22.0,25.0
2023,WFRD,CIC,Ener,0.446,0.362,0.677,0.920,65.2,48.1,41.0
2023,WGO,CIC,Cons,0.053,0.764,0.138,0.557,4.1,14.3,35.5
2023,WHD,CIC,Ener,0.641,0.708,0.860,0.848,-6.8,-3.7,31.6
2023,WLFC,CIC,Indu,0.623,0.323,0.635,0.305,82.4,-22.2,26.5
2023,WLYB,NOC,Comm,0.178,0.080,0.290,0.548,-27.9,-8.5,30.5
2023,WNC,CIC,Indu,0.275,0.247,0.729,0.396,73.9,-13.8,21.8
2023,WOR,CIC,Indu,0.670,0.770,0.035,0.452,-14.5,92.0,58.0
2023,WRBY,CIC,Cons,0.214,0.396,0.215,0.411,-53.0,15.6,38.1
2023,WT,NOC,Fina,0.552,0.272,0.343,0.191,4.1,16.0,31.8
2023,WTI,CIC,Ener,0.865,0.745,0.714,0.199,-3.6,-49.8,16.7
2023,WTM,NOC,Fina,0.987,0.614,0.786,0.872,43.3,5.3,29.0
2023,WWW,CIC,Cons,0.492,0.489,0.041,0.339,-34.2,-42.8,17.8
2023,XHR,NOC,Real,0.530,0.926,0.682,0.462,-19.1,-10.1,29.9
2023,XPEL,CIC,Cons,0.305,0.554,0.543,0.510,-8.0,-16.8,25.8
2023,YALA,NOC,Tech,0.259,0.928,0.602,0.149,7.8,35.3,45.7
2023,YELP,NOC,Comm,0.065,0.321,0.526,0.595,-10.6,41.9,43.1
2023,YETI,CIC,Cons,0.778,0.256,0.189,0.817,-36.8,22.6,38.6
2023,YOU,NOC,Tech,0.489,0.677,0.627,0.652,12.5,-35.6,21.6
2023,ZETA,NOC,Tech,0.355,0.140,0.280,0.353,-10.6,14.0,36.5
2023,ZIM,CIC,Indu,0.888,0.943,0.178,0.657,-72.2,-44.1,19.3
2023,ZWS,CIC,Indu,0.638,0.682,0.770,0.891,-30.0,39.4,38.6
